16385 8202 4230 2104 1504 513
16385 8202 4238 2106 1534 513
16385 8206 4226 2166 1314 513
16385 8206 4234 2160 1328 513
16385 8218 4484 2090 1220 513
16385 8218 4508 2088 1224 513
16385 8222 4484 2160 1344 513
16385 8222 4508 2166 1364 513
16385 8240 4432 2106 1500 513
16385 8240 4448 2090 1254 513
16385 8242 4420 2104 1472 513
16385 8242 4470 2088 1256 513
16385 8264 4264 2076 1434 513
16385 8264 4328 2132 1398 513
16385 8268 4258 2076 1410 513
16385 8268 4326 2128 1376 513
16385 8280 4512 2132 1314 513
16385 8280 4576 2060 1158 513
16385 8284 4538 2128 1328 513
16385 8284 4606 2060 1166 513
16385 8304 4384 2078 1410 513
16385 8304 4432 2062 1164 513
16385 8310 4402 2078 1434 513
16385 8310 4420 2062 1156 513
16385 8324 4234 2496 1464 513
16385 8324 4238 2372 1398 513
16385 8332 4226 2524 1442 513
16385 8332 4230 2384 1376 513
16385 8352 4200 2434 1054 513
16385 8352 4328 2466 1534 513
16385 8362 4206 2458 1054 513
16385 8362 4326 2488 1504 513
16385 8388 4138 2496 1080 513
16385 8388 4206 2308 1046 513
16385 8392 4136 2524 1082 513
16385 8392 4200 2324 1046 513
16385 8416 4136 2406 1074 513
16385 8416 4264 2310 1298 513
16385 8430 4138 2416 1072 513
16385 8430 4258 2326 1282 513
16385 8450 4118 2210 1134 513
16385 8450 4372 2466 1500 513
16385 8454 4114 2528 1080 513
16385 8454 4372 2272 1224 513
16385 8466 4118 2216 1128 513
16385 8466 4356 2488 1472 513
16385 8470 4114 2558 1082 513
16385 8470 4356 2286 1220 513
16385 8482 4180 2434 1052 513
16385 8482 4470 2178 1166 513
16385 8496 4176 2458 1052 513
16385 8496 4448 2186 1158 513
16385 8550 4180 2272 1096 513
16385 8550 4402 2528 1464 513
16385 8560 4176 2286 1100 513
16385 8560 4384 2558 1442 513
16385 8580 4122 2372 1074 513
16385 8580 4126 2240 1128 513
16385 8604 4122 2384 1072 513
16385 8604 4126 2252 1134 513
16385 8608 4184 2210 1100 513
16385 8608 4568 2178 1164 513
16385 8634 4188 2216 1096 513
16385 8634 4548 2186 1156 513
16385 8644 4538 2308 1298 513
16385 8644 4606 2240 1256 513
16385 8664 4512 2324 1282 513
16385 8664 4576 2252 1254 513
16385 8672 4184 2310 1044 513
16385 8672 4568 2406 1364 513
16385 8702 4188 2326 1044 513
16385 8702 4548 2416 1344 513
16387 10406 4186 1052 513 390
16387 10412 4190 1052 513 414
16387 10432 4122 1082 513 454
16387 10444 4122 1080 513 474
16387 10464 4114 1074 513 326
16387 10464 4178 1044 513 262
16387 10478 4114 1072 513 338
16387 10478 4182 1044 513 278
16387 8202 5472 2090 513 198
16387 8202 5494 2088 513 202
16387 8206 4290 2164 1314 513
16387 8206 4302 2162 1328 513
16387 8218 5254 2106 513 454
16387 8218 5262 2104 513 474
16387 8222 4544 2162 1346 513
16387 8222 4572 2164 1366 513
16387 8224 4228 2106 513 484
16387 8224 4416 2090 513 228
16387 8226 4236 2104 513 506
16387 8226 4436 2088 513 234
16387 8266 4234 2134 1396 513
16387 8266 5472 2060 513 134
16387 8270 4226 2130 1378 513
16387 8270 5494 2060 513 142
16387 8282 4544 2134 1314 513
16387 8282 5280 2076 513 390
16387 8286 4572 2130 1328 513
16387 8286 5290 2076 513 414
16387 8290 4266 2078 513 412
16387 8290 4436 2062 513 140
16387 8292 4256 2078 513 388
16387 8292 4416 2062 513 132
16387 8356 4196 1054 513 388
16387 8356 4228 3122 513 356
16387 8366 4194 1054 513 412
16387 8366 4236 3120 513 370
16387 8384 4128 1074 513 356
16387 8384 4196 1046 513 260
16387 8384 4234 2466 1532 513
16387 8384 4302 2498 1464 513
16387 8388 4256 3094 513 260
16387 8392 4266 3094 513 276
16387 8396 4130 1072 513 370
16387 8396 4194 1046 513 276
16387 8396 4226 2488 1506 513
16387 8396 4290 2526 1442 513
16387 8416 4128 1082 513 484
16387 8430 4130 1080 513 506
16387 8450 4182 2274 1098 513
16387 8450 4436 2530 1464 513
16387 8452 4388 3114 513 228
16387 8466 4178 2284 1102 513
16387 8466 4416 2556 1442 513
16387 8468 4406 3112 513 234
16387 8480 4420 3086 513 132
16387 8498 4432 3086 513 140
16387 8514 4118 2210 1132 513
16387 8514 4436 2466 1502 513
16387 8534 4118 2216 1130 513
16387 8534 4416 2488 1474 513
16387 8640 4126 2242 1130 513
16387 8640 4186 2210 1102 513
16387 8668 4126 2254 1132 513
16387 8668 4190 2216 1098 513
16387 9364 5254 3122 513 326
16387 9372 5262 3120 513 338
16387 9458 5280 3092 513 262
16387 9468 5290 3092 513 278
16387 9516 5414 3114 513 198
16387 9516 5478 3084 513 134
16387 9534 5428 3112 513 202
16387 9534 5488 3084 513 142
16389 10400 4188 1052 513 422
16389 10410 4184 1052 513 444
16389 10438 4122 1084 513 390
16389 10442 4122 1086 513 414
16389 10464 4114 1076 513 262
16389 10464 4180 1044 513 294
16389 10478 4114 1078 513 278
16389 10478 4176 1044 513 308
16389 12302 2368 1314 513 130
16389 12302 2388 1328 513 138
16389 12310 2210 1216 513 258
16389 12310 2216 1228 513 274
16389 12360 2322 1366 513 236
16389 12364 2306 1346 513 226
16389 12368 2254 1162 513 372
16389 12372 2242 1154 513 354
16389 4118 2208 1122 513 258
16389 4118 2218 1124 513 274
16389 4126 2242 1122 513 386
16389 4126 2254 1124 513 410
16389 4176 2218 1092 513 372
16389 4180 2208 1088 513 354
16389 4184 2286 1092 513 508
16389 4188 2272 1088 513 482
16389 8202 5472 2092 513 134
16389 8202 5494 2094 513 142
16389 8206 2146 1312 513 130
16389 8206 2148 1330 513 138
16389 8218 5312 2108 513 390
16389 8218 5324 2110 513 414
16389 8222 2146 1216 513 386
16389 8222 2148 1228 513 410
16389 8244 4432 2110 1466 513
16389 8244 4452 2094 1156 513
16389 8246 4420 2108 1440 513
16389 8246 4466 2092 1164 513
16389 8264 2116 1330 513 236
16389 8264 5494 2060 513 172
16389 8268 2112 1312 513 226
16389 8268 5472 2060 513 166
16389 8280 2116 1162 513 508
16389 8280 5262 2076 513 444
16389 8284 2112 1154 513 482
16389 8284 5254 2076 513 422
16389 8306 4406 2078 1466 513
16389 8306 4420 2062 1188 513
16389 8308 4388 2078 1440 513
16389 8308 4432 2062 1198 513
16389 8356 4204 2464 1054 513
16389 8366 4202 2490 1054 513
16389 8388 4142 2464 1084 513
16389 8388 4202 2340 1046 513
16389 8392 4140 2490 1086 513
16389 8392 4204 2358 1046 513
16389 8420 4140 2308 1078 513
16389 8426 4142 2324 1076 513
16389 8612 4568 2208 1198 513
16389 8638 4548 2218 1188 513
16389 8644 4542 2340 1330 513
16389 8644 4602 2208 1164 513
16389 8664 4516 2358 1312 513
16389 8664 4580 2218 1156 513
16389 8676 4568 2308 1330 513
16389 8698 4548 2324 1312 513
16389 9426 5254 3092 513 294
16389 9426 5312 3124 513 262
16389 9438 5262 3092 513 308
16389 9438 5324 3126 513 278
16389 9482 5446 3084 513 166
16389 9498 5458 3084 513 172
16389 9580 5478 3116 513 134
16389 9594 5488 3118 513 142
16391 12302 2306 1378 513 194
16391 12302 2322 1396 513 206
16391 12310 2274 1154 513 322
16391 12310 2284 1162 513 342
16391 12362 2422 1328 513 138
16391 12366 2400 1314 513 130
16391 12370 2216 1262 513 274
16391 12374 2210 1248 513 258
16391 4118 2208 1120 513 322
16391 4118 2218 1126 513 342
16391 4126 2240 1120 513 450
16391 4126 2252 1126 513 478
16391 4178 2218 1094 513 274
16391 4182 2208 1090 513 258
16391 4186 2284 1094 513 410
16391 4190 2274 1090 513 386
16391 8202 4294 2110 1440 513
16391 8202 4298 2108 1466 513
16391 8206 2144 1312 513 194
16391 8206 2150 1330 513 206
16391 8218 4544 2092 1158 513
16391 8218 4572 2094 1166 513
16391 8222 2144 1154 513 450
16391 8222 2150 1162 513 478
16391 8228 4320 2110 513 388
16391 8228 4416 2094 513 132
16391 8230 4334 2108 513 412
16391 8230 4436 2092 513 140
16391 8266 2118 1330 513 138
16391 8266 4230 2076 1440 513
16391 8270 2114 1312 513 130
16391 8270 4238 2076 1466 513
16391 8282 2118 1262 513 410
16391 8282 4572 2060 1196 513
16391 8286 2114 1248 513 386
16391 8286 4544 2060 1190 513
16391 8288 4228 2078 513 420
16391 8288 4416 2062 513 164
16391 8294 4236 2078 513 446
16391 8294 4436 2062 513 174
16391 8352 4192 1054 513 420
16391 8362 4198 1054 513 446
16391 8384 4132 1078 513 260
16391 8384 4192 1046 513 292
16391 8384 4238 2342 1330 513
16391 8384 4298 2310 1330 513
16391 8388 4320 3126 513 260
16391 8392 4334 3124 513 276
16391 8396 4134 1076 513 276
16391 8396 4198 1046 513 310
16391 8396 4230 2356 1312 513
16391 8396 4294 2326 1312 513
16391 8420 4132 1086 513 388
16391 8420 4228 3094 513 292
16391 8426 4134 1084 513 412
16391 8426 4236 3094 513 310
16391 8452 4452 3086 513 164
16391 8454 4178 2464 1052 513
16391 8454 4436 2208 1196 513
16391 8468 4466 3086 513 174
16391 8470 4182 2490 1052 513
16391 8470 4416 2218 1190 513
16391 8518 4114 2464 1086 513
16391 8518 4436 2208 1166 513
16391 8530 4114 2490 1084 513
16391 8530 4416 2218 1158 513
16391 8544 4420 3118 513 132
16391 8566 4432 3116 513 140
16391 8640 4122 2310 1076 513
16391 8640 4190 2342 1044 513
16391 8668 4122 2326 1078 513
16391 8668 4186 2356 1044 513
16393 8202 4226 2164 1315 513
16393 8202 4234 2162 1329 513
16393 8206 4230 2106 1505 513
16393 8206 4238 2104 1535 513
16393 8218 4485 2162 1345 513
16393 8218 4509 2164 1365 513
16393 8222 4485 2088 1220 513
16393 8222 4509 2090 1224 513
16393 8244 4433 2104 1501 513
16393 8244 4449 2088 1254 513
16393 8246 4421 2106 1473 513
16393 8246 4471 2090 1256 513
16393 8264 4258 2078 1411 513
16393 8264 4326 2130 1377 513
16393 8268 4264 2078 1435 513
16393 8268 4328 2134 1399 513
16393 8280 4539 2130 1329 513
16393 8280 4607 2062 1166 513
16393 8284 4513 2134 1315 513
16393 8284 4577 2062 1158 513
16393 8306 4403 2076 1435 513
16393 8306 4421 2060 1156 513
16393 8308 4385 2076 1411 513
16393 8308 4433 2060 1164 513
16393 8320 4234 2499 1465 513
16393 8320 4238 2375 1399 513
16393 8328 4226 2527 1443 513
16393 8328 4230 2387 1377 513
16393 8356 4200 2433 1054 513
16393 8356 4328 2465 1535 513
16393 8366 4206 2457 1054 513
16393 8366 4326 2491 1505 513
16393 8384 4138 2499 1080 513
16393 8384 4206 2311 1046 513
16393 8396 4136 2527 1082 513
16393 8396 4200 2327 1046 513
16393 8420 4136 2405 1074 513
16393 8420 4264 2309 1299 513
16393 8426 4138 2419 1072 513
16393 8426 4258 2325 1283 513
16393 8451 4114 2531 1080 513
16393 8451 4373 2274 1224 513
16393 8455 4118 2208 1134 513
16393 8455 4373 2465 1501 513
16393 8467 4114 2557 1082 513
16393 8467 4357 2284 1220 513
16393 8471 4118 2218 1128 513
16393 8471 4357 2491 1473 513
16393 8487 4180 2433 1052 513
16393 8487 4471 2176 1166 513
16393 8501 4176 2457 1052 513
16393 8501 4449 2184 1158 513
16393 8547 4180 2274 1096 513
16393 8547 4403 2531 1465 513
16393 8565 4176 2284 1100 513
16393 8565 4385 2557 1443 513
16393 8577 4122 2375 1074 513
16393 8577 4126 2242 1128 513
16393 8601 4122 2387 1072 513
16393 8601 4126 2254 1134 513
16393 8613 4184 2208 1100 513
16393 8613 4569 2176 1164 513
16393 8639 4188 2218 1096 513
16393 8639 4549 2184 1156 513
16393 8641 4539 2311 1299 513
16393 8641 4607 2242 1256 513
16393 8669 4513 2327 1283 513
16393 8669 4577 2254 1254 513
16393 8677 4184 2309 1044 513
16393 8677 4569 2405 1365 513
16393 8699 4188 2325 1044 513
16393 8699 4549 2419 1345 513
16395 10400 4186 1052 513 391
16395 10410 4190 1052 513 415
16395 10438 4122 1082 513 455
16395 10442 4122 1080 513 475
16395 10470 4114 1074 513 327
16395 10470 4178 1044 513 263
16395 10472 4114 1072 513 339
16395 10472 4182 1044 513 279
16395 8202 4290 2166 1315 513
16395 8202 4302 2160 1329 513
16395 8206 5473 2088 513 198
16395 8206 5495 2090 513 202
16395 8218 4545 2160 1347 513
16395 8218 4573 2166 1367 513
16395 8222 5254 2104 513 455
16395 8222 5262 2106 513 475
16395 8228 4228 2104 513 485
16395 8228 4417 2088 513 228
16395 8230 4236 2106 513 507
16395 8230 4437 2090 513 234
16395 8266 4226 2128 1379 513
16395 8266 5495 2062 513 142
16395 8270 4234 2132 1397 513
16395 8270 5473 2062 513 134
16395 8282 4573 2128 1329 513
16395 8282 5290 2078 513 415
16395 8286 4545 2132 1315 513
16395 8286 5280 2078 513 391
16395 8288 4256 2076 513 389
16395 8288 4417 2060 513 132
16395 8294 4266 2076 513 413
16395 8294 4437 2060 513 140
16395 8352 4196 1054 513 389
16395 8352 4228 3120 513 357
16395 8362 4194 1054 513 413
16395 8362 4236 3122 513 371
16395 8384 4256 3092 513 261
16395 8388 4128 1074 513 357
16395 8388 4196 1046 513 261
16395 8388 4234 2465 1533 513
16395 8388 4302 2497 1465 513
16395 8392 4130 1072 513 371
16395 8392 4194 1046 513 277
16395 8392 4226 2491 1507 513
16395 8392 4290 2525 1443 513
16395 8396 4266 3092 513 277
16395 8420 4128 1082 513 485
16395 8426 4130 1080 513 507
16395 8449 4389 3112 513 228
16395 8455 4182 2272 1098 513
16395 8455 4437 2529 1465 513
16395 8465 4407 3114 513 234
16395 8471 4178 2286 1102 513
16395 8471 4417 2559 1443 513
16395 8485 4421 3084 513 132
16395 8503 4433 3084 513 140
16395 8519 4118 2208 1132 513
16395 8519 4437 2465 1503 513
16395 8531 4118 2218 1130 513
16395 8531 4417 2491 1475 513
16395 8645 4126 2240 1130 513
16395 8645 4186 2208 1102 513
16395 8665 4126 2252 1132 513
16395 8665 4190 2218 1098 513
16395 9360 5254 3120 513 327
16395 9368 5262 3122 513 339
16395 9462 5280 3094 513 263
16395 9464 5290 3094 513 279
16395 9513 5415 3112 513 198
16395 9513 5479 3086 513 134
16395 9531 5429 3114 513 202
16395 9531 5489 3086 513 142
16397 10406 4188 1052 513 423
16397 10412 4184 1052 513 445
16397 10432 4122 1084 513 391
16397 10444 4122 1086 513 415
16397 10470 4114 1076 513 263
16397 10470 4180 1044 513 295
16397 10472 4114 1078 513 279
16397 10472 4176 1044 513 309
16397 12298 2371 1315 513 130
16397 12298 2391 1329 513 138
16397 12306 2208 1216 513 259
16397 12306 2218 1228 513 275
16397 12360 2305 1347 513 226
16397 12364 2321 1367 513 236
16397 12368 2240 1154 513 355
16397 12372 2252 1162 513 373
16397 4118 2210 1122 513 259
16397 4118 2216 1124 513 275
16397 4126 2240 1122 513 387
16397 4126 2252 1124 513 411
16397 4176 2216 1092 513 373
16397 4180 2210 1088 513 355
16397 4184 2284 1092 513 509
16397 4188 2274 1088 513 483
16397 8202 2144 1313 513 130
16397 8202 2150 1331 513 138
16397 8206 5473 2094 513 134
16397 8206 5495 2092 513 142
16397 8218 2144 1216 513 387
16397 8218 2150 1228 513 411
16397 8222 5312 2110 513 391
16397 8222 5324 2108 513 415
16397 8240 4433 2108 1467 513
16397 8240 4453 2092 1156 513
16397 8242 4421 2110 1441 513
16397 8242 4467 2094 1164 513
16397 8264 2114 1313 513 226
16397 8264 5473 2062 513 166
16397 8268 2118 1331 513 236
16397 8268 5495 2062 513 172
16397 8280 2114 1154 513 483
16397 8280 5254 2078 513 423
16397 8284 2118 1162 513 509
16397 8284 5262 2078 513 445
16397 8304 4389 2076 1441 513
16397 8304 4433 2060 1198 513
16397 8310 4407 2076 1467 513
16397 8310 4421 2060 1188 513
16397 8352 4204 2467 1054 513
16397 8362 4202 2489 1054 513
16397 8384 4142 2467 1084 513
16397 8384 4202 2343 1046 513
16397 8396 4140 2489 1086 513
16397 8396 4204 2357 1046 513
16397 8416 4140 2311 1078 513
16397 8430 4142 2327 1076 513
16397 8609 4569 2210 1198 513
16397 8635 4549 2216 1188 513
16397 8641 4543 2343 1331 513
16397 8641 4603 2210 1164 513
16397 8669 4517 2357 1313 513
16397 8669 4581 2216 1156 513
16397 8673 4569 2311 1331 513
16397 8703 4549 2327 1313 513
16397 9430 5254 3094 513 295
16397 9430 5312 3126 513 263
16397 9434 5262 3094 513 309
16397 9434 5324 3124 513 279
16397 9487 5447 3086 513 166
16397 9503 5459 3086 513 172
16397 9577 5479 3118 513 134
16397 9599 5489 3116 513 142
16399 12298 2305 1379 513 194
16399 12298 2321 1397 513 206
16399 12306 2272 1154 513 323
16399 12306 2286 1162 513 343
16399 12362 2403 1315 513 130
16399 12366 2421 1329 513 138
16399 12370 2208 1248 513 259
16399 12374 2218 1262 513 275
16399 4118 2210 1120 513 323
16399 4118 2216 1126 513 343
16399 4126 2242 1120 513 451
16399 4126 2254 1126 513 479
16399 4178 2216 1094 513 275
16399 4182 2210 1090 513 259
16399 4186 2286 1094 513 411
16399 4190 2272 1090 513 387
16399 8202 2146 1313 513 194
16399 8202 2148 1331 513 206
16399 8206 4294 2108 1441 513
16399 8206 4298 2110 1467 513
16399 8218 2146 1154 513 451
16399 8218 2148 1162 513 479
16399 8222 4545 2094 1158 513
16399 8222 4573 2092 1166 513
16399 8224 4320 2108 513 389
16399 8224 4417 2092 513 132
16399 8226 4334 2110 513 413
16399 8226 4437 2094 513 140
16399 8266 2112 1313 513 130
16399 8266 4238 2078 1467 513
16399 8270 2116 1331 513 138
16399 8270 4230 2078 1441 513
16399 8282 2112 1248 513 387
16399 8282 4545 2062 1190 513
16399 8286 2116 1262 513 411
16399 8286 4573 2062 1196 513
16399 8290 4236 2076 513 447
16399 8290 4437 2060 513 174
16399 8292 4228 2076 513 421
16399 8292 4417 2060 513 164
16399 8356 4192 1054 513 421
16399 8366 4198 1054 513 447
16399 8384 4320 3124 513 261
16399 8388 4132 1078 513 261
16399 8388 4192 1046 513 293
16399 8388 4238 2341 1331 513
16399 8388 4298 2309 1331 513
16399 8392 4134 1076 513 277
16399 8392 4198 1046 513 311
16399 8392 4230 2359 1313 513
16399 8392 4294 2325 1313 513
16399 8396 4334 3126 513 277
16399 8416 4132 1086 513 389
16399 8416 4228 3092 513 293
16399 8430 4134 1084 513 413
16399 8430 4236 3092 513 311
16399 8449 4453 3084 513 164
16399 8451 4178 2467 1052 513
16399 8451 4437 2210 1196 513
16399 8465 4467 3084 513 174
16399 8467 4182 2489 1052 513
16399 8467 4417 2216 1190 513
16399 8515 4114 2467 1086 513
16399 8515 4437 2210 1166 513
16399 8535 4114 2489 1084 513
16399 8535 4417 2216 1158 513
16399 8549 4421 3116 513 132
16399 8563 4433 3118 513 140
16399 8645 4122 2309 1076 513
16399 8645 4190 2341 1044 513
16399 8665 4122 2325 1078 513
16399 8665 4186 2359 1044 513
16401 8202 4227 2104 1507 513
16401 8202 4235 2106 1533 513
16401 8206 4231 2166 1312 513
16401 8206 4239 2160 1330 513
16401 8218 4481 2090 1223 513
16401 8218 4505 2088 1227 513
16401 8222 4481 2160 1346 513
16401 8222 4505 2166 1366 513
16401 8240 4436 2106 1503 513
16401 8240 4452 2090 1253 513
16401 8242 4416 2104 1475 513
16401 8242 4466 2088 1259 513
16401 8264 4269 2076 1433 513
16401 8264 4333 2132 1396 513
16401 8268 4263 2076 1409 513
16401 8268 4323 2128 1378 513
16401 8280 4517 2132 1312 513
16401 8280 4581 2060 1157 513
16401 8284 4543 2128 1330 513
16401 8284 4603 2060 1165 513
16401 8304 4388 2078 1409 513
16401 8304 4436 2062 1167 513
16401 8310 4406 2078 1433 513
16401 8310 4416 2062 1159 513
16401 8325 4235 2372 1396 513
16401 8325 4239 2497 1467 513
16401 8333 4227 2384 1378 513
16401 8333 4231 2525 1441 513
16401 8353 4204 2435 1052 513
16401 8353 4333 2467 1533 513
16401 8363 4202 2459 1052 513
16401 8363 4323 2489 1507 513
16401 8389 4142 2497 1082 513
16401 8389 4202 2308 1044 513
16401 8393 4140 2525 1080 513
16401 8393 4204 2324 1044 513
16401 8417 4140 2406 1072 513
16401 8417 4269 2310 1296 513
16401 8431 4142 2416 1074 513
16401 8431 4263 2326 1280 513
16401 8450 4114 2211 1132 513
16401 8450 4368 2467 1503 513
16401 8454 4118 2529 1082 513
16401 8454 4368 2273 1227 513
16401 8466 4114 2217 1130 513
16401 8466 4352 2489 1475 513
16401 8470 4118 2559 1080 513
16401 8470 4352 2287 1223 513
16401 8482 4176 2435 1054 513
16401 8482 4466 2179 1165 513
16401 8496 4180 2459 1054 513
16401 8496 4452 2187 1157 513
16401 8550 4176 2273 1098 513
16401 8550 4406 2529 1467 513
16401 8560 4180 2287 1102 513
16401 8560 4388 2559 1441 513
16401 8581 4122 2241 1130 513
16401 8581 4126 2372 1072 513
16401 8605 4122 2253 1132 513
16401 8605 4126 2384 1074 513
16401 8609 4188 2211 1102 513
16401 8609 4573 2179 1167 513
16401 8635 4184 2217 1098 513
16401 8635 4545 2187 1159 513
16401 8645 4543 2308 1296 513
16401 8645 4603 2241 1259 513
16401 8665 4517 2324 1280 513
16401 8665 4581 2253 1253 513
16401 8673 4188 2310 1046 513
16401 8673 4573 2406 1366 513
16401 8703 4184 2326 1046 513
16401 8703 4545 2416 1346 513
16403 10407 4190 1054 513 391
16403 10413 4186 1054 513 415
16403 10433 4126 1080 513 455
16403 10445 4126 1082 513 475
16403 10465 4118 1072 513 326
16403 10465 4182 1046 513 262
16403 10479 4118 1074 513 338
16403 10479 4178 1046 513 278
16403 8202 5478 2090 513 199
16403 8202 5488 2088 513 203
16403 8206 4295 2164 1312 513
16403 8206 4299 2162 1330 513
16403 8218 5249 2106 513 455
16403 8218 5257 2104 513 475
16403 8222 4549 2162 1344 513
16403 8222 4569 2164 1364 513
16403 8224 4225 2106 513 485
16403 8224 4420 2090 513 229
16403 8226 4233 2104 513 507
16403 8226 4432 2088 513 235
16403 8266 4239 2134 1398 513
16403 8266 5478 2060 513 135
16403 8270 4231 2130 1376 513
16403 8270 5488 2060 513 143
16403 8282 4549 2134 1312 513
16403 8282 5287 2076 513 391
16403 8286 4569 2130 1330 513
16403 8286 5293 2076 513 415
16403 8290 4271 2078 513 413
16403 8290 4432 2062 513 141
16403 8292 4261 2078 513 389
16403 8292 4420 2062 513 133
16403 8357 4192 1052 513 389
16403 8357 4225 3120 513 356
16403 8367 4198 1052 513 413
16403 8367 4233 3122 513 370
16403 8385 4132 1072 513 356
16403 8385 4192 1044 513 260
16403 8385 4239 2467 1535 513
16403 8385 4299 2499 1467 513
16403 8389 4261 3092 513 260
16403 8393 4271 3092 513 276
16403 8397 4134 1074 513 370
16403 8397 4198 1044 513 276
16403 8397 4231 2489 1505 513
16403 8397 4295 2527 1441 513
16403 8417 4132 1080 513 485
16403 8431 4134 1082 513 507
16403 8450 4178 2275 1096 513
16403 8450 4432 2531 1467 513
16403 8452 4384 3112 513 229
16403 8466 4182 2285 1100 513
16403 8466 4420 2557 1441 513
16403 8468 4402 3114 513 235
16403 8480 4416 3084 513 133
16403 8498 4436 3084 513 141
16403 8514 4114 2211 1134 513
16403 8514 4432 2467 1501 513
16403 8534 4114 2217 1128 513
16403 8534 4420 2489 1473 513
16403 8641 4122 2243 1128 513
16403 8641 4190 2211 1100 513
16403 8669 4122 2255 1134 513
16403 8669 4186 2217 1096 513
16403 9367 5249 3120 513 326
16403 9375 5257 3122 513 338
16403 9457 5287 3094 513 262
16403 9471 5293 3094 513 278
16403 9518 5408 3112 513 199
16403 9518 5472 3086 513 135
16403 9532 5426 3114 513 203
16403 9532 5494 3086 513 143
16405 10401 4184 1054 513 423
16405 10411 4188 1054 513 445
16405 10439 4126 1086 513 391
16405 10443 4126 1084 513 415
16405 10465 4118 1078 513 262
16405 10465 4176 1046 513 294
16405 10479 4118 1076 513 278
16405 10479 4180 1046 513 308
16405 12298 2368 1312 513 131
16405 12298 2388 1330 513 139
16405 12306 2211 1219 513 258
16405 12306 2217 1231 513 274
16405 12360 2306 1344 513 227
16405 12364 2322 1364 513 237
16405 12368 2243 1153 513 354
16405 12372 2255 1161 513 372
16405 4114 2209 1120 513 258
16405 4114 2219 1126 513 274
16405 4122 2243 1120 513 387
16405 4122 2255 1126 513 411
16405 4176 2209 1090 513 354
16405 4180 2219 1094 513 372
16405 4184 2273 1090 513 483
16405 4188 2287 1094 513 509
16405 8202 5478 2092 513 135
16405 8202 5488 2094 513 143
16405 8206 2146 1314 513 131
16405 8206 2148 1328 513 139
16405 8218 5319 2108 513 391
16405 8218 5323 2110 513 415
16405 8222 2146 1219 513 387
16405 8222 2148 1231 513 411
16405 8244 4436 2110 1465 513
16405 8244 4448 2094 1159 513
16405 8246 4416 2108 1443 513
16405 8246 4470 2092 1167 513
16405 8264 2116 1328 513 237
16405 8264 5488 2060 513 173
16405 8268 2112 1314 513 227
16405 8268 5478 2060 513 167
16405 8280 2116 1161 513 509
16405 8280 5257 2076 513 445
16405 8284 2112 1153 513 483
16405 8284 5249 2076 513 423
16405 8306 4402 2078 1465 513
16405 8306 4416 2062 1191 513
16405 8308 4384 2078 1443 513
16405 8308 4436 2062 1197 513
16405 8357 4200 2465 1052 513
16405 8367 4206 2491 1052 513
16405 8389 4138 2465 1086 513
16405 8389 4206 2340 1044 513
16405 8393 4136 2491 1084 513
16405 8393 4200 2358 1044 513
16405 8421 4136 2308 1076 513
16405 8427 4138 2324 1078 513
16405 8613 4573 2209 1197 513
16405 8639 4545 2219 1191 513
16405 8645 4539 2340 1328 513
16405 8645 4607 2209 1167 513
16405 8665 4513 2358 1314 513
16405 8665 4577 2219 1159 513
16405 8677 4573 2308 1328 513
16405 8699 4545 2324 1314 513
16405 9425 5249 3094 513 294
16405 9425 5319 3126 513 262
16405 9437 5257 3094 513 308
16405 9437 5323 3124 513 278
16405 9480 5440 3086 513 167
16405 9496 5460 3086 513 173
16405 9582 5472 3118 513 135
16405 9592 5494 3116 513 143
16407 12298 2306 1376 513 195
16407 12298 2322 1398 513 207
16407 12306 2275 1153 513 322
16407 12306 2285 1161 513 342
16407 12362 2400 1312 513 131
16407 12366 2422 1330 513 139
16407 12370 2211 1251 513 258
16407 12374 2217 1261 513 274
16407 4114 2209 1122 513 322
16407 4114 2219 1124 513 342
16407 4122 2241 1122 513 451
16407 4122 2253 1124 513 479
16407 4178 2209 1088 513 258
16407 4182 2219 1092 513 274
16407 4186 2275 1088 513 387
16407 4190 2285 1092 513 411
16407 8202 4291 2110 1443 513
16407 8202 4303 2108 1465 513
16407 8206 2144 1314 513 195
16407 8206 2150 1328 513 207
16407 8218 4549 2092 1157 513
16407 8218 4569 2094 1165 513
16407 8222 2144 1153 513 451
16407 8222 2150 1161 513 479
16407 8228 4325 2110 513 389
16407 8228 4420 2094 513 133
16407 8230 4331 2108 513 413
16407 8230 4432 2092 513 141
16407 8266 2118 1328 513 139
16407 8266 4227 2076 1443 513
16407 8270 2114 1314 513 131
16407 8270 4235 2076 1465 513
16407 8282 2118 1261 513 411
16407 8282 4569 2060 1199 513
16407 8286 2114 1251 513 387
16407 8286 4549 2060 1189 513
16407 8288 4225 2078 513 421
16407 8288 4420 2062 513 165
16407 8294 4233 2078 513 447
16407 8294 4432 2062 513 175
16407 8353 4196 1052 513 421
16407 8363 4194 1052 513 447
16407 8385 4128 1076 513 260
16407 8385 4196 1044 513 292
16407 8385 4235 2342 1328 513
16407 8385 4303 2310 1328 513
16407 8389 4325 3124 513 260
16407 8393 4331 3126 513 276
16407 8397 4130 1078 513 276
16407 8397 4194 1044 513 310
16407 8397 4227 2356 1314 513
16407 8397 4291 2326 1314 513
16407 8421 4128 1084 513 389
16407 8421 4225 3092 513 292
16407 8427 4130 1086 513 413
16407 8427 4233 3092 513 310
16407 8452 4448 3084 513 165
16407 8454 4182 2465 1054 513
16407 8454 4432 2209 1199 513
16407 8468 4470 3084 513 175
16407 8470 4178 2491 1054 513
16407 8470 4420 2219 1189 513
16407 8518 4118 2465 1084 513
16407 8518 4432 2209 1165 513
16407 8530 4118 2491 1086 513
16407 8530 4420 2219 1157 513
16407 8544 4416 3116 513 133
16407 8566 4436 3118 513 141
16407 8641 4126 2310 1078 513
16407 8641 4186 2342 1046 513
16407 8669 4126 2326 1076 513
16407 8669 4190 2356 1046 513
16409 8202 4231 2164 1313 513
16409 8202 4239 2162 1331 513
16409 8206 4227 2106 1506 513
16409 8206 4235 2104 1532 513
16409 8218 4480 2162 1347 513
16409 8218 4504 2164 1367 513
16409 8222 4480 2088 1223 513
16409 8222 4504 2090 1227 513
16409 8244 4437 2104 1502 513
16409 8244 4453 2088 1253 513
16409 8246 4417 2106 1474 513
16409 8246 4467 2090 1259 513
16409 8264 4263 2078 1408 513
16409 8264 4323 2130 1379 513
16409 8268 4269 2078 1432 513
16409 8268 4333 2134 1397 513
16409 8280 4542 2130 1331 513
16409 8280 4602 2062 1165 513
16409 8284 4516 2134 1313 513
16409 8284 4580 2062 1157 513
16409 8306 4407 2076 1432 513
16409 8306 4417 2060 1159 513
16409 8308 4389 2076 1408 513
16409 8308 4437 2060 1167 513
16409 8321 4235 2375 1397 513
16409 8321 4239 2498 1466 513
16409 8329 4227 2387 1379 513
16409 8329 4231 2526 1440 513
16409 8357 4204 2432 1052 513
16409 8357 4333 2464 1532 513
16409 8367 4202 2456 1052 513
16409 8367 4323 2490 1506 513
16409 8385 4142 2498 1082 513
16409 8385 4202 2311 1044 513
16409 8397 4140 2526 1080 513
16409 8397 4204 2327 1044 513
16409 8421 4140 2405 1072 513
16409 8421 4269 2309 1297 513
16409 8427 4142 2419 1074 513
16409 8427 4263 2325 1281 513
16409 8451 4118 2530 1082 513
16409 8451 4369 2275 1227 513
16409 8455 4114 2209 1132 513
16409 8455 4369 2464 1502 513
16409 8467 4118 2556 1080 513
16409 8467 4353 2285 1223 513
16409 8471 4114 2219 1130 513
16409 8471 4353 2490 1474 513
16409 8487 4176 2432 1054 513
16409 8487 4467 2177 1165 513
16409 8501 4180 2456 1054 513
16409 8501 4453 2185 1157 513
16409 8547 4176 2275 1098 513
16409 8547 4407 2530 1466 513
16409 8565 4180 2285 1102 513
16409 8565 4389 2556 1440 513
16409 8576 4122 2243 1130 513
16409 8576 4126 2375 1072 513
16409 8600 4122 2255 1132 513
16409 8600 4126 2387 1074 513
16409 8612 4188 2209 1102 513
16409 8612 4572 2177 1167 513
16409 8638 4184 2219 1098 513
16409 8638 4544 2185 1159 513
16409 8640 4542 2311 1297 513
16409 8640 4602 2243 1259 513
16409 8668 4516 2327 1281 513
16409 8668 4580 2255 1253 513
16409 8676 4188 2309 1046 513
16409 8676 4572 2405 1367 513
16409 8698 4184 2325 1046 513
16409 8698 4544 2419 1347 513
16411 10401 4190 1054 513 390
16411 10411 4186 1054 513 414
16411 10439 4126 1080 513 454
16411 10443 4126 1082 513 474
16411 10471 4118 1072 513 327
16411 10471 4182 1046 513 263
16411 10473 4118 1074 513 339
16411 10473 4178 1046 513 279
16411 8202 4295 2166 1313 513
16411 8202 4299 2160 1331 513
16411 8206 5479 2088 513 199
16411 8206 5489 2090 513 203
16411 8218 4548 2160 1345 513
16411 8218 4568 2166 1365 513
16411 8222 5249 2104 513 454
16411 8222 5257 2106 513 474
16411 8228 4225 2104 513 484
16411 8228 4421 2088 513 229
16411 8230 4233 2106 513 506
16411 8230 4433 2090 513 235
16411 8266 4231 2128 1377 513
16411 8266 5489 2062 513 143
16411 8270 4239 2132 1399 513
16411 8270 5479 2062 513 135
16411 8282 4568 2128 1331 513
16411 8282 5293 2078 513 414
16411 8286 4548 2132 1313 513
16411 8286 5287 2078 513 390
16411 8288 4261 2076 513 388
16411 8288 4421 2060 513 133
16411 8294 4271 2076 513 412
16411 8294 4433 2060 513 141
16411 8353 4192 1052 513 388
16411 8353 4225 3122 513 357
16411 8363 4198 1052 513 412
16411 8363 4233 3120 513 371
16411 8385 4261 3094 513 261
16411 8389 4132 1072 513 357
16411 8389 4192 1044 513 261
16411 8389 4239 2464 1534 513
16411 8389 4299 2496 1466 513
16411 8393 4134 1074 513 371
16411 8393 4198 1044 513 277
16411 8393 4231 2490 1504 513
16411 8393 4295 2524 1440 513
16411 8397 4271 3094 513 277
16411 8421 4132 1080 513 484
16411 8427 4134 1082 513 506
16411 8449 4385 3114 513 229
16411 8455 4178 2273 1096 513
16411 8455 4433 2528 1466 513
16411 8465 4403 3112 513 235
16411 8471 4182 2287 1100 513
16411 8471 4421 2558 1440 513
16411 8485 4417 3086 513 133
16411 8503 4437 3086 513 141
16411 8519 4114 2209 1134 513
16411 8519 4433 2464 1500 513
16411 8531 4114 2219 1128 513
16411 8531 4421 2490 1472 513
16411 8644 4122 2241 1128 513
16411 8644 4190 2209 1100 513
16411 8664 4122 2253 1134 513
16411 8664 4186 2219 1096 513
16411 9363 5249 3122 513 327
16411 9371 5257 3120 513 339
16411 9461 5287 3092 513 263
16411 9467 5293 3092 513 279
16411 9515 5409 3114 513 199
16411 9515 5473 3084 513 135
16411 9529 5427 3112 513 203
16411 9529 5495 3084 513 143
16413 10407 4184 1054 513 422
16413 10413 4188 1054 513 444
16413 10433 4126 1086 513 390
16413 10445 4126 1084 513 414
16413 10471 4118 1078 513 263
16413 10471 4176 1046 513 295
16413 10473 4118 1076 513 279
16413 10473 4180 1046 513 309
16413 12302 2371 1313 513 131
16413 12302 2391 1331 513 139
16413 12310 2209 1219 513 259
16413 12310 2219 1231 513 275
16413 12360 2321 1365 513 237
16413 12364 2305 1345 513 227
16413 12368 2253 1161 513 373
16413 12372 2241 1153 513 355
16413 4114 2211 1120 513 259
16413 4114 2217 1126 513 275
16413 4122 2241 1120 513 386
16413 4122 2253 1126 513 410
16413 4176 2211 1090 513 355
16413 4180 2217 1094 513 373
16413 4184 2275 1090 513 482
16413 4188 2285 1094 513 508
16413 8202 2144 1315 513 131
16413 8202 2150 1329 513 139
16413 8206 5479 2094 513 135
16413 8206 5489 2092 513 143
16413 8218 2144 1219 513 386
16413 8218 2150 1231 513 410
16413 8222 5319 2110 513 390
16413 8222 5323 2108 513 414
16413 8240 4437 2108 1464 513
16413 8240 4449 2092 1159 513
16413 8242 4417 2110 1442 513
16413 8242 4471 2094 1167 513
16413 8264 2114 1315 513 227
16413 8264 5479 2062 513 167
16413 8268 2118 1329 513 237
16413 8268 5489 2062 513 173
16413 8280 2114 1153 513 482
16413 8280 5249 2078 513 422
16413 8284 2118 1161 513 508
16413 8284 5257 2078 513 444
16413 8304 4385 2076 1442 513
16413 8304 4437 2060 1197 513
16413 8310 4403 2076 1464 513
16413 8310 4417 2060 1191 513
16413 8353 4200 2466 1052 513
16413 8363 4206 2488 1052 513
16413 8385 4138 2466 1086 513
16413 8385 4206 2343 1044 513
16413 8397 4136 2488 1084 513
16413 8397 4200 2357 1044 513
16413 8417 4136 2311 1076 513
16413 8431 4138 2327 1078 513
16413 8608 4572 2211 1197 513
16413 8634 4544 2217 1191 513
16413 8640 4538 2343 1329 513
16413 8640 4606 2211 1167 513
16413 8668 4512 2357 1315 513
16413 8668 4576 2217 1159 513
16413 8672 4572 2311 1329 513
16413 8702 4544 2327 1315 513
16413 9429 5249 3092 513 295
16413 9429 5319 3124 513 263
16413 9433 5257 3092 513 309
16413 9433 5323 3126 513 279
16413 9485 5441 3084 513 167
16413 9501 5461 3084 513 173
16413 9579 5473 3116 513 135
16413 9597 5495 3118 513 143
16415 12302 2305 1377 513 195
16415 12302 2321 1399 513 207
16415 12310 2273 1153 513 323
16415 12310 2287 1161 513 343
16415 12362 2421 1331 513 139
16415 12366 2403 1313 513 131
16415 12370 2219 1261 513 275
16415 12374 2209 1251 513 259
16415 4114 2211 1122 513 323
16415 4114 2217 1124 513 343
16415 4122 2243 1122 513 450
16415 4122 2255 1124 513 478
16415 4178 2211 1088 513 259
16415 4182 2217 1092 513 275
16415 4186 2273 1088 513 386
16415 4190 2287 1092 513 410
16415 8202 2146 1315 513 195
16415 8202 2148 1329 513 207
16415 8206 4291 2108 1442 513
16415 8206 4303 2110 1464 513
16415 8218 2146 1153 513 450
16415 8218 2148 1161 513 478
16415 8222 4548 2094 1157 513
16415 8222 4568 2092 1165 513
16415 8224 4325 2108 513 388
16415 8224 4421 2092 513 133
16415 8226 4331 2110 513 412
16415 8226 4433 2094 513 141
16415 8266 2112 1315 513 131
16415 8266 4235 2078 1464 513
16415 8270 2116 1329 513 139
16415 8270 4227 2078 1442 513
16415 8282 2112 1251 513 386
16415 8282 4548 2062 1189 513
16415 8286 2116 1261 513 410
16415 8286 4568 2062 1199 513
16415 8290 4233 2076 513 446
16415 8290 4433 2060 513 175
16415 8292 4225 2076 513 420
16415 8292 4421 2060 513 165
16415 8357 4196 1052 513 420
16415 8367 4194 1052 513 446
16415 8385 4325 3126 513 261
16415 8389 4128 1076 513 261
16415 8389 4196 1044 513 293
16415 8389 4235 2341 1329 513
16415 8389 4303 2309 1329 513
16415 8393 4130 1078 513 277
16415 8393 4194 1044 513 311
16415 8393 4227 2359 1315 513
16415 8393 4291 2325 1315 513
16415 8397 4331 3124 513 277
16415 8417 4128 1084 513 388
16415 8417 4225 3094 513 293
16415 8431 4130 1086 513 412
16415 8431 4233 3094 513 311
16415 8449 4449 3086 513 165
16415 8451 4182 2466 1054 513
16415 8451 4433 2211 1199 513
16415 8465 4471 3086 513 175
16415 8467 4178 2488 1054 513
16415 8467 4421 2217 1189 513
16415 8515 4118 2466 1084 513
16415 8515 4433 2211 1165 513
16415 8535 4118 2488 1086 513
16415 8535 4421 2217 1157 513
16415 8549 4417 3118 513 133
16415 8563 4437 3116 513 141
16415 8644 4126 2309 1078 513
16415 8644 4186 2341 1046 513
16415 8664 4126 2325 1076 513
16415 8664 4190 2359 1046 513
16417 10252 4512 1442 513 124
16417 10254 4384 1314 513 116
16417 10254 4388 1328 513 112
16417 10258 4516 1464 513 120
16417 10442 4124 1080 513 504
16417 10444 4124 1086 513 444
16417 10478 4116 1072 513 368
16417 10478 4116 1078 513 308
16417 8194 4116 2210 513 78
16417 8194 4118 2466 513 94
16417 8204 4098 1314 513 86
16417 8204 4118 1328 513 80
16417 8204 4264 2106 1502 513
16417 8204 4332 2108 1434 513
16417 8204 5494 2088 513 232
16417 8204 5494 2094 513 172
16417 8206 4098 1442 513 94
16417 8206 4116 2216 513 72
16417 8210 4124 3240 513 72
16417 8210 4126 1464 513 88
16417 8220 4106 3376 513 80
16417 8220 4126 3362 513 86
16417 8220 4516 2090 1252 513
16417 8220 4576 2092 1190 513
16417 8220 5290 2104 513 504
16417 8220 5352 2110 513 444
16417 8222 4106 2488 513 88
16417 8222 4124 3234 513 78
16417 8226 4296 2108 513 446
16417 8226 4436 2092 513 174
16417 8230 4266 2104 513 472
16417 8230 4436 2088 513 200
16417 8240 4436 2110 1434 513
16417 8240 4452 2094 1188 513
16417 8244 4436 2106 1532 513
16417 8244 4448 2090 1222 513
16417 8332 4266 3120 513 336
16417 8352 5142 2210 513 108
16417 8356 4264 2404 1366 513
16417 8356 5142 2216 513 104
16417 8396 4130 1076 513 310
16417 8396 4134 1072 513 336
16417 8396 4136 2458 1086 513
16417 8396 4140 2556 1082 513
16417 8416 4140 2374 1074 513
16417 8416 4332 2342 1298 513
16417 8420 4136 2340 1078 513
16417 8426 4134 1080 513 472
16417 8426 4296 3124 513 310
16417 8430 4130 1084 513 446
16417 8496 4116 2526 1082 513
16417 8496 4388 2254 1252 513
16417 8498 4372 3112 513 200
16417 8528 4466 3116 513 174
16417 8564 4116 2458 1084 513
16417 8564 4448 2186 1190 513
16417 8608 5140 2466 513 124
16417 8612 4124 2404 1074 513
16417 8612 5130 2488 513 120
16417 8668 4576 2284 1222 513
16417 8668 4580 2186 1188 513
16417 8672 4124 2342 1076 513
16417 8672 4572 2374 1396 513
16417 8676 4572 2340 1298 513
16417 9402 5150 3240 513 104
16417 9406 5150 3234 513 108
16417 9406 5290 3120 513 368
16417 9468 5352 3126 513 308
16417 9498 5398 3112 513 232
16417 9518 5130 3376 513 112
16417 9532 5148 3362 513 116
16417 9566 5458 3118 513 172
16419 10252 4538 1464 513 122
16419 10254 4402 1328 513 114
16419 10254 4406 1314 513 118
16419 10258 4542 1442 513 126
16419 10432 4124 1084 513 422
16419 10438 4124 1082 513 486
16419 10464 4116 1074 513 358
16419 10464 4116 1076 513 294
16419 8194 4116 2216 513 74
16419 8194 4118 2488 513 90
16419 8204 4098 1328 513 82
16419 8204 4118 1314 513 84
16419 8204 4258 2104 1474 513
16419 8204 4322 2110 1410 513
16419 8204 5472 2090 513 230
16419 8204 5472 2092 513 166
16419 8206 4098 1464 513 90
16419 8206 4116 2210 513 76
16419 8210 4124 3234 513 76
16419 8210 4126 1442 513 92
16419 8220 4106 3362 513 84
16419 8220 4126 3376 513 82
16419 8220 4542 2088 1258 513
16419 8220 4606 2094 1196 513
16419 8220 5280 2106 513 486
16419 8220 5350 2108 513 422
16419 8222 4106 2466 513 92
16419 8222 4124 3240 513 74
16419 8224 4292 2110 513 420
16419 8224 4416 2094 513 164
16419 8228 4256 2106 513 452
16419 8228 4416 2090 513 196
16419 8242 4416 2108 1410 513
16419 8242 4466 2092 1198 513
16419 8246 4416 2104 1506 513
16419 8246 4470 2088 1226 513
16419 8324 4256 3122 513 324
16419 8362 5142 2216 513 106
16419 8366 4258 2418 1346 513
16419 8366 5142 2210 513 110
16419 8384 4128 1078 513 292
16419 8384 4132 1074 513 324
16419 8384 4138 2434 1084 513
16419 8384 4142 2530 1080 513
16419 8416 4128 1086 513 420
16419 8420 4132 1082 513 452
16419 8420 4292 3126 513 292
16419 8426 4138 2358 1076 513
16419 8430 4142 2386 1072 513
16419 8430 4322 2356 1282 513
16419 8480 4356 3114 513 196
16419 8482 4116 2498 1080 513
16419 8482 4406 2242 1258 513
16419 8516 4452 3118 513 164
16419 8546 4116 2434 1086 513
16419 8546 4470 2178 1196 513
16419 8634 5140 2488 513 122
16419 8638 4124 2418 1072 513
16419 8638 5130 2466 513 126
16419 8640 4602 2178 1198 513
16419 8640 4606 2274 1226 513
16419 8698 4544 2358 1282 513
16419 8702 4124 2356 1078 513
16419 8702 4544 2386 1378 513
16419 9392 5150 3234 513 110
16419 9396 5150 3240 513 106
16419 9396 5280 3122 513 358
16419 9458 5350 3124 513 294
16419 9482 5382 3114 513 230
16419 9518 5148 3376 513 114
16419 9532 5130 3362 513 118
16419 9546 5446 3116 513 166
16425 10248 4385 1315 513 116
16425 10248 4389 1329 513 112
16425 10250 4513 1443 513 124
16425 10260 4517 1465 513 120
16425 10442 4124 1086 513 445
16425 10444 4124 1080 513 505
16425 10472 4116 1072 513 369
16425 10472 4116 1078 513 309
16425 8198 4116 2208 513 78
16425 8198 4118 2465 513 94
16425 8200 4098 1315 513 86
16425 8200 4118 1329 513 80
16425 8200 4264 2104 1503 513
16425 8200 4332 2110 1435 513
16425 8200 5495 2090 513 232
16425 8200 5495 2092 513 172
16425 8202 4098 1443 513 94
16425 8202 4116 2218 513 72
16425 8214 4124 3242 513 72
16425 8214 4126 1465 513 88
16425 8216 4106 3379 513 80
16425 8216 4126 3361 513 86
16425 8216 4517 2088 1252 513
16425 8216 4577 2094 1190 513
16425 8216 5290 2106 513 505
16425 8216 5352 2108 513 445
16425 8218 4106 2491 513 88
16425 8218 4124 3232 513 78
16425 8226 4266 2106 513 473
16425 8226 4437 2090 513 200
16425 8230 4296 2110 513 447
16425 8230 4437 2094 513 174
16425 8240 4437 2104 1533 513
16425 8240 4449 2088 1222 513
16425 8244 4437 2108 1435 513
16425 8244 4453 2092 1188 513
16425 8328 4266 3122 513 337
16425 8352 4264 2407 1367 513
16425 8352 5142 2218 513 104
16425 8356 5142 2208 513 108
16425 8392 4130 1076 513 311
16425 8392 4134 1072 513 337
16425 8392 4136 2457 1086 513
16425 8392 4140 2559 1082 513
16425 8416 4136 2343 1078 513
16425 8420 4140 2373 1074 513
16425 8420 4332 2341 1299 513
16425 8426 4130 1084 513 447
16425 8430 4134 1080 513 473
16425 8430 4296 3126 513 311
16425 8501 4116 2525 1082 513
16425 8501 4389 2252 1252 513
16425 8503 4373 3114 513 200
16425 8533 4467 3118 513 174
16425 8561 4116 2457 1084 513
16425 8561 4449 2184 1190 513
16425 8609 4124 2407 1074 513
16425 8609 5130 2491 513 120
16425 8613 5140 2465 513 124
16425 8665 4577 2286 1222 513
16425 8665 4581 2184 1188 513
16425 8673 4573 2343 1299 513
16425 8677 4124 2341 1076 513
16425 8677 4573 2373 1397 513
16425 9402 5150 3232 513 108
16425 9402 5290 3122 513 369
16425 9406 5150 3242 513 104
16425 9464 5352 3124 513 309
16425 9503 5399 3114 513 232
16425 9515 5130 3379 513 112
16425 9529 5148 3361 513 116
16425 9563 5459 3116 513 172
16427 10248 4403 1329 513 114
16427 10248 4407 1315 513 118
16427 10250 4539 1465 513 122
16427 10260 4543 1443 513 126
16427 10432 4124 1082 513 487
16427 10438 4124 1084 513 423
16427 10470 4116 1074 513 359
16427 10470 4116 1076 513 295
16427 8198 4116 2218 513 74
16427 8198 4118 2491 513 90
16427 8200 4098 1329 513 82
16427 8200 4118 1315 513 84
16427 8200 4258 2106 1475 513
16427 8200 4322 2108 1411 513
16427 8200 5473 2088 513 230
16427 8200 5473 2094 513 166
16427 8202 4098 1465 513 90
16427 8202 4116 2208 513 76
16427 8214 4124 3232 513 76
16427 8214 4126 1443 513 92
16427 8216 4106 3361 513 84
16427 8216 4126 3379 513 82
16427 8216 4543 2090 1258 513
16427 8216 4607 2092 1196 513
16427 8216 5280 2104 513 487
16427 8216 5350 2110 513 423
16427 8218 4106 2465 513 92
16427 8218 4124 3242 513 74
16427 8224 4256 2104 513 453
16427 8224 4417 2088 513 196
16427 8228 4292 2108 513 421
16427 8228 4417 2092 513 164
16427 8242 4417 2106 1507 513
16427 8242 4471 2090 1226 513
16427 8246 4417 2110 1411 513
16427 8246 4467 2094 1198 513
16427 8320 4256 3120 513 325
16427 8362 4258 2417 1347 513
16427 8362 5142 2208 513 110
16427 8366 5142 2218 513 106
16427 8388 4128 1078 513 293
16427 8388 4132 1074 513 325
16427 8388 4138 2433 1084 513
16427 8388 4142 2529 1080 513
16427 8416 4132 1082 513 453
16427 8416 4292 3124 513 293
16427 8420 4128 1086 513 421
16427 8426 4142 2385 1072 513
16427 8426 4322 2359 1283 513
16427 8430 4138 2357 1076 513
16427 8485 4357 3112 513 196
16427 8487 4116 2497 1080 513
16427 8487 4407 2240 1258 513
16427 8513 4453 3116 513 164
16427 8551 4116 2433 1086 513
16427 8551 4471 2176 1196 513
16427 8635 4124 2417 1072 513
16427 8635 5130 2465 513 126
16427 8639 5140 2491 513 122
16427 8645 4603 2176 1198 513
16427 8645 4607 2272 1226 513
16427 8699 4124 2359 1078 513
16427 8699 4545 2385 1379 513
16427 8703 4545 2357 1283 513
16427 9392 5150 3242 513 106
16427 9392 5280 3120 513 359
16427 9396 5150 3232 513 110
16427 9462 5350 3126 513 295
16427 9487 5383 3112 513 230
16427 9515 5148 3379 513 114
16427 9529 5130 3361 513 118
16427 9551 5447 3118 513 166
16433 10252 4517 1441 513 124
16433 10254 4384 1330 513 112
16433 10254 4388 1312 513 116
16433 10258 4513 1467 513 120
16433 10443 4120 1082 513 505
16433 10445 4120 1084 513 445
16433 10479 4112 1074 513 368
16433 10479 4112 1076 513 308
16433 8194 4112 2211 513 78
16433 8194 4114 2467 513 94
16433 8204 4102 1312 513 86
16433 8204 4114 1330 513 80
16433 8204 4269 2106 1501 513
16433 8204 4329 2108 1433 513
16433 8204 5488 2088 513 233
16433 8204 5488 2094 513 173
16433 8206 4102 1441 513 94
16433 8206 4112 2217 513 72
16433 8210 4120 3243 513 72
16433 8210 4122 1467 513 88
16433 8220 4110 3378 513 80
16433 8220 4122 3360 513 86
16433 8220 4513 2090 1255 513
16433 8220 4581 2092 1189 513
16433 8220 5293 2104 513 505
16433 8220 5359 2110 513 445
16433 8222 4110 2489 513 88
16433 8222 4120 3233 513 78
16433 8226 4301 2108 513 447
16433 8226 4432 2092 513 175
16433 8230 4271 2104 513 473
16433 8230 4432 2088 513 201
16433 8240 4432 2110 1433 513
16433 8240 4448 2094 1191 513
16433 8244 4432 2106 1535 513
16433 8244 4452 2090 1221 513
16433 8333 4271 3122 513 336
16433 8353 5136 2211 513 108
16433 8357 4269 2404 1364 513
16433 8357 5136 2217 513 104
16433 8397 4130 1074 513 336
16433 8397 4134 1078 513 310
16433 8397 4136 2557 1080 513
16433 8397 4140 2459 1084 513
16433 8417 4136 2374 1072 513
16433 8417 4329 2342 1296 513
16433 8421 4140 2340 1076 513
16433 8427 4130 1082 513 473
16433 8427 4301 3126 513 310
16433 8431 4134 1086 513 447
16433 8496 4112 2527 1080 513
16433 8496 4384 2255 1255 513
16433 8498 4368 3114 513 201
16433 8528 4470 3118 513 175
16433 8564 4112 2459 1086 513
16433 8564 4452 2187 1189 513
16433 8609 5138 2467 513 124
16433 8613 4120 2404 1072 513
16433 8613 5132 2489 513 120
16433 8669 4577 2187 1191 513
16433 8669 4581 2285 1221 513
16433 8673 4120 2342 1078 513
16433 8673 4569 2374 1398 513
16433 8677 4569 2340 1296 513
16433 9401 5144 3243 513 104
16433 9405 5144 3233 513 108
16433 9405 5293 3122 513 368
16433 9471 5359 3124 513 308
16433 9496 5392 3114 513 233
16433 9516 5132 3378 513 112
16433 9534 5146 3360 513 116
16433 9564 5460 3116 513 173
16435 10252 4543 1467 513 122
16435 10254 4402 1312 513 118
16435 10254 4406 1330 513 114
16435 10258 4539 1441 513 126
16435 10433 4120 1086 513 423
16435 10439 4120 1080 513 487
16435 10465 4112 1072 513 358
16435 10465 4112 1078 513 294
16435 8194 4112 2217 513 74
16435 8194 4114 2489 513 90
16435 8204 4102 1330 513 82
16435 8204 4114 1312 513 84
16435 8204 4263 2104 1473 513
16435 8204 4327 2110 1409 513
16435 8204 5478 2090 513 231
16435 8204 5478 2092 513 167
16435 8206 4102 1467 513 90
16435 8206 4112 2211 513 76
16435 8210 4120 3233 513 76
16435 8210 4122 1441 513 92
16435 8220 4110 3360 513 84
16435 8220 4122 3378 513 82
16435 8220 4539 2088 1257 513
16435 8220 4603 2094 1199 513
16435 8220 5287 2106 513 487
16435 8220 5345 2108 513 423
16435 8222 4110 2467 513 92
16435 8222 4120 3243 513 74
16435 8224 4289 2110 513 421
16435 8224 4420 2094 513 165
16435 8228 4261 2106 513 453
16435 8228 4420 2090 513 197
16435 8242 4420 2108 1409 513
16435 8242 4470 2092 1197 513
16435 8246 4420 2104 1505 513
16435 8246 4466 2088 1225 513
16435 8325 4261 3120 513 324
16435 8363 5136 2217 513 106
16435 8367 4263 2418 1344 513
16435 8367 5136 2211 513 110
16435 8385 4128 1072 513 324
16435 8385 4132 1076 513 292
16435 8385 4138 2531 1082 513
16435 8385 4142 2435 1086 513
16435 8417 4132 1084 513 421
16435 8421 4128 1080 513 453
16435 8421 4289 3124 513 292
16435 8427 4142 2358 1078 513
16435 8431 4138 2386 1074 513
16435 8431 4327 2356 1280 513
16435 8480 4352 3112 513 197
16435 8482 4112 2499 1082 513
16435 8482 4402 2243 1257 513
16435 8516 4448 3116 513 165
16435 8546 4112 2435 1084 513
16435 8546 4466 2179 1199 513
16435 8635 5138 2489 513 122
16435 8639 4120 2418 1074 513
16435 8639 5132 2467 513 126
16435 8641 4603 2275 1225 513
16435 8641 4607 2179 1197 513
16435 8699 4549 2358 1280 513
16435 8703 4120 2356 1076 513
16435 8703 4549 2386 1376 513
16435 9395 5144 3233 513 110
16435 9399 5144 3243 513 106
16435 9399 5287 3120 513 358
16435 9457 5345 3126 513 294
16435 9480 5376 3112 513 231
16435 9516 5146 3378 513 114
16435 9534 5132 3360 513 118
16435 9544 5440 3118 513 167
16441 10248 4385 1331 513 112
16441 10248 4389 1313 513 116
16441 10250 4516 1440 513 124
16441 10260 4512 1466 513 120
16441 10443 4120 1084 513 444
16441 10445 4120 1082 513 504
16441 10473 4112 1074 513 369
16441 10473 4112 1076 513 309
16441 8198 4112 2209 513 78
16441 8198 4114 2464 513 94
16441 8200 4102 1313 513 86
16441 8200 4114 1331 513 80
16441 8200 4269 2104 1500 513
16441 8200 4329 2110 1432 513
16441 8200 5489 2090 513 233
16441 8200 5489 2092 513 173
16441 8202 4102 1440 513 94
16441 8202 4112 2219 513 72
16441 8214 4120 3241 513 72
16441 8214 4122 1466 513 88
16441 8216 4110 3377 513 80
16441 8216 4122 3363 513 86
16441 8216 4512 2088 1255 513
16441 8216 4580 2094 1189 513
16441 8216 5293 2106 513 504
16441 8216 5359 2108 513 444
16441 8218 4110 2490 513 88
16441 8218 4120 3235 513 78
16441 8226 4271 2106 513 472
16441 8226 4433 2090 513 201
16441 8230 4301 2110 513 446
16441 8230 4433 2094 513 175
16441 8240 4433 2104 1534 513
16441 8240 4453 2088 1221 513
16441 8244 4433 2108 1432 513
16441 8244 4449 2092 1191 513
16441 8329 4271 3120 513 337
16441 8353 4269 2407 1365 513
16441 8353 5136 2219 513 104
16441 8357 5136 2209 513 108
16441 8393 4130 1074 513 337
16441 8393 4134 1078 513 311
16441 8393 4136 2558 1080 513
16441 8393 4140 2456 1084 513
16441 8417 4140 2343 1076 513
16441 8421 4136 2373 1072 513
16441 8421 4329 2341 1297 513
16441 8427 4134 1086 513 446
16441 8431 4130 1082 513 472
16441 8431 4301 3124 513 311
16441 8501 4112 2524 1080 513
16441 8501 4385 2253 1255 513
16441 8503 4369 3112 513 201
16441 8533 4471 3116 513 175
16441 8561 4112 2456 1086 513
16441 8561 4453 2185 1189 513
16441 8608 4120 2407 1072 513
16441 8608 5132 2490 513 120
16441 8612 5138 2464 513 124
16441 8664 4576 2185 1191 513
16441 8664 4580 2287 1221 513
16441 8672 4568 2343 1297 513
16441 8676 4120 2341 1078 513
16441 8676 4568 2373 1399 513
16441 9401 5144 3235 513 108
16441 9401 5293 3120 513 369
16441 9405 5144 3241 513 104
16441 9467 5359 3126 513 309
16441 9501 5393 3112 513 233
16441 9513 5132 3377 513 112
16441 9531 5146 3363 513 116
16441 9561 5461 3118 513 173
16443 10248 4403 1313 513 118
16443 10248 4407 1331 513 114
16443 10250 4542 1466 513 122
16443 10260 4538 1440 513 126
16443 10433 4120 1080 513 486
16443 10439 4120 1086 513 422
16443 10471 4112 1072 513 359
16443 10471 4112 1078 513 295
16443 8198 4112 2219 513 74
16443 8198 4114 2490 513 90
16443 8200 4102 1331 513 82
16443 8200 4114 1313 513 84
16443 8200 4263 2106 1472 513
16443 8200 4327 2108 1408 513
16443 8200 5479 2088 513 231
16443 8200 5479 2094 513 167
16443 8202 4102 1466 513 90
16443 8202 4112 2209 513 76
16443 8214 4120 3235 513 76
16443 8214 4122 1440 513 92
16443 8216 4110 3363 513 84
16443 8216 4122 3377 513 82
16443 8216 4538 2090 1257 513
16443 8216 4602 2092 1199 513
16443 8216 5287 2104 513 486
16443 8216 5345 2110 513 422
16443 8218 4110 2464 513 92
16443 8218 4120 3241 513 74
16443 8224 4261 2104 513 452
16443 8224 4421 2088 513 197
16443 8228 4289 2108 513 420
16443 8228 4421 2092 513 165
16443 8242 4421 2106 1504 513
16443 8242 4467 2090 1225 513
16443 8246 4421 2110 1408 513
16443 8246 4471 2094 1197 513
16443 8321 4261 3122 513 325
16443 8363 4263 2417 1345 513
16443 8363 5136 2209 513 110
16443 8367 5136 2219 513 106
16443 8389 4128 1072 513 325
16443 8389 4132 1076 513 293
16443 8389 4138 2528 1082 513
16443 8389 4142 2432 1086 513
16443 8417 4128 1080 513 452
16443 8417 4289 3126 513 293
16443 8421 4132 1084 513 420
16443 8427 4138 2385 1074 513
16443 8427 4327 2359 1281 513
16443 8431 4142 2357 1078 513
16443 8485 4353 3114 513 197
16443 8487 4112 2496 1082 513
16443 8487 4403 2241 1257 513
16443 8513 4449 3118 513 165
16443 8551 4112 2432 1084 513
16443 8551 4467 2177 1199 513
16443 8634 4120 2417 1074 513
16443 8634 5132 2464 513 126
16443 8638 5138 2490 513 122
16443 8644 4602 2273 1225 513
16443 8644 4606 2177 1197 513
16443 8698 4120 2359 1076 513
16443 8698 4548 2385 1377 513
16443 8702 4548 2357 1281 513
16443 9395 5144 3241 513 106
16443 9395 5287 3122 513 359
16443 9399 5144 3235 513 110
16443 9461 5345 3124 513 295
16443 9485 5377 3114 513 231
16443 9513 5146 3377 513 114
16443 9531 5132 3363 513 118
16443 9549 5441 3116 513 167
16449 10410 4190 1050 513 474
16449 10412 4184 1050 513 504
16449 10478 4176 1042 513 368
16449 10478 4182 1042 513 338
16449 12360 2388 1298 513 168
16449 12362 2352 1396 513 206
16449 12368 2186 1228 513 304
16449 12370 2284 1192 513 342
16449 12484 2078 1050 513 46
16449 12488 2068 1050 513 40
16449 12612 2074 1054 513 54
16449 12624 2074 1036 513 48
16449 4176 2218 1094 513 304
16449 4178 2218 1092 513 342
16449 4184 2284 1094 513 440
16449 4186 2286 1092 513 478
16449 4420 2058 1028 513 54
16449 4432 2058 1046 513 48
16449 4548 2062 1028 513 62
16449 4568 2068 1054 513 56
16449 8264 2118 1330 513 168
16449 8264 5494 2058 513 232
16449 8266 2116 1330 513 206
16449 8266 4294 2074 1504 513
16449 8268 4262 2130 1376 513
16449 8268 4322 2074 1474 513
16449 8270 4290 2128 1378 513
16449 8270 5494 2058 513 202
16449 8280 2118 1228 513 440
16449 8280 5324 2074 513 504
16449 8282 2116 1192 513 478
16449 8282 4508 2058 1258 513
16449 8284 4542 2058 1224 513
16449 8284 4602 2130 1330 513
16449 8286 4508 2128 1330 513
16449 8286 5352 2074 513 474
16449 8332 4290 2490 1506 513
16449 8332 4294 2418 1376 513
16449 8366 4322 2384 1346 513
16449 8388 2052 1042 513 46
16449 8392 2062 1042 513 40
16449 8426 4262 2490 1504 513
16449 8486 4180 2272 1098 513
16449 8486 4466 2528 1466 513
16449 8514 4182 2274 1096 513
16449 8514 4372 2530 1466 513
16449 8518 4178 2528 1050 513
16449 8518 4372 2272 1258 513
16449 8546 4180 2498 1050 513
16449 8546 4406 2242 1224 513
16449 8604 4186 2418 1042 513
16449 8604 4190 2218 1096 513
16449 8638 4188 2384 1042 513
16449 8644 2052 1046 513 62
16449 8664 2078 1036 513 56
16449 8698 4188 2218 1098 513
16449 9372 5324 3090 513 368
16449 9406 5352 3090 513 338
16449 9566 5398 3082 513 232
16449 9594 5428 3082 513 202
16453 10400 4186 1050 513 454
16453 10406 4188 1050 513 486
16453 10464 4178 1042 513 326
16453 10464 4180 1042 513 358
16453 12364 2368 1282 513 162
16453 12366 2338 1378 513 194
16453 12372 2178 1216 513 290
16453 12374 2274 1186 513 322
16453 12484 2068 1050 513 42
16453 12488 2078 1050 513 44
16453 12612 2074 1036 513 50
16453 12624 2074 1054 513 52
16453 4180 2208 1090 513 290
16453 4182 2208 1088 513 322
16453 4188 2274 1090 513 418
16453 4190 2272 1088 513 450
16453 4420 2058 1046 513 50
16453 4432 2058 1028 513 52
16453 4548 2068 1054 513 58
16453 4568 2062 1028 513 60
16453 8264 4268 2134 1398 513
16453 8264 4332 2074 1502 513
16453 8266 4302 2132 1396 513
16453 8266 5472 2058 513 198
16453 8268 2114 1312 513 162
16453 8268 5472 2058 513 230
16453 8270 2112 1312 513 194
16453 8270 4298 2074 1534 513
16453 8280 4516 2058 1220 513
16453 8280 4580 2134 1312 513
16453 8282 4484 2132 1312 513
16453 8282 5350 2074 513 454
16453 8284 2114 1216 513 418
16453 8284 5312 2074 513 486
16453 8286 2112 1186 513 450
16453 8286 4484 2058 1252 513
16453 8324 4298 2404 1398 513
16453 8324 4302 2464 1532 513
16453 8356 4332 2372 1366 513
16453 8388 2062 1042 513 42
16453 8392 2052 1042 513 44
16453 8420 4268 2464 1534 513
16453 8500 4176 2286 1102 513
16453 8500 4452 2558 1440 513
16453 8530 4182 2558 1050 513
16453 8530 4356 2286 1252 513
16453 8534 4178 2284 1100 513
16453 8534 4356 2556 1440 513
16453 8564 4176 2526 1050 513
16453 8564 4388 2254 1220 513
16453 8580 4186 2208 1100 513
16453 8580 4190 2404 1042 513
16453 8612 4184 2372 1042 513
16453 8644 2078 1036 513 58
16453 8664 2052 1046 513 60
16453 8676 4184 2208 1102 513
16453 9364 5312 3090 513 358
16453 9396 5350 3090 513 326
16453 9546 5382 3082 513 230
16453 9580 5414 3082 513 198
16457 10410 4184 1050 513 505
16457 10412 4190 1050 513 475
16457 10472 4176 1042 513 369
16457 10472 4182 1042 513 339
16457 12364 2391 1299 513 168
16457 12366 2355 1397 513 206
16457 12372 2184 1228 513 305
16457 12374 2286 1192 513 343
16457 12480 2076 1050 513 46
16457 12492 2070 1050 513 40
16457 12609 2072 1054 513 54
16457 12629 2072 1036 513 48
16457 4176 2216 1094 513 305
16457 4178 2216 1092 513 343
16457 4184 2286 1094 513 441
16457 4186 2284 1092 513 479
16457 4421 2056 1028 513 54
16457 4433 2056 1046 513 48
16457 4549 2060 1028 513 62
16457 4569 2070 1054 513 56
16457 8264 4262 2128 1377 513
16457 8264 4322 2072 1475 513
16457 8266 4290 2130 1379 513
16457 8266 5495 2056 513 202
16457 8268 2116 1331 513 168
16457 8268 5495 2056 513 232
16457 8270 2118 1331 513 206
16457 8270 4294 2072 1505 513
16457 8280 4543 2056 1224 513
16457 8280 4603 2128 1331 513
16457 8282 4509 2130 1331 513
16457 8282 5352 2072 513 475
16457 8284 2116 1228 513 441
16457 8284 5324 2072 513 505
16457 8286 2118 1192 513 479
16457 8286 4509 2056 1258 513
16457 8328 4290 2489 1507 513
16457 8328 4294 2417 1377 513
16457 8362 4322 2387 1347 513
16457 8384 2054 1042 513 46
16457 8396 2060 1042 513 40
16457 8430 4262 2489 1505 513
16457 8483 4180 2274 1098 513
16457 8483 4467 2531 1467 513
16457 8515 4178 2531 1050 513
16457 8515 4373 2274 1258 513
16457 8519 4182 2272 1096 513
16457 8519 4373 2529 1467 513
16457 8551 4180 2497 1050 513
16457 8551 4407 2240 1224 513
16457 8601 4186 2417 1042 513
16457 8601 4190 2216 1096 513
16457 8635 4188 2387 1042 513
16457 8641 2054 1046 513 62
16457 8669 2076 1036 513 56
16457 8703 4188 2216 1098 513
16457 9368 5324 3088 513 369
16457 9402 5352 3088 513 339
16457 9563 5399 3080 513 232
16457 9599 5429 3080 513 202
16461 10400 4188 1050 513 487
16461 10406 4186 1050 513 455
16461 10470 4178 1042 513 327
16461 10470 4180 1042 513 359
16461 12360 2371 1283 513 162
16461 12362 2337 1379 513 194
16461 12368 2176 1216 513 291
16461 12370 2272 1186 513 323
16461 12480 2070 1050 513 42
16461 12492 2076 1050 513 44
16461 12609 2072 1036 513 50
16461 12629 2072 1054 513 52
16461 4180 2210 1090 513 291
16461 4182 2210 1088 513 323
16461 4188 2272 1090 513 419
16461 4190 2274 1088 513 451
16461 4421 2056 1046 513 50
16461 4433 2056 1028 513 52
16461 4549 2070 1054 513 58
16461 4569 2060 1028 513 60
16461 8264 2112 1313 513 162
16461 8264 5473 2056 513 230
16461 8266 2114 1313 513 194
16461 8266 4298 2072 1535 513
16461 8268 4268 2132 1399 513
16461 8268 4332 2072 1503 513
16461 8270 4302 2134 1397 513
16461 8270 5473 2056 513 198
16461 8280 2112 1216 513 419
16461 8280 5312 2072 513 487
16461 8282 2114 1186 513 451
16461 8282 4485 2056 1252 513
16461 8284 4517 2056 1220 513
16461 8284 4581 2132 1313 513
16461 8286 4485 2134 1313 513
16461 8286 5350 2072 513 455
16461 8320 4298 2407 1399 513
16461 8320 4302 2467 1533 513
16461 8352 4332 2375 1367 513
16461 8384 2060 1042 513 42
16461 8396 2054 1042 513 44
16461 8416 4268 2467 1535 513
16461 8497 4176 2284 1102 513
16461 8497 4453 2557 1441 513
16461 8531 4178 2286 1100 513
16461 8531 4357 2559 1441 513
16461 8535 4182 2557 1050 513
16461 8535 4357 2284 1252 513
16461 8561 4176 2525 1050 513
16461 8561 4389 2252 1220 513
16461 8577 4186 2210 1100 513
16461 8577 4190 2407 1042 513
16461 8609 4184 2375 1042 513
16461 8641 2076 1036 513 58
16461 8669 2054 1046 513 60
16461 8673 4184 2210 1102 513
16461 9360 5312 3088 513 359
16461 9392 5350 3088 513 327
16461 9551 5383 3080 513 230
16461 9577 5415 3080 513 198
16465 10411 4186 1048 513 475
16465 10413 4188 1048 513 505
16465 10479 4178 1040 513 338
16465 10479 4180 1040 513 368
16465 12364 2388 1296 513 169
16465 12366 2352 1398 513 207
16465 12372 2187 1231 513 304
16465 12374 2285 1195 513 342
16465 12481 2078 1048 513 46
16465 12493 2068 1048 513 40
16465 12608 2074 1052 513 54
16465 12628 2074 1038 513 48
16465 4180 2219 1092 513 304
16465 4182 2219 1094 513 342
16465 4188 2285 1092 513 441
16465 4190 2287 1094 513 479
16465 4416 2058 1030 513 54
16465 4436 2058 1044 513 48
16465 4545 2062 1030 513 62
16465 4573 2068 1052 513 56
16465 8264 2118 1328 513 169
16465 8264 5488 2058 513 233
16465 8266 2116 1328 513 207
16465 8266 4291 2074 1507 513
16465 8268 4259 2130 1378 513
16465 8268 4327 2074 1473 513
16465 8270 4295 2128 1376 513
16465 8270 5488 2058 513 203
16465 8280 2118 1231 513 441
16465 8280 5323 2074 513 505
16465 8282 2116 1195 513 479
16465 8282 4505 2058 1257 513
16465 8284 4539 2058 1227 513
16465 8284 4607 2130 1328 513
16465 8286 4505 2128 1328 513
16465 8286 5359 2074 513 475
16465 8333 4291 2418 1378 513
16465 8333 4295 2491 1505 513
16465 8367 4327 2384 1344 513
16465 8389 2052 1040 513 46
16465 8393 2062 1040 513 40
16465 8427 4259 2491 1507 513
16465 8486 4176 2273 1096 513
16465 8486 4470 2529 1465 513
16465 8514 4178 2275 1098 513
16465 8514 4368 2531 1465 513
16465 8518 4182 2529 1048 513
16465 8518 4368 2273 1257 513
16465 8546 4176 2499 1048 513
16465 8546 4402 2243 1227 513
16465 8605 4186 2219 1098 513
16465 8605 4190 2418 1040 513
16465 8639 4184 2384 1040 513
16465 8645 2052 1044 513 62
16465 8665 2078 1038 513 56
16465 8699 4184 2219 1096 513
16465 9375 5323 3088 513 368
16465 9405 5359 3088 513 338
16465 9564 5392 3080 513 233
16465 9592 5426 3080 513 203
16469 10401 4190 1048 513 455
16469 10407 4184 1048 513 487
16469 10465 4176 1040 513 358
16469 10465 4182 1040 513 326
16469 12360 2368 1280 513 163
16469 12362 2338 1376 513 195
16469 12368 2179 1219 513 290
16469 12370 2275 1185 513 322
16469 12481 2068 1048 513 42
16469 12493 2078 1048 513 44
16469 12608 2074 1038 513 50
16469 12628 2074 1052 513 52
16469 4176 2209 1088 513 290
16469 4178 2209 1090 513 322
16469 4184 2275 1088 513 419
16469 4186 2273 1090 513 451
16469 4416 2058 1044 513 50
16469 4436 2058 1030 513 52
16469 4545 2068 1052 513 58
16469 4573 2062 1030 513 60
16469 8264 4265 2134 1396 513
16469 8264 4329 2074 1501 513
16469 8266 4299 2132 1398 513
16469 8266 5478 2058 513 199
16469 8268 2114 1314 513 163
16469 8268 5478 2058 513 231
16469 8270 2112 1314 513 195
16469 8270 4303 2074 1533 513
16469 8280 4513 2058 1223 513
16469 8280 4577 2134 1314 513
16469 8282 4481 2132 1314 513
16469 8282 5345 2074 513 455
16469 8284 2114 1219 513 419
16469 8284 5319 2074 513 487
16469 8286 2112 1185 513 451
16469 8286 4481 2058 1255 513
16469 8325 4299 2465 1535 513
16469 8325 4303 2404 1396 513
16469 8357 4329 2372 1364 513
16469 8389 2062 1040 513 42
16469 8393 2052 1040 513 44
16469 8421 4265 2465 1533 513
16469 8500 4180 2287 1100 513
16469 8500 4448 2559 1443 513
16469 8530 4178 2559 1048 513
16469 8530 4352 2287 1255 513
16469 8534 4182 2285 1102 513
16469 8534 4352 2557 1443 513
16469 8564 4180 2527 1048 513
16469 8564 4384 2255 1223 513
16469 8581 4186 2404 1040 513
16469 8581 4190 2209 1102 513
16469 8613 4188 2372 1040 513
16469 8645 2078 1038 513 58
16469 8665 2052 1044 513 60
16469 8677 4188 2209 1100 513
16469 9367 5319 3088 513 358
16469 9399 5345 3088 513 326
16469 9544 5376 3080 513 231
16469 9582 5408 3080 513 199
16473 10411 4188 1048 513 504
16473 10413 4186 1048 513 474
16473 10473 4178 1040 513 339
16473 10473 4180 1040 513 369
16473 12360 2391 1297 513 169
16473 12362 2355 1399 513 207
16473 12368 2185 1231 513 305
16473 12370 2287 1195 513 343
16473 12485 2076 1048 513 46
16473 12489 2070 1048 513 40
16473 12613 2072 1052 513 54
16473 12625 2072 1038 513 48
16473 4180 2217 1092 513 305
16473 4182 2217 1094 513 343
16473 4188 2287 1092 513 440
16473 4190 2285 1094 513 478
16473 4417 2056 1030 513 54
16473 4437 2056 1044 513 48
16473 4544 2060 1030 513 62
16473 4572 2070 1052 513 56
16473 8264 4259 2128 1379 513
16473 8264 4327 2072 1472 513
16473 8266 4295 2130 1377 513
16473 8266 5489 2056 513 203
16473 8268 2116 1329 513 169
16473 8268 5489 2056 513 233
16473 8270 2118 1329 513 207
16473 8270 4291 2072 1506 513
16473 8280 4538 2056 1227 513
16473 8280 4606 2128 1329 513
16473 8282 4504 2130 1329 513
16473 8282 5359 2072 513 474
16473 8284 2116 1231 513 440
16473 8284 5323 2072 513 504
16473 8286 2118 1195 513 478
16473 8286 4504 2056 1257 513
16473 8329 4291 2417 1379 513
16473 8329 4295 2488 1504 513
16473 8363 4327 2387 1345 513
16473 8385 2054 1040 513 46
16473 8397 2060 1040 513 40
16473 8431 4259 2488 1506 513
16473 8483 4176 2275 1096 513
16473 8483 4471 2530 1464 513
16473 8515 4182 2530 1048 513
16473 8515 4369 2275 1257 513
16473 8519 4178 2273 1098 513
16473 8519 4369 2528 1464 513
16473 8551 4176 2496 1048 513
16473 8551 4403 2241 1227 513
16473 8600 4186 2217 1098 513
16473 8600 4190 2417 1040 513
16473 8634 4184 2387 1040 513
16473 8640 2054 1044 513 62
16473 8668 2076 1038 513 56
16473 8702 4184 2217 1096 513
16473 9371 5323 3090 513 369
16473 9401 5359 3090 513 339
16473 9561 5393 3082 513 233
16473 9597 5427 3082 513 203
16477 10401 4184 1048 513 486
16477 10407 4190 1048 513 454
16477 10471 4176 1040 513 359
16477 10471 4182 1040 513 327
16477 12364 2371 1281 513 163
16477 12366 2337 1377 513 195
16477 12372 2177 1219 513 291
16477 12374 2273 1185 513 323
16477 12485 2070 1048 513 42
16477 12489 2076 1048 513 44
16477 12613 2072 1038 513 50
16477 12625 2072 1052 513 52
16477 4176 2211 1088 513 291
16477 4178 2211 1090 513 323
16477 4184 2273 1088 513 418
16477 4186 2275 1090 513 450
16477 4417 2056 1044 513 50
16477 4437 2056 1030 513 52
16477 4544 2070 1052 513 58
16477 4572 2060 1030 513 60
16477 8264 2112 1315 513 163
16477 8264 5479 2056 513 231
16477 8266 2114 1315 513 195
16477 8266 4303 2072 1532 513
16477 8268 4265 2132 1397 513
16477 8268 4329 2072 1500 513
16477 8270 4299 2134 1399 513
16477 8270 5479 2056 513 199
16477 8280 2112 1219 513 418
16477 8280 5319 2072 513 486
16477 8282 2114 1185 513 450
16477 8282 4480 2056 1255 513
16477 8284 4512 2056 1223 513
16477 8284 4576 2132 1315 513
16477 8286 4480 2134 1315 513
16477 8286 5345 2072 513 454
16477 8321 4299 2466 1534 513
16477 8321 4303 2407 1397 513
16477 8353 4329 2375 1365 513
16477 8385 2060 1040 513 42
16477 8397 2054 1040 513 44
16477 8417 4265 2466 1532 513
16477 8497 4180 2285 1100 513
16477 8497 4449 2556 1442 513
16477 8531 4182 2287 1102 513
16477 8531 4353 2558 1442 513
16477 8535 4178 2556 1048 513
16477 8535 4353 2285 1255 513
16477 8561 4180 2524 1048 513
16477 8561 4385 2253 1223 513
16477 8576 4186 2407 1040 513
16477 8576 4190 2211 1102 513
16477 8608 4188 2375 1040 513
16477 8640 2076 1038 513 58
16477 8668 2054 1044 513 60
16477 8672 4188 2211 1100 513
16477 9363 5319 3090 513 359
16477 9395 5345 3090 513 327
16477 9549 5377 3082 513 231
16477 9579 5409 3082 513 199
16481 12300 2352 1366 513 236
16481 12300 2422 1298 513 168
16481 12308 2186 1262 513 304
16481 12308 2254 1192 513 372
16481 4116 2218 1124 513 304
16481 4116 2218 1126 513 372
16481 4124 2252 1126 513 508
16481 4124 2254 1124 513 440
16481 8204 2148 1330 513 168
16481 8204 2150 1330 513 236
16481 8204 4268 2160 1330 513
16481 8204 4328 2162 1330 513
16481 8220 2148 1262 513 440
16481 8220 2150 1192 513 508
16481 8220 4512 2160 1346 513
16481 8220 4580 2162 1344 513
16481 8290 4334 2074 513 472
16481 8290 4436 2058 513 200
16481 8294 4296 2074 513 506
16481 8294 4436 2058 513 234
16481 8304 4388 2074 1472 513
16481 8304 4436 2058 1226 513
16481 8308 4384 2074 1506 513
16481 8308 4436 2058 1256 513
16481 8332 4334 3090 513 336
16481 8352 4204 2530 1050 513
16481 8352 4268 2498 1466 513
16481 8356 4200 2496 1050 513
16481 8362 4198 1050 513 506
16481 8366 4194 1050 513 472
16481 8366 4296 3090 513 370
16481 8396 4194 1042 513 336
16481 8396 4198 1042 513 370
16481 8396 4200 2386 1042 513
16481 8396 4204 2416 1042 513
16481 8420 4328 2496 1466 513
16481 8500 4116 2218 1128 513
16481 8500 4384 2490 1474 513
16481 8528 4406 3082 513 234
16481 8560 4116 2218 1130 513
16481 8560 4452 2490 1472 513
16481 8566 4372 3082 513 200
16481 8608 4124 2242 1128 513
16481 8608 4572 2274 1256 513
16481 8612 4572 2240 1226 513
16481 8668 4512 2416 1378 513
16481 8668 4516 2386 1344 513
16481 8676 4124 2240 1130 513
16487 12300 2338 1346 513 226
16487 12300 2400 1282 513 162
16487 12308 2178 1248 513 290
16487 12308 2242 1186 513 354
16487 4116 2208 1120 513 354
16487 4116 2208 1122 513 290
16487 4124 2240 1120 513 482
16487 4124 2242 1122 513 418
16487 8204 2144 1312 513 226
16487 8204 2146 1312 513 162
16487 8204 4262 2166 1312 513
16487 8204 4326 2164 1312 513
16487 8220 2144 1186 513 482
16487 8220 2146 1248 513 418
16487 8220 4538 2166 1366 513
16487 8220 4602 2164 1364 513
16487 8288 4292 2074 513 484
16487 8288 4416 2058 513 228
16487 8292 4320 2074 513 452
16487 8292 4416 2058 513 196
16487 8306 4402 2074 1532 513
16487 8306 4416 2058 1254 513
16487 8310 4406 2074 1500 513
16487 8310 4416 2058 1222 513
16487 8324 4320 3090 513 324
16487 8352 4192 1050 513 484
16487 8356 4196 1050 513 452
16487 8356 4292 3090 513 356
16487 8362 4202 2556 1050 513
16487 8362 4262 2526 1440 513
16487 8366 4206 2524 1050 513
16487 8384 4192 1042 513 356
16487 8384 4196 1042 513 324
16487 8384 4202 2406 1042 513
16487 8384 4206 2374 1042 513
16487 8426 4326 2524 1440 513
16487 8486 4116 2208 1134 513
16487 8486 4402 2464 1502 513
16487 8516 4388 3082 513 228
16487 8544 4356 3082 513 196
16487 8550 4116 2208 1132 513
16487 8550 4466 2464 1500 513
16487 8634 4124 2254 1134 513
16487 8634 4544 2284 1254 513
16487 8638 4544 2252 1222 513
16487 8640 4538 2406 1396 513
16487 8640 4542 2374 1364 513
16487 8698 4124 2252 1132 513
16489 12296 2355 1367 513 236
16489 12296 2421 1299 513 168
16489 12304 2184 1262 513 305
16489 12304 2252 1192 513 373
16489 4116 2216 1124 513 305
16489 4116 2216 1126 513 373
16489 4124 2252 1124 513 441
16489 4124 2254 1126 513 509
16489 8200 2148 1331 513 236
16489 8200 2150 1331 513 168
16489 8200 4268 2162 1331 513
16489 8200 4328 2160 1331 513
16489 8216 2148 1192 513 509
16489 8216 2150 1262 513 441
16489 8216 4513 2162 1347 513
16489 8216 4581 2160 1345 513
16489 8290 4296 2072 513 507
16489 8290 4437 2056 513 234
16489 8294 4334 2072 513 473
16489 8294 4437 2056 513 200
16489 8304 4385 2072 1507 513
16489 8304 4437 2056 1256 513
16489 8308 4389 2072 1473 513
16489 8308 4437 2056 1226 513
16489 8328 4334 3088 513 337
16489 8352 4200 2499 1050 513
16489 8356 4204 2529 1050 513
16489 8356 4268 2497 1467 513
16489 8362 4194 1050 513 473
16489 8362 4296 3088 513 371
16489 8366 4198 1050 513 507
16489 8392 4194 1042 513 337
16489 8392 4198 1042 513 371
16489 8392 4200 2385 1042 513
16489 8392 4204 2419 1042 513
16489 8416 4328 2499 1467 513
16489 8497 4116 2216 1128 513
16489 8497 4385 2489 1475 513
16489 8533 4407 3080 513 234
16489 8563 4373 3080 513 200
16489 8565 4116 2216 1130 513
16489 8565 4453 2489 1473 513
16489 8609 4573 2242 1226 513
16489 8613 4124 2240 1128 513
16489 8613 4573 2272 1256 513
16489 8665 4513 2419 1379 513
16489 8665 4517 2385 1345 513
16489 8673 4124 2242 1130 513
16495 12296 2337 1347 513 226
16495 12296 2403 1283 513 162
16495 12304 2176 1248 513 291
16495 12304 2240 1186 513 355
16495 4116 2210 1120 513 355
16495 4116 2210 1122 513 291
16495 4124 2240 1122 513 419
16495 4124 2242 1120 513 483
16495 8200 2144 1313 513 162
16495 8200 2146 1313 513 226
16495 8200 4262 2164 1313 513
16495 8200 4326 2166 1313 513
16495 8216 2144 1248 513 419
16495 8216 2146 1186 513 483
16495 8216 4539 2164 1367 513
16495 8216 4603 2166 1365 513
16495 8288 4320 2072 513 453
16495 8288 4417 2056 513 196
16495 8292 4292 2072 513 485
16495 8292 4417 2056 513 228
16495 8306 4407 2072 1501 513
16495 8306 4417 2056 1222 513
16495 8310 4403 2072 1533 513
16495 8310 4417 2056 1254 513
16495 8320 4320 3088 513 325
16495 8352 4196 1050 513 453
16495 8352 4292 3088 513 357
16495 8356 4192 1050 513 485
16495 8362 4206 2527 1050 513
16495 8366 4202 2559 1050 513
16495 8366 4262 2525 1441 513
16495 8388 4192 1042 513 357
16495 8388 4196 1042 513 325
16495 8388 4202 2405 1042 513
16495 8388 4206 2373 1042 513
16495 8430 4326 2527 1441 513
16495 8483 4116 2210 1134 513
16495 8483 4403 2467 1503 513
16495 8513 4389 3080 513 228
16495 8547 4116 2210 1132 513
16495 8547 4467 2467 1501 513
16495 8549 4357 3080 513 196
16495 8635 4545 2254 1222 513
16495 8639 4124 2252 1134 513
16495 8639 4545 2286 1254 513
16495 8645 4539 2405 1397 513
16495 8645 4543 2373 1365 513
16495 8703 4124 2254 1132 513
16497 12296 2352 1364 513 237
16497 12296 2422 1296 513 169
16497 12304 2187 1261 513 304
16497 12304 2255 1195 513 372
16497 4112 2219 1124 513 372
16497 4112 2219 1126 513 304
16497 4120 2253 1124 513 509
16497 4120 2255 1126 513 441
16497 8204 2148 1328 513 169
16497 8204 2150 1328 513 237
16497 8204 4265 2160 1328 513
16497 8204 4333 2162 1328 513
16497 8220 2148 1261 513 441
16497 8220 2150 1195 513 509
16497 8220 4517 2160 1344 513
16497 8220 4577 2162 1346 513
16497 8290 4331 2074 513 473
16497 8290 4432 2058 513 201
16497 8294 4301 2074 513 507
16497 8294 4432 2058 513 235
16497 8304 4384 2074 1475 513
16497 8304 4432 2058 1225 513
16497 8308 4388 2074 1505 513
16497 8308 4432 2058 1259 513
16497 8333 4331 3088 513 336
16497 8353 4200 2531 1048 513
16497 8353 4265 2499 1465 513
16497 8357 4204 2497 1048 513
16497 8363 4194 1048 513 507
16497 8367 4198 1048 513 473
16497 8367 4301 3088 513 370
16497 8397 4194 1040 513 370
16497 8397 4198 1040 513 336
16497 8397 4200 2416 1040 513
16497 8397 4204 2386 1040 513
16497 8421 4333 2497 1465 513
16497 8500 4112 2219 1130 513
16497 8500 4388 2491 1473 513
16497 8528 4402 3080 513 235
16497 8560 4112 2219 1128 513
16497 8560 4448 2491 1475 513
16497 8566 4368 3080 513 201
16497 8609 4120 2243 1130 513
16497 8609 4569 2275 1259 513
16497 8613 4569 2241 1225 513
16497 8669 4513 2386 1346 513
16497 8669 4517 2416 1376 513
16497 8677 4120 2241 1128 513
16503 12296 2338 1344 513 227
16503 12296 2400 1280 513 163
16503 12304 2179 1251 513 290
16503 12304 2243 1185 513 354
16503 4112 2209 1120 513 290
16503 4112 2209 1122 513 354
16503 4120 2241 1122 513 483
16503 4120 2243 1120 513 419
16503 8204 2144 1314 513 227
16503 8204 2146 1314 513 163
16503 8204 4259 2166 1314 513
16503 8204 4323 2164 1314 513
16503 8220 2144 1185 513 483
16503 8220 2146 1251 513 419
16503 8220 4543 2166 1364 513
16503 8220 4607 2164 1366 513
16503 8288 4289 2074 513 485
16503 8288 4420 2058 513 229
16503 8292 4325 2074 513 453
16503 8292 4420 2058 513 197
16503 8306 4406 2074 1535 513
16503 8306 4420 2058 1253 513
16503 8310 4402 2074 1503 513
16503 8310 4420 2058 1221 513
16503 8325 4325 3088 513 324
16503 8353 4196 1048 513 485
16503 8357 4192 1048 513 453
16503 8357 4289 3088 513 356
16503 8363 4206 2557 1048 513
16503 8363 4259 2527 1443 513
16503 8367 4202 2525 1048 513
16503 8385 4192 1040 513 324
16503 8385 4196 1040 513 356
16503 8385 4202 2374 1040 513
16503 8385 4206 2406 1040 513
16503 8427 4323 2525 1443 513
16503 8486 4112 2209 1132 513
16503 8486 4406 2465 1501 513
16503 8516 4384 3080 513 229
16503 8544 4352 3080 513 197
16503 8550 4112 2209 1134 513
16503 8550 4470 2465 1503 513
16503 8635 4120 2255 1132 513
16503 8635 4549 2285 1253 513
16503 8639 4549 2253 1221 513
16503 8641 4539 2374 1366 513
16503 8641 4543 2406 1398 513
16503 8699 4120 2253 1134 513
16505 12300 2355 1365 513 237
16505 12300 2421 1297 513 169
16505 12308 2185 1261 513 305
16505 12308 2253 1195 513 373
16505 4112 2217 1124 513 373
16505 4112 2217 1126 513 305
16505 4120 2253 1126 513 440
16505 4120 2255 1124 513 508
16505 8200 2148 1329 513 237
16505 8200 2150 1329 513 169
16505 8200 4265 2162 1329 513
16505 8200 4333 2160 1329 513
16505 8216 2148 1195 513 508
16505 8216 2150 1261 513 440
16505 8216 4516 2162 1345 513
16505 8216 4576 2160 1347 513
16505 8290 4301 2072 513 506
16505 8290 4433 2056 513 235
16505 8294 4331 2072 513 472
16505 8294 4433 2056 513 201
16505 8304 4389 2072 1504 513
16505 8304 4433 2056 1259 513
16505 8308 4385 2072 1474 513
16505 8308 4433 2056 1225 513
16505 8329 4331 3090 513 337
16505 8353 4204 2498 1048 513
16505 8357 4200 2528 1048 513
16505 8357 4265 2496 1464 513
16505 8363 4198 1048 513 472
16505 8363 4301 3090 513 371
16505 8367 4194 1048 513 506
16505 8393 4194 1040 513 371
16505 8393 4198 1040 513 337
16505 8393 4200 2419 1040 513
16505 8393 4204 2385 1040 513
16505 8417 4333 2498 1464 513
16505 8497 4112 2217 1130 513
16505 8497 4389 2488 1472 513
16505 8533 4403 3082 513 235
16505 8563 4369 3082 513 201
16505 8565 4112 2217 1128 513
16505 8565 4449 2488 1474 513
16505 8608 4568 2243 1225 513
16505 8612 4120 2241 1130 513
16505 8612 4568 2273 1259 513
16505 8664 4512 2385 1347 513
16505 8664 4516 2419 1377 513
16505 8672 4120 2243 1128 513
16511 12300 2337 1345 513 227
16511 12300 2403 1281 513 163
16511 12308 2177 1251 513 291
16511 12308 2241 1185 513 355
16511 4112 2211 1120 513 291
16511 4112 2211 1122 513 355
16511 4120 2241 1120 513 418
16511 4120 2243 1122 513 482
16511 8200 2144 1315 513 163
16511 8200 2146 1315 513 227
16511 8200 4259 2164 1315 513
16511 8200 4323 2166 1315 513
16511 8216 2144 1251 513 418
16511 8216 2146 1185 513 482
16511 8216 4542 2164 1365 513
16511 8216 4606 2166 1367 513
16511 8288 4325 2072 513 452
16511 8288 4421 2056 513 197
16511 8292 4289 2072 513 484
16511 8292 4421 2056 513 229
16511 8306 4403 2072 1502 513
16511 8306 4421 2056 1221 513
16511 8310 4407 2072 1534 513
16511 8310 4421 2056 1253 513
16511 8321 4325 3090 513 325
16511 8353 4192 1048 513 452
16511 8353 4289 3090 513 357
16511 8357 4196 1048 513 484
16511 8363 4202 2526 1048 513
16511 8367 4206 2558 1048 513
16511 8367 4259 2524 1442 513
16511 8389 4192 1040 513 325
16511 8389 4196 1040 513 357
16511 8389 4202 2373 1040 513
16511 8389 4206 2405 1040 513
16511 8431 4323 2526 1442 513
16511 8483 4112 2211 1132 513
16511 8483 4407 2466 1500 513
16511 8513 4385 3082 513 229
16511 8547 4112 2211 1134 513
16511 8547 4471 2466 1502 513
16511 8549 4353 3082 513 197
16511 8634 4548 2255 1221 513
16511 8638 4120 2253 1132 513
16511 8638 4548 2287 1253 513
16511 8644 4538 2373 1367 513
16511 8644 4542 2405 1399 513
16511 8702 4120 2255 1134 513
16513 8200 4264 2109 1435 513
16513 8200 4328 2165 1399 513
16513 8204 4258 2109 1410 513
16513 8204 4326 2161 1376 513
16513 8217 4512 2165 1314 513
16513 8217 4576 2092 1158 513
16513 8221 4539 2161 1329 513
16513 8221 4607 2092 1166 513
16513 8241 4384 2111 1410 513
16513 8241 4433 2094 1164 513
16513 8247 4403 2111 1435 513
16513 8247 4420 2094 1156 513
16513 8266 4230 2073 1504 513
16513 8266 4238 2075 1535 513
16513 8270 4226 2135 1314 513
16513 8270 4234 2129 1329 513
16513 8283 4484 2058 1220 513
16513 8283 4509 2056 1224 513
16513 8287 4484 2129 1344 513
16513 8287 4509 2135 1365 513
16513 8305 4433 2075 1501 513
16513 8305 4448 2058 1254 513
16513 8307 4420 2073 1472 513
16513 8307 4471 2056 1256 513
16513 8324 4138 2528 1081 513
16513 8324 4206 2340 1047 513
16513 8328 4136 2557 1083 513
16513 8328 4200 2357 1047 513
16513 8352 4136 2374 1075 513
16513 8352 4264 2342 1299 513
16513 8366 4138 2385 1073 513
16513 8366 4258 2359 1282 513
16513 8388 4234 2528 1465 513
16513 8388 4238 2404 1399 513
16513 8396 4226 2557 1442 513
16513 8396 4230 2417 1376 513
16513 8416 4200 2466 1055 513
16513 8416 4328 2434 1535 513
16513 8426 4206 2491 1055 513
16513 8426 4326 2457 1504 513
16513 8486 4181 2240 1096 513
16513 8486 4403 2496 1465 513
16513 8497 4177 2254 1100 513
16513 8497 4384 2527 1442 513
16513 8514 4119 2178 1134 513
16513 8514 4373 2434 1501 513
16513 8518 4115 2496 1081 513
16513 8518 4373 2240 1224 513
16513 8531 4119 2184 1128 513
16513 8531 4356 2457 1472 513
16513 8535 4115 2527 1083 513
16513 8535 4356 2254 1220 513
16513 8546 4181 2466 1053 513
16513 8546 4471 2210 1166 513
16513 8561 4177 2491 1053 513
16513 8561 4448 2218 1158 513
16513 8580 4539 2340 1299 513
16513 8580 4607 2272 1256 513
16513 8601 4512 2357 1282 513
16513 8601 4576 2284 1254 513
16513 8608 4185 2342 1045 513
16513 8608 4569 2374 1365 513
16513 8639 4189 2359 1045 513
16513 8639 4548 2385 1344 513
16513 8644 4123 2404 1075 513
16513 8644 4127 2272 1128 513
16513 8669 4123 2417 1073 513
16513 8669 4127 2284 1134 513
16513 8672 4185 2178 1100 513
16513 8672 4569 2210 1164 513
16513 8699 4189 2184 1096 513
16513 8699 4548 2218 1156 513
16515 10368 4115 1075 513 326
16515 10368 4179 1045 513 262
16515 10382 4115 1073 513 339
16515 10382 4183 1045 513 279
16515 10400 4123 1083 513 454
16515 10412 4123 1081 513 475
16515 10438 4187 1053 513 390
16515 10444 4191 1053 513 415
16515 8202 4234 2167 1397 513
16515 8206 4226 2163 1378 513
16515 8219 4544 2167 1314 513
16515 8219 5280 2109 513 390
16515 8223 4573 2163 1329 513
16515 8223 5290 2109 513 415
16515 8226 4266 2111 513 413
16515 8228 4256 2111 513 388
16515 8270 4290 2133 1314 513
16515 8270 4302 2131 1329 513
16515 8283 5254 2075 513 454
16515 8283 5262 2073 513 475
16515 8287 4544 2131 1346 513
16515 8287 4573 2133 1367 513
16515 8288 4228 2075 513 484
16515 8290 4236 2073 513 507
16515 8320 4128 1075 513 356
16515 8320 4196 1047 513 260
16515 8320 4234 2434 1533 513
16515 8320 4302 2530 1465 513
16515 8324 4256 3127 513 260
16515 8328 4266 3127 513 277
16515 8332 4130 1073 513 371
16515 8332 4194 1047 513 277
16515 8332 4226 2457 1506 513
16515 8332 4290 2559 1442 513
16515 8352 4128 1083 513 484
16515 8366 4130 1081 513 507
16515 8420 4196 1055 513 388
16515 8420 4228 3091 513 356
16515 8430 4194 1055 513 413
16515 8430 4236 3089 513 371
16515 8450 4119 2178 1132 513
16515 8450 4437 2434 1503 513
16515 8471 4119 2184 1130 513
16515 8471 4416 2457 1474 513
16515 8514 4183 2242 1098 513
16515 8514 4437 2498 1465 513
16515 8531 4179 2252 1102 513
16515 8531 4416 2525 1442 513
16515 8576 4127 2274 1130 513
16515 8576 4187 2178 1102 513
16515 8605 4127 2286 1132 513
16515 8605 4191 2184 1098 513
16515 9395 5280 3125 513 262
16515 9405 5290 3125 513 279
16515 9429 5254 3091 513 326
16515 9437 5262 3089 513 339
16517 10368 4115 1077 513 262
16517 10368 4181 1045 513 294
16517 10382 4115 1079 513 279
16517 10382 4177 1045 513 309
16517 10406 4123 1085 513 390
16517 10410 4123 1087 513 415
16517 10432 4189 1053 513 422
16517 10442 4185 1053 513 445
16517 12305 2286 1162 513 373
16517 12309 2274 1154 513 354
16517 12375 2178 1216 513 258
16517 12375 2184 1228 513 275
16517 4119 2176 1122 513 258
16517 4119 2186 1124 513 275
16517 4127 2274 1122 513 386
16517 4127 2286 1124 513 411
16517 4177 2186 1092 513 373
16517 4181 2176 1088 513 354
16517 4185 2254 1092 513 509
16517 4189 2240 1088 513 482
16517 8217 2148 1162 513 509
16517 8217 5262 2109 513 445
16517 8221 2144 1154 513 482
16517 8221 5254 2109 513 422
16517 8243 4407 2111 1467 513
16517 8243 4420 2094 1188 513
16517 8245 4388 2111 1440 513
16517 8245 4433 2094 1198 513
16517 8283 5312 2077 513 390
16517 8283 5324 2079 513 415
16517 8287 2114 1216 513 386
16517 8287 2116 1228 513 411
16517 8309 4433 2079 1467 513
16517 8309 4452 2062 1156 513
16517 8311 4420 2077 1440 513
16517 8311 4467 2060 1164 513
16517 8324 4142 2432 1085 513
16517 8324 4202 2308 1047 513
16517 8328 4140 2459 1087 513
16517 8328 4204 2327 1047 513
16517 8356 4140 2340 1079 513
16517 8362 4142 2357 1077 513
16517 8420 4204 2432 1055 513
16517 8430 4202 2459 1055 513
16517 8580 4543 2308 1331 513
16517 8580 4603 2176 1164 513
16517 8601 4516 2327 1312 513
16517 8601 4580 2186 1156 513
16517 8612 4569 2340 1331 513
16517 8635 4548 2357 1312 513
16517 8676 4569 2176 1198 513
16517 8703 4548 2186 1188 513
16517 9363 5254 3125 513 294
16517 9363 5312 3093 513 262
16517 9375 5262 3125 513 309
16517 9375 5324 3095 513 279
16519 12307 2184 1262 513 275
16519 12311 2178 1248 513 258
16519 12375 2242 1154 513 322
16519 12375 2252 1162 513 343
16519 4119 2176 1120 513 322
16519 4119 2186 1126 513 343
16519 4127 2272 1120 513 450
16519 4127 2284 1126 513 479
16519 4179 2186 1094 513 275
16519 4183 2176 1090 513 258
16519 4187 2252 1094 513 411
16519 4191 2242 1090 513 386
16519 8202 4230 2109 1440 513
16519 8206 4238 2109 1467 513
16519 8219 2150 1262 513 411
16519 8219 4573 2092 1196 513
16519 8223 2146 1248 513 386
16519 8223 4544 2092 1190 513
16519 8224 4228 2111 513 420
16519 8230 4236 2111 513 447
16519 8266 4294 2079 1440 513
16519 8266 4298 2077 1467 513
16519 8283 4544 2060 1158 513
16519 8283 4573 2062 1166 513
16519 8287 2112 1154 513 450
16519 8287 2118 1162 513 479
16519 8292 4320 2079 513 388
16519 8294 4334 2077 513 413
16519 8320 4132 1079 513 260
16519 8320 4192 1047 513 292
16519 8320 4238 2310 1331 513
16519 8320 4298 2342 1331 513
16519 8324 4320 3095 513 260
16519 8328 4334 3093 513 277
16519 8332 4134 1077 513 277
16519 8332 4198 1047 513 311
16519 8332 4230 2325 1312 513
16519 8332 4294 2359 1312 513
16519 8356 4132 1087 513 388
16519 8356 4228 3127 513 292
16519 8362 4134 1085 513 413
16519 8362 4236 3127 513 311
16519 8416 4192 1055 513 420
16519 8426 4198 1055 513 447
16519 8454 4115 2432 1087 513
16519 8454 4437 2176 1166 513
16519 8467 4115 2459 1085 513
16519 8467 4416 2186 1158 513
16519 8518 4179 2432 1053 513
16519 8518 4437 2176 1196 513
16519 8535 4183 2459 1053 513
16519 8535 4416 2186 1190 513
16519 8576 4123 2342 1077 513
16519 8576 4191 2310 1045 513
16519 8605 4123 2359 1079 513
16519 8605 4187 2325 1045 513
16521 8200 4258 2111 1411 513
16521 8200 4326 2163 1377 513
16521 8204 4264 2111 1434 513
16521 8204 4328 2167 1398 513
16521 8217 4538 2163 1328 513
16521 8217 4606 2094 1166 513
16521 8221 4513 2167 1315 513
16521 8221 4577 2094 1158 513
16521 8243 4402 2109 1434 513
16521 8243 4421 2092 1156 513
16521 8245 4385 2109 1411 513
16521 8245 4432 2092 1164 513
16521 8266 4226 2133 1315 513
16521 8266 4234 2131 1328 513
16521 8270 4230 2075 1505 513
16521 8270 4238 2073 1534 513
16521 8283 4485 2131 1345 513
16521 8283 4508 2133 1364 513
16521 8287 4485 2056 1220 513
16521 8287 4508 2058 1224 513
16521 8309 4432 2073 1500 513
16521 8309 4449 2056 1254 513
16521 8311 4421 2075 1473 513
16521 8311 4470 2058 1256 513
16521 8320 4138 2531 1081 513
16521 8320 4206 2343 1047 513
16521 8332 4136 2558 1083 513
16521 8332 4200 2358 1047 513
16521 8356 4136 2373 1075 513
16521 8356 4264 2341 1298 513
16521 8362 4138 2386 1073 513
16521 8362 4258 2356 1283 513
16521 8384 4234 2531 1464 513
16521 8384 4238 2407 1398 513
16521 8392 4226 2558 1443 513
16521 8392 4230 2418 1377 513
16521 8420 4200 2465 1055 513
16521 8420 4328 2433 1534 513
16521 8430 4206 2488 1055 513
16521 8430 4326 2458 1505 513
16521 8483 4181 2242 1096 513
16521 8483 4402 2499 1464 513
16521 8500 4177 2252 1100 513
16521 8500 4385 2524 1443 513
16521 8515 4115 2499 1081 513
16521 8515 4372 2242 1224 513
16521 8519 4119 2176 1134 513
16521 8519 4372 2433 1500 513
16521 8530 4115 2524 1083 513
16521 8530 4357 2252 1220 513
16521 8534 4119 2186 1128 513
16521 8534 4357 2458 1473 513
16521 8551 4181 2465 1053 513
16521 8551 4470 2208 1166 513
16521 8564 4177 2488 1053 513
16521 8564 4449 2216 1158 513
16521 8577 4538 2343 1298 513
16521 8577 4606 2274 1256 513
16521 8604 4513 2358 1283 513
16521 8604 4577 2286 1254 513
16521 8613 4185 2341 1045 513
16521 8613 4568 2373 1364 513
16521 8634 4189 2356 1045 513
16521 8634 4549 2386 1345 513
16521 8641 4123 2407 1075 513
16521 8641 4127 2274 1128 513
16521 8664 4123 2418 1073 513
16521 8664 4127 2286 1134 513
16521 8677 4185 2176 1100 513
16521 8677 4568 2208 1164 513
16521 8702 4189 2186 1096 513
16521 8702 4549 2216 1156 513
16523 10374 4115 1075 513 327
16523 10374 4179 1045 513 263
16523 10376 4115 1073 513 338
16523 10376 4183 1045 513 278
16523 10406 4123 1083 513 455
16523 10410 4123 1081 513 474
16523 10432 4187 1053 513 391
16523 10442 4191 1053 513 414
16523 8202 4226 2161 1379 513
16523 8206 4234 2165 1396 513
16523 8219 4572 2161 1328 513
16523 8219 5290 2111 513 414
16523 8223 4545 2165 1315 513
16523 8223 5280 2111 513 391
16523 8224 4256 2109 513 389
16523 8230 4266 2109 513 412
16523 8266 4290 2135 1315 513
16523 8266 4302 2129 1328 513
16523 8283 4545 2129 1347 513
16523 8283 4572 2135 1366 513
16523 8287 5254 2073 513 455
16523 8287 5262 2075 513 474
16523 8292 4228 2073 513 485
16523 8294 4236 2075 513 506
16523 8320 4256 3125 513 261
16523 8324 4128 1075 513 357
16523 8324 4196 1047 513 261
16523 8324 4234 2433 1532 513
16523 8324 4302 2529 1464 513
16523 8328 4130 1073 513 370
16523 8328 4194 1047 513 276
16523 8328 4226 2458 1507 513
16523 8328 4290 2556 1443 513
16523 8332 4266 3125 513 276
16523 8356 4128 1083 513 485
16523 8362 4130 1081 513 506
16523 8416 4196 1055 513 389
16523 8416 4228 3089 513 357
16523 8426 4194 1055 513 412
16523 8426 4236 3091 513 370
16523 8455 4119 2176 1132 513
16523 8455 4436 2433 1502 513
16523 8466 4119 2186 1130 513
16523 8466 4417 2458 1475 513
16523 8519 4183 2240 1098 513
16523 8519 4436 2497 1464 513
16523 8534 4179 2254 1102 513
16523 8534 4417 2526 1443 513
16523 8581 4127 2272 1130 513
16523 8581 4187 2176 1102 513
16523 8600 4127 2284 1132 513
16523 8600 4191 2186 1098 513
16523 9399 5280 3127 513 263
16523 9401 5290 3127 513 278
16523 9425 5254 3089 513 327
16523 9433 5262 3091 513 338
16525 10374 4115 1077 513 263
16525 10374 4181 1045 513 295
16525 10376 4115 1079 513 278
16525 10376 4177 1045 513 308
16525 10400 4123 1085 513 391
16525 10412 4123 1087 513 414
16525 10438 4189 1053 513 423
16525 10444 4185 1053 513 444
16525 12305 2272 1154 513 355
16525 12309 2284 1162 513 372
16525 12371 2176 1216 513 259
16525 12371 2186 1228 513 274
16525 4119 2178 1122 513 259
16525 4119 2184 1124 513 274
16525 4127 2272 1122 513 387
16525 4127 2284 1124 513 410
16525 4177 2184 1092 513 372
16525 4181 2178 1088 513 355
16525 4185 2252 1092 513 508
16525 4189 2242 1088 513 483
16525 8217 2146 1154 513 483
16525 8217 5254 2111 513 423
16525 8221 2150 1162 513 508
16525 8221 5262 2111 513 444
16525 8241 4389 2109 1441 513
16525 8241 4432 2092 1198 513
16525 8247 4406 2109 1466 513
16525 8247 4421 2092 1188 513
16525 8283 2112 1216 513 387
16525 8283 2118 1228 513 410
16525 8287 5312 2079 513 391
16525 8287 5324 2077 513 414
16525 8305 4432 2077 1466 513
16525 8305 4453 2060 1156 513
16525 8307 4421 2079 1441 513
16525 8307 4466 2062 1164 513
16525 8320 4142 2435 1085 513
16525 8320 4202 2311 1047 513
16525 8332 4140 2456 1087 513
16525 8332 4204 2324 1047 513
16525 8352 4140 2343 1079 513
16525 8366 4142 2358 1077 513
16525 8416 4204 2435 1055 513
16525 8426 4202 2456 1055 513
16525 8577 4542 2311 1330 513
16525 8577 4602 2178 1164 513
16525 8604 4517 2324 1313 513
16525 8604 4581 2184 1156 513
16525 8609 4568 2343 1330 513
16525 8638 4549 2358 1313 513
16525 8673 4568 2178 1198 513
16525 8698 4549 2184 1188 513
16525 9367 5254 3127 513 295
16525 9367 5312 3095 513 263
16525 9371 5262 3127 513 308
16525 9371 5324 3093 513 278
16527 12307 2176 1248 513 259
16527 12311 2186 1262 513 274
16527 12371 2240 1154 513 323
16527 12371 2254 1162 513 342
16527 4119 2178 1120 513 323
16527 4119 2184 1126 513 342
16527 4127 2274 1120 513 451
16527 4127 2286 1126 513 478
16527 4179 2184 1094 513 274
16527 4183 2178 1090 513 259
16527 4187 2254 1094 513 410
16527 4191 2240 1090 513 387
16527 8202 4238 2111 1466 513
16527 8206 4230 2111 1441 513
16527 8219 2144 1248 513 387
16527 8219 4545 2094 1190 513
16527 8223 2148 1262 513 410
16527 8223 4572 2094 1196 513
16527 8226 4236 2109 513 446
16527 8228 4228 2109 513 421
16527 8270 4294 2077 1441 513
16527 8270 4298 2079 1466 513
16527 8283 2114 1154 513 451
16527 8283 2116 1162 513 478
16527 8287 4545 2062 1158 513
16527 8287 4572 2060 1166 513
16527 8288 4320 2077 513 389
16527 8290 4334 2079 513 412
16527 8320 4320 3093 513 261
16527 8324 4132 1079 513 261
16527 8324 4192 1047 513 293
16527 8324 4238 2309 1330 513
16527 8324 4298 2341 1330 513
16527 8328 4134 1077 513 276
16527 8328 4198 1047 513 310
16527 8328 4230 2326 1313 513
16527 8328 4294 2356 1313 513
16527 8332 4334 3095 513 276
16527 8352 4132 1087 513 389
16527 8352 4228 3125 513 293
16527 8366 4134 1085 513 412
16527 8366 4236 3125 513 310
16527 8420 4192 1055 513 421
16527 8430 4198 1055 513 446
16527 8451 4115 2435 1087 513
16527 8451 4436 2178 1166 513
16527 8470 4115 2456 1085 513
16527 8470 4417 2184 1158 513
16527 8515 4179 2435 1053 513
16527 8515 4436 2178 1196 513
16527 8530 4183 2456 1053 513
16527 8530 4417 2184 1190 513
16527 8581 4123 2341 1077 513
16527 8581 4191 2309 1045 513
16527 8600 4123 2356 1079 513
16527 8600 4187 2326 1045 513
16528 8200 4269 2109 1432 513
16528 8200 4333 2165 1397 513
16528 8204 4263 2109 1409 513
16528 8204 4323 2161 1378 513
16528 8217 4517 2165 1312 513
16528 8217 4581 2092 1157 513
16528 8221 4542 2161 1331 513
16528 8221 4602 2092 1165 513
16528 8241 4388 2111 1409 513
16528 8241 4437 2094 1167 513
16528 8247 4407 2111 1432 513
16528 8247 4416 2094 1159 513
16528 8266 4227 2073 1507 513
16528 8266 4235 2075 1532 513
16528 8270 4231 2135 1312 513
16528 8270 4239 2129 1331 513
16528 8283 4481 2058 1223 513
16528 8283 4504 2056 1227 513
16528 8287 4481 2129 1346 513
16528 8287 4504 2135 1367 513
16528 8305 4437 2075 1502 513
16528 8305 4452 2058 1253 513
16528 8307 4416 2073 1475 513
16528 8307 4467 2056 1259 513
16528 8325 4142 2529 1083 513
16528 8325 4202 2340 1045 513
16528 8329 4140 2556 1081 513
16528 8329 4204 2357 1045 513
16528 8353 4140 2374 1073 513
16528 8353 4269 2342 1297 513
16528 8367 4142 2385 1075 513
16528 8367 4263 2359 1280 513
16528 8389 4235 2404 1397 513
16528 8389 4239 2529 1466 513
16528 8397 4227 2417 1378 513
16528 8397 4231 2556 1441 513
16528 8417 4204 2467 1053 513
16528 8417 4333 2435 1532 513
16528 8427 4202 2490 1053 513
16528 8427 4323 2456 1507 513
16528 8486 4177 2241 1098 513
16528 8486 4407 2497 1466 513
16528 8497 4181 2255 1102 513
16528 8497 4388 2526 1441 513
16528 8514 4115 2179 1132 513
16528 8514 4369 2435 1502 513
16528 8518 4119 2497 1083 513
16528 8518 4369 2241 1227 513
16528 8531 4115 2185 1130 513
16528 8531 4352 2456 1475 513
16528 8535 4119 2526 1081 513
16528 8535 4352 2255 1223 513
16528 8546 4177 2467 1055 513
16528 8546 4467 2211 1165 513
16528 8561 4181 2490 1055 513
16528 8561 4452 2219 1157 513
16528 8581 4542 2340 1297 513
16528 8581 4602 2273 1259 513
16528 8600 4517 2357 1280 513
16528 8600 4581 2285 1253 513
16528 8609 4189 2342 1047 513
16528 8609 4572 2374 1367 513
16528 8638 4185 2359 1047 513
16528 8638 4545 2385 1346 513
16528 8645 4123 2273 1130 513
16528 8645 4127 2404 1073 513
16528 8668 4123 2285 1132 513
16528 8668 4127 2417 1075 513
16528 8673 4189 2179 1102 513
16528 8673 4572 2211 1167 513
16528 8698 4185 2185 1098 513
16528 8698 4545 2219 1159 513
16530 10369 4119 1073 513 326
16530 10369 4183 1047 513 262
16530 10383 4119 1075 513 339
16530 10383 4179 1047 513 279
16530 10401 4127 1081 513 455
16530 10413 4127 1083 513 474
16530 10439 4191 1055 513 391
16530 10445 4187 1055 513 414
16530 8202 4239 2167 1399 513
16530 8206 4231 2163 1376 513
16530 8219 4549 2167 1312 513
16530 8219 5287 2109 513 391
16530 8223 4568 2163 1331 513
16530 8223 5293 2109 513 414
16530 8226 4271 2111 513 412
16530 8228 4261 2111 513 389
16530 8270 4295 2133 1312 513
16530 8270 4299 2131 1331 513
16530 8283 5249 2075 513 455
16530 8283 5257 2073 513 474
16530 8287 4549 2131 1344 513
16530 8287 4568 2133 1365 513
16530 8288 4225 2075 513 485
16530 8290 4233 2073 513 506
16530 8321 4132 1073 513 356
16530 8321 4192 1045 513 260
16530 8321 4239 2435 1534 513
16530 8321 4299 2531 1466 513
16530 8325 4261 3125 513 260
16530 8329 4271 3125 513 277
16530 8333 4134 1075 513 371
16530 8333 4198 1045 513 277
16530 8333 4231 2456 1505 513
16530 8333 4295 2558 1441 513
16530 8353 4132 1081 513 485
16530 8367 4134 1083 513 506
16530 8421 4192 1053 513 389
16530 8421 4225 3089 513 356
16530 8431 4198 1053 513 412
16530 8431 4233 3091 513 371
16530 8450 4115 2179 1134 513
16530 8450 4433 2435 1500 513
16530 8471 4115 2185 1128 513
16530 8471 4420 2456 1473 513
16530 8514 4179 2243 1096 513
16530 8514 4433 2499 1466 513
16530 8531 4183 2253 1100 513
16530 8531 4420 2524 1441 513
16530 8577 4123 2275 1128 513
16530 8577 4191 2179 1100 513
16530 8604 4123 2287 1134 513
16530 8604 4187 2185 1096 513
16530 9392 5287 3127 513 262
16530 9406 5293 3127 513 279
16530 9430 5249 3089 513 326
16530 9438 5257 3091 513 339
16532 10369 4119 1079 513 262
16532 10369 4177 1047 513 294
16532 10383 4119 1077 513 279
16532 10383 4181 1047 513 309
16532 10407 4127 1087 513 391
16532 10411 4127 1085 513 414
16532 10433 4185 1055 513 423
16532 10443 4189 1055 513 444
16532 12305 2275 1153 513 354
16532 12309 2287 1161 513 373
16532 12371 2179 1219 513 258
16532 12371 2185 1231 513 275
16532 4115 2177 1120 513 258
16532 4115 2187 1126 513 275
16532 4123 2275 1120 513 387
16532 4123 2287 1126 513 410
16532 4177 2177 1090 513 354
16532 4181 2187 1094 513 373
16532 4185 2241 1090 513 483
16532 4189 2255 1094 513 508
16532 8217 2148 1161 513 508
16532 8217 5257 2109 513 444
16532 8221 2144 1153 513 483
16532 8221 5249 2109 513 423
16532 8243 4403 2111 1464 513
16532 8243 4416 2094 1191 513
16532 8245 4384 2111 1443 513
16532 8245 4437 2094 1197 513
16532 8283 5319 2077 513 391
16532 8283 5323 2079 513 414
16532 8287 2114 1219 513 387
16532 8287 2116 1231 513 410
16532 8309 4437 2079 1464 513
16532 8309 4448 2062 1159 513
16532 8311 4416 2077 1443 513
16532 8311 4471 2060 1167 513
16532 8325 4138 2433 1087 513
16532 8325 4206 2308 1045 513
16532 8329 4136 2458 1085 513
16532 8329 4200 2327 1045 513
16532 8357 4136 2340 1077 513
16532 8363 4138 2357 1079 513
16532 8421 4200 2433 1053 513
16532 8431 4206 2458 1053 513
16532 8581 4538 2308 1329 513
16532 8581 4606 2177 1167 513
16532 8600 4513 2327 1314 513
16532 8600 4577 2187 1159 513
16532 8613 4572 2340 1329 513
16532 8634 4545 2357 1314 513
16532 8677 4572 2177 1197 513
16532 8702 4545 2187 1191 513
16532 9360 5249 3127 513 294
16532 9360 5319 3095 513 262
16532 9372 5257 3127 513 309
16532 9372 5323 3093 513 279
16534 12307 2179 1251 513 258
16534 12311 2185 1261 513 275
16534 12371 2243 1153 513 322
16534 12371 2253 1161 513 343
16534 4115 2177 1122 513 322
16534 4115 2187 1124 513 343
16534 4123 2273 1122 513 451
16534 4123 2285 1124 513 478
16534 4179 2177 1088 513 258
16534 4183 2187 1092 513 275
16534 4187 2243 1088 513 387
16534 4191 2253 1092 513 410
16534 8202 4227 2109 1443 513
16534 8206 4235 2109 1464 513
16534 8219 2150 1261 513 410
16534 8219 4568 2092 1199 513
16534 8223 2146 1251 513 387
16534 8223 4549 2092 1189 513
16534 8224 4225 2111 513 421
16534 8230 4233 2111 513 446
16534 8266 4291 2079 1443 513
16534 8266 4303 2077 1464 513
16534 8283 4549 2060 1157 513
16534 8283 4568 2062 1165 513
16534 8287 2112 1153 513 451
16534 8287 2118 1161 513 478
16534 8292 4325 2079 513 389
16534 8294 4331 2077 513 412
16534 8321 4128 1077 513 260
16534 8321 4196 1045 513 292
16534 8321 4235 2310 1329 513
16534 8321 4303 2342 1329 513
16534 8325 4325 3093 513 260
16534 8329 4331 3095 513 277
16534 8333 4130 1079 513 277
16534 8333 4194 1045 513 311
16534 8333 4227 2325 1314 513
16534 8333 4291 2359 1314 513
16534 8357 4128 1085 513 389
16534 8357 4225 3125 513 292
16534 8363 4130 1087 513 412
16534 8363 4233 3125 513 311
16534 8417 4196 1053 513 421
16534 8427 4194 1053 513 446
16534 8454 4119 2433 1085 513
16534 8454 4433 2177 1165 513
16534 8467 4119 2458 1087 513
16534 8467 4420 2187 1157 513
16534 8518 4183 2433 1055 513
16534 8518 4433 2177 1199 513
16534 8535 4179 2458 1055 513
16534 8535 4420 2187 1189 513
16534 8577 4127 2342 1079 513
16534 8577 4187 2310 1047 513
16534 8604 4127 2359 1077 513
16534 8604 4191 2325 1047 513
16536 8200 4263 2111 1408 513
16536 8200 4323 2163 1379 513
16536 8204 4269 2111 1433 513
16536 8204 4333 2167 1396 513
16536 8217 4543 2163 1330 513
16536 8217 4603 2094 1165 513
16536 8221 4516 2167 1313 513
16536 8221 4580 2094 1157 513
16536 8243 4406 2109 1433 513
16536 8243 4417 2092 1159 513
16536 8245 4389 2109 1408 513
16536 8245 4436 2092 1167 513
16536 8266 4231 2133 1313 513
16536 8266 4239 2131 1330 513
16536 8270 4227 2075 1506 513
16536 8270 4235 2073 1533 513
16536 8283 4480 2131 1347 513
16536 8283 4505 2133 1366 513
16536 8287 4480 2056 1223 513
16536 8287 4505 2058 1227 513
16536 8309 4436 2073 1503 513
16536 8309 4453 2056 1253 513
16536 8311 4417 2075 1474 513
16536 8311 4466 2058 1259 513
16536 8321 4142 2530 1083 513
16536 8321 4202 2343 1045 513
16536 8333 4140 2559 1081 513
16536 8333 4204 2358 1045 513
16536 8357 4140 2373 1073 513
16536 8357 4269 2341 1296 513
16536 8363 4142 2386 1075 513
16536 8363 4263 2356 1281 513
16536 8385 4235 2407 1396 513
16536 8385 4239 2530 1467 513
16536 8393 4227 2418 1379 513
16536 8393 4231 2559 1440 513
16536 8421 4204 2464 1053 513
16536 8421 4333 2432 1533 513
16536 8431 4202 2489 1053 513
16536 8431 4323 2459 1506 513
16536 8483 4177 2243 1098 513
16536 8483 4406 2498 1467 513
16536 8500 4181 2253 1102 513
16536 8500 4389 2525 1440 513
16536 8515 4119 2498 1083 513
16536 8515 4368 2243 1227 513
16536 8519 4115 2177 1132 513
16536 8519 4368 2432 1503 513
16536 8530 4119 2525 1081 513
16536 8530 4353 2253 1223 513
16536 8534 4115 2187 1130 513
16536 8534 4353 2459 1474 513
16536 8551 4177 2464 1055 513
16536 8551 4466 2209 1165 513
16536 8564 4181 2489 1055 513
16536 8564 4453 2217 1157 513
16536 8576 4543 2343 1296 513
16536 8576 4603 2275 1259 513
16536 8605 4516 2358 1281 513
16536 8605 4580 2287 1253 513
16536 8612 4189 2341 1047 513
16536 8612 4573 2373 1366 513
16536 8635 4185 2356 1047 513
16536 8635 4544 2386 1347 513
16536 8640 4123 2275 1130 513
16536 8640 4127 2407 1073 513
16536 8665 4123 2287 1132 513
16536 8665 4127 2418 1075 513
16536 8676 4189 2177 1102 513
16536 8676 4573 2209 1167 513
16536 8703 4185 2187 1098 513
16536 8703 4544 2217 1159 513
16538 10375 4119 1073 513 327
16538 10375 4183 1047 513 263
16538 10377 4119 1075 513 338
16538 10377 4179 1047 513 278
16538 10407 4127 1081 513 454
16538 10411 4127 1083 513 475
16538 10433 4191 1055 513 390
16538 10443 4187 1055 513 415
16538 8202 4231 2161 1377 513
16538 8206 4239 2165 1398 513
16538 8219 4569 2161 1330 513
16538 8219 5293 2111 513 415
16538 8223 4548 2165 1313 513
16538 8223 5287 2111 513 390
16538 8224 4261 2109 513 388
16538 8230 4271 2109 513 413
16538 8266 4295 2135 1313 513
16538 8266 4299 2129 1330 513
16538 8283 4548 2129 1345 513
16538 8283 4569 2135 1364 513
16538 8287 5249 2073 513 454
16538 8287 5257 2075 513 475
16538 8292 4225 2073 513 484
16538 8294 4233 2075 513 507
16538 8321 4261 3127 513 261
16538 8325 4132 1073 513 357
16538 8325 4192 1045 513 261
16538 8325 4239 2432 1535 513
16538 8325 4299 2528 1467 513
16538 8329 4134 1075 513 370
16538 8329 4198 1045 513 276
16538 8329 4231 2459 1504 513
16538 8329 4295 2557 1440 513
16538 8333 4271 3127 513 276
16538 8357 4132 1081 513 484
16538 8363 4134 1083 513 507
16538 8417 4192 1053 513 388
16538 8417 4225 3091 513 357
16538 8427 4198 1053 513 413
16538 8427 4233 3089 513 370
16538 8455 4115 2177 1134 513
16538 8455 4432 2432 1501 513
16538 8466 4115 2187 1128 513
16538 8466 4421 2459 1472 513
16538 8519 4179 2241 1096 513
16538 8519 4432 2496 1467 513
16538 8534 4183 2255 1100 513
16538 8534 4421 2527 1440 513
16538 8580 4123 2273 1128 513
16538 8580 4191 2177 1100 513
16538 8601 4123 2285 1134 513
16538 8601 4187 2187 1096 513
16538 9396 5287 3125 513 263
16538 9402 5293 3125 513 278
16538 9426 5249 3091 513 327
16538 9434 5257 3089 513 338
16540 10375 4119 1079 513 263
16540 10375 4177 1047 513 295
16540 10377 4119 1077 513 278
16540 10377 4181 1047 513 308
16540 10401 4127 1087 513 390
16540 10413 4127 1085 513 415
16540 10439 4185 1055 513 422
16540 10445 4189 1055 513 445
16540 12305 2285 1161 513 372
16540 12309 2273 1153 513 355
16540 12375 2177 1219 513 259
16540 12375 2187 1231 513 274
16540 4115 2179 1120 513 259
16540 4115 2185 1126 513 274
16540 4123 2273 1120 513 386
16540 4123 2285 1126 513 411
16540 4177 2179 1090 513 355
16540 4181 2185 1094 513 372
16540 4185 2243 1090 513 482
16540 4189 2253 1094 513 509
16540 8217 2146 1153 513 482
16540 8217 5249 2111 513 422
16540 8221 2150 1161 513 509
16540 8221 5257 2111 513 445
16540 8241 4385 2109 1442 513
16540 8241 4436 2092 1197 513
16540 8247 4402 2109 1465 513
16540 8247 4417 2092 1191 513
16540 8283 2112 1219 513 386
16540 8283 2118 1231 513 411
16540 8287 5319 2079 513 390
16540 8287 5323 2077 513 415
16540 8305 4436 2077 1465 513
16540 8305 4449 2060 1159 513
16540 8307 4417 2079 1442 513
16540 8307 4470 2062 1167 513
16540 8321 4138 2434 1087 513
16540 8321 4206 2311 1045 513
16540 8333 4136 2457 1085 513
16540 8333 4200 2324 1045 513
16540 8353 4136 2343 1077 513
16540 8367 4138 2358 1079 513
16540 8417 4200 2434 1053 513
16540 8427 4206 2457 1053 513
16540 8576 4539 2311 1328 513
16540 8576 4607 2179 1167 513
16540 8605 4512 2324 1315 513
16540 8605 4576 2185 1159 513
16540 8608 4573 2343 1328 513
16540 8639 4544 2358 1315 513
16540 8672 4573 2179 1197 513
16540 8699 4544 2185 1191 513
16540 9364 5249 3125 513 295
16540 9364 5319 3093 513 263
16540 9368 5257 3125 513 308
16540 9368 5323 3095 513 278
16542 12307 2187 1261 513 274
16542 12311 2177 1251 513 259
16542 12375 2241 1153 513 323
16542 12375 2255 1161 513 342
16542 4115 2179 1122 513 323
16542 4115 2185 1124 513 342
16542 4123 2275 1122 513 450
16542 4123 2287 1124 513 479
16542 4179 2179 1088 513 259
16542 4183 2185 1092 513 274
16542 4187 2241 1088 513 386
16542 4191 2255 1092 513 411
16542 8202 4235 2111 1465 513
16542 8206 4227 2111 1442 513
16542 8219 2144 1251 513 386
16542 8219 4548 2094 1189 513
16542 8223 2148 1261 513 411
16542 8223 4569 2094 1199 513
16542 8226 4233 2109 513 447
16542 8228 4225 2109 513 420
16542 8270 4291 2077 1442 513
16542 8270 4303 2079 1465 513
16542 8283 2114 1153 513 450
16542 8283 2116 1161 513 479
16542 8287 4548 2062 1157 513
16542 8287 4569 2060 1165 513
16542 8288 4325 2077 513 388
16542 8290 4331 2079 513 413
16542 8321 4325 3095 513 261
16542 8325 4128 1077 513 261
16542 8325 4196 1045 513 293
16542 8325 4235 2309 1328 513
16542 8325 4303 2341 1328 513
16542 8329 4130 1079 513 276
16542 8329 4194 1045 513 310
16542 8329 4227 2326 1315 513
16542 8329 4291 2356 1315 513
16542 8333 4331 3093 513 276
16542 8353 4128 1085 513 388
16542 8353 4225 3127 513 293
16542 8367 4130 1087 513 413
16542 8367 4233 3127 513 310
16542 8421 4196 1053 513 420
16542 8431 4194 1053 513 447
16542 8451 4119 2434 1085 513
16542 8451 4432 2179 1165 513
16542 8470 4119 2457 1087 513
16542 8470 4421 2185 1157 513
16542 8515 4183 2434 1055 513
16542 8515 4432 2179 1199 513
16542 8530 4179 2457 1055 513
16542 8530 4421 2185 1189 513
16542 8580 4127 2341 1079 513
16542 8580 4187 2309 1047 513
16542 8601 4127 2356 1077 513
16542 8601 4191 2326 1047 513
16545 10250 4516 1465 513 121
16545 10257 4512 1442 513 125
16545 10267 4384 1314 513 117
16545 10271 4388 1329 513 113
16545 10382 4117 1073 513 369
16545 10382 4117 1079 513 309
16545 10410 4125 1081 513 505
16545 10412 4125 1087 513 445
16545 8198 4106 2457 513 89
16545 8198 4117 2184 513 72
16545 8202 4127 1465 513 89
16545 8202 4127 3330 513 87
16545 8204 4106 3345 513 81
16545 8204 4117 2178 513 78
16545 8209 4098 1442 513 95
16545 8209 4125 3202 513 78
16545 8219 4098 1314 513 87
16545 8219 4125 3208 513 72
16545 8221 4119 1329 513 81
16545 8221 4119 2434 513 95
16545 8268 4264 2075 1503 513
16545 8268 4332 2077 1435 513
16545 8285 4516 2058 1252 513
16545 8285 4576 2060 1190 513
16545 8285 5290 2073 513 505
16545 8285 5352 2079 513 445
16545 8290 4296 2077 513 447
16545 8294 4266 2073 513 473
16545 8305 4437 2079 1435 513
16545 8305 4452 2062 1188 513
16545 8309 4437 2075 1533 513
16545 8309 4448 2058 1222 513
16545 8332 4130 1077 513 311
16545 8332 4134 1073 513 337
16545 8332 4136 2491 1087 513
16545 8332 4140 2525 1083 513
16545 8332 5143 2178 513 108
16545 8332 5143 2184 513 104
16545 8352 4140 2406 1075 513
16545 8352 4332 2310 1299 513
16545 8356 4136 2308 1079 513
16545 8362 4134 1081 513 473
16545 8362 4296 3093 513 311
16545 8366 4130 1085 513 447
16545 8396 4266 3089 513 337
16545 8420 4264 2372 1367 513
16545 8501 4117 2491 1085 513
16545 8501 4448 2218 1190 513
16545 8561 4117 2559 1083 513
16545 8561 4388 2286 1252 513
16545 8605 4576 2252 1222 513
16545 8605 4580 2218 1188 513
16545 8605 5130 2457 513 121
16545 8605 5141 2434 513 125
16545 8608 4125 2310 1077 513
16545 8608 4573 2406 1397 513
16545 8612 4573 2308 1299 513
16545 8676 4125 2372 1075 513
16545 9363 5151 3202 513 108
16545 9363 5151 3208 513 104
16545 9405 5352 3095 513 309
16545 9471 5290 3089 513 369
16545 9480 5149 3330 513 117
16545 9503 5130 3345 513 113
16547 10252 4543 1442 513 127
16547 10263 4539 1465 513 123
16547 10265 4407 1314 513 119
16547 10269 4403 1329 513 115
16547 10368 4117 1075 513 358
16547 10368 4117 1077 513 294
16547 10400 4125 1085 513 422
16547 10406 4125 1083 513 486
16547 8194 4106 2434 513 93
16547 8194 4117 2178 513 76
16547 8200 4106 3330 513 85
16547 8200 4117 2184 513 74
16547 8206 4127 1442 513 93
16547 8206 4127 3345 513 83
16547 8213 4098 1465 513 91
16547 8213 4125 3208 513 74
16547 8217 4119 1314 513 85
16547 8217 4119 2457 513 91
16547 8223 4098 1329 513 83
16547 8223 4125 3202 513 76
16547 8268 4258 2073 1474 513
16547 8268 4322 2079 1410 513
16547 8285 4543 2056 1258 513
16547 8285 4607 2062 1196 513
16547 8285 5280 2075 513 486
16547 8285 5350 2077 513 422
16547 8288 4292 2079 513 420
16547 8292 4256 2075 513 452
16547 8307 4416 2077 1410 513
16547 8307 4467 2060 1198 513
16547 8311 4416 2073 1506 513
16547 8311 4471 2056 1226 513
16547 8320 4128 1079 513 292
16547 8320 4132 1075 513 324
16547 8320 4138 2466 1085 513
16547 8320 4142 2498 1081 513
16547 8320 5143 2178 513 110
16547 8320 5143 2184 513 106
16547 8352 4128 1087 513 420
16547 8356 4132 1083 513 452
16547 8356 4292 3095 513 292
16547 8362 4138 2327 1077 513
16547 8366 4142 2419 1073 513
16547 8366 4322 2325 1282 513
16547 8388 4256 3091 513 324
16547 8430 4258 2387 1346 513
16547 8482 4117 2466 1087 513
16547 8482 4471 2210 1196 513
16547 8546 4117 2530 1081 513
16547 8546 4407 2274 1258 513
16547 8576 4603 2210 1198 513
16547 8576 4607 2242 1226 513
16547 8576 5130 2434 513 127
16547 8576 5141 2457 513 123
16547 8635 4544 2327 1282 513
16547 8639 4125 2325 1079 513
16547 8639 4544 2419 1378 513
16547 8703 4125 2387 1073 513
16547 9375 5151 3202 513 110
16547 9375 5151 3208 513 106
16547 9395 5350 3093 513 294
16547 9461 5280 3091 513 358
16547 9482 5130 3330 513 119
16547 9501 5149 3345 513 115
16553 10252 4517 1464 513 121
16553 10263 4513 1443 513 125
16553 10265 4389 1328 513 113
16553 10269 4385 1315 513 117
16553 10376 4117 1073 513 368
16553 10376 4117 1079 513 308
16553 10410 4125 1087 513 444
16553 10412 4125 1081 513 504
16553 8194 4106 2458 513 89
16553 8194 4117 2186 513 72
16553 8200 4106 3346 513 81
16553 8200 4117 2176 513 78
16553 8206 4127 1464 513 89
16553 8206 4127 3329 513 87
16553 8213 4098 1443 513 95
16553 8213 4125 3200 513 78
16553 8217 4119 1328 513 81
16553 8217 4119 2433 513 95
16553 8223 4098 1315 513 87
16553 8223 4125 3210 513 72
16553 8264 4264 2073 1502 513
16553 8264 4332 2079 1434 513
16553 8281 4517 2056 1252 513
16553 8281 4577 2062 1190 513
16553 8281 5290 2075 513 504
16553 8281 5352 2077 513 444
16553 8290 4266 2075 513 472
16553 8294 4296 2079 513 446
16553 8305 4436 2073 1532 513
16553 8305 4449 2056 1222 513
16553 8309 4436 2077 1434 513
16553 8309 4453 2060 1188 513
16553 8328 4130 1077 513 310
16553 8328 4134 1073 513 336
16553 8328 4136 2488 1087 513
16553 8328 4140 2526 1083 513
16553 8328 5143 2176 513 108
16553 8328 5143 2186 513 104
16553 8352 4136 2311 1079 513
16553 8356 4140 2405 1075 513
16553 8356 4332 2309 1298 513
16553 8362 4130 1085 513 446
16553 8366 4134 1081 513 472
16553 8366 4296 3095 513 310
16553 8392 4266 3091 513 336
16553 8416 4264 2375 1366 513
16553 8496 4117 2488 1085 513
16553 8496 4449 2216 1190 513
16553 8564 4117 2556 1083 513
16553 8564 4389 2284 1252 513
16553 8600 4577 2254 1222 513
16553 8600 4581 2216 1188 513
16553 8600 5130 2458 513 121
16553 8600 5141 2433 513 125
16553 8609 4572 2311 1298 513
16553 8613 4125 2309 1077 513
16553 8613 4572 2405 1396 513
16553 8673 4125 2375 1075 513
16553 9367 5151 3200 513 108
16553 9367 5151 3210 513 104
16553 9401 5352 3093 513 308
16553 9467 5290 3091 513 368
16553 9485 5149 3329 513 117
16553 9498 5130 3346 513 113
16555 10250 4542 1443 513 127
16555 10257 4538 1464 513 123
16555 10267 4402 1328 513 115
16555 10271 4406 1315 513 119
16555 10374 4117 1075 513 359
16555 10374 4117 1077 513 295
16555 10400 4125 1083 513 487
16555 10406 4125 1085 513 423
16555 8198 4106 2433 513 93
16555 8198 4117 2176 513 76
16555 8202 4127 1443 513 93
16555 8202 4127 3346 513 83
16555 8204 4106 3329 513 85
16555 8204 4117 2186 513 74
16555 8209 4098 1464 513 91
16555 8209 4125 3210 513 74
16555 8219 4098 1328 513 83
16555 8219 4125 3200 513 76
16555 8221 4119 1315 513 85
16555 8221 4119 2458 513 91
16555 8264 4258 2075 1475 513
16555 8264 4322 2077 1411 513
16555 8281 4542 2058 1258 513
16555 8281 4606 2060 1196 513
16555 8281 5280 2073 513 487
16555 8281 5350 2079 513 423
16555 8288 4256 2073 513 453
16555 8292 4292 2077 513 421
16555 8307 4417 2075 1507 513
16555 8307 4470 2058 1226 513
16555 8311 4417 2079 1411 513
16555 8311 4466 2062 1198 513
16555 8324 4128 1079 513 293
16555 8324 4132 1075 513 325
16555 8324 4138 2465 1085 513
16555 8324 4142 2497 1081 513
16555 8324 5143 2176 513 110
16555 8324 5143 2186 513 106
16555 8352 4132 1083 513 453
16555 8352 4292 3093 513 293
16555 8356 4128 1087 513 421
16555 8362 4142 2416 1073 513
16555 8362 4322 2326 1283 513
16555 8366 4138 2324 1077 513
16555 8384 4256 3089 513 325
16555 8426 4258 2384 1347 513
16555 8487 4117 2465 1087 513
16555 8487 4470 2208 1196 513
16555 8551 4117 2529 1081 513
16555 8551 4406 2272 1258 513
16555 8581 4602 2208 1198 513
16555 8581 4606 2240 1226 513
16555 8581 5130 2433 513 127
16555 8581 5141 2458 513 123
16555 8634 4125 2326 1079 513
16555 8634 4545 2416 1379 513
16555 8638 4545 2324 1283 513
16555 8698 4125 2384 1073 513
16555 9371 5151 3200 513 110
16555 9371 5151 3210 513 106
16555 9399 5350 3095 513 295
16555 9457 5280 3089 513 359
16555 9487 5130 3329 513 119
16555 9496 5149 3346 513 115
16560 10250 4513 1466 513 121
16560 10257 4517 1441 513 125
16560 10267 4388 1312 513 117
16560 10271 4384 1331 513 113
16560 10383 4113 1075 513 369
16560 10383 4113 1077 513 309
16560 10411 4121 1083 513 504
16560 10413 4121 1085 513 444
16560 8198 4110 2456 513 89
16560 8198 4113 2185 513 72
16560 8202 4123 1466 513 89
16560 8202 4123 3328 513 87
16560 8204 4110 3347 513 81
16560 8204 4113 2179 513 78
16560 8209 4102 1441 513 95
16560 8209 4121 3201 513 78
16560 8219 4102 1312 513 87
16560 8219 4121 3211 513 72
16560 8221 4115 1331 513 81
16560 8221 4115 2435 513 95
16560 8268 4269 2075 1500 513
16560 8268 4329 2077 1432 513
16560 8285 4513 2058 1255 513
16560 8285 4581 2060 1189 513
16560 8285 5293 2073 513 504
16560 8285 5359 2079 513 444
16560 8290 4301 2077 513 446
16560 8294 4271 2073 513 472
16560 8305 4433 2079 1432 513
16560 8305 4448 2062 1191 513
16560 8309 4433 2075 1534 513
16560 8309 4452 2058 1221 513
16560 8333 4130 1075 513 337
16560 8333 4134 1079 513 311
16560 8333 4136 2524 1081 513
16560 8333 4140 2490 1085 513
16560 8333 5137 2179 513 108
16560 8333 5137 2185 513 104
16560 8353 4136 2406 1073 513
16560 8353 4329 2310 1297 513
16560 8357 4140 2308 1077 513
16560 8363 4130 1083 513 472
16560 8363 4301 3095 513 311
16560 8367 4134 1087 513 446
16560 8397 4271 3091 513 337
16560 8421 4269 2372 1365 513
16560 8501 4113 2490 1087 513
16560 8501 4452 2219 1189 513
16560 8561 4113 2558 1081 513
16560 8561 4384 2287 1255 513
16560 8604 4577 2219 1191 513
16560 8604 4581 2253 1221 513
16560 8604 5132 2456 513 121
16560 8604 5139 2435 513 125
16560 8609 4121 2310 1079 513
16560 8609 4568 2406 1399 513
16560 8613 4568 2308 1297 513
16560 8677 4121 2372 1073 513
16560 9360 5145 3201 513 108
16560 9360 5145 3211 513 104
16560 9406 5359 3093 513 309
16560 9468 5293 3091 513 369
16560 9482 5147 3328 513 117
16560 9501 5132 3347 513 113
16562 10252 4538 1441 513 127
16562 10263 4542 1466 513 123
16562 10265 4403 1312 513 119
16562 10269 4407 1331 513 115
16562 10369 4113 1073 513 358
16562 10369 4113 1079 513 294
16562 10401 4121 1087 513 423
16562 10407 4121 1081 513 487
16562 8194 4110 2435 513 93
16562 8194 4113 2179 513 76
16562 8200 4110 3328 513 85
16562 8200 4113 2185 513 74
16562 8206 4123 1441 513 93
16562 8206 4123 3347 513 83
16562 8213 4102 1466 513 91
16562 8213 4121 3211 513 74
16562 8217 4115 1312 513 85
16562 8217 4115 2456 513 91
16562 8223 4102 1331 513 83
16562 8223 4121 3201 513 76
16562 8268 4263 2073 1473 513
16562 8268 4327 2079 1409 513
16562 8285 4538 2056 1257 513
16562 8285 4602 2062 1199 513
16562 8285 5287 2075 513 487
16562 8285 5345 2077 513 423
16562 8288 4289 2079 513 421
16562 8292 4261 2075 513 453
16562 8307 4420 2077 1409 513
16562 8307 4471 2060 1197 513
16562 8311 4420 2073 1505 513
16562 8311 4467 2056 1225 513
16562 8321 4128 1073 513 324
16562 8321 4132 1077 513 292
16562 8321 4138 2499 1083 513
16562 8321 4142 2467 1087 513
16562 8321 5137 2179 513 110
16562 8321 5137 2185 513 106
16562 8353 4132 1085 513 421
16562 8357 4128 1081 513 453
16562 8357 4289 3093 513 292
16562 8363 4142 2327 1079 513
16562 8367 4138 2419 1075 513
16562 8367 4327 2325 1280 513
16562 8389 4261 3089 513 324
16562 8431 4263 2387 1344 513
16562 8482 4113 2467 1085 513
16562 8482 4467 2211 1199 513
16562 8546 4113 2531 1083 513
16562 8546 4403 2275 1257 513
16562 8577 4602 2243 1225 513
16562 8577 4606 2211 1197 513
16562 8577 5132 2435 513 127
16562 8577 5139 2456 513 123
16562 8634 4549 2327 1280 513
16562 8638 4121 2325 1077 513
16562 8638 4549 2419 1376 513
16562 8702 4121 2387 1075 513
16562 9372 5145 3201 513 110
16562 9372 5145 3211 513 106
16562 9392 5345 3095 513 294
16562 9462 5287 3089 513 358
16562 9480 5132 3328 513 119
16562 9503 5147 3347 513 115
16568 10252 4512 1467 513 121
16568 10263 4516 1440 513 125
16568 10265 4385 1330 513 113
16568 10269 4389 1313 513 117
16568 10377 4113 1075 513 368
16568 10377 4113 1077 513 308
16568 10411 4121 1085 513 445
16568 10413 4121 1083 513 505
16568 8194 4110 2459 513 89
16568 8194 4113 2187 513 72
16568 8200 4110 3344 513 81
16568 8200 4113 2177 513 78
16568 8206 4123 1467 513 89
16568 8206 4123 3331 513 87
16568 8213 4102 1440 513 95
16568 8213 4121 3203 513 78
16568 8217 4115 1330 513 81
16568 8217 4115 2432 513 95
16568 8223 4102 1313 513 87
16568 8223 4121 3209 513 72
16568 8264 4269 2073 1501 513
16568 8264 4329 2079 1433 513
16568 8281 4512 2056 1255 513
16568 8281 4580 2062 1189 513
16568 8281 5293 2075 513 505
16568 8281 5359 2077 513 445
16568 8290 4271 2075 513 473
16568 8294 4301 2079 513 447
16568 8305 4432 2073 1535 513
16568 8305 4453 2056 1221 513
16568 8309 4432 2077 1433 513
16568 8309 4449 2060 1191 513
16568 8329 4130 1075 513 336
16568 8329 4134 1079 513 310
16568 8329 4136 2527 1081 513
16568 8329 4140 2489 1085 513
16568 8329 5137 2177 513 108
16568 8329 5137 2187 513 104
16568 8353 4140 2311 1077 513
16568 8357 4136 2405 1073 513
16568 8357 4329 2309 1296 513
16568 8363 4134 1087 513 447
16568 8367 4130 1083 513 473
16568 8367 4301 3093 513 310
16568 8393 4271 3089 513 336
16568 8417 4269 2375 1364 513
16568 8496 4113 2489 1087 513
16568 8496 4453 2217 1189 513
16568 8564 4113 2557 1081 513
16568 8564 4385 2285 1255 513
16568 8601 4576 2217 1191 513
16568 8601 4580 2255 1221 513
16568 8601 5132 2459 513 121
16568 8601 5139 2432 513 125
16568 8608 4569 2311 1296 513
16568 8612 4121 2309 1079 513
16568 8612 4569 2405 1398 513
16568 8672 4121 2375 1073 513
16568 9364 5145 3203 513 108
16568 9364 5145 3209 513 104
16568 9402 5359 3095 513 308
16568 9464 5293 3089 513 368
16568 9487 5147 3331 513 117
16568 9496 5132 3344 513 113
16570 10250 4539 1440 513 127
16570 10257 4543 1467 513 123
16570 10267 4406 1330 513 115
16570 10271 4402 1313 513 119
16570 10375 4113 1073 513 359
16570 10375 4113 1079 513 295
16570 10401 4121 1081 513 486
16570 10407 4121 1087 513 422
16570 8198 4110 2432 513 93
16570 8198 4113 2177 513 76
16570 8202 4123 1440 513 93
16570 8202 4123 3344 513 83
16570 8204 4110 3331 513 85
16570 8204 4113 2187 513 74
16570 8209 4102 1467 513 91
16570 8209 4121 3209 513 74
16570 8219 4102 1330 513 83
16570 8219 4121 3203 513 76
16570 8221 4115 1313 513 85
16570 8221 4115 2459 513 91
16570 8264 4263 2075 1472 513
16570 8264 4327 2077 1408 513
16570 8281 4539 2058 1257 513
16570 8281 4603 2060 1199 513
16570 8281 5287 2073 513 486
16570 8281 5345 2079 513 422
16570 8288 4261 2073 513 452
16570 8292 4289 2077 513 420
16570 8307 4421 2075 1504 513
16570 8307 4466 2058 1225 513
16570 8311 4421 2079 1408 513
16570 8311 4470 2062 1197 513
16570 8325 4128 1073 513 325
16570 8325 4132 1077 513 293
16570 8325 4138 2496 1083 513
16570 8325 4142 2464 1087 513
16570 8325 5137 2177 513 110
16570 8325 5137 2187 513 106
16570 8353 4128 1081 513 452
16570 8353 4289 3095 513 293
16570 8357 4132 1085 513 420
16570 8363 4138 2416 1075 513
16570 8363 4327 2326 1281 513
16570 8367 4142 2324 1079 513
16570 8385 4261 3091 513 325
16570 8427 4263 2384 1345 513
16570 8487 4113 2464 1085 513
16570 8487 4466 2209 1199 513
16570 8551 4113 2528 1083 513
16570 8551 4402 2273 1257 513
16570 8580 4603 2241 1225 513
16570 8580 4607 2209 1197 513
16570 8580 5132 2432 513 127
16570 8580 5139 2459 513 123
16570 8635 4121 2326 1077 513
16570 8635 4548 2416 1377 513
16570 8639 4548 2324 1281 513
16570 8699 4121 2384 1075 513
16570 9368 5145 3203 513 110
16570 9368 5145 3209 513 106
16570 9396 5345 3093 513 295
16570 9458 5287 3091 513 359
16570 9485 5132 3331 513 119
16570 9498 5147 3344 513 115
16577 10382 4177 1043 513 369
16577 10382 4183 1043 513 339
16577 10442 4191 1051 513 475
16577 10444 4185 1051 513 505
16577 12305 2218 1228 513 305
16577 12307 2252 1192 513 343
16577 12420 2065 1051 513 46
16577 12424 2077 1051 513 40
16577 12548 2060 1055 513 55
16577 12561 2058 1036 513 49
16577 4177 2186 1094 513 305
16577 4179 2186 1092 513 343
16577 4185 2252 1094 513 441
16577 4187 2254 1092 513 479
16577 4420 2077 1028 513 55
16577 4433 2075 1047 513 49
16577 4548 2065 1028 513 63
16577 4569 2060 1055 513 57
16577 8202 4294 2107 1504 513
16577 8204 4262 2163 1376 513
16577 8204 4322 2107 1474 513
16577 8206 4290 2161 1378 513
16577 8217 2150 1228 513 441
16577 8217 5324 2107 513 505
16577 8219 2148 1192 513 479
16577 8219 4509 2090 1258 513
16577 8221 4543 2090 1224 513
16577 8221 4603 2163 1331 513
16577 8223 4509 2161 1331 513
16577 8223 5352 2107 513 475
16577 8324 2058 1043 513 46
16577 8328 2054 1043 513 40
16577 8362 4262 2459 1504 513
16577 8396 4290 2459 1506 513
16577 8396 4294 2387 1376 513
16577 8430 4322 2417 1346 513
16577 8450 4183 2242 1096 513
16577 8450 4373 2498 1467 513
16577 8454 4179 2496 1051 513
16577 8454 4373 2240 1258 513
16577 8482 4181 2530 1051 513
16577 8482 4407 2274 1224 513
16577 8550 4181 2240 1098 513
16577 8550 4467 2496 1467 513
16577 8580 2075 1047 513 63
16577 8601 2054 1036 513 57
16577 8635 4189 2186 1098 513
16577 8669 4187 2387 1043 513
16577 8669 4191 2186 1096 513
16577 8703 4189 2417 1043 513
16577 9437 5324 3123 513 369
16577 9471 5352 3123 513 339
16581 10368 4179 1043 513 326
16581 10368 4181 1043 513 358
16581 10432 4187 1051 513 454
16581 10438 4189 1051 513 486
16581 12309 2210 1216 513 290
16581 12311 2242 1186 513 322
16581 12420 2079 1051 513 42
16581 12424 2067 1051 513 44
16581 12548 2056 1036 513 51
16581 12561 2062 1055 513 53
16581 4181 2176 1090 513 290
16581 4183 2176 1088 513 322
16581 4189 2242 1090 513 418
16581 4191 2240 1088 513 450
16581 4420 2073 1047 513 51
16581 4433 2079 1028 513 53
16581 4548 2062 1055 513 59
16581 4569 2067 1028 513 61
16581 8200 4268 2167 1399 513
16581 8200 4332 2107 1503 513
16581 8202 4302 2165 1397 513
16581 8206 4298 2107 1535 513
16581 8217 4516 2090 1220 513
16581 8217 4580 2167 1312 513
16581 8219 4484 2165 1312 513
16581 8219 5350 2107 513 454
16581 8221 2146 1216 513 418
16581 8221 5312 2107 513 486
16581 8223 2144 1186 513 450
16581 8223 4484 2090 1252 513
16581 8324 2052 1043 513 42
16581 8328 2056 1043 513 44
16581 8356 4268 2432 1535 513
16581 8388 4298 2372 1399 513
16581 8388 4302 2432 1533 513
16581 8420 4332 2404 1367 513
16581 8467 4183 2527 1051 513
16581 8467 4356 2254 1252 513
16581 8471 4179 2252 1100 513
16581 8471 4356 2525 1440 513
16581 8501 4177 2559 1051 513
16581 8501 4388 2286 1220 513
16581 8565 4177 2254 1102 513
16581 8565 4452 2527 1440 513
16581 8580 2052 1036 513 59
16581 8601 2073 1047 513 61
16581 8612 4185 2176 1102 513
16581 8644 4187 2176 1100 513
16581 8644 4191 2372 1043 513
16581 8676 4185 2404 1043 513
16581 9429 5312 3123 513 358
16581 9461 5350 3123 513 326
16585 10376 4177 1043 513 368
16585 10376 4183 1043 513 338
16585 10442 4185 1051 513 504
16585 10444 4191 1051 513 474
16585 12309 2216 1228 513 304
16585 12311 2254 1192 513 342
16585 12416 2067 1051 513 46
16585 12428 2079 1051 513 40
16585 12545 2062 1055 513 55
16585 12564 2056 1036 513 49
16585 4177 2184 1094 513 304
16585 4179 2184 1092 513 342
16585 4185 2254 1094 513 440
16585 4187 2252 1092 513 478
16585 4421 2079 1028 513 55
16585 4432 2073 1047 513 49
16585 4549 2067 1028 513 63
16585 4568 2062 1055 513 57
16585 8200 4262 2161 1377 513
16585 8200 4322 2105 1475 513
16585 8202 4290 2163 1379 513
16585 8206 4294 2105 1505 513
16585 8217 4542 2088 1224 513
16585 8217 4602 2161 1330 513
16585 8219 4508 2163 1330 513
16585 8219 5352 2105 513 474
16585 8221 2148 1228 513 440
16585 8221 5324 2105 513 504
16585 8223 2150 1192 513 478
16585 8223 4508 2088 1258 513
16585 8320 2056 1043 513 46
16585 8332 2052 1043 513 40
16585 8366 4262 2456 1505 513
16585 8392 4290 2456 1507 513
16585 8392 4294 2384 1377 513
16585 8426 4322 2418 1347 513
16585 8451 4179 2499 1051 513
16585 8451 4372 2242 1258 513
16585 8455 4183 2240 1096 513
16585 8455 4372 2497 1466 513
16585 8487 4181 2529 1051 513
16585 8487 4406 2272 1224 513
16585 8547 4181 2242 1098 513
16585 8547 4466 2499 1466 513
16585 8577 2073 1047 513 63
16585 8604 2052 1036 513 57
16585 8638 4189 2184 1098 513
16585 8664 4187 2384 1043 513
16585 8664 4191 2184 1096 513
16585 8698 4189 2418 1043 513
16585 9433 5324 3121 513 368
16585 9467 5352 3121 513 338
16589 10374 4179 1043 513 327
16589 10374 4181 1043 513 359
16589 10432 4189 1051 513 487
16589 10438 4187 1051 513 455
16589 12305 2208 1216 513 291
16589 12307 2240 1186 513 323
16589 12416 2077 1051 513 42
16589 12428 2065 1051 513 44
16589 12545 2058 1036 513 51
16589 12564 2060 1055 513 53
16589 4181 2178 1090 513 291
16589 4183 2178 1088 513 323
16589 4189 2240 1090 513 419
16589 4191 2242 1088 513 451
16589 4421 2075 1047 513 51
16589 4432 2077 1028 513 53
16589 4549 2060 1055 513 59
16589 4568 2065 1028 513 61
16589 8202 4298 2105 1534 513
16589 8204 4268 2165 1398 513
16589 8204 4332 2105 1502 513
16589 8206 4302 2167 1396 513
16589 8217 2144 1216 513 419
16589 8217 5312 2105 513 487
16589 8219 2146 1186 513 451
16589 8219 4485 2088 1252 513
16589 8221 4517 2088 1220 513
16589 8221 4581 2165 1313 513
16589 8223 4485 2167 1313 513
16589 8223 5350 2105 513 455
16589 8320 2054 1043 513 42
16589 8332 2058 1043 513 44
16589 8352 4268 2435 1534 513
16589 8384 4298 2375 1398 513
16589 8384 4302 2435 1532 513
16589 8416 4332 2407 1366 513
16589 8466 4179 2254 1100 513
16589 8466 4357 2526 1441 513
16589 8470 4183 2524 1051 513
16589 8470 4357 2252 1252 513
16589 8496 4177 2556 1051 513
16589 8496 4389 2284 1220 513
16589 8560 4177 2252 1102 513
16589 8560 4453 2524 1441 513
16589 8577 2054 1036 513 59
16589 8604 2075 1047 513 61
16589 8609 4185 2178 1102 513
16589 8641 4187 2178 1100 513
16589 8641 4191 2375 1043 513
16589 8673 4185 2407 1043 513
16589 9425 5312 3121 513 359
16589 9457 5350 3121 513 327
16592 10383 4179 1041 513 339
16592 10383 4181 1041 513 369
16592 10443 4187 1049 513 474
16592 10445 4189 1049 513 504
16592 12309 2219 1231 513 305
16592 12311 2253 1195 513 343
16592 12417 2065 1049 513 46
16592 12429 2077 1049 513 40
16592 12544 2060 1053 513 55
16592 12565 2058 1038 513 49
16592 4181 2187 1092 513 305
16592 4183 2187 1094 513 343
16592 4189 2253 1092 513 440
16592 4191 2255 1094 513 478
16592 4416 2077 1030 513 55
16592 4437 2075 1045 513 49
16592 4545 2065 1030 513 63
16592 4572 2060 1053 513 57
16592 8202 4291 2107 1507 513
16592 8204 4259 2163 1378 513
16592 8204 4327 2107 1473 513
16592 8206 4295 2161 1376 513
16592 8217 2150 1231 513 440
16592 8217 5323 2107 513 504
16592 8219 2148 1195 513 478
16592 8219 4504 2090 1257 513
16592 8221 4538 2090 1227 513
16592 8221 4606 2163 1329 513
16592 8223 4504 2161 1329 513
16592 8223 5359 2107 513 474
16592 8325 2058 1041 513 46
16592 8329 2054 1041 513 40
16592 8363 4259 2458 1507 513
16592 8397 4291 2387 1378 513
16592 8397 4295 2458 1505 513
16592 8431 4327 2417 1344 513
16592 8450 4179 2243 1098 513
16592 8450 4369 2499 1464 513
16592 8454 4183 2497 1049 513
16592 8454 4369 2241 1257 513
16592 8482 4177 2531 1049 513
16592 8482 4403 2275 1227 513
16592 8550 4177 2241 1096 513
16592 8550 4471 2497 1464 513
16592 8581 2075 1045 513 63
16592 8600 2054 1038 513 57
16592 8634 4185 2187 1096 513
16592 8668 4187 2187 1098 513
16592 8668 4191 2387 1041 513
16592 8702 4185 2417 1041 513
16592 9438 5323 3121 513 369
16592 9468 5359 3121 513 339
16596 10369 4177 1041 513 358
16596 10369 4183 1041 513 326
16596 10433 4191 1049 513 455
16596 10439 4185 1049 513 487
16596 12305 2211 1219 513 290
16596 12307 2243 1185 513 322
16596 12417 2079 1049 513 42
16596 12429 2067 1049 513 44
16596 12544 2056 1038 513 51
16596 12565 2062 1053 513 53
16596 4177 2177 1088 513 290
16596 4179 2177 1090 513 322
16596 4185 2243 1088 513 419
16596 4187 2241 1090 513 451
16596 4416 2073 1045 513 51
16596 4437 2079 1030 513 53
16596 4545 2062 1053 513 59
16596 4572 2067 1030 513 61
16596 8200 4265 2167 1397 513
16596 8200 4329 2107 1500 513
16596 8202 4299 2165 1399 513
16596 8206 4303 2107 1532 513
16596 8217 4513 2090 1223 513
16596 8217 4577 2167 1314 513
16596 8219 4481 2165 1314 513
16596 8219 5345 2107 513 455
16596 8221 2146 1219 513 419
16596 8221 5319 2107 513 487
16596 8223 2144 1185 513 451
16596 8223 4481 2090 1255 513
16596 8325 2052 1041 513 42
16596 8329 2056 1041 513 44
16596 8357 4265 2433 1532 513
16596 8389 4299 2433 1534 513
16596 8389 4303 2372 1397 513
16596 8421 4329 2404 1365 513
16596 8467 4179 2526 1049 513
16596 8467 4352 2255 1255 513
16596 8471 4183 2253 1102 513
16596 8471 4352 2524 1443 513
16596 8501 4181 2558 1049 513
16596 8501 4384 2287 1223 513
16596 8565 4181 2255 1100 513
16596 8565 4448 2526 1443 513
16596 8581 2052 1038 513 59
16596 8600 2073 1045 513 61
16596 8613 4189 2177 1100 513
16596 8645 4187 2372 1041 513
16596 8645 4191 2177 1102 513
16596 8677 4189 2404 1041 513
16596 9430 5319 3121 513 358
16596 9462 5345 3121 513 326
16600 10377 4179 1041 513 338
16600 10377 4181 1041 513 368
16600 10443 4189 1049 513 505
16600 10445 4187 1049 513 475
16600 12305 2217 1231 513 304
16600 12307 2255 1195 513 342
16600 12421 2067 1049 513 46
16600 12425 2079 1049 513 40
16600 12549 2062 1053 513 55
16600 12560 2056 1038 513 49
16600 4181 2185 1092 513 304
16600 4183 2185 1094 513 342
16600 4189 2255 1092 513 441
16600 4191 2253 1094 513 479
16600 4417 2079 1030 513 55
16600 4436 2073 1045 513 49
16600 4544 2067 1030 513 63
16600 4573 2062 1053 513 57
16600 8200 4259 2161 1379 513
16600 8200 4327 2105 1472 513
16600 8202 4295 2163 1377 513
16600 8206 4291 2105 1506 513
16600 8217 4539 2088 1227 513
16600 8217 4607 2161 1328 513
16600 8219 4505 2163 1328 513
16600 8219 5359 2105 513 475
16600 8221 2148 1231 513 441
16600 8221 5323 2105 513 505
16600 8223 2150 1195 513 479
16600 8223 4505 2088 1257 513
16600 8321 2056 1041 513 46
16600 8333 2052 1041 513 40
16600 8367 4259 2457 1506 513
16600 8393 4291 2384 1379 513
16600 8393 4295 2457 1504 513
16600 8427 4327 2418 1345 513
16600 8451 4183 2498 1049 513
16600 8451 4368 2243 1257 513
16600 8455 4179 2241 1098 513
16600 8455 4368 2496 1465 513
16600 8487 4177 2528 1049 513
16600 8487 4402 2273 1227 513
16600 8547 4177 2243 1096 513
16600 8547 4470 2498 1465 513
16600 8576 2073 1045 513 63
16600 8605 2052 1038 513 57
16600 8639 4185 2185 1096 513
16600 8665 4187 2185 1098 513
16600 8665 4191 2384 1041 513
16600 8699 4185 2418 1041 513
16600 9434 5323 3123 513 368
16600 9464 5359 3123 513 338
16604 10375 4177 1041 513 359
16604 10375 4183 1041 513 327
16604 10433 4185 1049 513 486
16604 10439 4191 1049 513 454
16604 12309 2209 1219 513 291
16604 12311 2241 1185 513 323
16604 12421 2077 1049 513 42
16604 12425 2065 1049 513 44
16604 12549 2058 1038 513 51
16604 12560 2060 1053 513 53
16604 4177 2179 1088 513 291
16604 4179 2179 1090 513 323
16604 4185 2241 1088 513 418
16604 4187 2243 1090 513 450
16604 4417 2075 1045 513 51
16604 4436 2077 1030 513 53
16604 4544 2060 1053 513 59
16604 4573 2065 1030 513 61
16604 8202 4303 2105 1533 513
16604 8204 4265 2165 1396 513
16604 8204 4329 2105 1501 513
16604 8206 4299 2167 1398 513
16604 8217 2144 1219 513 418
16604 8217 5319 2105 513 486
16604 8219 2146 1185 513 450
16604 8219 4480 2088 1255 513
16604 8221 4512 2088 1223 513
16604 8221 4576 2165 1315 513
16604 8223 4480 2167 1315 513
16604 8223 5345 2105 513 454
16604 8321 2054 1041 513 42
16604 8333 2058 1041 513 44
16604 8353 4265 2434 1533 513
16604 8385 4299 2434 1535 513
16604 8385 4303 2375 1396 513
16604 8417 4329 2407 1364 513
16604 8466 4183 2255 1102 513
16604 8466 4353 2527 1442 513
16604 8470 4179 2525 1049 513
16604 8470 4353 2253 1255 513
16604 8496 4181 2557 1049 513
16604 8496 4385 2285 1223 513
16604 8560 4181 2253 1100 513
16604 8560 4449 2525 1442 513
16604 8576 2054 1038 513 59
16604 8605 2075 1045 513 61
16604 8608 4189 2179 1100 513
16604 8640 4187 2375 1041 513
16604 8640 4191 2179 1102 513
16604 8672 4189 2407 1041 513
16604 9426 5319 3123 513 359
16604 9458 5345 3123 513 327
16609 12373 2218 1262 513 305
16609 12373 2286 1192 513 373
16609 4117 2186 1124 513 305
16609 4117 2186 1126 513 373
16609 4125 2284 1126 513 509
16609 4125 2286 1124 513 441
16609 8226 4334 2107 513 473
16609 8230 4296 2107 513 507
16609 8241 4388 2107 1472 513
16609 8241 4437 2090 1226 513
16609 8245 4384 2107 1506 513
16609 8245 4437 2090 1256 513
16609 8268 4268 2129 1331 513
16609 8268 4328 2131 1331 513
16609 8285 2116 1262 513 441
16609 8285 2118 1192 513 509
16609 8285 4512 2129 1346 513
16609 8285 4580 2131 1344 513
16609 8332 4194 1043 513 337
16609 8332 4198 1043 513 371
16609 8332 4200 2419 1043 513
16609 8332 4204 2385 1043 513
16609 8356 4328 2528 1467 513
16609 8396 4334 3123 513 337
16609 8416 4204 2498 1051 513
16609 8416 4268 2530 1467 513
16609 8420 4200 2528 1051 513
16609 8426 4198 1051 513 507
16609 8430 4194 1051 513 473
16609 8430 4296 3123 513 371
16609 8497 4117 2186 1130 513
16609 8497 4452 2459 1472 513
16609 8565 4117 2186 1128 513
16609 8565 4384 2459 1474 513
16609 8605 4512 2385 1378 513
16609 8605 4516 2419 1344 513
16609 8612 4125 2272 1130 513
16609 8672 4125 2274 1128 513
16609 8672 4573 2242 1256 513
16609 8676 4573 2272 1226 513
16615 12373 2210 1248 513 290
16615 12373 2274 1186 513 354
16615 4117 2176 1120 513 354
16615 4117 2176 1122 513 290
16615 4125 2272 1120 513 482
16615 4125 2274 1122 513 418
16615 8224 4292 2107 513 484
16615 8228 4320 2107 513 452
16615 8243 4403 2107 1533 513
16615 8243 4416 2090 1254 513
16615 8247 4407 2107 1501 513
16615 8247 4416 2090 1222 513
16615 8268 4262 2135 1312 513
16615 8268 4326 2133 1312 513
16615 8285 2112 1186 513 482
16615 8285 2114 1248 513 418
16615 8285 4539 2135 1367 513
16615 8285 4603 2133 1365 513
16615 8320 4192 1043 513 356
16615 8320 4196 1043 513 324
16615 8320 4202 2374 1043 513
16615 8320 4206 2406 1043 513
16615 8362 4326 2557 1440 513
16615 8388 4320 3123 513 324
16615 8416 4192 1051 513 484
16615 8420 4196 1051 513 452
16615 8420 4292 3123 513 356
16615 8426 4202 2525 1051 513
16615 8426 4262 2559 1440 513
16615 8430 4206 2557 1051 513
16615 8486 4117 2176 1132 513
16615 8486 4467 2432 1501 513
16615 8550 4117 2176 1134 513
16615 8550 4403 2432 1503 513
16615 8576 4539 2374 1397 513
16615 8576 4543 2406 1365 513
16615 8635 4125 2284 1132 513
16615 8699 4125 2286 1134 513
16615 8699 4544 2252 1254 513
16615 8703 4544 2284 1222 513
16617 12369 2216 1262 513 304
16617 12369 2284 1192 513 372
16617 4117 2184 1124 513 304
16617 4117 2184 1126 513 372
16617 4125 2284 1124 513 440
16617 4125 2286 1126 513 508
16617 8226 4296 2105 513 506
16617 8230 4334 2105 513 472
16617 8241 4385 2105 1507 513
16617 8241 4436 2088 1256 513
16617 8245 4389 2105 1473 513
16617 8245 4436 2088 1226 513
16617 8264 4268 2131 1330 513
16617 8264 4328 2129 1330 513
16617 8281 2116 1192 513 508
16617 8281 2118 1262 513 440
16617 8281 4513 2131 1347 513
16617 8281 4581 2129 1345 513
16617 8328 4194 1043 513 336
16617 8328 4198 1043 513 370
16617 8328 4200 2416 1043 513
16617 8328 4204 2386 1043 513
16617 8352 4328 2531 1466 513
16617 8392 4334 3121 513 336
16617 8416 4200 2531 1051 513
16617 8420 4204 2497 1051 513
16617 8420 4268 2529 1466 513
16617 8426 4194 1051 513 472
16617 8426 4296 3121 513 370
16617 8430 4198 1051 513 506
16617 8500 4117 2184 1130 513
16617 8500 4453 2456 1473 513
16617 8560 4117 2184 1128 513
16617 8560 4385 2456 1475 513
16617 8600 4513 2386 1379 513
16617 8600 4517 2416 1345 513
16617 8609 4125 2274 1130 513
16617 8673 4572 2274 1226 513
16617 8677 4125 2272 1128 513
16617 8677 4572 2240 1256 513
16623 12369 2208 1248 513 291
16623 12369 2272 1186 513 355
16623 4117 2178 1120 513 355
16623 4117 2178 1122 513 291
16623 4125 2272 1122 513 419
16623 4125 2274 1120 513 483
16623 8224 4320 2105 513 453
16623 8228 4292 2105 513 485
16623 8243 4406 2105 1500 513
16623 8243 4417 2088 1222 513
16623 8247 4402 2105 1532 513
16623 8247 4417 2088 1254 513
16623 8264 4262 2133 1313 513
16623 8264 4326 2135 1313 513
16623 8281 2112 1248 513 419
16623 8281 2114 1186 513 483
16623 8281 4538 2133 1366 513
16623 8281 4602 2135 1364 513
16623 8324 4192 1043 513 357
16623 8324 4196 1043 513 325
16623 8324 4202 2373 1043 513
16623 8324 4206 2405 1043 513
16623 8366 4326 2558 1441 513
16623 8384 4320 3121 513 325
16623 8416 4196 1051 513 453
16623 8416 4292 3121 513 357
16623 8420 4192 1051 513 485
16623 8426 4206 2558 1051 513
16623 8430 4202 2526 1051 513
16623 8430 4262 2556 1441 513
16623 8483 4117 2178 1132 513
16623 8483 4466 2435 1500 513
16623 8547 4117 2178 1134 513
16623 8547 4402 2435 1502 513
16623 8581 4538 2373 1396 513
16623 8581 4542 2405 1364 513
16623 8638 4125 2286 1132 513
16623 8698 4545 2286 1222 513
16623 8702 4125 2284 1134 513
16623 8702 4545 2254 1254 513
16624 12369 2219 1261 513 305
16624 12369 2287 1195 513 373
16624 4113 2187 1124 513 373
16624 4113 2187 1126 513 305
16624 4121 2285 1124 513 508
16624 4121 2287 1126 513 440
16624 8226 4331 2107 513 472
16624 8230 4301 2107 513 506
16624 8241 4384 2107 1475 513
16624 8241 4433 2090 1225 513
16624 8245 4388 2107 1505 513
16624 8245 4433 2090 1259 513
16624 8268 4265 2129 1329 513
16624 8268 4333 2131 1329 513
16624 8285 2116 1261 513 440
16624 8285 2118 1195 513 508
16624 8285 4517 2129 1344 513
16624 8285 4577 2131 1346 513
16624 8333 4194 1041 513 371
16624 8333 4198 1041 513 337
16624 8333 4200 2385 1041 513
16624 8333 4204 2419 1041 513
16624 8357 4333 2529 1464 513
16624 8397 4331 3121 513 337
16624 8417 4200 2499 1049 513
16624 8417 4265 2531 1464 513
16624 8421 4204 2529 1049 513
16624 8427 4194 1049 513 506
16624 8431 4198 1049 513 472
16624 8431 4301 3121 513 371
16624 8497 4113 2187 1128 513
16624 8497 4448 2458 1475 513
16624 8565 4113 2187 1130 513
16624 8565 4388 2458 1473 513
16624 8604 4513 2419 1346 513
16624 8604 4517 2385 1376 513
16624 8613 4121 2273 1128 513
16624 8673 4121 2275 1130 513
16624 8673 4568 2243 1259 513
16624 8677 4568 2273 1225 513
16630 12369 2211 1251 513 290
16630 12369 2275 1185 513 354
16630 4113 2177 1120 513 290
16630 4113 2177 1122 513 354
16630 4121 2273 1122 513 483
16630 4121 2275 1120 513 419
16630 8224 4289 2107 513 485
16630 8228 4325 2107 513 453
16630 8243 4407 2107 1534 513
16630 8243 4420 2090 1253 513
16630 8247 4403 2107 1502 513
16630 8247 4420 2090 1221 513
16630 8268 4259 2135 1314 513
16630 8268 4323 2133 1314 513
16630 8285 2112 1185 513 483
16630 8285 2114 1251 513 419
16630 8285 4542 2135 1365 513
16630 8285 4606 2133 1367 513
16630 8321 4192 1041 513 324
16630 8321 4196 1041 513 356
16630 8321 4202 2406 1041 513
16630 8321 4206 2374 1041 513
16630 8363 4323 2556 1443 513
16630 8389 4325 3121 513 324
16630 8417 4196 1049 513 485
16630 8421 4192 1049 513 453
16630 8421 4289 3121 513 356
16630 8427 4206 2524 1049 513
16630 8427 4259 2558 1443 513
16630 8431 4202 2556 1049 513
16630 8486 4113 2177 1134 513
16630 8486 4471 2433 1502 513
16630 8550 4113 2177 1132 513
16630 8550 4407 2433 1500 513
16630 8577 4538 2406 1367 513
16630 8577 4542 2374 1399 513
16630 8634 4121 2285 1134 513
16630 8698 4121 2287 1132 513
16630 8698 4549 2253 1253 513
16630 8702 4549 2285 1221 513
16632 12373 2217 1261 513 304
16632 12373 2285 1195 513 372
16632 4113 2185 1124 513 372
16632 4113 2185 1126 513 304
16632 4121 2285 1126 513 441
16632 4121 2287 1124 513 509
16632 8226 4301 2105 513 507
16632 8230 4331 2105 513 473
16632 8241 4389 2105 1504 513
16632 8241 4432 2088 1259 513
16632 8245 4385 2105 1474 513
16632 8245 4432 2088 1225 513
16632 8264 4265 2131 1328 513
16632 8264 4333 2129 1328 513
16632 8281 2116 1195 513 509
16632 8281 2118 1261 513 441
16632 8281 4516 2131 1345 513
16632 8281 4576 2129 1347 513
16632 8329 4194 1041 513 370
16632 8329 4198 1041 513 336
16632 8329 4200 2386 1041 513
16632 8329 4204 2416 1041 513
16632 8353 4333 2530 1465 513
16632 8393 4331 3123 513 336
16632 8417 4204 2530 1049 513
16632 8421 4200 2496 1049 513
16632 8421 4265 2528 1465 513
16632 8427 4198 1049 513 473
16632 8427 4301 3123 513 370
16632 8431 4194 1049 513 507
16632 8500 4113 2185 1128 513
16632 8500 4449 2457 1474 513
16632 8560 4113 2185 1130 513
16632 8560 4389 2457 1472 513
16632 8601 4512 2416 1347 513
16632 8601 4516 2386 1377 513
16632 8608 4121 2275 1128 513
16632 8672 4569 2275 1225 513
16632 8676 4121 2273 1130 513
16632 8676 4569 2241 1259 513
16638 12373 2209 1251 513 291
16638 12373 2273 1185 513 355
16638 4113 2179 1120 513 291
16638 4113 2179 1122 513 355
16638 4121 2273 1120 513 418
16638 4121 2275 1122 513 482
16638 8224 4325 2105 513 452
16638 8228 4289 2105 513 484
16638 8243 4402 2105 1503 513
16638 8243 4421 2088 1221 513
16638 8247 4406 2105 1535 513
16638 8247 4421 2088 1253 513
16638 8264 4259 2133 1315 513
16638 8264 4323 2135 1315 513
16638 8281 2112 1251 513 418
16638 8281 2114 1185 513 482
16638 8281 4543 2133 1364 513
16638 8281 4607 2135 1366 513
16638 8325 4192 1041 513 325
16638 8325 4196 1041 513 357
16638 8325 4202 2405 1041 513
16638 8325 4206 2373 1041 513
16638 8367 4323 2559 1442 513
16638 8385 4325 3123 513 325
16638 8417 4192 1049 513 452
16638 8417 4289 3123 513 357
16638 8421 4196 1049 513 484
16638 8427 4202 2559 1049 513
16638 8431 4206 2527 1049 513
16638 8431 4259 2557 1442 513
16638 8483 4113 2179 1134 513
16638 8483 4470 2434 1503 513
16638 8547 4113 2179 1132 513
16638 8547 4406 2434 1501 513
16638 8580 4539 2405 1366 513
16638 8580 4543 2373 1398 513
16638 8639 4121 2287 1134 513
16638 8699 4548 2287 1221 513
16638 8703 4121 2285 1132 513
16638 8703 4548 2255 1253 513
16641 8203 4294 2105 1472 513
16641 8203 4303 2107 1503 513
16641 8207 4290 2166 1282 513
16641 8207 4299 2160 1296 513
16641 8219 4548 2091 1252 513
16641 8219 4573 2089 1257 513
16641 8223 4548 2160 1376 513
16641 8223 4573 2166 1396 513
16641 8240 4368 2107 1533 513
16641 8240 4384 2091 1222 513
16641 8242 4356 2105 1504 513
16641 8242 4406 2089 1225 513
16641 8265 4265 2132 1366 513
16641 8265 4329 2077 1467 513
16641 8269 4262 2128 1344 513
16641 8269 4322 2077 1442 513
16641 8281 4512 2061 1190 513
16641 8281 4576 2132 1282 513
16641 8285 4543 2061 1199 513
16641 8285 4603 2128 1296 513
16641 8304 4368 2063 1197 513
16641 8304 4448 2079 1442 513
16641 8310 4356 2063 1188 513
16641 8310 4466 2079 1467 513
16641 8324 4299 2496 1433 513
16641 8324 4303 2372 1366 513
16641 8333 4290 2525 1410 513
16641 8333 4294 2384 1344 513
16641 8352 4137 2434 1087 513
16641 8352 4265 2466 1503 513
16641 8363 4143 2459 1087 513
16641 8363 4262 2489 1472 513
16641 8388 4143 2308 1078 513
16641 8388 4203 2496 1049 513
16641 8393 4137 2324 1078 513
16641 8393 4201 2525 1051 513
16641 8416 4201 2406 1042 513
16641 8416 4329 2310 1330 513
16641 8431 4203 2416 1040 513
16641 8431 4322 2326 1314 513
16641 8450 4182 2210 1103 513
16641 8450 4436 2466 1533 513
16641 8454 4178 2528 1049 513
16641 8454 4436 2272 1257 513
16641 8466 4182 2217 1097 513
16641 8466 4420 2489 1504 513
16641 8470 4178 2559 1051 513
16641 8470 4420 2287 1252 513
16641 8482 4116 2434 1085 513
16641 8482 4406 2178 1199 513
16641 8496 4112 2459 1085 513
16641 8496 4384 2187 1190 513
16641 8550 4116 2272 1129 513
16641 8550 4466 2528 1433 513
16641 8560 4112 2287 1133 513
16641 8560 4448 2559 1410 513
16641 8580 4187 2372 1042 513
16641 8580 4191 2240 1097 513
16641 8605 4187 2384 1040 513
16641 8605 4191 2253 1103 513
16641 8608 4121 2210 1133 513
16641 8608 4505 2178 1197 513
16641 8635 4125 2217 1129 513
16641 8635 4484 2187 1188 513
16641 8644 4543 2240 1225 513
16641 8644 4603 2308 1330 513
16641 8665 4512 2253 1222 513
16641 8665 4576 2324 1314 513
16641 8672 4121 2310 1076 513
16641 8672 4505 2406 1396 513
16641 8703 4125 2326 1076 513
16641 8703 4484 2416 1376 513
16643 8203 5376 2091 513 198
16643 8203 5398 2089 513 203
16643 8207 4226 2164 1282 513
16643 8207 4239 2162 1296 513
16643 8223 4480 2162 1378 513
16643 8223 4509 2164 1398 513
16643 8224 4352 2091 513 228
16643 8226 4372 2089 513 235
16643 8267 4299 2134 1364 513
16643 8267 5376 2061 513 134
16643 8271 4290 2130 1346 513
16643 8271 5398 2061 513 143
16643 8283 4480 2134 1282 513
16643 8287 4509 2130 1296 513
16643 8290 4372 2063 513 141
16643 8292 4352 2063 513 132
16643 8384 4239 2498 1433 513
16643 8384 4299 2466 1501 513
16643 8397 4226 2527 1410 513
16643 8397 4290 2489 1474 513
16643 8450 4118 2274 1131 513
16643 8450 4372 2530 1433 513
16643 8452 4452 3083 513 228
16643 8466 4114 2285 1135 513
16643 8466 4352 2557 1410 513
16643 8468 4470 3081 513 235
16643 8480 4356 3119 513 132
16643 8498 4368 3119 513 141
16643 8514 4182 2210 1101 513
16643 8514 4372 2466 1535 513
16643 8534 4182 2217 1099 513
16643 8534 4352 2489 1506 513
16643 8640 4123 2210 1135 513
16643 8640 4191 2242 1099 513
16643 8669 4127 2217 1131 513
16643 8669 4191 2255 1101 513
16643 9485 5382 3117 513 134
16643 9485 5446 3083 513 198
16643 9503 5392 3117 513 143
16643 9503 5460 3081 513 203
16645 12297 2322 1398 513 237
16645 12301 2306 1378 513 226
16645 12367 2368 1282 513 130
16645 12367 2388 1296 513 139
16645 8203 5376 2093 513 134
16645 8203 5398 2095 513 143
16645 8207 2146 1280 513 130
16645 8207 2148 1298 513 139
16645 8244 4368 2111 1435 513
16645 8244 4388 2095 1188 513
16645 8246 4356 2109 1408 513
16645 8246 4402 2093 1197 513
16645 8265 2116 1298 513 237
16645 8265 5398 2061 513 173
16645 8269 2112 1280 513 226
16645 8269 5376 2061 513 166
16645 8306 4356 2063 1156 513
16645 8306 4470 2079 1435 513
16645 8308 4368 2063 1167 513
16645 8308 4452 2079 1408 513
16645 8356 4141 2464 1087 513
16645 8367 4139 2491 1087 513
16645 8388 4139 2340 1078 513
16645 8388 4207 2464 1053 513
16645 8393 4141 2358 1078 513
16645 8393 4205 2491 1055 513
16645 8420 4205 2308 1046 513
16645 8427 4207 2324 1044 513
16645 8612 4505 2208 1167 513
16645 8639 4484 2219 1156 513
16645 8644 4539 2208 1197 513
16645 8644 4607 2340 1298 513
16645 8665 4516 2219 1188 513
16645 8665 4580 2358 1280 513
16645 8676 4505 2308 1298 513
16645 8699 4484 2324 1280 513
16645 9515 5414 3117 513 166
16645 9531 5426 3117 513 173
16645 9549 5382 3085 513 134
16645 9563 5392 3087 513 143
16647 12299 2422 1296 513 139
16647 12303 2400 1282 513 130
16647 12367 2306 1346 513 194
16647 12367 2322 1364 513 207
16647 8203 4230 2111 1408 513
16647 8203 4235 2109 1435 513
16647 8207 2144 1280 513 194
16647 8207 2150 1298 513 207
16647 8219 4480 2093 1190 513
16647 8219 4509 2095 1199 513
16647 8228 4352 2095 513 132
16647 8230 4372 2093 513 141
16647 8267 2118 1298 513 139
16647 8267 4294 2077 1408 513
16647 8271 2114 1280 513 130
16647 8271 4303 2077 1435 513
16647 8283 4509 2061 1165 513
16647 8287 4480 2061 1158 513
16647 8288 4352 2063 513 164
16647 8294 4372 2063 513 175
16647 8384 4235 2310 1298 513
16647 8384 4303 2342 1298 513
16647 8397 4230 2326 1280 513
16647 8397 4294 2356 1280 513
16647 8452 4388 3119 513 164
16647 8454 4114 2464 1085 513
16647 8454 4372 2208 1165 513
16647 8468 4402 3119 513 175
16647 8470 4118 2491 1085 513
16647 8470 4352 2219 1158 513
16647 8518 4178 2464 1055 513
16647 8518 4372 2208 1199 513
16647 8530 4178 2491 1053 513
16647 8530 4352 2219 1190 513
16647 8544 4356 3087 513 132
16647 8566 4368 3085 513 141
16647 8640 4127 2342 1076 513
16647 8640 4187 2310 1044 513
16647 8669 4123 2356 1076 513
16647 8669 4187 2326 1046 513
16648 8203 4290 2164 1283 513
16648 8203 4299 2162 1297 513
16648 8207 4294 2107 1473 513
16648 8207 4303 2105 1502 513
16648 8219 4549 2162 1377 513
16648 8219 4572 2164 1397 513
16648 8223 4549 2089 1252 513
16648 8223 4572 2091 1257 513
16648 8244 4369 2105 1532 513
16648 8244 4385 2089 1222 513
16648 8246 4357 2107 1505 513
16648 8246 4407 2091 1225 513
16648 8265 4262 2130 1345 513
16648 8265 4322 2079 1443 513
16648 8269 4265 2134 1367 513
16648 8269 4329 2079 1466 513
16648 8281 4542 2063 1199 513
16648 8281 4602 2130 1297 513
16648 8285 4513 2063 1190 513
16648 8285 4577 2134 1283 513
16648 8306 4357 2061 1188 513
16648 8306 4467 2077 1466 513
16648 8308 4369 2061 1197 513
16648 8308 4449 2077 1443 513
16648 8320 4299 2499 1432 513
16648 8320 4303 2375 1367 513
16648 8329 4290 2526 1411 513
16648 8329 4294 2387 1345 513
16648 8356 4137 2433 1087 513
16648 8356 4265 2465 1502 513
16648 8367 4143 2456 1087 513
16648 8367 4262 2490 1473 513
16648 8384 4143 2311 1078 513
16648 8384 4203 2499 1049 513
16648 8397 4137 2327 1078 513
16648 8397 4201 2526 1051 513
16648 8420 4201 2405 1042 513
16648 8420 4329 2309 1331 513
16648 8427 4203 2419 1040 513
16648 8427 4322 2325 1315 513
16648 8451 4178 2531 1049 513
16648 8451 4437 2274 1257 513
16648 8455 4182 2208 1103 513
16648 8455 4437 2465 1532 513
16648 8467 4178 2556 1051 513
16648 8467 4421 2285 1252 513
16648 8471 4182 2219 1097 513
16648 8471 4421 2490 1505 513
16648 8487 4116 2433 1085 513
16648 8487 4407 2176 1199 513
16648 8501 4112 2456 1085 513
16648 8501 4385 2185 1190 513
16648 8547 4116 2274 1129 513
16648 8547 4467 2531 1432 513
16648 8565 4112 2285 1133 513
16648 8565 4449 2556 1411 513
16648 8577 4187 2375 1042 513
16648 8577 4191 2242 1097 513
16648 8600 4187 2387 1040 513
16648 8600 4191 2255 1103 513
16648 8613 4121 2208 1133 513
16648 8613 4504 2176 1197 513
16648 8638 4125 2219 1129 513
16648 8638 4485 2185 1188 513
16648 8641 4542 2242 1225 513
16648 8641 4602 2311 1331 513
16648 8668 4513 2255 1222 513
16648 8668 4577 2327 1315 513
16648 8677 4121 2309 1076 513
16648 8677 4504 2405 1397 513
16648 8698 4125 2325 1076 513
16648 8698 4485 2419 1377 513
16650 8203 4226 2166 1283 513
16650 8203 4239 2160 1297 513
16650 8207 5377 2089 513 198
16650 8207 5399 2091 513 203
16650 8219 4481 2160 1379 513
16650 8219 4508 2166 1399 513
16650 8228 4353 2089 513 228
16650 8230 4373 2091 513 235
16650 8267 4290 2128 1347 513
16650 8267 5399 2063 513 143
16650 8271 4299 2132 1365 513
16650 8271 5377 2063 513 134
16650 8283 4508 2128 1297 513
16650 8287 4481 2132 1283 513
16650 8288 4353 2061 513 132
16650 8294 4373 2061 513 141
16650 8388 4239 2497 1432 513
16650 8388 4299 2465 1500 513
16650 8393 4226 2524 1411 513
16650 8393 4290 2490 1475 513
16650 8449 4453 3081 513 228
16650 8455 4118 2272 1131 513
16650 8455 4373 2529 1432 513
16650 8465 4471 3083 513 235
16650 8471 4114 2287 1135 513
16650 8471 4353 2558 1411 513
16650 8485 4357 3117 513 132
16650 8503 4369 3117 513 141
16650 8519 4182 2208 1101 513
16650 8519 4373 2465 1534 513
16650 8531 4182 2219 1099 513
16650 8531 4353 2490 1507 513
16650 8645 4123 2208 1135 513
16650 8645 4191 2240 1099 513
16650 8664 4127 2219 1131 513
16650 8664 4191 2253 1101 513
16650 9480 5383 3119 513 134
16650 9480 5447 3081 513 198
16650 9498 5393 3119 513 143
16650 9498 5461 3083 513 203
16652 12297 2305 1379 513 226
16652 12301 2321 1399 513 237
16652 12363 2371 1283 513 130
16652 12363 2391 1297 513 139
16652 8203 2144 1281 513 130
16652 8203 2150 1299 513 139
16652 8207 5377 2095 513 134
16652 8207 5399 2093 513 143
16652 8240 4369 2109 1434 513
16652 8240 4389 2093 1188 513
16652 8242 4357 2111 1409 513
16652 8242 4403 2095 1197 513
16652 8265 2114 1281 513 226
16652 8265 5377 2063 513 166
16652 8269 2118 1299 513 237
16652 8269 5399 2063 513 173
16652 8304 4369 2061 1167 513
16652 8304 4453 2077 1409 513
16652 8310 4357 2061 1156 513
16652 8310 4471 2077 1434 513
16652 8352 4141 2467 1087 513
16652 8363 4139 2488 1087 513
16652 8384 4139 2343 1078 513
16652 8384 4207 2467 1053 513
16652 8397 4141 2357 1078 513
16652 8397 4205 2488 1055 513
16652 8416 4205 2311 1046 513
16652 8431 4207 2327 1044 513
16652 8609 4504 2210 1167 513
16652 8634 4485 2217 1156 513
16652 8641 4538 2210 1197 513
16652 8641 4606 2343 1299 513
16652 8668 4517 2217 1188 513
16652 8668 4581 2357 1281 513
16652 8673 4504 2311 1299 513
16652 8702 4485 2327 1281 513
16652 9518 5415 3119 513 166
16652 9534 5427 3119 513 173
16652 9544 5383 3087 513 134
16652 9566 5393 3085 513 143
16654 12299 2403 1283 513 130
16654 12303 2421 1297 513 139
16654 12363 2305 1347 513 194
16654 12363 2321 1365 513 207
16654 8203 2146 1281 513 194
16654 8203 2148 1299 513 207
16654 8207 4230 2109 1409 513
16654 8207 4235 2111 1434 513
16654 8223 4481 2095 1190 513
16654 8223 4508 2093 1199 513
16654 8224 4353 2093 513 132
16654 8226 4373 2095 513 141
16654 8267 2112 1281 513 130
16654 8267 4303 2079 1434 513
16654 8271 2116 1299 513 139
16654 8271 4294 2079 1409 513
16654 8283 4481 2063 1158 513
16654 8287 4508 2063 1165 513
16654 8290 4373 2061 513 175
16654 8292 4353 2061 513 164
16654 8388 4235 2309 1299 513
16654 8388 4303 2341 1299 513
16654 8393 4230 2325 1281 513
16654 8393 4294 2359 1281 513
16654 8449 4389 3117 513 164
16654 8451 4114 2467 1085 513
16654 8451 4373 2210 1165 513
16654 8465 4403 3117 513 175
16654 8467 4118 2488 1085 513
16654 8467 4353 2217 1158 513
16654 8515 4178 2467 1055 513
16654 8515 4373 2210 1199 513
16654 8535 4178 2488 1053 513
16654 8535 4353 2217 1190 513
16654 8549 4357 3085 513 132
16654 8563 4369 3087 513 141
16654 8645 4127 2341 1076 513
16654 8645 4187 2309 1044 513
16654 8664 4123 2359 1076 513
16654 8664 4187 2325 1046 513
16657 8203 4291 2105 1475 513
16657 8203 4298 2107 1500 513
16657 8207 4295 2166 1280 513
16657 8207 4302 2160 1298 513
16657 8219 4545 2091 1255 513
16657 8219 4568 2089 1258 513
16657 8223 4545 2160 1378 513
16657 8223 4568 2166 1398 513
16657 8240 4372 2107 1534 513
16657 8240 4388 2091 1221 513
16657 8242 4352 2105 1507 513
16657 8242 4402 2089 1226 513
16657 8265 4268 2132 1364 513
16657 8265 4332 2077 1464 513
16657 8269 4259 2128 1346 513
16657 8269 4327 2077 1441 513
16657 8281 4517 2061 1189 513
16657 8281 4581 2132 1280 513
16657 8285 4538 2061 1196 513
16657 8285 4606 2128 1298 513
16657 8304 4372 2063 1198 513
16657 8304 4452 2079 1441 513
16657 8310 4352 2063 1191 513
16657 8310 4470 2079 1464 513
16657 8325 4298 2372 1364 513
16657 8325 4302 2497 1434 513
16657 8332 4291 2384 1346 513
16657 8332 4295 2524 1409 513
16657 8353 4141 2435 1085 513
16657 8353 4268 2467 1500 513
16657 8362 4139 2458 1085 513
16657 8362 4259 2488 1475 513
16657 8389 4139 2308 1076 513
16657 8389 4207 2497 1051 513
16657 8392 4141 2324 1076 513
16657 8392 4205 2524 1049 513
16657 8417 4205 2406 1040 513
16657 8417 4332 2310 1328 513
16657 8430 4207 2416 1042 513
16657 8430 4327 2326 1312 513
16657 8450 4178 2211 1101 513
16657 8450 4432 2467 1534 513
16657 8454 4182 2529 1051 513
16657 8454 4432 2273 1258 513
16657 8466 4178 2216 1099 513
16657 8466 4416 2488 1507 513
16657 8470 4182 2558 1049 513
16657 8470 4416 2286 1255 513
16657 8482 4112 2435 1087 513
16657 8482 4402 2179 1196 513
16657 8496 4116 2458 1087 513
16657 8496 4388 2186 1189 513
16657 8550 4112 2273 1131 513
16657 8550 4470 2529 1434 513
16657 8560 4116 2286 1135 513
16657 8560 4452 2558 1409 513
16657 8581 4187 2241 1099 513
16657 8581 4191 2372 1040 513
16657 8604 4187 2252 1101 513
16657 8604 4191 2384 1042 513
16657 8609 4125 2211 1135 513
16657 8609 4508 2179 1198 513
16657 8634 4121 2216 1131 513
16657 8634 4481 2186 1191 513
16657 8645 4538 2241 1226 513
16657 8645 4606 2308 1328 513
16657 8664 4517 2252 1221 513
16657 8664 4581 2324 1312 513
16657 8673 4125 2310 1078 513
16657 8673 4508 2406 1398 513
16657 8702 4121 2326 1078 513
16657 8702 4481 2416 1378 513
16659 8203 5382 2091 513 199
16659 8203 5392 2089 513 202
16659 8207 4231 2164 1280 513
16659 8207 4234 2162 1298 513
16659 8223 4485 2162 1376 513
16659 8223 4504 2164 1396 513
16659 8224 4356 2091 513 229
16659 8226 4368 2089 513 234
16659 8267 4302 2134 1366 513
16659 8267 5382 2061 513 135
16659 8271 4295 2130 1344 513
16659 8271 5392 2061 513 142
16659 8283 4485 2134 1280 513
16659 8287 4504 2130 1298 513
16659 8290 4368 2063 513 140
16659 8292 4356 2063 513 133
16659 8385 4234 2499 1434 513
16659 8385 4302 2467 1502 513
16659 8396 4231 2526 1409 513
16659 8396 4295 2488 1473 513
16659 8450 4114 2275 1129 513
16659 8450 4368 2531 1434 513
16659 8452 4448 3081 513 229
16659 8466 4118 2284 1133 513
16659 8466 4356 2556 1409 513
16659 8468 4466 3083 513 234
16659 8480 4352 3117 513 133
16659 8498 4372 3117 513 140
16659 8514 4178 2211 1103 513
16659 8514 4368 2467 1532 513
16659 8534 4178 2216 1097 513
16659 8534 4356 2488 1505 513
16659 8641 4127 2211 1133 513
16659 8641 4187 2243 1097 513
16659 8668 4123 2216 1129 513
16659 8668 4187 2254 1103 513
16659 9487 5376 3119 513 135
16659 9487 5440 3081 513 199
16659 9501 5398 3119 513 142
16659 9501 5458 3083 513 202
16661 12297 2306 1376 513 227
16661 12301 2322 1396 513 236
16661 12363 2368 1280 513 131
16661 12363 2388 1298 513 138
16661 8203 5382 2093 513 135
16661 8203 5392 2095 513 142
16661 8207 2146 1282 513 131
16661 8207 2148 1296 513 138
16661 8244 4372 2111 1432 513
16661 8244 4384 2095 1191 513
16661 8246 4352 2109 1411 513
16661 8246 4406 2093 1198 513
16661 8265 2116 1296 513 236
16661 8265 5392 2061 513 172
16661 8269 2112 1282 513 227
16661 8269 5382 2061 513 167
16661 8306 4352 2063 1159 513
16661 8306 4466 2079 1432 513
16661 8308 4372 2063 1164 513
16661 8308 4448 2079 1411 513
16661 8357 4137 2465 1085 513
16661 8366 4143 2490 1085 513
16661 8389 4143 2340 1076 513
16661 8389 4203 2465 1055 513
16661 8392 4137 2358 1076 513
16661 8392 4201 2490 1053 513
16661 8421 4201 2308 1044 513
16661 8426 4203 2324 1046 513
16661 8613 4508 2209 1164 513
16661 8638 4481 2218 1159 513
16661 8645 4542 2209 1198 513
16661 8645 4602 2340 1296 513
16661 8664 4513 2218 1191 513
16661 8664 4577 2358 1282 513
16661 8677 4508 2308 1296 513
16661 8698 4481 2324 1282 513
16661 9513 5408 3119 513 167
16661 9529 5428 3119 513 172
16661 9551 5376 3087 513 135
16661 9561 5398 3085 513 142
16663 12299 2400 1280 513 131
16663 12303 2422 1298 513 138
16663 12363 2306 1344 513 195
16663 12363 2322 1366 513 206
16663 8203 4227 2111 1411 513
16663 8203 4238 2109 1432 513
16663 8207 2144 1282 513 195
16663 8207 2150 1296 513 206
16663 8219 4485 2093 1189 513
16663 8219 4504 2095 1196 513
16663 8228 4356 2095 513 133
16663 8230 4368 2093 513 140
16663 8267 2118 1296 513 138
16663 8267 4291 2077 1411 513
16663 8271 2114 1282 513 131
16663 8271 4298 2077 1432 513
16663 8283 4504 2061 1166 513
16663 8287 4485 2061 1157 513
16663 8288 4356 2063 513 165
16663 8294 4368 2063 513 174
16663 8385 4238 2310 1296 513
16663 8385 4298 2342 1296 513
16663 8396 4227 2326 1282 513
16663 8396 4291 2356 1282 513
16663 8452 4384 3117 513 165
16663 8454 4118 2465 1087 513
16663 8454 4368 2209 1166 513
16663 8468 4406 3117 513 174
16663 8470 4114 2490 1087 513
16663 8470 4356 2218 1157 513
16663 8518 4182 2465 1053 513
16663 8518 4368 2209 1196 513
16663 8530 4182 2490 1055 513
16663 8530 4356 2218 1189 513
16663 8544 4352 3085 513 133
16663 8566 4372 3087 513 140
16663 8641 4123 2342 1078 513
16663 8641 4191 2310 1046 513
16663 8668 4127 2356 1078 513
16663 8668 4191 2326 1044 513
16664 8203 4295 2164 1281 513
16664 8203 4302 2162 1299 513
16664 8207 4291 2107 1474 513
16664 8207 4298 2105 1501 513
16664 8219 4544 2162 1379 513
16664 8219 4569 2164 1399 513
16664 8223 4544 2089 1255 513
16664 8223 4569 2091 1258 513
16664 8244 4373 2105 1535 513
16664 8244 4389 2089 1221 513
16664 8246 4353 2107 1506 513
16664 8246 4403 2091 1226 513
16664 8265 4259 2130 1347 513
16664 8265 4327 2079 1440 513
16664 8269 4268 2134 1365 513
16664 8269 4332 2079 1465 513
16664 8281 4539 2063 1196 513
16664 8281 4607 2130 1299 513
16664 8285 4516 2063 1189 513
16664 8285 4580 2134 1281 513
16664 8306 4353 2061 1191 513
16664 8306 4471 2077 1465 513
16664 8308 4373 2061 1198 513
16664 8308 4453 2077 1440 513
16664 8321 4298 2375 1365 513
16664 8321 4302 2498 1435 513
16664 8328 4291 2387 1347 513
16664 8328 4295 2527 1408 513
16664 8357 4141 2432 1085 513
16664 8357 4268 2464 1501 513
16664 8366 4139 2457 1085 513
16664 8366 4259 2491 1474 513
16664 8385 4139 2311 1076 513
16664 8385 4207 2498 1051 513
16664 8396 4141 2327 1076 513
16664 8396 4205 2527 1049 513
16664 8421 4205 2405 1040 513
16664 8421 4332 2309 1329 513
16664 8426 4207 2419 1042 513
16664 8426 4327 2325 1313 513
16664 8451 4182 2530 1051 513
16664 8451 4433 2275 1258 513
16664 8455 4178 2209 1101 513
16664 8455 4433 2464 1535 513
16664 8467 4182 2557 1049 513
16664 8467 4417 2284 1255 513
16664 8471 4178 2218 1099 513
16664 8471 4417 2491 1506 513
16664 8487 4112 2432 1087 513
16664 8487 4403 2177 1196 513
16664 8501 4116 2457 1087 513
16664 8501 4389 2184 1189 513
16664 8547 4112 2275 1131 513
16664 8547 4471 2530 1435 513
16664 8565 4116 2284 1135 513
16664 8565 4453 2557 1408 513
16664 8576 4187 2243 1099 513
16664 8576 4191 2375 1040 513
16664 8601 4187 2254 1101 513
16664 8601 4191 2387 1042 513
16664 8612 4125 2209 1135 513
16664 8612 4509 2177 1198 513
16664 8639 4121 2218 1131 513
16664 8639 4480 2184 1191 513
16664 8640 4539 2243 1226 513
16664 8640 4607 2311 1329 513
16664 8669 4516 2254 1221 513
16664 8669 4580 2327 1313 513
16664 8676 4125 2309 1078 513
16664 8676 4509 2405 1399 513
16664 8699 4121 2325 1078 513
16664 8699 4480 2419 1379 513
16666 8203 4231 2166 1281 513
16666 8203 4234 2160 1299 513
16666 8207 5383 2089 513 199
16666 8207 5393 2091 513 202
16666 8219 4484 2160 1377 513
16666 8219 4505 2166 1397 513
16666 8228 4357 2089 513 229
16666 8230 4369 2091 513 234
16666 8267 4295 2128 1345 513
16666 8267 5393 2063 513 142
16666 8271 4302 2132 1367 513
16666 8271 5383 2063 513 135
16666 8283 4505 2128 1299 513
16666 8287 4484 2132 1281 513
16666 8288 4357 2061 513 133
16666 8294 4369 2061 513 140
16666 8389 4234 2496 1435 513
16666 8389 4302 2464 1503 513
16666 8392 4231 2525 1408 513
16666 8392 4295 2491 1472 513
16666 8449 4449 3083 513 229
16666 8455 4114 2273 1129 513
16666 8455 4369 2528 1435 513
16666 8465 4467 3081 513 234
16666 8471 4118 2286 1133 513
16666 8471 4357 2559 1408 513
16666 8485 4353 3119 513 133
16666 8503 4373 3119 513 140
16666 8519 4178 2209 1103 513
16666 8519 4369 2464 1533 513
16666 8531 4178 2218 1097 513
16666 8531 4357 2491 1504 513
16666 8644 4127 2209 1133 513
16666 8644 4187 2241 1097 513
16666 8665 4123 2218 1129 513
16666 8665 4187 2252 1103 513
16666 9482 5377 3117 513 135
16666 9482 5441 3083 513 199
16666 9496 5399 3117 513 142
16666 9496 5459 3081 513 202
16668 12297 2321 1397 513 236
16668 12301 2305 1377 513 227
16668 12367 2371 1281 513 131
16668 12367 2391 1299 513 138
16668 8203 2144 1283 513 131
16668 8203 2150 1297 513 138
16668 8207 5383 2095 513 135
16668 8207 5393 2093 513 142
16668 8240 4373 2109 1433 513
16668 8240 4385 2093 1191 513
16668 8242 4353 2111 1410 513
16668 8242 4407 2095 1198 513
16668 8265 2114 1283 513 227
16668 8265 5383 2063 513 167
16668 8269 2118 1297 513 236
16668 8269 5393 2063 513 172
16668 8304 4373 2061 1164 513
16668 8304 4449 2077 1410 513
16668 8310 4353 2061 1159 513
16668 8310 4467 2077 1433 513
16668 8353 4137 2466 1085 513
16668 8362 4143 2489 1085 513
16668 8385 4143 2343 1076 513
16668 8385 4203 2466 1055 513
16668 8396 4137 2357 1076 513
16668 8396 4201 2489 1053 513
16668 8417 4201 2311 1044 513
16668 8430 4203 2327 1046 513
16668 8608 4509 2211 1164 513
16668 8635 4480 2216 1159 513
16668 8640 4543 2211 1198 513
16668 8640 4603 2343 1297 513
16668 8669 4512 2216 1191 513
16668 8669 4576 2357 1283 513
16668 8672 4509 2311 1297 513
16668 8703 4480 2327 1283 513
16668 9516 5409 3117 513 167
16668 9532 5429 3117 513 172
16668 9546 5377 3085 513 135
16668 9564 5399 3087 513 142
16670 12299 2421 1299 513 138
16670 12303 2403 1281 513 131
16670 12367 2305 1345 513 195
16670 12367 2321 1367 513 206
16670 8203 2146 1283 513 195
16670 8203 2148 1297 513 206
16670 8207 4227 2109 1410 513
16670 8207 4238 2111 1433 513
16670 8223 4484 2095 1189 513
16670 8223 4505 2093 1196 513
16670 8224 4357 2093 513 133
16670 8226 4369 2095 513 140
16670 8267 2112 1283 513 131
16670 8267 4298 2079 1433 513
16670 8271 2116 1297 513 138
16670 8271 4291 2079 1410 513
16670 8283 4484 2063 1157 513
16670 8287 4505 2063 1166 513
16670 8290 4369 2061 513 174
16670 8292 4357 2061 513 165
16670 8389 4238 2309 1297 513
16670 8389 4298 2341 1297 513
16670 8392 4227 2325 1283 513
16670 8392 4291 2359 1283 513
16670 8449 4385 3119 513 165
16670 8451 4118 2466 1087 513
16670 8451 4369 2211 1166 513
16670 8465 4407 3119 513 174
16670 8467 4114 2489 1087 513
16670 8467 4357 2216 1157 513
16670 8515 4182 2466 1053 513
16670 8515 4369 2211 1196 513
16670 8535 4182 2489 1055 513
16670 8535 4357 2216 1189 513
16670 8549 4353 3087 513 133
16670 8563 4373 3085 513 140
16670 8644 4123 2341 1078 513
16670 8644 4191 2309 1046 513
16670 8665 4127 2359 1078 513
16670 8665 4191 2325 1044 513
16673 10253 4509 1410 513 125
16673 10255 4372 1282 513 116
16673 10255 4372 1296 513 112
16673 10258 4509 1433 513 121
16673 8194 4105 2466 513 95
16673 8194 4123 2210 513 79
16673 8205 4102 1296 513 80
16673 8205 4116 1282 513 86
16673 8205 4269 2109 1467 513
16673 8205 4329 2107 1535 513
16673 8205 5398 2089 513 233
16673 8205 5398 2095 513 173
16673 8207 4125 1410 513 95
16673 8207 4125 2217 513 73
16673 8210 4102 1433 513 89
16673 8210 4116 3209 513 73
16673 8221 4105 3330 513 86
16673 8221 4123 3344 513 80
16673 8221 4512 2093 1158 513
16673 8221 4580 2091 1220 513
16673 8223 4114 2489 513 89
16673 8223 4114 3202 513 79
16673 8226 4372 2093 513 175
16673 8230 4372 2089 513 201
16673 8240 4372 2111 1467 513
16673 8240 4388 2095 1156 513
16673 8244 4372 2107 1501 513
16673 8244 4384 2091 1254 513
16673 8352 5147 2210 513 109
16673 8356 4329 2404 1398 513
16673 8356 5151 2217 513 105
16673 8397 4201 2459 1055 513
16673 8397 4205 2557 1051 513
16673 8416 4205 2374 1042 513
16673 8416 4269 2342 1330 513
16673 8420 4201 2340 1046 513
16673 8496 4180 2527 1051 513
16673 8496 4452 2255 1220 513
16673 8498 4436 3081 513 201
16673 8528 4402 3085 513 175
16673 8564 4180 2459 1053 513
16673 8564 4384 2187 1158 513
16673 8608 5129 2466 513 125
16673 8612 4189 2404 1042 513
16673 8612 5138 2489 513 121
16673 8669 4512 2285 1254 513
16673 8669 4516 2187 1156 513
16673 8672 4189 2342 1044 513
16673 8672 4509 2374 1364 513
16673 8676 4509 2340 1330 513
16673 9371 5142 3209 513 105
16673 9375 5138 3202 513 109
16673 9487 5147 3344 513 112
16673 9501 5129 3330 513 116
16673 9531 5494 3081 513 233
16673 9599 5426 3087 513 173
16675 10253 4480 1433 513 123
16675 10255 4352 1282 513 118
16675 10255 4352 1296 513 114
16675 10258 4480 1410 513 127
16675 8194 4109 2489 513 91
16675 8194 4127 2217 513 75
16675 8205 4098 1282 513 84
16675 8205 4112 1296 513 82
16675 8205 4258 2111 1442 513
16675 8205 4322 2105 1506 513
16675 8205 5376 2091 513 230
16675 8205 5376 2093 513 166
16675 8207 4121 1433 513 91
16675 8207 4121 2210 513 77
16675 8210 4098 1410 513 93
16675 8210 4112 3202 513 77
16675 8221 4109 3344 513 82
16675 8221 4127 3330 513 84
16675 8221 4543 2095 1165 513
16675 8221 4607 2089 1227 513
16675 8223 4118 2466 513 93
16675 8223 4118 3209 513 75
16675 8224 4352 2095 513 164
16675 8228 4352 2091 513 196
16675 8242 4352 2109 1442 513
16675 8242 4402 2093 1167 513
16675 8246 4352 2105 1474 513
16675 8246 4406 2089 1259 513
16675 8363 5149 2217 513 107
16675 8367 4322 2418 1378 513
16675 8367 5145 2210 513 111
16675 8384 4203 2434 1053 513
16675 8384 4207 2530 1049 513
16675 8427 4203 2358 1044 513
16675 8431 4207 2386 1040 513
16675 8431 4258 2356 1314 513
16675 8480 4420 3083 513 196
16675 8482 4180 2498 1049 513
16675 8482 4470 2242 1227 513
16675 8516 4388 3087 513 164
16675 8546 4180 2434 1055 513
16675 8546 4406 2178 1165 513
16675 8635 5135 2489 513 123
16675 8639 4189 2418 1040 513
16675 8639 5140 2466 513 127
16675 8640 4539 2178 1167 513
16675 8640 4543 2274 1259 513
16675 8699 4480 2358 1314 513
16675 8703 4189 2356 1046 513
16675 8703 4480 2386 1346 513
16675 9360 5136 3202 513 111
16675 9364 5140 3209 513 107
16675 9487 5135 3344 513 114
16675 9501 5149 3330 513 118
16675 9515 5478 3083 513 230
16675 9579 5414 3085 513 166
16680 10249 4373 1283 513 116
16680 10249 4373 1297 513 112
16680 10251 4508 1411 513 125
16680 10260 4508 1432 513 121
16680 8198 4105 2465 513 95
16680 8198 4123 2208 513 79
16680 8201 4102 1297 513 80
16680 8201 4116 1283 513 86
16680 8201 4269 2111 1466 513
16680 8201 4329 2105 1534 513
16680 8201 5399 2091 513 233
16680 8201 5399 2093 513 173
16680 8203 4125 1411 513 95
16680 8203 4125 2219 513 73
16680 8214 4102 1432 513 89
16680 8214 4116 3211 513 73
16680 8217 4105 3329 513 86
16680 8217 4123 3347 513 80
16680 8217 4513 2095 1158 513
16680 8217 4581 2089 1220 513
16680 8219 4114 2490 513 89
16680 8219 4114 3200 513 79
16680 8226 4373 2091 513 201
16680 8230 4373 2095 513 175
16680 8240 4373 2105 1500 513
16680 8240 4385 2089 1254 513
16680 8244 4373 2109 1466 513
16680 8244 4389 2093 1156 513
16680 8352 4329 2407 1399 513
16680 8352 5151 2219 513 105
16680 8356 5147 2208 513 109
16680 8393 4201 2456 1055 513
16680 8393 4205 2558 1051 513
16680 8416 4201 2343 1046 513
16680 8420 4205 2373 1042 513
16680 8420 4269 2341 1331 513
16680 8501 4180 2524 1051 513
16680 8501 4453 2253 1220 513
16680 8503 4437 3083 513 201
16680 8533 4403 3087 513 175
16680 8561 4180 2456 1053 513
16680 8561 4385 2185 1158 513
16680 8609 4189 2407 1042 513
16680 8609 5138 2490 513 121
16680 8613 5129 2465 513 125
16680 8664 4513 2287 1254 513
16680 8664 4517 2185 1156 513
16680 8673 4508 2343 1331 513
16680 8677 4189 2341 1044 513
16680 8677 4508 2373 1365 513
16680 9371 5138 3200 513 109
16680 9375 5142 3211 513 105
16680 9482 5147 3347 513 112
16680 9496 5129 3329 513 116
16680 9534 5495 3083 513 233
16680 9594 5427 3085 513 173
16682 10249 4353 1283 513 118
16682 10249 4353 1297 513 114
16682 10251 4481 1432 513 123
16682 10260 4481 1411 513 127
16682 8198 4109 2490 513 91
16682 8198 4127 2219 513 75
16682 8201 4098 1283 513 84
16682 8201 4112 1297 513 82
16682 8201 4258 2109 1443 513
16682 8201 4322 2107 1507 513
16682 8201 5377 2089 513 230
16682 8201 5377 2095 513 166
16682 8203 4121 1432 513 91
16682 8203 4121 2208 513 77
16682 8214 4098 1411 513 93
16682 8214 4112 3200 513 77
16682 8217 4109 3347 513 82
16682 8217 4127 3329 513 84
16682 8217 4542 2093 1165 513
16682 8217 4606 2091 1227 513
16682 8219 4118 2465 513 93
16682 8219 4118 3211 513 75
16682 8224 4353 2089 513 196
16682 8228 4353 2093 513 164
16682 8242 4353 2107 1475 513
16682 8242 4407 2091 1259 513
16682 8246 4353 2111 1443 513
16682 8246 4403 2095 1167 513
16682 8363 4322 2417 1379 513
16682 8363 5145 2208 513 111
16682 8367 5149 2219 513 107
16682 8388 4203 2433 1053 513
16682 8388 4207 2529 1049 513
16682 8427 4207 2385 1040 513
16682 8427 4258 2359 1315 513
16682 8431 4203 2357 1044 513
16682 8485 4421 3081 513 196
16682 8487 4180 2497 1049 513
16682 8487 4471 2240 1227 513
16682 8513 4389 3085 513 164
16682 8551 4180 2433 1055 513
16682 8551 4407 2176 1165 513
16682 8634 4189 2417 1040 513
16682 8634 5140 2465 513 127
16682 8638 5135 2490 513 123
16682 8645 4538 2176 1167 513
16682 8645 4542 2272 1259 513
16682 8698 4189 2359 1046 513
16682 8698 4481 2385 1347 513
16682 8702 4481 2357 1315 513
16682 9360 5140 3211 513 107
16682 9364 5136 3200 513 111
16682 9482 5135 3347 513 114
16682 9496 5149 3329 513 118
16682 9518 5479 3081 513 230
16682 9582 5415 3087 513 166
16689 10253 4504 1409 513 125
16689 10255 4368 1280 513 116
16689 10255 4368 1298 513 112
16689 10258 4504 1434 513 121
16689 8194 4109 2467 513 95
16689 8194 4127 2211 513 79
16689 8205 4098 1298 513 80
16689 8205 4112 1280 513 86
16689 8205 4264 2109 1464 513
16689 8205 4332 2107 1532 513
16689 8205 5392 2089 513 232
16689 8205 5392 2095 513 172
16689 8207 4121 1409 513 95
16689 8207 4121 2216 513 73
16689 8210 4098 1434 513 89
16689 8210 4112 3210 513 73
16689 8221 4109 3328 513 86
16689 8221 4127 3346 513 80
16689 8221 4517 2093 1157 513
16689 8221 4577 2091 1223 513
16689 8223 4118 2488 513 89
16689 8223 4118 3201 513 79
16689 8226 4368 2093 513 174
16689 8230 4368 2089 513 200
16689 8240 4368 2111 1464 513
16689 8240 4384 2095 1159 513
16689 8244 4368 2107 1502 513
16689 8244 4388 2091 1253 513
16689 8353 5149 2211 513 109
16689 8357 4332 2404 1396 513
16689 8357 5145 2216 513 105
16689 8396 4201 2556 1049 513
16689 8396 4205 2458 1053 513
16689 8417 4201 2374 1040 513
16689 8417 4264 2342 1328 513
16689 8421 4205 2340 1044 513
16689 8496 4176 2526 1049 513
16689 8496 4448 2254 1223 513
16689 8498 4432 3083 513 200
16689 8528 4406 3087 513 174
16689 8564 4176 2458 1055 513
16689 8564 4388 2186 1157 513
16689 8609 5135 2467 513 125
16689 8613 4185 2404 1040 513
16689 8613 5140 2488 513 121
16689 8668 4513 2186 1159 513
16689 8668 4517 2284 1253 513
16689 8673 4185 2342 1046 513
16689 8673 4504 2374 1366 513
16689 8677 4504 2340 1328 513
16689 9368 5136 3210 513 105
16689 9372 5140 3201 513 109
16689 9485 5149 3346 513 112
16689 9503 5135 3328 513 116
16689 9529 5488 3083 513 232
16689 9597 5428 3085 513 172
16691 10253 4485 1434 513 123
16691 10255 4356 1280 513 118
16691 10255 4356 1298 513 114
16691 10258 4485 1409 513 127
16691 8194 4105 2488 513 91
16691 8194 4123 2216 513 75
16691 8205 4102 1280 513 84
16691 8205 4116 1298 513 82
16691 8205 4263 2111 1441 513
16691 8205 4327 2105 1505 513
16691 8205 5382 2091 513 231
16691 8205 5382 2093 513 167
16691 8207 4125 1434 513 91
16691 8207 4125 2211 513 77
16691 8210 4102 1409 513 93
16691 8210 4116 3201 513 77
16691 8221 4105 3346 513 82
16691 8221 4123 3328 513 84
16691 8221 4538 2095 1166 513
16691 8221 4602 2089 1224 513
16691 8223 4114 2467 513 93
16691 8223 4114 3210 513 75
16691 8224 4356 2095 513 165
16691 8228 4356 2091 513 197
16691 8242 4356 2109 1441 513
16691 8242 4406 2093 1164 513
16691 8246 4356 2105 1473 513
16691 8246 4402 2089 1256 513
16691 8362 5147 2216 513 107
16691 8366 4327 2418 1376 513
16691 8366 5151 2211 513 111
16691 8385 4203 2531 1051 513
16691 8385 4207 2435 1055 513
16691 8426 4207 2358 1046 513
16691 8430 4203 2386 1042 513
16691 8430 4263 2356 1312 513
16691 8480 4416 3081 513 197
16691 8482 4176 2499 1051 513
16691 8482 4466 2243 1224 513
16691 8516 4384 3085 513 165
16691 8546 4176 2435 1053 513
16691 8546 4402 2179 1166 513
16691 8634 5129 2488 513 123
16691 8638 4185 2418 1042 513
16691 8638 5138 2467 513 127
16691 8641 4538 2275 1256 513
16691 8641 4542 2179 1164 513
16691 8698 4485 2358 1312 513
16691 8702 4185 2356 1044 513
16691 8702 4485 2386 1344 513
16691 9363 5142 3201 513 111
16691 9367 5138 3210 513 107
16691 9485 5129 3346 513 114
16691 9503 5147 3328 513 118
16691 9513 5472 3081 513 231
16691 9577 5408 3087 513 167
16696 10249 4369 1281 513 116
16696 10249 4369 1299 513 112
16696 10251 4505 1408 513 125
16696 10260 4505 1435 513 121
16696 8198 4109 2464 513 95
16696 8198 4127 2209 513 79
16696 8201 4098 1299 513 80
16696 8201 4112 1281 513 86
16696 8201 4264 2111 1465 513
16696 8201 4332 2105 1533 513
16696 8201 5393 2091 513 232
16696 8201 5393 2093 513 172
16696 8203 4121 1408 513 95
16696 8203 4121 2218 513 73
16696 8214 4098 1435 513 89
16696 8214 4112 3208 513 73
16696 8217 4109 3331 513 86
16696 8217 4127 3345 513 80
16696 8217 4516 2095 1157 513
16696 8217 4576 2089 1223 513
16696 8219 4118 2491 513 89
16696 8219 4118 3203 513 79
16696 8226 4369 2091 513 200
16696 8230 4369 2095 513 174
16696 8240 4369 2105 1503 513
16696 8240 4389 2089 1253 513
16696 8244 4369 2109 1465 513
16696 8244 4385 2093 1159 513
16696 8353 4332 2407 1397 513
16696 8353 5145 2218 513 105
16696 8357 5149 2209 513 109
16696 8392 4201 2559 1049 513
16696 8392 4205 2457 1053 513
16696 8417 4205 2343 1044 513
16696 8421 4201 2373 1040 513
16696 8421 4264 2341 1329 513
16696 8501 4176 2525 1049 513
16696 8501 4449 2252 1223 513
16696 8503 4433 3081 513 200
16696 8533 4407 3085 513 174
16696 8561 4176 2457 1055 513
16696 8561 4389 2184 1157 513
16696 8608 4185 2407 1040 513
16696 8608 5140 2491 513 121
16696 8612 5135 2464 513 125
16696 8665 4512 2184 1159 513
16696 8665 4516 2286 1253 513
16696 8672 4505 2343 1329 513
16696 8676 4185 2341 1046 513
16696 8676 4505 2373 1367 513
16696 9368 5140 3203 513 109
16696 9372 5136 3208 513 105
16696 9480 5149 3345 513 112
16696 9498 5135 3331 513 116
16696 9532 5489 3081 513 232
16696 9592 5429 3087 513 172
16698 10249 4357 1281 513 118
16698 10249 4357 1299 513 114
16698 10251 4484 1435 513 123
16698 10260 4484 1408 513 127
16698 8198 4105 2491 513 91
16698 8198 4123 2218 513 75
16698 8201 4102 1281 513 84
16698 8201 4116 1299 513 82
16698 8201 4263 2109 1440 513
16698 8201 4327 2107 1504 513
16698 8201 5383 2089 513 231
16698 8201 5383 2095 513 167
16698 8203 4125 1435 513 91
16698 8203 4125 2209 513 77
16698 8214 4102 1408 513 93
16698 8214 4116 3203 513 77
16698 8217 4105 3345 513 82
16698 8217 4123 3331 513 84
16698 8217 4539 2093 1166 513
16698 8217 4603 2091 1224 513
16698 8219 4114 2464 513 93
16698 8219 4114 3208 513 75
16698 8224 4357 2089 513 197
16698 8228 4357 2093 513 165
16698 8242 4357 2107 1472 513
16698 8242 4403 2091 1256 513
16698 8246 4357 2111 1440 513
16698 8246 4407 2095 1164 513
16698 8362 4327 2417 1377 513
16698 8362 5151 2209 513 111
16698 8366 5147 2218 513 107
16698 8389 4203 2528 1051 513
16698 8389 4207 2432 1055 513
16698 8426 4203 2385 1042 513
16698 8426 4263 2359 1313 513
16698 8430 4207 2357 1046 513
16698 8485 4417 3083 513 197
16698 8487 4176 2496 1051 513
16698 8487 4467 2241 1224 513
16698 8513 4385 3087 513 165
16698 8551 4176 2432 1053 513
16698 8551 4403 2177 1166 513
16698 8635 4185 2417 1042 513
16698 8635 5138 2464 513 127
16698 8639 5129 2491 513 123
16698 8644 4539 2273 1256 513
16698 8644 4543 2177 1164 513
16698 8699 4185 2359 1044 513
16698 8699 4484 2385 1345 513
16698 8703 4484 2357 1313 513
16698 9363 5138 3208 513 107
16698 9367 5142 3203 513 111
16698 9480 5129 3345 513 114
16698 9498 5147 3331 513 118
16698 9516 5473 3083 513 231
16698 9580 5409 3085 513 167
16705 12297 2388 1330 513 169
16705 12299 2352 1364 513 207
16705 12420 2079 1044 513 47
16705 12425 2068 1042 513 41
16705 12548 2075 1033 513 54
16705 12560 2075 1053 513 48
16705 4356 2059 1042 513 54
16705 4368 2059 1030 513 48
16705 4484 2063 1051 513 63
16705 4505 2068 1030 513 57
16705 8265 2118 1298 513 169
16705 8265 5398 2059 513 233
16705 8267 2116 1298 513 207
16705 8267 4230 2075 1472 513
16705 8269 4258 2075 1506 513
16705 8269 4326 2130 1344 513
16705 8271 4226 2128 1346 513
16705 8271 5398 2059 513 203
16705 8283 4573 2059 1227 513
16705 8285 4539 2130 1298 513
16705 8285 4607 2059 1257 513
16705 8287 4573 2128 1298 513
16705 8333 4226 2491 1474 513
16705 8333 4230 2418 1344 513
16705 8367 4258 2384 1378 513
16705 8388 2052 1053 513 47
16705 8393 2063 1051 513 41
16705 8427 4326 2491 1472 513
16705 8486 4116 2272 1131 513
16705 8486 4402 2528 1435 513
16705 8514 4118 2274 1129 513
16705 8514 4436 2530 1435 513
16705 8518 4114 2528 1083 513
16705 8518 4436 2272 1227 513
16705 8546 4116 2498 1083 513
16705 8546 4470 2242 1257 513
16705 8605 4123 2418 1074 513
16705 8605 4127 2219 1129 513
16705 8639 4125 2384 1074 513
16705 8644 2052 1033 513 63
16705 8665 2079 1044 513 57
16705 8699 4125 2219 1131 513
16705 9563 5460 3115 513 203
16705 9599 5494 3115 513 233
16709 12301 2368 1314 513 162
16709 12303 2338 1346 513 194
16709 12420 2068 1040 513 43
16709 12425 2079 1046 513 45
16709 12548 2075 1055 513 50
16709 12560 2075 1035 513 52
16709 4356 2059 1028 513 50
16709 4368 2059 1040 513 52
16709 4484 2068 1028 513 59
16709 4505 2063 1049 513 61
16709 8265 4269 2075 1535 513
16709 8265 4333 2134 1366 513
16709 8267 4239 2132 1364 513
16709 8267 5376 2059 513 198
16709 8269 2114 1280 513 162
16709 8269 5376 2059 513 230
16709 8271 2112 1280 513 194
16709 8271 4235 2075 1503 513
16709 8281 4516 2134 1280 513
16709 8281 4580 2059 1252 513
16709 8283 4548 2132 1280 513
16709 8287 4548 2059 1220 513
16709 8324 4235 2404 1366 513
16709 8324 4239 2464 1501 513
16709 8356 4269 2372 1398 513
16709 8388 2063 1049 513 43
16709 8393 2052 1055 513 45
16709 8420 4333 2464 1503 513
16709 8500 4112 2287 1135 513
16709 8500 4388 2559 1408 513
16709 8530 4118 2559 1083 513
16709 8530 4420 2287 1220 513
16709 8534 4114 2285 1133 513
16709 8534 4420 2557 1408 513
16709 8564 4112 2527 1083 513
16709 8564 4452 2255 1252 513
16709 8580 4123 2208 1133 513
16709 8580 4127 2404 1074 513
16709 8612 4121 2372 1074 513
16709 8644 2079 1046 513 59
16709 8665 2052 1035 513 61
16709 8676 4121 2208 1135 513
16709 9549 5446 3115 513 198
16709 9579 5478 3115 513 230
16712 12301 2391 1331 513 169
16712 12303 2355 1365 513 207
16712 12416 2077 1044 513 47
16712 12429 2070 1042 513 41
16712 12545 2073 1033 513 54
16712 12565 2073 1053 513 48
16712 4357 2057 1042 513 54
16712 4369 2057 1030 513 48
16712 4485 2061 1051 513 63
16712 4504 2070 1030 513 57
16712 8265 4258 2073 1507 513
16712 8265 4326 2128 1345 513
16712 8267 4226 2130 1347 513
16712 8267 5399 2057 513 203
16712 8269 2116 1299 513 169
16712 8269 5399 2057 513 233
16712 8271 2118 1299 513 207
16712 8271 4230 2073 1473 513
16712 8281 4538 2128 1299 513
16712 8281 4606 2057 1257 513
16712 8283 4572 2130 1299 513
16712 8287 4572 2057 1227 513
16712 8329 4226 2488 1475 513
16712 8329 4230 2417 1345 513
16712 8363 4258 2387 1379 513
16712 8384 2054 1053 513 47
16712 8397 2061 1051 513 41
16712 8431 4326 2488 1473 513
16712 8483 4116 2274 1131 513
16712 8483 4403 2531 1434 513
16712 8515 4114 2531 1083 513
16712 8515 4437 2274 1227 513
16712 8519 4118 2272 1129 513
16712 8519 4437 2529 1434 513
16712 8551 4116 2497 1083 513
16712 8551 4471 2240 1257 513
16712 8600 4123 2417 1074 513
16712 8600 4127 2217 1129 513
16712 8634 4125 2387 1074 513
16712 8641 2054 1033 513 63
16712 8668 2077 1044 513 57
16712 8702 4125 2217 1131 513
16712 9566 5461 3113 513 203
16712 9594 5495 3113 513 233
16716 12297 2371 1315 513 162
16716 12299 2337 1347 513 194
16716 12416 2070 1040 513 43
16716 12429 2077 1046 513 45
16716 12545 2073 1055 513 50
16716 12565 2073 1035 513 52
16716 4357 2057 1028 513 50
16716 4369 2057 1040 513 52
16716 4485 2070 1028 513 59
16716 4504 2061 1049 513 61
16716 8265 2112 1281 513 162
16716 8265 5377 2057 513 230
16716 8267 2114 1281 513 194
16716 8267 4235 2073 1502 513
16716 8269 4269 2073 1534 513
16716 8269 4333 2132 1367 513
16716 8271 4239 2134 1365 513
16716 8271 5377 2057 513 198
16716 8283 4549 2057 1220 513
16716 8285 4517 2132 1281 513
16716 8285 4581 2057 1252 513
16716 8287 4549 2134 1281 513
16716 8320 4235 2407 1367 513
16716 8320 4239 2467 1500 513
16716 8352 4269 2375 1399 513
16716 8384 2061 1049 513 43
16716 8397 2054 1055 513 45
16716 8416 4333 2467 1502 513
16716 8497 4112 2285 1135 513
16716 8497 4389 2556 1409 513
16716 8531 4114 2287 1133 513
16716 8531 4421 2558 1409 513
16716 8535 4118 2556 1083 513
16716 8535 4421 2285 1220 513
16716 8561 4112 2524 1083 513
16716 8561 4453 2253 1252 513
16716 8577 4123 2210 1133 513
16716 8577 4127 2407 1074 513
16716 8609 4121 2375 1074 513
16716 8641 2077 1046 513 59
16716 8668 2054 1035 513 61
16716 8673 4121 2210 1135 513
16716 9544 5447 3113 513 198
16716 9582 5479 3113 513 230
16721 12301 2388 1328 513 168
16721 12303 2352 1366 513 206
16721 12417 2079 1046 513 47
16721 12428 2068 1040 513 41
16721 12544 2075 1035 513 54
16721 12564 2075 1055 513 48
16721 4352 2059 1040 513 54
16721 4372 2059 1028 513 48
16721 4481 2063 1049 513 63
16721 4508 2068 1028 513 57
16721 8265 2118 1296 513 168
16721 8265 5392 2059 513 232
16721 8267 2116 1296 513 206
16721 8267 4227 2075 1475 513
16721 8269 4263 2075 1505 513
16721 8269 4323 2130 1346 513
16721 8271 4231 2128 1344 513
16721 8271 5392 2059 513 202
16721 8283 4568 2059 1224 513
16721 8285 4542 2130 1296 513
16721 8285 4602 2059 1258 513
16721 8287 4568 2128 1296 513
16721 8332 4227 2418 1346 513
16721 8332 4231 2490 1473 513
16721 8366 4263 2384 1376 513
16721 8389 2052 1055 513 47
16721 8392 2063 1049 513 41
16721 8426 4323 2490 1475 513
16721 8486 4112 2273 1129 513
16721 8486 4406 2529 1432 513
16721 8514 4114 2275 1131 513
16721 8514 4432 2531 1432 513
16721 8518 4118 2529 1081 513
16721 8518 4432 2273 1224 513
16721 8546 4112 2499 1081 513
16721 8546 4466 2243 1258 513
16721 8604 4123 2218 1131 513
16721 8604 4127 2418 1072 513
16721 8638 4121 2384 1072 513
16721 8645 2052 1035 513 63
16721 8664 2079 1046 513 57
16721 8698 4121 2218 1129 513
16721 9561 5458 3113 513 202
16721 9597 5488 3113 513 232
16725 12297 2368 1312 513 163
16725 12299 2338 1344 513 195
16725 12417 2068 1042 513 43
16725 12428 2079 1044 513 45
16725 12544 2075 1053 513 50
16725 12564 2075 1033 513 52
16725 4352 2059 1030 513 50
16725 4372 2059 1042 513 52
16725 4481 2068 1030 513 59
16725 4508 2063 1051 513 61
16725 8265 4264 2075 1532 513
16725 8265 4328 2134 1364 513
16725 8267 4234 2132 1366 513
16725 8267 5382 2059 513 199
16725 8269 2114 1282 513 163
16725 8269 5382 2059 513 231
16725 8271 2112 1282 513 195
16725 8271 4238 2075 1500 513
16725 8281 4513 2134 1282 513
16725 8281 4577 2059 1255 513
16725 8283 4545 2132 1282 513
16725 8287 4545 2059 1223 513
16725 8325 4234 2465 1502 513
16725 8325 4238 2404 1364 513
16725 8357 4264 2372 1396 513
16725 8389 2063 1051 513 43
16725 8392 2052 1053 513 45
16725 8421 4328 2465 1500 513
16725 8500 4116 2286 1133 513
16725 8500 4384 2558 1411 513
16725 8530 4114 2558 1081 513
16725 8530 4416 2286 1223 513
16725 8534 4118 2284 1135 513
16725 8534 4416 2556 1411 513
16725 8564 4116 2526 1081 513
16725 8564 4448 2254 1255 513
16725 8581 4123 2404 1072 513
16725 8581 4127 2209 1135 513
16725 8613 4125 2372 1072 513
16725 8645 2079 1044 513 59
16725 8664 2052 1033 513 61
16725 8677 4125 2209 1133 513
16725 9551 5440 3113 513 199
16725 9577 5472 3113 513 231
16728 12297 2391 1329 513 168
16728 12299 2355 1367 513 206
16728 12421 2077 1046 513 47
16728 12424 2070 1040 513 41
16728 12549 2073 1035 513 54
16728 12561 2073 1055 513 48
16728 4353 2057 1040 513 54
16728 4373 2057 1028 513 48
16728 4480 2061 1049 513 63
16728 4509 2070 1028 513 57
16728 8265 4263 2073 1504 513
16728 8265 4323 2128 1347 513
16728 8267 4231 2130 1345 513
16728 8267 5393 2057 513 202
16728 8269 2116 1297 513 168
16728 8269 5393 2057 513 232
16728 8271 2118 1297 513 206
16728 8271 4227 2073 1474 513
16728 8281 4543 2128 1297 513
16728 8281 4603 2057 1258 513
16728 8283 4569 2130 1297 513
16728 8287 4569 2057 1224 513
16728 8328 4227 2417 1347 513
16728 8328 4231 2489 1472 513
16728 8362 4263 2387 1377 513
16728 8385 2054 1055 513 47
16728 8396 2061 1049 513 41
16728 8430 4323 2489 1474 513
16728 8483 4112 2275 1129 513
16728 8483 4407 2530 1433 513
16728 8515 4118 2530 1081 513
16728 8515 4433 2275 1224 513
16728 8519 4114 2273 1131 513
16728 8519 4433 2528 1433 513
16728 8551 4112 2496 1081 513
16728 8551 4467 2241 1258 513
16728 8601 4123 2216 1131 513
16728 8601 4127 2417 1072 513
16728 8635 4121 2387 1072 513
16728 8640 2054 1035 513 63
16728 8669 2077 1046 513 57
16728 8703 4121 2216 1129 513
16728 9564 5459 3115 513 202
16728 9592 5489 3115 513 232
16732 12301 2371 1313 513 163
16732 12303 2337 1345 513 195
16732 12421 2070 1042 513 43
16732 12424 2077 1044 513 45
16732 12549 2073 1053 513 50
16732 12561 2073 1033 513 52
16732 4353 2057 1030 513 50
16732 4373 2057 1042 513 52
16732 4480 2070 1030 513 59
16732 4509 2061 1051 513 61
16732 8265 2112 1283 513 163
16732 8265 5383 2057 513 231
16732 8267 2114 1283 513 195
16732 8267 4238 2073 1501 513
16732 8269 4264 2073 1533 513
16732 8269 4328 2132 1365 513
16732 8271 4234 2134 1367 513
16732 8271 5383 2057 513 199
16732 8283 4544 2057 1223 513
16732 8285 4512 2132 1283 513
16732 8285 4576 2057 1255 513
16732 8287 4544 2134 1283 513
16732 8321 4234 2466 1503 513
16732 8321 4238 2407 1365 513
16732 8353 4264 2375 1397 513
16732 8385 2061 1051 513 43
16732 8396 2054 1053 513 45
16732 8417 4328 2466 1501 513
16732 8497 4116 2284 1133 513
16732 8497 4385 2557 1410 513
16732 8531 4118 2286 1135 513
16732 8531 4417 2559 1410 513
16732 8535 4114 2557 1081 513
16732 8535 4417 2284 1223 513
16732 8561 4116 2525 1081 513
16732 8561 4449 2252 1255 513
16732 8576 4123 2407 1072 513
16732 8576 4127 2211 1135 513
16732 8608 4125 2375 1072 513
16732 8640 2077 1044 513 59
16732 8669 2054 1033 513 61
16732 8672 4125 2211 1133 513
16732 9546 5441 3115 513 199
16732 9580 5473 3115 513 231
16737 12365 2352 1398 513 237
16737 12365 2422 1330 513 169
16737 8205 2148 1298 513 169
16737 8205 2150 1298 513 237
16737 8205 4265 2162 1298 513
16737 8205 4333 2160 1298 513
16737 8221 4516 2162 1376 513
16737 8221 4576 2160 1378 513
16737 8290 4372 2059 513 201
16737 8294 4372 2059 513 235
16737 8304 4372 2059 1259 513
16737 8304 4452 2075 1504 513
16737 8308 4372 2059 1225 513
16737 8308 4448 2075 1474 513
16737 8352 4141 2530 1083 513
16737 8352 4333 2498 1435 513
16737 8356 4137 2496 1083 513
16737 8397 4137 2386 1074 513
16737 8397 4141 2416 1074 513
16737 8420 4265 2496 1435 513
16737 8500 4180 2219 1097 513
16737 8500 4448 2491 1506 513
16737 8528 4470 3115 513 235
16737 8560 4180 2219 1099 513
16737 8560 4388 2491 1504 513
16737 8566 4436 3115 513 201
16737 8608 4189 2242 1097 513
16737 8608 4509 2274 1225 513
16737 8612 4509 2240 1259 513
16737 8669 4576 2416 1346 513
16737 8669 4580 2386 1376 513
16737 8676 4189 2240 1099 513
16743 12365 2338 1378 513 226
16743 12365 2400 1314 513 162
16743 8205 2144 1280 513 226
16743 8205 2146 1280 513 162
16743 8205 4262 2164 1280 513
16743 8205 4326 2166 1280 513
16743 8221 4539 2164 1396 513
16743 8221 4603 2166 1398 513
16743 8288 4352 2059 513 228
16743 8292 4352 2059 513 196
16743 8306 4352 2059 1222 513
16743 8306 4466 2075 1501 513
16743 8310 4352 2059 1254 513
16743 8310 4470 2075 1533 513
16743 8363 4139 2557 1083 513
16743 8363 4326 2527 1408 513
16743 8367 4143 2525 1083 513
16743 8384 4139 2406 1074 513
16743 8384 4143 2374 1074 513
16743 8427 4262 2525 1408 513
16743 8486 4180 2208 1103 513
16743 8486 4466 2464 1535 513
16743 8516 4452 3115 513 228
16743 8544 4420 3115 513 196
16743 8550 4180 2208 1101 513
16743 8550 4402 2464 1533 513
16743 8635 4189 2255 1103 513
16743 8635 4480 2285 1222 513
16743 8639 4480 2253 1254 513
16743 8640 4603 2406 1364 513
16743 8640 4607 2374 1396 513
16743 8699 4189 2253 1101 513
16744 12361 2355 1399 513 237
16744 12361 2421 1331 513 169
16744 8201 2148 1299 513 237
16744 8201 2150 1299 513 169
16744 8201 4265 2160 1299 513
16744 8201 4333 2162 1299 513
16744 8217 4517 2160 1377 513
16744 8217 4577 2162 1379 513
16744 8290 4373 2057 513 235
16744 8294 4373 2057 513 201
16744 8304 4373 2057 1225 513
16744 8304 4449 2073 1475 513
16744 8308 4373 2057 1259 513
16744 8308 4453 2073 1505 513
16744 8352 4137 2499 1083 513
16744 8356 4141 2529 1083 513
16744 8356 4333 2497 1434 513
16744 8393 4137 2385 1074 513
16744 8393 4141 2419 1074 513
16744 8416 4265 2499 1434 513
16744 8497 4180 2217 1097 513
16744 8497 4449 2488 1507 513
16744 8533 4471 3113 513 235
16744 8563 4437 3113 513 201
16744 8565 4180 2217 1099 513
16744 8565 4389 2488 1505 513
16744 8609 4508 2242 1259 513
16744 8613 4189 2240 1097 513
16744 8613 4508 2272 1225 513
16744 8664 4577 2419 1347 513
16744 8664 4581 2385 1377 513
16744 8673 4189 2242 1099 513
16750 12361 2337 1379 513 226
16750 12361 2403 1315 513 162
16750 8201 2144 1281 513 162
16750 8201 2146 1281 513 226
16750 8201 4262 2166 1281 513
16750 8201 4326 2164 1281 513
16750 8217 4538 2166 1397 513
16750 8217 4602 2164 1399 513
16750 8288 4353 2057 513 196
16750 8292 4353 2057 513 228
16750 8306 4353 2057 1254 513
16750 8306 4471 2073 1532 513
16750 8310 4353 2057 1222 513
16750 8310 4467 2073 1500 513
16750 8363 4143 2526 1083 513
16750 8367 4139 2558 1083 513
16750 8367 4326 2524 1409 513
16750 8388 4139 2405 1074 513
16750 8388 4143 2373 1074 513
16750 8431 4262 2526 1409 513
16750 8483 4180 2210 1103 513
16750 8483 4467 2467 1534 513
16750 8513 4453 3113 513 228
16750 8547 4180 2210 1101 513
16750 8547 4403 2467 1532 513
16750 8549 4421 3113 513 196
16750 8634 4481 2255 1254 513
16750 8638 4189 2253 1103 513
16750 8638 4481 2287 1222 513
16750 8645 4602 2405 1365 513
16750 8645 4606 2373 1397 513
16750 8702 4189 2255 1101 513
16753 12361 2352 1396 513 236
16753 12361 2422 1328 513 168
16753 8205 2148 1296 513 168
16753 8205 2150 1296 513 236
16753 8205 4268 2162 1296 513
16753 8205 4328 2160 1296 513
16753 8221 4513 2162 1378 513
16753 8221 4581 2160 1376 513
16753 8290 4368 2059 513 200
16753 8294 4368 2059 513 234
16753 8304 4368 2059 1256 513
16753 8304 4448 2075 1507 513
16753 8308 4368 2059 1226 513
16753 8308 4452 2075 1473 513
16753 8353 4137 2531 1081 513
16753 8353 4328 2499 1432 513
16753 8357 4141 2497 1081 513
16753 8396 4137 2416 1072 513
16753 8396 4141 2386 1072 513
16753 8421 4268 2497 1432 513
16753 8500 4176 2218 1099 513
16753 8500 4452 2490 1505 513
16753 8528 4466 3113 513 234
16753 8560 4176 2218 1097 513
16753 8560 4384 2490 1507 513
16753 8566 4432 3113 513 200
16753 8609 4185 2243 1099 513
16753 8609 4504 2275 1226 513
16753 8613 4504 2241 1256 513
16753 8668 4577 2386 1378 513
16753 8668 4581 2416 1344 513
16753 8677 4185 2241 1097 513
16759 12361 2338 1376 513 227
16759 12361 2400 1312 513 163
16759 8205 2144 1282 513 227
16759 8205 2146 1282 513 163
16759 8205 4259 2164 1282 513
16759 8205 4323 2166 1282 513
16759 8221 4542 2164 1398 513
16759 8221 4606 2166 1396 513
16759 8288 4356 2059 513 229
16759 8292 4356 2059 513 197
16759 8306 4356 2059 1221 513
16759 8306 4470 2075 1502 513
16759 8310 4356 2059 1253 513
16759 8310 4466 2075 1534 513
16759 8362 4143 2556 1081 513
16759 8362 4323 2526 1411 513
16759 8366 4139 2524 1081 513
16759 8385 4139 2374 1072 513
16759 8385 4143 2406 1072 513
16759 8426 4259 2524 1411 513
16759 8486 4176 2209 1101 513
16759 8486 4470 2465 1532 513
16759 8516 4448 3113 513 229
16759 8544 4416 3113 513 197
16759 8550 4176 2209 1103 513
16759 8550 4406 2465 1534 513
16759 8634 4185 2254 1101 513
16759 8634 4485 2284 1221 513
16759 8638 4485 2252 1253 513
16759 8641 4602 2374 1398 513
16759 8641 4606 2406 1366 513
16759 8698 4185 2252 1103 513
16760 12365 2355 1397 513 236
16760 12365 2421 1329 513 168
16760 8201 2148 1297 513 236
16760 8201 2150 1297 513 168
16760 8201 4268 2160 1297 513
16760 8201 4328 2162 1297 513
16760 8217 4512 2160 1379 513
16760 8217 4580 2162 1377 513
16760 8290 4369 2057 513 234
16760 8294 4369 2057 513 200
16760 8304 4369 2057 1226 513
16760 8304 4453 2073 1472 513
16760 8308 4369 2057 1256 513
16760 8308 4449 2073 1506 513
16760 8353 4141 2498 1081 513
16760 8357 4137 2528 1081 513
16760 8357 4328 2496 1433 513
16760 8392 4137 2419 1072 513
16760 8392 4141 2385 1072 513
16760 8417 4268 2498 1433 513
16760 8497 4176 2216 1099 513
16760 8497 4453 2489 1504 513
16760 8533 4467 3115 513 234
16760 8563 4433 3115 513 200
16760 8565 4176 2216 1097 513
16760 8565 4385 2489 1506 513
16760 8608 4505 2243 1256 513
16760 8612 4185 2241 1099 513
16760 8612 4505 2273 1226 513
16760 8665 4576 2385 1379 513
16760 8665 4580 2419 1345 513
16760 8672 4185 2243 1097 513
16766 12365 2337 1377 513 227
16766 12365 2403 1313 513 163
16766 8201 2144 1283 513 163
16766 8201 2146 1283 513 227
16766 8201 4259 2166 1283 513
16766 8201 4323 2164 1283 513
16766 8217 4543 2166 1399 513
16766 8217 4607 2164 1397 513
16766 8288 4357 2057 513 197
16766 8292 4357 2057 513 229
16766 8306 4357 2057 1253 513
16766 8306 4467 2073 1535 513
16766 8310 4357 2057 1221 513
16766 8310 4471 2073 1503 513
16766 8362 4139 2527 1081 513
16766 8366 4143 2559 1081 513
16766 8366 4323 2525 1410 513
16766 8389 4139 2373 1072 513
16766 8389 4143 2405 1072 513
16766 8430 4259 2527 1410 513
16766 8483 4176 2211 1101 513
16766 8483 4471 2466 1533 513
16766 8513 4449 3115 513 229
16766 8547 4176 2211 1103 513
16766 8547 4407 2466 1535 513
16766 8549 4417 3115 513 197
16766 8635 4484 2254 1253 513
16766 8639 4185 2252 1101 513
16766 8639 4484 2286 1221 513
16766 8644 4603 2373 1399 513
16766 8644 4607 2405 1367 513
16766 8703 4185 2254 1103 513
16769 8201 4265 2165 1367 513
16769 8201 4329 2108 1466 513
16769 8205 4262 2161 1344 513
16769 8205 4322 2108 1442 513
16769 8216 4512 2093 1190 513
16769 8216 4576 2165 1282 513
16769 8220 4542 2093 1199 513
16769 8220 4602 2161 1297 513
16769 8241 4369 2095 1197 513
16769 8241 4448 2110 1442 513
16769 8247 4356 2095 1188 513
16769 8247 4467 2110 1466 513
16769 8267 4294 2072 1472 513
16769 8267 4303 2074 1502 513
16769 8271 4290 2135 1282 513
16769 8271 4299 2129 1297 513
16769 8282 4548 2059 1252 513
16769 8282 4572 2057 1257 513
16769 8286 4548 2129 1376 513
16769 8286 4572 2135 1397 513
16769 8305 4369 2074 1532 513
16769 8305 4384 2059 1222 513
16769 8307 4356 2072 1504 513
16769 8307 4407 2057 1225 513
16769 8324 4143 2340 1079 513
16769 8324 4203 2528 1048 513
16769 8329 4137 2357 1079 513
16769 8329 4201 2556 1050 513
16769 8352 4201 2374 1043 513
16769 8352 4329 2342 1331 513
16769 8367 4203 2385 1041 513
16769 8367 4322 2359 1314 513
16769 8388 4299 2528 1432 513
16769 8388 4303 2404 1367 513
16769 8397 4290 2556 1410 513
16769 8397 4294 2417 1344 513
16769 8416 4137 2466 1086 513
16769 8416 4265 2434 1502 513
16769 8427 4143 2490 1086 513
16769 8427 4262 2456 1472 513
16769 8486 4117 2240 1129 513
16769 8486 4467 2496 1432 513
16769 8497 4113 2255 1133 513
16769 8497 4448 2526 1410 513
16769 8514 4183 2178 1103 513
16769 8514 4437 2434 1532 513
16769 8518 4179 2496 1048 513
16769 8518 4437 2240 1257 513
16769 8531 4183 2185 1097 513
16769 8531 4420 2456 1504 513
16769 8535 4179 2526 1050 513
16769 8535 4420 2255 1252 513
16769 8546 4117 2466 1084 513
16769 8546 4407 2210 1199 513
16769 8561 4113 2490 1084 513
16769 8561 4384 2219 1190 513
16769 8580 4542 2272 1225 513
16769 8580 4602 2340 1331 513
16769 8600 4512 2285 1222 513
16769 8600 4576 2357 1314 513
16769 8608 4120 2342 1077 513
16769 8608 4504 2374 1397 513
16769 8638 4124 2359 1077 513
16769 8638 4484 2385 1376 513
16769 8644 4186 2404 1043 513
16769 8644 4190 2272 1097 513
16769 8668 4186 2417 1041 513
16769 8668 4190 2285 1103 513
16769 8672 4120 2178 1133 513
16769 8672 4504 2210 1197 513
16769 8698 4124 2185 1129 513
16769 8698 4484 2219 1188 513
16771 8203 4299 2167 1365 513
16771 8207 4290 2163 1346 513
16771 8218 4480 2167 1282 513
16771 8222 4508 2163 1297 513
16771 8271 4226 2133 1282 513
16771 8271 4239 2131 1297 513
16771 8286 4480 2131 1378 513
16771 8286 4508 2133 1399 513
16771 8320 4239 2530 1432 513
16771 8320 4299 2434 1500 513
16771 8333 4226 2558 1410 513
16771 8333 4290 2456 1474 513
16771 8450 4183 2178 1101 513
16771 8450 4373 2434 1534 513
16771 8471 4183 2185 1099 513
16771 8471 4352 2456 1506 513
16771 8514 4119 2242 1131 513
16771 8514 4373 2498 1432 513
16771 8531 4115 2253 1135 513
16771 8531 4352 2524 1410 513
16771 8576 4122 2178 1135 513
16771 8576 4190 2274 1099 513
16771 8604 4126 2185 1131 513
16771 8604 4190 2287 1101 513
16773 8243 4356 2095 1156 513
16773 8243 4471 2110 1434 513
16773 8245 4369 2095 1167 513
16773 8245 4452 2110 1408 513
16773 8309 4369 2078 1434 513
16773 8309 4388 2063 1188 513
16773 8311 4356 2076 1408 513
16773 8311 4403 2061 1197 513
16773 8324 4139 2308 1079 513
16773 8324 4207 2432 1052 513
16773 8329 4141 2327 1079 513
16773 8329 4205 2458 1054 513
16773 8356 4205 2340 1047 513
16773 8363 4207 2357 1045 513
16773 8420 4141 2432 1086 513
16773 8431 4139 2458 1086 513
16773 8580 4538 2176 1197 513
16773 8580 4606 2308 1299 513
16773 8600 4516 2187 1188 513
16773 8600 4580 2327 1280 513
16773 8612 4504 2340 1299 513
16773 8634 4484 2357 1280 513
16773 8676 4504 2176 1167 513
16773 8702 4484 2187 1156 513
16775 8203 4294 2108 1408 513
16775 8207 4303 2108 1434 513
16775 8218 4508 2093 1165 513
16775 8222 4480 2093 1158 513
16775 8267 4230 2078 1408 513
16775 8267 4235 2076 1434 513
16775 8282 4480 2061 1190 513
16775 8282 4508 2063 1199 513
16775 8320 4235 2342 1299 513
16775 8320 4303 2310 1299 513
16775 8333 4230 2359 1280 513
16775 8333 4294 2325 1280 513
16775 8454 4179 2432 1054 513
16775 8454 4373 2176 1199 513
16775 8467 4179 2458 1052 513
16775 8467 4352 2187 1190 513
16775 8518 4115 2432 1084 513
16775 8518 4373 2176 1165 513
16775 8535 4119 2458 1084 513
16775 8535 4352 2187 1158 513
16775 8576 4126 2310 1077 513
16775 8576 4186 2342 1045 513
16775 8604 4122 2325 1077 513
16775 8604 4186 2359 1047 513
16776 8201 4262 2163 1345 513
16776 8201 4322 2110 1443 513
16776 8205 4265 2167 1366 513
16776 8205 4329 2110 1467 513
16776 8216 4543 2095 1199 513
16776 8216 4603 2163 1296 513
16776 8220 4513 2095 1190 513
16776 8220 4577 2167 1283 513
16776 8243 4357 2093 1188 513
16776 8243 4466 2108 1467 513
16776 8245 4368 2093 1197 513
16776 8245 4449 2108 1443 513
16776 8267 4290 2133 1283 513
16776 8267 4299 2131 1296 513
16776 8271 4294 2074 1473 513
16776 8271 4303 2072 1503 513
16776 8282 4549 2131 1377 513
16776 8282 4573 2133 1396 513
16776 8286 4549 2057 1252 513
16776 8286 4573 2059 1257 513
16776 8309 4368 2072 1533 513
16776 8309 4385 2057 1222 513
16776 8311 4357 2074 1505 513
16776 8311 4406 2059 1225 513
16776 8320 4143 2343 1079 513
16776 8320 4203 2531 1048 513
16776 8333 4137 2358 1079 513
16776 8333 4201 2559 1050 513
16776 8356 4201 2373 1043 513
16776 8356 4329 2341 1330 513
16776 8363 4203 2386 1041 513
16776 8363 4322 2356 1315 513
16776 8384 4299 2531 1433 513
16776 8384 4303 2407 1366 513
16776 8393 4290 2559 1411 513
16776 8393 4294 2418 1345 513
16776 8420 4137 2465 1086 513
16776 8420 4265 2433 1503 513
16776 8431 4143 2489 1086 513
16776 8431 4262 2459 1473 513
16776 8483 4117 2242 1129 513
16776 8483 4466 2499 1433 513
16776 8500 4113 2253 1133 513
16776 8500 4449 2525 1411 513
16776 8515 4179 2499 1048 513
16776 8515 4436 2242 1257 513
16776 8519 4183 2176 1103 513
16776 8519 4436 2433 1533 513
16776 8530 4179 2525 1050 513
16776 8530 4421 2253 1252 513
16776 8534 4183 2187 1097 513
16776 8534 4421 2459 1505 513
16776 8551 4117 2465 1084 513
16776 8551 4406 2208 1199 513
16776 8564 4113 2489 1084 513
16776 8564 4385 2217 1190 513
16776 8577 4543 2274 1225 513
16776 8577 4603 2343 1330 513
16776 8605 4513 2287 1222 513
16776 8605 4577 2358 1315 513
16776 8613 4120 2341 1077 513
16776 8613 4505 2373 1396 513
16776 8635 4124 2356 1077 513
16776 8635 4485 2386 1377 513
16776 8641 4186 2407 1043 513
16776 8641 4190 2274 1097 513
16776 8665 4186 2418 1041 513
16776 8665 4190 2287 1103 513
16776 8677 4120 2176 1133 513
16776 8677 4505 2208 1197 513
16776 8703 4124 2187 1129 513
16776 8703 4485 2217 1188 513
16778 8203 4290 2161 1347 513
16778 8207 4299 2165 1364 513
16778 8218 4509 2161 1296 513
16778 8222 4481 2165 1283 513
16778 8267 4226 2135 1283 513
16778 8267 4239 2129 1296 513
16778 8282 4481 2129 1379 513
16778 8282 4509 2135 1398 513
16778 8324 4239 2529 1433 513
16778 8324 4299 2433 1501 513
16778 8329 4226 2557 1411 513
16778 8329 4290 2459 1475 513
16778 8455 4183 2176 1101 513
16778 8455 4372 2433 1535 513
16778 8466 4183 2187 1099 513
16778 8466 4353 2459 1507 513
16778 8519 4119 2240 1131 513
16778 8519 4372 2497 1433 513
16778 8534 4115 2255 1135 513
16778 8534 4353 2527 1411 513
16778 8581 4122 2176 1135 513
16778 8581 4190 2272 1099 513
16778 8601 4126 2187 1131 513
16778 8601 4190 2285 1101 513
16780 8241 4368 2093 1167 513
16780 8241 4453 2108 1409 513
16780 8247 4357 2093 1156 513
16780 8247 4470 2108 1435 513
16780 8305 4368 2076 1435 513
16780 8305 4389 2061 1188 513
16780 8307 4357 2078 1409 513
16780 8307 4402 2063 1197 513
16780 8320 4139 2311 1079 513
16780 8320 4207 2435 1052 513
16780 8333 4141 2324 1079 513
16780 8333 4205 2457 1054 513
16780 8352 4205 2343 1047 513
16780 8367 4207 2358 1045 513
16780 8416 4141 2435 1086 513
16780 8427 4139 2457 1086 513
16780 8577 4539 2178 1197 513
16780 8577 4607 2311 1298 513
16780 8605 4517 2185 1188 513
16780 8605 4581 2324 1281 513
16780 8609 4505 2343 1298 513
16780 8639 4485 2358 1281 513
16780 8673 4505 2178 1167 513
16780 8699 4485 2185 1156 513
16782 8203 4303 2110 1435 513
16782 8207 4294 2110 1409 513
16782 8218 4481 2095 1158 513
16782 8222 4509 2095 1165 513
16782 8271 4230 2076 1409 513
16782 8271 4235 2078 1435 513
16782 8286 4481 2063 1190 513
16782 8286 4509 2061 1199 513
16782 8324 4235 2341 1298 513
16782 8324 4303 2309 1298 513
16782 8329 4230 2356 1281 513
16782 8329 4294 2326 1281 513
16782 8451 4179 2435 1054 513
16782 8451 4372 2178 1199 513
16782 8470 4179 2457 1052 513
16782 8470 4353 2185 1190 513
16782 8515 4115 2435 1084 513
16782 8515 4372 2178 1165 513
16782 8530 4119 2457 1084 513
16782 8530 4353 2185 1158 513
16782 8581 4126 2309 1077 513
16782 8581 4186 2341 1045 513
16782 8601 4122 2326 1077 513
16782 8601 4186 2356 1047 513
16784 8201 4268 2165 1365 513
16784 8201 4332 2108 1465 513
16784 8205 4259 2161 1346 513
16784 8205 4327 2108 1441 513
16784 8216 4517 2093 1189 513
16784 8216 4581 2165 1280 513
16784 8220 4539 2093 1196 513
16784 8220 4607 2161 1299 513
16784 8241 4373 2095 1198 513
16784 8241 4452 2110 1441 513
16784 8247 4352 2095 1191 513
16784 8247 4471 2110 1465 513
16784 8267 4291 2072 1475 513
16784 8267 4298 2074 1501 513
16784 8271 4295 2135 1280 513
16784 8271 4302 2129 1299 513
16784 8282 4545 2059 1255 513
16784 8282 4569 2057 1258 513
16784 8286 4545 2129 1378 513
16784 8286 4569 2135 1399 513
16784 8305 4373 2074 1535 513
16784 8305 4388 2059 1221 513
16784 8307 4352 2072 1507 513
16784 8307 4403 2057 1226 513
16784 8325 4139 2340 1077 513
16784 8325 4207 2529 1050 513
16784 8328 4141 2357 1077 513
16784 8328 4205 2557 1048 513
16784 8353 4205 2374 1041 513
16784 8353 4332 2342 1329 513
16784 8366 4207 2385 1043 513
16784 8366 4327 2359 1312 513
16784 8389 4298 2404 1365 513
16784 8389 4302 2529 1435 513
16784 8396 4291 2417 1346 513
16784 8396 4295 2557 1409 513
16784 8417 4141 2467 1084 513
16784 8417 4268 2435 1501 513
16784 8426 4139 2491 1084 513
16784 8426 4259 2457 1475 513
16784 8486 4113 2241 1131 513
16784 8486 4471 2497 1435 513
16784 8497 4117 2254 1135 513
16784 8497 4452 2527 1409 513
16784 8514 4179 2179 1101 513
16784 8514 4433 2435 1535 513
16784 8518 4183 2497 1050 513
16784 8518 4433 2241 1258 513
16784 8531 4179 2184 1099 513
16784 8531 4416 2457 1507 513
16784 8535 4183 2527 1048 513
16784 8535 4416 2254 1255 513
16784 8546 4113 2467 1086 513
16784 8546 4403 2211 1196 513
16784 8561 4117 2491 1086 513
16784 8561 4388 2218 1189 513
16784 8581 4539 2273 1226 513
16784 8581 4607 2340 1329 513
16784 8601 4517 2284 1221 513
16784 8601 4581 2357 1312 513
16784 8609 4124 2342 1079 513
16784 8609 4509 2374 1399 513
16784 8639 4120 2359 1079 513
16784 8639 4481 2385 1378 513
16784 8645 4186 2273 1099 513
16784 8645 4190 2404 1041 513
16784 8669 4186 2284 1101 513
16784 8669 4190 2417 1043 513
16784 8673 4124 2179 1135 513
16784 8673 4509 2211 1198 513
16784 8699 4120 2184 1131 513
16784 8699 4481 2218 1191 513
16786 8203 4302 2167 1367 513
16786 8207 4295 2163 1344 513
16786 8218 4485 2167 1280 513
16786 8222 4505 2163 1299 513
16786 8271 4231 2133 1280 513
16786 8271 4234 2131 1299 513
16786 8286 4485 2131 1376 513
16786 8286 4505 2133 1397 513
16786 8321 4234 2531 1435 513
16786 8321 4302 2435 1503 513
16786 8332 4231 2559 1409 513
16786 8332 4295 2457 1473 513
16786 8450 4179 2179 1103 513
16786 8450 4369 2435 1533 513
16786 8471 4179 2184 1097 513
16786 8471 4356 2457 1505 513
16786 8514 4115 2243 1129 513
16786 8514 4369 2499 1435 513
16786 8531 4119 2252 1133 513
16786 8531 4356 2525 1409 513
16786 8577 4126 2179 1133 513
16786 8577 4186 2275 1097 513
16786 8605 4122 2184 1129 513
16786 8605 4186 2286 1103 513
16788 8243 4352 2095 1159 513
16788 8243 4467 2110 1433 513
16788 8245 4373 2095 1164 513
16788 8245 4448 2110 1411 513
16788 8309 4373 2078 1433 513
16788 8309 4384 2063 1191 513
16788 8311 4352 2076 1411 513
16788 8311 4407 2061 1198 513
16788 8325 4143 2308 1077 513
16788 8325 4203 2433 1054 513
16788 8328 4137 2327 1077 513
16788 8328 4201 2459 1052 513
16788 8357 4201 2340 1045 513
16788 8362 4203 2357 1047 513
16788 8421 4137 2433 1084 513
16788 8430 4143 2459 1084 513
16788 8581 4543 2177 1198 513
16788 8581 4603 2308 1297 513
16788 8601 4513 2186 1191 513
16788 8601 4577 2327 1282 513
16788 8613 4509 2340 1297 513
16788 8635 4481 2357 1282 513
16788 8677 4509 2177 1164 513
16788 8703 4481 2186 1159 513
16790 8203 4291 2108 1411 513
16790 8207 4298 2108 1433 513
16790 8218 4505 2093 1166 513
16790 8222 4485 2093 1157 513
16790 8267 4227 2078 1411 513
16790 8267 4238 2076 1433 513
16790 8282 4485 2061 1189 513
16790 8282 4505 2063 1196 513
16790 8321 4238 2342 1297 513
16790 8321 4298 2310 1297 513
16790 8332 4227 2359 1282 513
16790 8332 4291 2325 1282 513
16790 8454 4183 2433 1052 513
16790 8454 4369 2177 1196 513
16790 8467 4183 2459 1054 513
16790 8467 4356 2186 1189 513
16790 8518 4119 2433 1086 513
16790 8518 4369 2177 1166 513
16790 8535 4115 2459 1086 513
16790 8535 4356 2186 1157 513
16790 8577 4122 2310 1079 513
16790 8577 4190 2342 1047 513
16790 8605 4126 2325 1079 513
16790 8605 4190 2359 1045 513
16793 8201 4259 2163 1347 513
16793 8201 4327 2110 1440 513
16793 8205 4268 2167 1364 513
16793 8205 4332 2110 1464 513
16793 8216 4538 2095 1196 513
16793 8216 4606 2163 1298 513
16793 8220 4516 2095 1189 513
16793 8220 4580 2167 1281 513
16793 8243 4353 2093 1191 513
16793 8243 4470 2108 1464 513
16793 8245 4372 2093 1198 513
16793 8245 4453 2108 1440 513
16793 8267 4295 2133 1281 513
16793 8267 4302 2131 1298 513
16793 8271 4291 2074 1474 513
16793 8271 4298 2072 1500 513
16793 8282 4544 2131 1379 513
16793 8282 4568 2133 1398 513
16793 8286 4544 2057 1255 513
16793 8286 4568 2059 1258 513
16793 8309 4372 2072 1534 513
16793 8309 4389 2057 1221 513
16793 8311 4353 2074 1506 513
16793 8311 4402 2059 1226 513
16793 8321 4139 2343 1077 513
16793 8321 4207 2530 1050 513
16793 8332 4141 2358 1077 513
16793 8332 4205 2558 1048 513
16793 8357 4205 2373 1041 513
16793 8357 4332 2341 1328 513
16793 8362 4207 2386 1043 513
16793 8362 4327 2356 1313 513
16793 8385 4298 2407 1364 513
16793 8385 4302 2530 1434 513
16793 8392 4291 2418 1347 513
16793 8392 4295 2558 1408 513
16793 8421 4141 2464 1084 513
16793 8421 4268 2432 1500 513
16793 8430 4139 2488 1084 513
16793 8430 4259 2458 1474 513
16793 8483 4113 2243 1131 513
16793 8483 4470 2498 1434 513
16793 8500 4117 2252 1135 513
16793 8500 4453 2524 1408 513
16793 8515 4183 2498 1050 513
16793 8515 4432 2243 1258 513
16793 8519 4179 2177 1101 513
16793 8519 4432 2432 1534 513
16793 8530 4183 2524 1048 513
16793 8530 4417 2252 1255 513
16793 8534 4179 2186 1099 513
16793 8534 4417 2458 1506 513
16793 8551 4113 2464 1086 513
16793 8551 4402 2209 1196 513
16793 8564 4117 2488 1086 513
16793 8564 4389 2216 1189 513
16793 8576 4538 2275 1226 513
16793 8576 4606 2343 1328 513
16793 8604 4516 2286 1221 513
16793 8604 4580 2358 1313 513
16793 8612 4124 2341 1079 513
16793 8612 4508 2373 1398 513
16793 8634 4120 2356 1079 513
16793 8634 4480 2386 1379 513
16793 8640 4186 2275 1099 513
16793 8640 4190 2407 1041 513
16793 8664 4186 2286 1101 513
16793 8664 4190 2418 1043 513
16793 8676 4124 2177 1135 513
16793 8676 4508 2209 1198 513
16793 8702 4120 2186 1131 513
16793 8702 4480 2216 1191 513
16795 8203 4295 2161 1345 513
16795 8207 4302 2165 1366 513
16795 8218 4504 2161 1298 513
16795 8222 4484 2165 1281 513
16795 8267 4231 2135 1281 513
16795 8267 4234 2129 1298 513
16795 8282 4484 2129 1377 513
16795 8282 4504 2135 1396 513
16795 8325 4234 2528 1434 513
16795 8325 4302 2432 1502 513
16795 8328 4231 2556 1408 513
16795 8328 4295 2458 1472 513
16795 8455 4179 2177 1103 513
16795 8455 4368 2432 1532 513
16795 8466 4179 2186 1097 513
16795 8466 4357 2458 1504 513
16795 8519 4115 2241 1129 513
16795 8519 4368 2496 1434 513
16795 8534 4119 2254 1133 513
16795 8534 4357 2526 1408 513
16795 8580 4126 2177 1133 513
16795 8580 4186 2273 1097 513
16795 8600 4122 2186 1129 513
16795 8600 4186 2284 1103 513
16797 8241 4372 2093 1164 513
16797 8241 4449 2108 1410 513
16797 8247 4353 2093 1159 513
16797 8247 4466 2108 1432 513
16797 8305 4372 2076 1432 513
16797 8305 4385 2061 1191 513
16797 8307 4353 2078 1410 513
16797 8307 4406 2063 1198 513
16797 8321 4143 2311 1077 513
16797 8321 4203 2434 1054 513
16797 8332 4137 2324 1077 513
16797 8332 4201 2456 1052 513
16797 8353 4201 2343 1045 513
16797 8366 4203 2358 1047 513
16797 8417 4137 2434 1084 513
16797 8426 4143 2456 1084 513
16797 8576 4542 2179 1198 513
16797 8576 4602 2311 1296 513
16797 8604 4512 2184 1191 513
16797 8604 4576 2324 1283 513
16797 8608 4508 2343 1296 513
16797 8638 4480 2358 1283 513
16797 8672 4508 2179 1164 513
16797 8698 4480 2184 1159 513
16799 8203 4298 2110 1432 513
16799 8207 4291 2110 1410 513
16799 8218 4484 2095 1157 513
16799 8222 4504 2095 1166 513
16799 8271 4227 2076 1410 513
16799 8271 4238 2078 1432 513
16799 8286 4484 2063 1189 513
16799 8286 4504 2061 1196 513
16799 8325 4238 2341 1296 513
16799 8325 4298 2309 1296 513
16799 8328 4227 2356 1283 513
16799 8328 4291 2326 1283 513
16799 8451 4183 2434 1052 513
16799 8451 4368 2179 1196 513
16799 8470 4183 2456 1054 513
16799 8470 4357 2184 1189 513
16799 8515 4119 2434 1086 513
16799 8515 4368 2179 1166 513
16799 8530 4115 2456 1086 513
16799 8530 4357 2184 1157 513
16799 8580 4122 2309 1079 513
16799 8580 4190 2341 1047 513
16799 8600 4126 2326 1079 513
16799 8600 4190 2356 1045 513
16801 10251 4508 1432 513 120
16801 10257 4508 1410 513 124
16801 10266 4373 1282 513 117
16801 10270 4373 1297 513 113
16801 8198 4115 2456 513 88
16801 8198 4124 2185 513 73
16801 8203 4102 1432 513 88
16801 8203 4105 3362 513 87
16801 8205 4122 2178 513 79
16801 8205 4122 3377 513 81
16801 8209 4115 3234 513 79
16801 8209 4124 1410 513 94
16801 8218 4117 1282 513 87
16801 8218 4117 3241 513 73
16801 8220 4102 1297 513 81
16801 8220 4105 2434 513 94
16801 8269 4269 2076 1466 513
16801 8269 4329 2074 1534 513
16801 8284 4512 2061 1158 513
16801 8284 4580 2059 1220 513
16801 8305 4373 2078 1466 513
16801 8305 4388 2063 1156 513
16801 8309 4373 2074 1500 513
16801 8309 4384 2059 1254 513
16801 8333 4201 2490 1054 513
16801 8333 4205 2524 1050 513
16801 8333 5146 2178 513 109
16801 8333 5150 2185 513 105
16801 8352 4205 2406 1043 513
16801 8352 4269 2310 1331 513
16801 8356 4201 2308 1047 513
16801 8420 4329 2372 1399 513
16801 8501 4181 2490 1052 513
16801 8501 4384 2219 1158 513
16801 8561 4181 2558 1050 513
16801 8561 4452 2287 1220 513
16801 8604 4512 2253 1254 513
16801 8604 4516 2219 1156 513
16801 8604 5129 2434 513 124
16801 8604 5139 2456 513 120
16801 8608 4188 2310 1045 513
16801 8608 4508 2406 1365 513
16801 8612 4508 2308 1331 513
16801 8676 4188 2372 1043 513
16801 9395 5139 3234 513 109
16801 9395 5143 3241 513 105
16801 9513 5129 3362 513 117
16801 9534 5146 3377 513 113
16803 10253 4480 1410 513 126
16803 10263 4480 1432 513 122
16803 10264 4352 1282 513 119
16803 10268 4352 1297 513 115
16803 8194 4119 2434 513 92
16803 8194 4120 2178 513 77
16803 8201 4126 2185 513 75
16803 8201 4126 3362 513 85
16803 8207 4098 1410 513 92
16803 8207 4109 3377 513 83
16803 8213 4119 3241 513 75
16803 8213 4120 1432 513 90
16803 8216 4098 1282 513 85
16803 8216 4109 2456 513 90
16803 8222 4113 1297 513 83
16803 8222 4113 3234 513 77
16803 8269 4258 2078 1442 513
16803 8269 4322 2072 1506 513
16803 8284 4542 2063 1165 513
16803 8284 4606 2057 1227 513
16803 8307 4352 2076 1442 513
16803 8307 4403 2061 1167 513
16803 8311 4352 2072 1474 513
16803 8311 4407 2057 1259 513
16803 8320 4203 2466 1052 513
16803 8320 4207 2498 1048 513
16803 8320 5144 2178 513 111
16803 8320 5148 2185 513 107
16803 8363 4203 2327 1045 513
16803 8367 4207 2419 1041 513
16803 8367 4258 2325 1314 513
16803 8431 4322 2387 1378 513
16803 8482 4181 2466 1054 513
16803 8482 4407 2210 1165 513
16803 8546 4181 2530 1048 513
16803 8546 4471 2274 1227 513
16803 8576 4538 2210 1167 513
16803 8576 4542 2242 1259 513
16803 8576 5135 2456 513 122
16803 8576 5141 2434 513 126
16803 8634 4480 2327 1314 513
16803 8638 4188 2325 1047 513
16803 8638 4480 2419 1346 513
16803 8702 4188 2387 1041 513
16803 9406 5137 3234 513 111
16803 9406 5141 3241 513 107
16803 9515 5148 3362 513 119
16803 9532 5135 3377 513 115
16808 10253 4509 1433 513 120
16808 10263 4509 1411 513 124
16808 10264 4372 1296 513 113
16808 10268 4372 1283 513 117
16808 8194 4115 2459 513 88
16808 8194 4124 2187 513 73
16808 8201 4122 2176 513 79
16808 8201 4122 3378 513 81
16808 8207 4102 1433 513 88
16808 8207 4105 3361 513 87
16808 8213 4115 3232 513 79
16808 8213 4124 1411 513 94
16808 8216 4102 1296 513 81
16808 8216 4105 2433 513 94
16808 8222 4117 1283 513 87
16808 8222 4117 3243 513 73
16808 8265 4269 2078 1467 513
16808 8265 4329 2072 1535 513
16808 8280 4513 2063 1158 513
16808 8280 4581 2057 1220 513
16808 8305 4372 2072 1501 513
16808 8305 4385 2057 1254 513
16808 8309 4372 2076 1467 513
16808 8309 4389 2061 1156 513
16808 8329 4201 2489 1054 513
16808 8329 4205 2527 1050 513
16808 8329 5146 2176 513 109
16808 8329 5150 2187 513 105
16808 8352 4201 2311 1047 513
16808 8356 4205 2405 1043 513
16808 8356 4269 2309 1330 513
16808 8416 4329 2375 1398 513
16808 8496 4181 2489 1052 513
16808 8496 4385 2217 1158 513
16808 8564 4181 2557 1050 513
16808 8564 4453 2285 1220 513
16808 8601 4513 2255 1254 513
16808 8601 4517 2217 1156 513
16808 8601 5129 2433 513 124
16808 8601 5139 2459 513 120
16808 8609 4509 2311 1330 513
16808 8613 4188 2309 1045 513
16808 8613 4509 2405 1364 513
16808 8673 4188 2375 1043 513
16808 9399 5139 3232 513 109
16808 9399 5143 3243 513 105
16808 9516 5129 3361 513 117
16808 9531 5146 3378 513 113
16810 10251 4481 1411 513 126
16810 10257 4481 1433 513 122
16810 10266 4353 1296 513 115
16810 10270 4353 1283 513 119
16810 8198 4119 2433 513 92
16810 8198 4120 2176 513 77
16810 8203 4098 1411 513 92
16810 8203 4109 3378 513 83
16810 8205 4126 2187 513 75
16810 8205 4126 3361 513 85
16810 8209 4119 3243 513 75
16810 8209 4120 1433 513 90
16810 8218 4113 1296 513 83
16810 8218 4113 3232 513 77
16810 8220 4098 1283 513 85
16810 8220 4109 2459 513 90
16810 8265 4258 2076 1443 513
16810 8265 4322 2074 1507 513
16810 8280 4543 2061 1165 513
16810 8280 4607 2059 1227 513
16810 8307 4353 2074 1475 513
16810 8307 4406 2059 1259 513
16810 8311 4353 2078 1443 513
16810 8311 4402 2063 1167 513
16810 8324 4203 2465 1052 513
16810 8324 4207 2497 1048 513
16810 8324 5144 2176 513 111
16810 8324 5148 2187 513 107
16810 8363 4207 2416 1041 513
16810 8363 4258 2326 1315 513
16810 8367 4203 2324 1045 513
16810 8427 4322 2384 1379 513
16810 8487 4181 2465 1054 513
16810 8487 4406 2208 1165 513
16810 8551 4181 2529 1048 513
16810 8551 4470 2272 1227 513
16810 8581 4539 2208 1167 513
16810 8581 4543 2240 1259 513
16810 8581 5135 2459 513 122
16810 8581 5141 2433 513 126
16810 8635 4188 2326 1047 513
16810 8635 4481 2416 1347 513
16810 8639 4481 2324 1315 513
16810 8699 4188 2384 1041 513
16810 9402 5137 3232 513 111
16810 9402 5141 3243 513 107
16810 9518 5148 3361 513 119
16810 9529 5135 3378 513 115
16816 10251 4505 1435 513 120
16816 10257 4505 1409 513 124
16816 10266 4369 1280 513 117
16816 10270 4369 1299 513 113
16816 8198 4119 2457 513 88
16816 8198 4120 2184 513 73
16816 8203 4098 1435 513 88
16816 8203 4109 3360 513 87
16816 8205 4126 2179 513 79
16816 8205 4126 3379 513 81
16816 8209 4119 3233 513 79
16816 8209 4120 1409 513 94
16816 8218 4113 1280 513 87
16816 8218 4113 3242 513 73
16816 8220 4098 1299 513 81
16816 8220 4109 2435 513 94
16816 8269 4264 2076 1465 513
16816 8269 4332 2074 1533 513
16816 8284 4517 2061 1157 513
16816 8284 4577 2059 1223 513
16816 8305 4369 2078 1465 513
16816 8305 4384 2063 1159 513
16816 8309 4369 2074 1503 513
16816 8309 4388 2059 1253 513
16816 8332 4201 2525 1048 513
16816 8332 4205 2491 1052 513
16816 8332 5144 2184 513 105
16816 8332 5148 2179 513 109
16816 8353 4201 2406 1041 513
16816 8353 4264 2310 1329 513
16816 8357 4205 2308 1045 513
16816 8421 4332 2372 1397 513
16816 8501 4177 2491 1054 513
16816 8501 4388 2218 1157 513
16816 8561 4177 2559 1048 513
16816 8561 4448 2286 1223 513
16816 8605 4513 2218 1159 513
16816 8605 4517 2252 1253 513
16816 8605 5135 2435 513 124
16816 8605 5141 2457 513 120
16816 8609 4184 2310 1047 513
16816 8609 4505 2406 1367 513
16816 8613 4505 2308 1329 513
16816 8677 4184 2372 1041 513
16816 9392 5137 3242 513 105
16816 9392 5141 3233 513 109
16816 9515 5135 3360 513 117
16816 9532 5148 3379 513 113
16818 10253 4485 1409 513 126
16818 10263 4485 1435 513 122
16818 10264 4356 1280 513 119
16818 10268 4356 1299 513 115
16818 8194 4115 2435 513 92
16818 8194 4124 2179 513 77
16818 8201 4122 2184 513 75
16818 8201 4122 3360 513 85
16818 8207 4102 1409 513 92
16818 8207 4105 3379 513 83
16818 8213 4115 3242 513 75
16818 8213 4124 1435 513 90
16818 8216 4102 1280 513 85
16818 8216 4105 2457 513 90
16818 8222 4117 1299 513 83
16818 8222 4117 3233 513 77
16818 8269 4263 2078 1441 513
16818 8269 4327 2072 1505 513
16818 8284 4539 2063 1166 513
16818 8284 4603 2057 1224 513
16818 8307 4356 2076 1441 513
16818 8307 4407 2061 1164 513
16818 8311 4356 2072 1473 513
16818 8311 4403 2057 1256 513
16818 8321 4203 2499 1050 513
16818 8321 4207 2467 1054 513
16818 8321 5146 2184 513 107
16818 8321 5150 2179 513 111
16818 8362 4207 2327 1047 513
16818 8366 4203 2419 1043 513
16818 8366 4263 2325 1312 513
16818 8430 4327 2387 1376 513
16818 8482 4177 2467 1052 513
16818 8482 4403 2211 1166 513
16818 8546 4177 2531 1050 513
16818 8546 4467 2275 1224 513
16818 8577 4539 2243 1256 513
16818 8577 4543 2211 1164 513
16818 8577 5129 2457 513 122
16818 8577 5139 2435 513 126
16818 8635 4485 2327 1312 513
16818 8639 4184 2325 1045 513
16818 8639 4485 2419 1344 513
16818 8703 4184 2387 1043 513
16818 9405 5139 3242 513 107
16818 9405 5143 3233 513 111
16818 9513 5146 3360 513 119
16818 9534 5129 3379 513 115
16825 10253 4504 1434 513 120
16825 10263 4504 1408 513 124
16825 10264 4368 1298 513 113
16825 10268 4368 1281 513 117
16825 8194 4119 2458 513 88
16825 8194 4120 2186 513 73
16825 8201 4126 2177 513 79
16825 8201 4126 3376 513 81
16825 8207 4098 1434 513 88
16825 8207 4109 3363 513 87
16825 8213 4119 3235 513 79
16825 8213 4120 1408 513 94
16825 8216 4098 1298 513 81
16825 8216 4109 2432 513 94
16825 8222 4113 1281 513 87
16825 8222 4113 3240 513 73
16825 8265 4264 2078 1464 513
16825 8265 4332 2072 1532 513
16825 8280 4516 2063 1157 513
16825 8280 4576 2057 1223 513
16825 8305 4368 2072 1502 513
16825 8305 4389 2057 1253 513
16825 8309 4368 2076 1464 513
16825 8309 4385 2061 1159 513
16825 8328 4201 2526 1048 513
16825 8328 4205 2488 1052 513
16825 8328 5144 2186 513 105
16825 8328 5148 2177 513 109
16825 8353 4205 2311 1045 513
16825 8357 4201 2405 1041 513
16825 8357 4264 2309 1328 513
16825 8417 4332 2375 1396 513
16825 8496 4177 2488 1054 513
16825 8496 4389 2216 1157 513
16825 8564 4177 2556 1048 513
16825 8564 4449 2284 1223 513
16825 8600 4512 2216 1159 513
16825 8600 4516 2254 1253 513
16825 8600 5135 2432 513 124
16825 8600 5141 2458 513 120
16825 8608 4504 2311 1328 513
16825 8612 4184 2309 1047 513
16825 8612 4504 2405 1366 513
16825 8672 4184 2375 1041 513
16825 9396 5137 3240 513 105
16825 9396 5141 3235 513 109
16825 9518 5135 3363 513 117
16825 9529 5148 3376 513 113
16827 10251 4484 1408 513 126
16827 10257 4484 1434 513 122
16827 10266 4357 1298 513 115
16827 10270 4357 1281 513 119
16827 8198 4115 2432 513 92
16827 8198 4124 2177 513 77
16827 8203 4102 1408 513 92
16827 8203 4105 3376 513 83
16827 8205 4122 2186 513 75
16827 8205 4122 3363 513 85
16827 8209 4115 3240 513 75
16827 8209 4124 1434 513 90
16827 8218 4117 1298 513 83
16827 8218 4117 3235 513 77
16827 8220 4102 1281 513 85
16827 8220 4105 2458 513 90
16827 8265 4263 2076 1440 513
16827 8265 4327 2074 1504 513
16827 8280 4538 2061 1166 513
16827 8280 4602 2059 1224 513
16827 8307 4357 2074 1472 513
16827 8307 4402 2059 1256 513
16827 8311 4357 2078 1440 513
16827 8311 4406 2063 1164 513
16827 8325 4203 2496 1050 513
16827 8325 4207 2464 1054 513
16827 8325 5146 2186 513 107
16827 8325 5150 2177 513 111
16827 8362 4203 2416 1043 513
16827 8362 4263 2326 1313 513
16827 8366 4207 2324 1047 513
16827 8426 4327 2384 1377 513
16827 8487 4177 2464 1052 513
16827 8487 4402 2209 1166 513
16827 8551 4177 2528 1050 513
16827 8551 4466 2273 1224 513
16827 8580 4538 2241 1256 513
16827 8580 4542 2209 1164 513
16827 8580 5129 2458 513 122
16827 8580 5139 2432 513 126
16827 8634 4184 2326 1045 513
16827 8634 4484 2416 1345 513
16827 8638 4484 2324 1313 513
16827 8698 4184 2384 1043 513
16827 9401 5139 3240 513 107
16827 9401 5143 3235 513 111
16827 9516 5146 3363 513 119
16827 9531 5129 3376 513 115
16833 12484 2065 1045 513 47
16833 12489 2076 1043 513 41
16833 12612 2061 1033 513 55
16833 12625 2059 1052 513 49
16833 4356 2076 1043 513 55
16833 4369 2074 1030 513 49
16833 4484 2065 1050 513 62
16833 4504 2061 1030 513 56
16833 8203 4230 2106 1472 513
16833 8205 4258 2106 1506 513
16833 8205 4326 2163 1344 513
16833 8207 4226 2161 1346 513
16833 8218 4572 2091 1227 513
16833 8220 4538 2163 1299 513
16833 8220 4606 2091 1257 513
16833 8222 4572 2161 1299 513
16833 8324 2059 1052 513 47
16833 8329 2054 1050 513 41
16833 8363 4326 2458 1472 513
16833 8397 4226 2458 1474 513
16833 8397 4230 2387 1344 513
16833 8431 4258 2417 1378 513
16833 8450 4119 2242 1129 513
16833 8450 4437 2498 1434 513
16833 8454 4115 2496 1082 513
16833 8454 4437 2240 1227 513
16833 8482 4117 2530 1082 513
16833 8482 4471 2274 1257 513
16833 8550 4117 2240 1131 513
16833 8550 4403 2496 1434 513
16833 8580 2074 1033 513 62
16833 8600 2054 1045 513 56
16833 8634 4124 2187 1131 513
16833 8668 4122 2387 1075 513
16833 8668 4126 2187 1129 513
16833 8702 4124 2417 1075 513
16837 12484 2078 1041 513 43
16837 12489 2067 1047 513 45
16837 12612 2057 1054 513 51
16837 12625 2063 1035 513 53
16837 4356 2072 1028 513 51
16837 4369 2078 1041 513 53
16837 4484 2063 1028 513 58
16837 4504 2067 1048 513 60
16837 8201 4269 2106 1534 513
16837 8201 4333 2167 1367 513
16837 8203 4239 2165 1365 513
16837 8207 4235 2106 1502 513
16837 8216 4516 2167 1280 513
16837 8216 4580 2091 1252 513
16837 8218 4548 2165 1280 513
16837 8222 4548 2091 1220 513
16837 8324 2052 1048 513 43
16837 8329 2057 1054 513 45
16837 8356 4333 2432 1502 513
16837 8388 4235 2372 1367 513
16837 8388 4239 2432 1500 513
16837 8420 4269 2404 1399 513
16837 8467 4119 2526 1082 513
16837 8467 4420 2255 1220 513
16837 8471 4115 2253 1133 513
16837 8471 4420 2524 1408 513
16837 8501 4113 2558 1082 513
16837 8501 4452 2287 1252 513
16837 8565 4113 2255 1135 513
16837 8565 4388 2526 1408 513
16837 8580 2052 1047 513 58
16837 8600 2072 1035 513 60
16837 8612 4120 2176 1135 513
16837 8644 4122 2176 1133 513
16837 8644 4126 2372 1075 513
16837 8676 4120 2404 1075 513
16840 12480 2067 1045 513 47
16840 12493 2078 1043 513 41
16840 12609 2063 1033 513 55
16840 12628 2057 1052 513 49
16840 4357 2078 1043 513 55
16840 4368 2072 1030 513 49
16840 4485 2067 1050 513 62
16840 4505 2063 1030 513 56
16840 8201 4258 2104 1507 513
16840 8201 4326 2161 1345 513
16840 8203 4226 2163 1347 513
16840 8207 4230 2104 1473 513
16840 8216 4539 2161 1298 513
16840 8216 4607 2089 1257 513
16840 8218 4573 2163 1298 513
16840 8222 4573 2089 1227 513
16840 8320 2057 1052 513 47
16840 8333 2052 1050 513 41
16840 8367 4326 2457 1473 513
16840 8393 4226 2457 1475 513
16840 8393 4230 2384 1345 513
16840 8427 4258 2418 1379 513
16840 8451 4115 2499 1082 513
16840 8451 4436 2242 1227 513
16840 8455 4119 2240 1129 513
16840 8455 4436 2497 1435 513
16840 8487 4117 2529 1082 513
16840 8487 4470 2272 1257 513
16840 8547 4117 2242 1131 513
16840 8547 4402 2499 1435 513
16840 8577 2072 1033 513 62
16840 8605 2052 1045 513 56
16840 8639 4124 2185 1131 513
16840 8665 4122 2384 1075 513
16840 8665 4126 2185 1129 513
16840 8699 4124 2418 1075 513
16844 12480 2076 1041 513 43
16844 12493 2065 1047 513 45
16844 12609 2059 1054 513 51
16844 12628 2061 1035 513 53
16844 4357 2074 1028 513 51
16844 4368 2076 1041 513 53
16844 4485 2061 1028 513 58
16844 4505 2065 1048 513 60
16844 8203 4235 2104 1503 513
16844 8205 4269 2104 1535 513
16844 8205 4333 2165 1366 513
16844 8207 4239 2167 1364 513
16844 8218 4549 2089 1220 513
16844 8220 4517 2165 1281 513
16844 8220 4581 2089 1252 513
16844 8222 4549 2167 1281 513
16844 8320 2054 1048 513 43
16844 8333 2059 1054 513 45
16844 8352 4333 2435 1503 513
16844 8384 4235 2375 1366 513
16844 8384 4239 2435 1501 513
16844 8416 4269 2407 1398 513
16844 8466 4115 2255 1133 513
16844 8466 4421 2527 1409 513
16844 8470 4119 2525 1082 513
16844 8470 4421 2253 1220 513
16844 8496 4113 2557 1082 513
16844 8496 4453 2285 1252 513
16844 8560 4113 2253 1135 513
16844 8560 4389 2525 1409 513
16844 8577 2054 1047 513 58
16844 8605 2074 1035 513 60
16844 8609 4120 2178 1135 513
16844 8641 4122 2178 1133 513
16844 8641 4126 2375 1075 513
16844 8673 4120 2407 1075 513
16848 12481 2065 1047 513 47
16848 12492 2076 1041 513 41
16848 12608 2061 1035 513 55
16848 12629 2059 1054 513 49
16848 4352 2076 1041 513 55
16848 4373 2074 1028 513 49
16848 4481 2065 1048 513 62
16848 4509 2061 1028 513 56
16848 8203 4227 2106 1475 513
16848 8205 4263 2106 1505 513
16848 8205 4323 2163 1346 513
16848 8207 4231 2161 1344 513
16848 8218 4569 2091 1224 513
16848 8220 4543 2163 1297 513
16848 8220 4603 2091 1258 513
16848 8222 4569 2161 1297 513
16848 8325 2059 1054 513 47
16848 8328 2054 1048 513 41
16848 8362 4323 2459 1475 513
16848 8396 4227 2387 1346 513
16848 8396 4231 2459 1473 513
16848 8430 4263 2417 1376 513
16848 8450 4115 2243 1131 513
16848 8450 4433 2499 1433 513
16848 8454 4119 2497 1080 513
16848 8454 4433 2241 1224 513
16848 8482 4113 2531 1080 513
16848 8482 4467 2275 1258 513
16848 8550 4113 2241 1129 513
16848 8550 4407 2497 1433 513
16848 8581 2074 1035 513 62
16848 8601 2054 1047 513 56
16848 8635 4120 2186 1129 513
16848 8669 4122 2186 1131 513
16848 8669 4126 2387 1073 513
16848 8703 4120 2417 1073 513
16852 12481 2078 1043 513 43
16852 12492 2067 1045 513 45
16852 12608 2057 1052 513 51
16852 12629 2063 1033 513 53
16852 4352 2072 1030 513 51
16852 4373 2078 1043 513 53
16852 4481 2063 1030 513 58
16852 4509 2067 1050 513 60
16852 8201 4264 2106 1533 513
16852 8201 4328 2167 1365 513
16852 8203 4234 2165 1367 513
16852 8207 4238 2106 1501 513
16852 8216 4513 2167 1282 513
16852 8216 4577 2091 1255 513
16852 8218 4545 2165 1282 513
16852 8222 4545 2091 1223 513
16852 8325 2052 1050 513 43
16852 8328 2057 1052 513 45
16852 8357 4328 2433 1501 513
16852 8389 4234 2433 1503 513
16852 8389 4238 2372 1365 513
16852 8421 4264 2404 1397 513
16852 8467 4115 2527 1080 513
16852 8467 4416 2254 1223 513
16852 8471 4119 2252 1135 513
16852 8471 4416 2525 1411 513
16852 8501 4117 2559 1080 513
16852 8501 4448 2286 1255 513
16852 8565 4117 2254 1133 513
16852 8565 4384 2527 1411 513
16852 8581 2052 1045 513 58
16852 8601 2072 1033 513 60
16852 8613 4124 2177 1133 513
16852 8645 4122 2372 1073 513
16852 8645 4126 2177 1135 513
16852 8677 4124 2404 1073 513
16857 12485 2067 1047 513 47
16857 12488 2078 1041 513 41
16857 12613 2063 1035 513 55
16857 12624 2057 1054 513 49
16857 4353 2078 1041 513 55
16857 4372 2072 1028 513 49
16857 4480 2067 1048 513 62
16857 4508 2063 1028 513 56
16857 8201 4263 2104 1504 513
16857 8201 4323 2161 1347 513
16857 8203 4231 2163 1345 513
16857 8207 4227 2104 1474 513
16857 8216 4542 2161 1296 513
16857 8216 4602 2089 1258 513
16857 8218 4568 2163 1296 513
16857 8222 4568 2089 1224 513
16857 8321 2057 1054 513 47
16857 8332 2052 1048 513 41
16857 8366 4323 2456 1474 513
16857 8392 4227 2384 1347 513
16857 8392 4231 2456 1472 513
16857 8426 4263 2418 1377 513
16857 8451 4119 2498 1080 513
16857 8451 4432 2243 1224 513
16857 8455 4115 2241 1131 513
16857 8455 4432 2496 1432 513
16857 8487 4113 2528 1080 513
16857 8487 4466 2273 1258 513
16857 8547 4113 2243 1129 513
16857 8547 4406 2498 1432 513
16857 8576 2072 1035 513 62
16857 8604 2052 1047 513 56
16857 8638 4120 2184 1129 513
16857 8664 4122 2184 1131 513
16857 8664 4126 2384 1073 513
16857 8698 4120 2418 1073 513
16861 12485 2076 1043 513 43
16861 12488 2065 1045 513 45
16861 12613 2059 1052 513 51
16861 12624 2061 1033 513 53
16861 4353 2074 1030 513 51
16861 4372 2076 1043 513 53
16861 4480 2061 1030 513 58
16861 4508 2065 1050 513 60
16861 8203 4238 2104 1500 513
16861 8205 4264 2104 1532 513
16861 8205 4328 2165 1364 513
16861 8207 4234 2167 1366 513
16861 8218 4544 2089 1223 513
16861 8220 4512 2165 1283 513
16861 8220 4576 2089 1255 513
16861 8222 4544 2167 1283 513
16861 8321 2054 1050 513 43
16861 8332 2059 1052 513 45
16861 8353 4328 2434 1500 513
16861 8385 4234 2434 1502 513
16861 8385 4238 2375 1364 513
16861 8417 4264 2407 1396 513
16861 8466 4119 2254 1135 513
16861 8466 4417 2526 1410 513
16861 8470 4115 2524 1080 513
16861 8470 4417 2252 1223 513
16861 8496 4117 2556 1080 513
16861 8496 4449 2284 1255 513
16861 8560 4117 2252 1133 513
16861 8560 4385 2524 1410 513
16861 8576 2054 1045 513 58
16861 8604 2074 1033 513 60
16861 8608 4124 2179 1133 513
16861 8640 4122 2375 1073 513
16861 8640 4126 2179 1135 513
16861 8672 4124 2407 1073 513
16865 8241 4373 2091 1259 513
16865 8241 4452 2106 1504 513
16865 8245 4373 2091 1225 513
16865 8245 4448 2106 1474 513
16865 8269 4265 2131 1299 513
16865 8269 4333 2129 1299 513
16865 8284 4516 2131 1376 513
16865 8284 4576 2129 1378 513
16865 8333 4137 2419 1075 513
16865 8333 4141 2385 1075 513
16865 8356 4265 2528 1434 513
16865 8416 4141 2498 1082 513
16865 8416 4333 2530 1434 513
16865 8420 4137 2528 1082 513
16865 8497 4181 2187 1099 513
16865 8497 4388 2458 1504 513
16865 8565 4181 2187 1097 513
16865 8565 4448 2458 1506 513
16865 8604 4576 2385 1346 513
16865 8604 4580 2419 1376 513
16865 8612 4188 2272 1099 513
16865 8672 4188 2274 1097 513
16865 8672 4508 2242 1225 513
16865 8676 4508 2272 1259 513
16871 8243 4352 2091 1222 513
16871 8243 4467 2106 1500 513
16871 8247 4352 2091 1254 513
16871 8247 4471 2106 1532 513
16871 8269 4262 2133 1280 513
16871 8269 4326 2135 1280 513
16871 8284 4538 2133 1397 513
16871 8284 4602 2135 1399 513
16871 8320 4139 2374 1075 513
16871 8320 4143 2406 1075 513
16871 8363 4262 2556 1408 513
16871 8427 4139 2524 1082 513
16871 8427 4326 2558 1408 513
16871 8431 4143 2556 1082 513
16871 8486 4181 2176 1101 513
16871 8486 4403 2432 1532 513
16871 8550 4181 2176 1103 513
16871 8550 4467 2432 1534 513
16871 8576 4602 2374 1365 513
16871 8576 4606 2406 1397 513
16871 8634 4188 2285 1101 513
16871 8698 4188 2287 1103 513
16871 8698 4480 2253 1222 513
16871 8702 4480 2285 1254 513
16872 8241 4372 2089 1225 513
16872 8241 4449 2104 1475 513
16872 8245 4372 2089 1259 513
16872 8245 4453 2104 1505 513
16872 8265 4265 2129 1298 513
16872 8265 4333 2131 1298 513
16872 8280 4517 2129 1377 513
16872 8280 4577 2131 1379 513
16872 8329 4137 2416 1075 513
16872 8329 4141 2386 1075 513
16872 8352 4265 2531 1435 513
16872 8416 4137 2531 1082 513
16872 8420 4141 2497 1082 513
16872 8420 4333 2529 1435 513
16872 8500 4181 2185 1099 513
16872 8500 4389 2457 1505 513
16872 8560 4181 2185 1097 513
16872 8560 4449 2457 1507 513
16872 8601 4577 2386 1347 513
16872 8601 4581 2416 1377 513
16872 8609 4188 2274 1099 513
16872 8673 4509 2274 1259 513
16872 8677 4188 2272 1097 513
16872 8677 4509 2240 1225 513
16878 8243 4353 2089 1254 513
16878 8243 4470 2104 1533 513
16878 8247 4353 2089 1222 513
16878 8247 4466 2104 1501 513
16878 8265 4262 2135 1281 513
16878 8265 4326 2133 1281 513
16878 8280 4539 2135 1396 513
16878 8280 4603 2133 1398 513
16878 8324 4139 2373 1075 513
16878 8324 4143 2405 1075 513
16878 8367 4262 2559 1409 513
16878 8427 4143 2559 1082 513
16878 8431 4139 2527 1082 513
16878 8431 4326 2557 1409 513
16878 8483 4181 2178 1101 513
16878 8483 4402 2435 1533 513
16878 8547 4181 2178 1103 513
16878 8547 4466 2435 1535 513
16878 8581 4603 2373 1364 513
16878 8581 4607 2405 1396 513
16878 8639 4188 2287 1101 513
16878 8699 4481 2287 1254 513
16878 8703 4188 2285 1103 513
16878 8703 4481 2255 1222 513
16880 8241 4369 2091 1256 513
16880 8241 4448 2106 1507 513
16880 8245 4369 2091 1226 513
16880 8245 4452 2106 1473 513
16880 8269 4268 2131 1297 513
16880 8269 4328 2129 1297 513
16880 8284 4513 2131 1378 513
16880 8284 4581 2129 1376 513
16880 8332 4137 2385 1073 513
16880 8332 4141 2419 1073 513
16880 8357 4268 2529 1433 513
16880 8417 4137 2499 1080 513
16880 8417 4328 2531 1433 513
16880 8421 4141 2529 1080 513
16880 8497 4177 2186 1097 513
16880 8497 4384 2459 1507 513
16880 8565 4177 2186 1099 513
16880 8565 4452 2459 1505 513
16880 8605 4577 2419 1378 513
16880 8605 4581 2385 1344 513
16880 8613 4184 2273 1097 513
16880 8673 4184 2275 1099 513
16880 8673 4505 2243 1226 513
16880 8677 4505 2273 1256 513
16886 8243 4356 2091 1221 513
16886 8243 4471 2106 1503 513
16886 8247 4356 2091 1253 513
16886 8247 4467 2106 1535 513
16886 8269 4259 2133 1282 513
16886 8269 4323 2135 1282 513
16886 8284 4543 2133 1399 513
16886 8284 4607 2135 1397 513
16886 8321 4139 2406 1073 513
16886 8321 4143 2374 1073 513
16886 8362 4259 2557 1411 513
16886 8426 4143 2525 1080 513
16886 8426 4323 2559 1411 513
16886 8430 4139 2557 1080 513
16886 8486 4177 2177 1103 513
16886 8486 4407 2433 1535 513
16886 8550 4177 2177 1101 513
16886 8550 4471 2433 1533 513
16886 8577 4603 2406 1399 513
16886 8577 4607 2374 1367 513
16886 8635 4184 2284 1103 513
16886 8699 4184 2286 1101 513
16886 8699 4485 2252 1221 513
16886 8703 4485 2284 1253 513
16889 8241 4368 2089 1226 513
16889 8241 4453 2104 1472 513
16889 8245 4368 2089 1256 513
16889 8245 4449 2104 1506 513
16889 8265 4268 2129 1296 513
16889 8265 4328 2131 1296 513
16889 8280 4512 2129 1379 513
16889 8280 4580 2131 1377 513
16889 8328 4137 2386 1073 513
16889 8328 4141 2416 1073 513
16889 8353 4268 2530 1432 513
16889 8417 4141 2530 1080 513
16889 8421 4137 2496 1080 513
16889 8421 4328 2528 1432 513
16889 8500 4177 2184 1097 513
16889 8500 4385 2456 1506 513
16889 8560 4177 2184 1099 513
16889 8560 4453 2456 1504 513
16889 8600 4576 2416 1379 513
16889 8600 4580 2386 1345 513
16889 8608 4184 2275 1097 513
16889 8672 4504 2275 1256 513
16889 8676 4184 2273 1099 513
16889 8676 4504 2241 1226 513
16895 8243 4357 2089 1253 513
16895 8243 4466 2104 1534 513
16895 8247 4357 2089 1221 513
16895 8247 4470 2104 1502 513
16895 8265 4259 2135 1283 513
16895 8265 4323 2133 1283 513
16895 8280 4542 2135 1398 513
16895 8280 4606 2133 1396 513
16895 8325 4139 2405 1073 513
16895 8325 4143 2373 1073 513
16895 8366 4259 2558 1410 513
16895 8426 4139 2558 1080 513
16895 8430 4143 2526 1080 513
16895 8430 4323 2556 1410 513
16895 8483 4177 2179 1103 513
16895 8483 4406 2434 1534 513
16895 8547 4177 2179 1101 513
16895 8547 4470 2434 1532 513
16895 8580 4602 2405 1398 513
16895 8580 4606 2373 1366 513
16895 8638 4184 2286 1103 513
16895 8698 4484 2286 1253 513
16895 8702 4184 2284 1101 513
16895 8702 4484 2254 1221 513
17411 8203 5440 2090 513 198
17411 8203 5460 2088 513 202
17411 8217 5254 2104 513 486
17411 8217 5262 2106 513 504
17411 8225 4228 2104 513 452
17411 8225 4448 2090 513 228
17411 8227 4236 2106 513 472
17411 8227 4470 2088 513 234
17411 8267 5440 2060 513 134
17411 8271 5460 2060 513 142
17411 8281 5280 2078 513 422
17411 8285 5290 2078 513 444
17411 8291 4266 2076 513 446
17411 8291 4470 2062 513 140
17411 8293 4256 2076 513 420
17411 8293 4448 2062 513 132
17411 8357 4228 3120 513 324
17411 8367 4236 3122 513 336
17411 8389 4256 3092 513 292
17411 8393 4266 3092 513 310
17411 8449 4452 3086 513 132
17411 8465 4466 3086 513 140
17411 8485 4356 3114 513 228
17411 8503 4372 3112 513 234
17411 9367 5254 3120 513 358
17411 9375 5262 3122 513 368
17411 9457 5280 3094 513 294
17411 9471 5290 3094 513 308
17411 9485 5382 3114 513 198
17411 9485 5446 3084 513 134
17411 9501 5398 3112 513 202
17411 9501 5458 3084 513 142
17413 8203 5440 2092 513 134
17413 8203 5460 2094 513 142
17413 8217 5312 2110 513 422
17413 8217 5324 2108 513 444
17413 8265 5460 2060 513 172
17413 8269 5440 2060 513 166
17413 8283 5262 2078 513 414
17413 8287 5254 2078 513 390
17413 9425 5254 3094 513 262
17413 9425 5312 3126 513 294
17413 9437 5262 3094 513 278
17413 9437 5324 3124 513 308
17413 9515 5478 3084 513 166
17413 9529 5488 3084 513 172
17413 9549 5446 3116 513 134
17413 9561 5458 3118 513 142
17415 8229 4320 2108 513 420
17415 8229 4448 2094 513 132
17415 8231 4334 2110 513 446
17415 8231 4470 2092 513 140
17415 8289 4228 2076 513 388
17415 8289 4448 2062 513 164
17415 8295 4236 2076 513 412
17415 8295 4470 2062 513 174
17415 8389 4320 3124 513 292
17415 8393 4334 3126 513 310
17415 8421 4228 3092 513 260
17415 8427 4236 3092 513 276
17415 8485 4420 3086 513 164
17415 8503 4432 3086 513 174
17415 8513 4452 3118 513 132
17415 8533 4466 3116 513 140
17419 8207 5441 2088 513 198
17419 8207 5461 2090 513 202
17419 8221 5254 2106 513 487
17419 8221 5262 2104 513 505
17419 8229 4228 2106 513 453
17419 8229 4449 2088 513 228
17419 8231 4236 2104 513 473
17419 8231 4471 2090 513 234
17419 8267 5461 2062 513 142
17419 8271 5441 2062 513 134
17419 8281 5290 2076 513 445
17419 8285 5280 2076 513 423
17419 8289 4256 2078 513 421
17419 8289 4449 2060 513 132
17419 8295 4266 2078 513 447
17419 8295 4471 2060 513 140
17419 8353 4228 3122 513 325
17419 8363 4236 3120 513 337
17419 8385 4256 3094 513 293
17419 8397 4266 3094 513 311
17419 8452 4453 3084 513 132
17419 8468 4467 3084 513 140
17419 8480 4357 3112 513 228
17419 8498 4373 3114 513 234
17419 9363 5254 3122 513 359
17419 9371 5262 3120 513 369
17419 9461 5280 3092 513 295
17419 9467 5290 3092 513 309
17419 9480 5383 3112 513 198
17419 9480 5447 3086 513 134
17419 9496 5399 3114 513 202
17419 9496 5459 3086 513 142
17421 8207 5441 2094 513 134
17421 8207 5461 2092 513 142
17421 8221 5312 2108 513 423
17421 8221 5324 2110 513 445
17421 8265 5441 2062 513 166
17421 8269 5461 2062 513 172
17421 8283 5254 2076 513 391
17421 8287 5262 2076 513 415
17421 9429 5254 3092 513 263
17421 9429 5312 3124 513 295
17421 9433 5262 3092 513 279
17421 9433 5324 3126 513 309
17421 9518 5479 3086 513 166
17421 9532 5489 3086 513 172
17421 9544 5447 3118 513 134
17421 9564 5459 3116 513 142
17423 8225 4320 2110 513 421
17423 8225 4449 2092 513 132
17423 8227 4334 2108 513 447
17423 8227 4471 2094 513 140
17423 8291 4236 2078 513 413
17423 8291 4471 2060 513 174
17423 8293 4228 2078 513 389
17423 8293 4449 2060 513 164
17423 8385 4320 3126 513 293
17423 8397 4334 3124 513 311
17423 8417 4228 3094 513 261
17423 8431 4236 3094 513 277
17423 8480 4421 3084 513 164
17423 8498 4433 3084 513 174
17423 8516 4453 3116 513 132
17423 8528 4467 3118 513 140
17425 8203 5446 2090 513 199
17425 8203 5458 2088 513 203
17425 8217 5249 2104 513 487
17425 8217 5257 2106 513 505
17425 8225 4225 2104 513 453
17425 8225 4452 2090 513 229
17425 8227 4233 2106 513 473
17425 8227 4466 2088 513 235
17425 8267 5446 2060 513 135
17425 8271 5458 2060 513 143
17425 8281 5287 2078 513 423
17425 8285 5293 2078 513 445
17425 8291 4271 2076 513 447
17425 8291 4466 2062 513 141
17425 8293 4261 2076 513 421
17425 8293 4452 2062 513 133
17425 8356 4225 3122 513 324
17425 8366 4233 3120 513 336
17425 8388 4261 3094 513 292
17425 8392 4271 3094 513 310
17425 8449 4448 3084 513 133
17425 8465 4470 3084 513 141
17425 8485 4352 3112 513 229
17425 8503 4368 3114 513 235
17425 9364 5249 3122 513 358
17425 9372 5257 3120 513 368
17425 9458 5287 3092 513 294
17425 9468 5293 3092 513 308
17425 9487 5376 3112 513 199
17425 9487 5440 3086 513 135
17425 9503 5392 3114 513 203
17425 9503 5460 3086 513 143
17429 8229 4325 2108 513 421
17429 8229 4452 2094 513 133
17429 8231 4331 2110 513 447
17429 8231 4466 2092 513 141
17429 8289 4225 2076 513 389
17429 8289 4452 2062 513 165
17429 8295 4233 2076 513 413
17429 8295 4466 2062 513 175
17429 8388 4325 3126 513 292
17429 8392 4331 3124 513 310
17429 8420 4225 3094 513 260
17429 8426 4233 3094 513 276
17429 8485 4416 3084 513 165
17429 8503 4436 3084 513 175
17429 8513 4448 3116 513 133
17429 8533 4470 3118 513 141
17431 8203 5446 2092 513 135
17431 8203 5458 2094 513 143
17431 8217 5319 2110 513 423
17431 8217 5323 2108 513 445
17431 8265 5458 2060 513 173
17431 8269 5446 2060 513 167
17431 8283 5257 2078 513 415
17431 8287 5249 2078 513 391
17431 9426 5249 3092 513 262
17431 9426 5319 3124 513 294
17431 9438 5257 3092 513 278
17431 9438 5323 3126 513 308
17431 9513 5472 3086 513 167
17431 9531 5494 3086 513 173
17431 9551 5440 3118 513 135
17431 9563 5460 3116 513 143
17433 8207 5447 2088 513 199
17433 8207 5459 2090 513 203
17433 8221 5249 2106 513 486
17433 8221 5257 2104 513 504
17433 8229 4225 2106 513 452
17433 8229 4453 2088 513 229
17433 8231 4233 2104 513 472
17433 8231 4467 2090 513 235
17433 8267 5459 2062 513 143
17433 8271 5447 2062 513 135
17433 8281 5293 2076 513 444
17433 8285 5287 2076 513 422
17433 8289 4261 2078 513 420
17433 8289 4453 2060 513 133
17433 8295 4271 2078 513 446
17433 8295 4467 2060 513 141
17433 8352 4225 3120 513 325
17433 8362 4233 3122 513 337
17433 8384 4261 3092 513 293
17433 8396 4271 3092 513 311
17433 8452 4449 3086 513 133
17433 8468 4471 3086 513 141
17433 8480 4353 3114 513 229
17433 8498 4369 3112 513 235
17433 9360 5249 3120 513 359
17433 9368 5257 3122 513 369
17433 9462 5287 3094 513 295
17433 9464 5293 3094 513 309
17433 9482 5377 3114 513 199
17433 9482 5441 3084 513 135
17433 9498 5393 3112 513 203
17433 9498 5461 3084 513 143
17437 8225 4325 2110 513 420
17437 8225 4453 2092 513 133
17437 8227 4331 2108 513 446
17437 8227 4467 2094 513 141
17437 8291 4233 2078 513 412
17437 8291 4467 2060 513 175
17437 8293 4225 2078 513 388
17437 8293 4453 2060 513 165
17437 8384 4325 3124 513 293
17437 8396 4331 3126 513 311
17437 8416 4225 3092 513 261
17437 8430 4233 3092 513 277
17437 8480 4417 3086 513 165
17437 8498 4437 3086 513 175
17437 8516 4449 3118 513 133
17437 8528 4471 3116 513 141
17439 8207 5447 2094 513 135
17439 8207 5459 2092 513 143
17439 8221 5319 2108 513 422
17439 8221 5323 2110 513 444
17439 8265 5447 2062 513 167
17439 8269 5459 2062 513 173
17439 8283 5249 2076 513 390
17439 8287 5257 2076 513 414
17439 9430 5249 3094 513 263
17439 9430 5319 3126 513 295
17439 9434 5257 3094 513 279
17439 9434 5323 3124 513 309
17439 9516 5473 3084 513 167
17439 9534 5495 3084 513 173
17439 9546 5441 3116 513 135
17439 9566 5461 3118 513 143
17441 8195 4116 2434 513 92
17441 8195 4118 2210 513 78
17441 8205 5460 2088 513 232
17441 8205 5460 2094 513 172
17441 8207 4118 2216 513 72
17441 8209 4126 3240 513 72
17441 8221 4106 2458 513 90
17441 8221 4126 3234 513 78
17441 8223 4106 3346 513 82
17441 8223 4124 3330 513 84
17441 8223 5290 2106 513 474
17441 8223 5352 2108 513 414
17441 8227 4296 2110 513 412
17441 8227 4470 2092 513 174
17441 8231 4266 2106 513 506
17441 8231 4470 2088 513 200
17441 8333 4266 3122 513 370
17441 8353 5140 2210 513 108
17441 8357 5140 2216 513 104
17441 8427 4296 3126 513 276
17441 8465 4406 3112 513 200
17441 8563 4432 3116 513 174
17441 8577 5142 2434 513 126
17441 8581 5130 2458 513 122
17441 9401 5148 3240 513 104
17441 9405 5148 3234 513 108
17441 9405 5290 3122 513 338
17441 9471 5352 3124 513 278
17441 9487 5130 3346 513 114
17441 9503 5150 3330 513 118
17441 9529 5428 3112 513 232
17441 9597 5488 3118 513 172
17443 8195 4116 2458 513 88
17443 8195 4118 2216 513 74
17443 8205 5440 2090 513 230
17443 8205 5440 2092 513 166
17443 8207 4118 2210 513 76
17443 8209 4126 3234 513 76
17443 8221 4106 2434 513 94
17443 8221 4126 3240 513 74
17443 8223 4106 3330 513 86
17443 8223 4124 3346 513 80
17443 8223 5280 2104 513 454
17443 8223 5350 2110 513 390
17443 8225 4292 2108 513 388
17443 8225 4448 2094 513 164
17443 8229 4256 2104 513 484
17443 8229 4448 2090 513 196
17443 8325 4256 3120 513 356
17443 8363 5140 2216 513 106
17443 8367 5140 2210 513 110
17443 8421 4292 3124 513 260
17443 8449 4388 3114 513 196
17443 8549 4420 3118 513 164
17443 8601 5142 2458 513 120
17443 8605 5130 2434 513 124
17443 9395 5148 3234 513 110
17443 9399 5148 3240 513 106
17443 9399 5280 3120 513 326
17443 9457 5350 3126 513 262
17443 9487 5150 3346 513 112
17443 9503 5130 3330 513 116
17443 9515 5414 3114 513 230
17443 9579 5478 3116 513 166
17449 8199 4116 2433 513 92
17449 8199 4118 2208 513 78
17449 8201 5461 2090 513 232
17449 8201 5461 2092 513 172
17449 8203 4118 2218 513 72
17449 8213 4126 3242 513 72
17449 8217 4106 2457 513 90
17449 8217 4126 3232 513 78
17449 8219 4106 3345 513 82
17449 8219 4124 3329 513 84
17449 8219 5290 2104 513 475
17449 8219 5352 2110 513 415
17449 8227 4266 2104 513 507
17449 8227 4471 2090 513 200
17449 8231 4296 2108 513 413
17449 8231 4471 2094 513 174
17449 8329 4266 3120 513 371
17449 8353 5140 2218 513 104
17449 8357 5140 2208 513 108
17449 8431 4296 3124 513 277
17449 8468 4407 3114 513 200
17449 8566 4433 3118 513 174
17449 8576 5130 2457 513 122
17449 8580 5142 2433 513 126
17449 9401 5148 3232 513 108
17449 9401 5290 3120 513 339
17449 9405 5148 3242 513 104
17449 9467 5352 3126 513 279
17449 9482 5130 3345 513 114
17449 9498 5150 3329 513 118
17449 9532 5429 3114 513 232
17449 9592 5489 3116 513 172
17451 8199 4116 2457 513 88
17451 8199 4118 2218 513 74
17451 8201 5441 2088 513 230
17451 8201 5441 2094 513 166
17451 8203 4118 2208 513 76
17451 8213 4126 3232 513 76
17451 8217 4106 2433 513 94
17451 8217 4126 3242 513 74
17451 8219 4106 3329 513 86
17451 8219 4124 3345 513 80
17451 8219 5280 2106 513 455
17451 8219 5350 2108 513 391
17451 8225 4256 2106 513 485
17451 8225 4449 2088 513 196
17451 8229 4292 2110 513 389
17451 8229 4449 2092 513 164
17451 8321 4256 3122 513 357
17451 8363 5140 2208 513 110
17451 8367 5140 2218 513 106
17451 8417 4292 3126 513 261
17451 8452 4389 3112 513 196
17451 8544 4421 3116 513 164
17451 8600 5130 2433 513 124
17451 8604 5142 2457 513 120
17451 9395 5148 3242 513 106
17451 9395 5280 3122 513 327
17451 9399 5148 3232 513 110
17451 9461 5350 3124 513 263
17451 9482 5150 3345 513 112
17451 9498 5130 3329 513 116
17451 9518 5415 3112 513 230
17451 9582 5479 3118 513 166
17457 8195 4112 2459 513 88
17457 8195 4114 2217 513 74
17457 8205 5446 2090 513 231
17457 8205 5446 2092 513 167
17457 8207 4114 2211 513 76
17457 8209 4122 3233 513 76
17457 8221 4110 2435 513 94
17457 8221 4122 3243 513 74
17457 8223 4110 3328 513 86
17457 8223 4120 3344 513 80
17457 8223 5287 2104 513 455
17457 8223 5345 2110 513 391
17457 8225 4289 2108 513 389
17457 8225 4452 2094 513 165
17457 8229 4261 2104 513 485
17457 8229 4452 2090 513 197
17457 8324 4261 3122 513 356
17457 8362 5138 2217 513 106
17457 8366 5138 2211 513 110
17457 8420 4289 3126 513 260
17457 8449 4384 3112 513 197
17457 8549 4416 3116 513 165
17457 8600 5136 2459 513 120
17457 8604 5132 2435 513 124
17457 9392 5146 3233 513 110
17457 9396 5146 3243 513 106
17457 9396 5287 3122 513 326
17457 9458 5345 3124 513 262
17457 9485 5144 3344 513 112
17457 9501 5132 3328 513 116
17457 9513 5408 3112 513 231
17457 9577 5472 3118 513 167
17459 8195 4112 2435 513 92
17459 8195 4114 2211 513 78
17459 8205 5458 2088 513 233
17459 8205 5458 2094 513 173
17459 8207 4114 2217 513 72
17459 8209 4122 3243 513 72
17459 8221 4110 2459 513 90
17459 8221 4122 3233 513 78
17459 8223 4110 3344 513 82
17459 8223 4120 3328 513 84
17459 8223 5293 2106 513 475
17459 8223 5359 2108 513 415
17459 8227 4301 2110 513 413
17459 8227 4466 2092 513 175
17459 8231 4271 2106 513 507
17459 8231 4466 2088 513 201
17459 8332 4271 3120 513 370
17459 8352 5138 2211 513 108
17459 8356 5138 2217 513 104
17459 8426 4301 3124 513 276
17459 8465 4402 3114 513 201
17459 8563 4436 3118 513 175
17459 8576 5136 2435 513 126
17459 8580 5132 2459 513 122
17459 9402 5146 3243 513 104
17459 9406 5146 3233 513 108
17459 9406 5293 3120 513 338
17459 9468 5359 3126 513 278
17459 9485 5132 3344 513 114
17459 9501 5144 3328 513 118
17459 9531 5426 3114 513 233
17459 9599 5494 3116 513 173
17465 8199 4112 2456 513 88
17465 8199 4114 2219 513 74
17465 8201 5447 2088 513 231
17465 8201 5447 2094 513 167
17465 8203 4114 2209 513 76
17465 8213 4122 3235 513 76
17465 8217 4110 2432 513 94
17465 8217 4122 3241 513 74
17465 8219 4110 3331 513 86
17465 8219 4120 3347 513 80
17465 8219 5287 2106 513 454
17465 8219 5345 2108 513 390
17465 8225 4261 2106 513 484
17465 8225 4453 2088 513 197
17465 8229 4289 2110 513 388
17465 8229 4453 2092 513 165
17465 8320 4261 3120 513 357
17465 8362 5138 2209 513 110
17465 8366 5138 2219 513 106
17465 8416 4289 3124 513 261
17465 8452 4385 3114 513 197
17465 8544 4417 3118 513 165
17465 8601 5132 2432 513 124
17465 8605 5136 2456 513 120
17465 9392 5146 3241 513 106
17465 9392 5287 3120 513 327
17465 9396 5146 3235 513 110
17465 9462 5345 3126 513 263
17465 9480 5144 3347 513 112
17465 9496 5132 3331 513 116
17465 9516 5409 3114 513 231
17465 9580 5473 3116 513 167
17467 8199 4112 2432 513 92
17467 8199 4114 2209 513 78
17467 8201 5459 2090 513 233
17467 8201 5459 2092 513 173
17467 8203 4114 2219 513 72
17467 8213 4122 3241 513 72
17467 8217 4110 2456 513 90
17467 8217 4122 3235 513 78
17467 8219 4110 3347 513 82
17467 8219 4120 3331 513 84
17467 8219 5293 2104 513 474
17467 8219 5359 2110 513 414
17467 8227 4271 2104 513 506
17467 8227 4467 2090 513 201
17467 8231 4301 2108 513 412
17467 8231 4467 2094 513 175
17467 8328 4271 3122 513 371
17467 8352 5138 2219 513 104
17467 8356 5138 2209 513 108
17467 8430 4301 3126 513 277
17467 8468 4403 3112 513 201
17467 8566 4437 3116 513 175
17467 8577 5132 2456 513 122
17467 8581 5136 2432 513 126
17467 9402 5146 3235 513 108
17467 9402 5293 3122 513 339
17467 9406 5146 3241 513 104
17467 9464 5359 3124 513 279
17467 9480 5132 3347 513 114
17467 9496 5144 3331 513 118
17467 9534 5427 3112 513 233
17467 9594 5495 3118 513 173
17473 8265 5460 2058 513 232
17473 8271 5460 2058 513 202
17473 8283 5324 2072 513 474
17473 8285 5352 2072 513 504
17473 9375 5324 3088 513 338
17473 9405 5352 3088 513 368
17473 9561 5398 3082 513 202
17473 9597 5428 3082 513 232
17477 8267 5440 2058 513 198
17477 8269 5440 2058 513 230
17477 8281 5350 2072 513 486
17477 8287 5312 2072 513 454
17477 9367 5312 3088 513 326
17477 9399 5350 3088 513 358
17477 9549 5382 3082 513 198
17477 9579 5414 3082 513 230
17481 8267 5461 2056 513 202
17481 8269 5461 2056 513 232
17481 8281 5352 2074 513 505
17481 8287 5324 2074 513 475
17481 9371 5324 3090 513 339
17481 9401 5352 3090 513 369
17481 9564 5399 3080 513 202
17481 9592 5429 3080 513 232
17485 8265 5441 2056 513 230
17485 8271 5441 2056 513 198
17485 8283 5312 2074 513 455
17485 8285 5350 2074 513 487
17485 9363 5312 3090 513 327
17485 9395 5350 3090 513 359
17485 9544 5383 3080 513 198
17485 9582 5415 3080 513 230
17491 8265 5458 2058 513 233
17491 8271 5458 2058 513 203
17491 8283 5323 2072 513 475
17491 8285 5359 2072 513 505
17491 9372 5323 3090 513 338
17491 9406 5359 3090 513 368
17491 9563 5392 3080 513 203
17491 9599 5426 3080 513 233
17495 8267 5446 2058 513 199
17495 8269 5446 2058 513 231
17495 8281 5345 2072 513 487
17495 8287 5319 2072 513 455
17495 9364 5319 3090 513 326
17495 9396 5345 3090 513 358
17495 9551 5376 3080 513 199
17495 9577 5408 3080 513 231
17499 8267 5459 2056 513 203
17499 8269 5459 2056 513 233
17499 8281 5359 2074 513 504
17499 8287 5323 2074 513 474
17499 9368 5323 3088 513 339
17499 9402 5359 3088 513 369
17499 9566 5393 3082 513 203
17499 9594 5427 3082 513 233
17503 8265 5447 2056 513 231
17503 8271 5447 2056 513 199
17503 8283 5319 2074 513 454
17503 8285 5345 2074 513 486
17503 9360 5319 3088 513 327
17503 9392 5345 3088 513 359
17503 9546 5377 3082 513 199
17503 9580 5409 3082 513 231
17505 8291 4334 2072 513 506
17505 8291 4470 2058 513 200
17505 8295 4296 2072 513 472
17505 8295 4470 2058 513 234
17505 8333 4334 3088 513 370
17505 8367 4296 3088 513 336
17505 8533 4406 3082 513 200
17505 8563 4372 3082 513 234
17511 8289 4292 2072 513 452
17511 8289 4448 2058 513 228
17511 8293 4320 2072 513 484
17511 8293 4448 2058 513 196
17511 8325 4320 3088 513 356
17511 8357 4292 3088 513 324
17511 8513 4388 3082 513 196
17511 8549 4356 3082 513 228
17513 8291 4296 2074 513 473
17513 8291 4471 2056 513 234
17513 8295 4334 2074 513 507
17513 8295 4471 2056 513 200
17513 8329 4334 3090 513 371
17513 8363 4296 3090 513 337
17513 8528 4407 3080 513 200
17513 8566 4373 3080 513 234
17519 8289 4320 2074 513 485
17519 8289 4449 2056 513 196
17519 8293 4292 2074 513 453
17519 8293 4449 2056 513 228
17519 8321 4320 3090 513 357
17519 8353 4292 3090 513 325
17519 8516 4389 3080 513 196
17519 8544 4357 3080 513 228
17523 8291 4331 2072 513 507
17523 8291 4466 2058 513 201
17523 8295 4301 2072 513 473
17523 8295 4466 2058 513 235
17523 8332 4331 3090 513 370
17523 8366 4301 3090 513 336
17523 8533 4402 3080 513 201
17523 8563 4368 3080 513 235
17525 8289 4289 2072 513 453
17525 8289 4452 2058 513 229
17525 8293 4325 2072 513 485
17525 8293 4452 2058 513 197
17525 8324 4325 3090 513 356
17525 8356 4289 3090 513 324
17525 8513 4384 3080 513 197
17525 8549 4352 3080 513 229
17531 8291 4301 2074 513 472
17531 8291 4467 2056 513 235
17531 8295 4331 2074 513 506
17531 8295 4467 2056 513 201
17531 8328 4331 3088 513 371
17531 8362 4301 3088 513 337
17531 8528 4403 3082 513 201
17531 8566 4369 3082 513 235
17533 8289 4325 2074 513 484
17533 8289 4453 2056 513 197
17533 8293 4289 2074 513 452
17533 8293 4453 2056 513 229
17533 8320 4325 3088 513 357
17533 8352 4289 3088 513 325
17533 8516 4385 3082 513 197
17533 8544 4353 3082 513 229
17539 8216 5280 2111 513 422
17539 8220 5290 2111 513 445
17539 8227 4266 2109 513 447
17539 8229 4256 2109 513 420
17539 8280 5254 2073 513 486
17539 8280 5262 2075 513 505
17539 8289 4228 2073 513 452
17539 8291 4236 2075 513 473
17539 8325 4256 3125 513 292
17539 8329 4266 3125 513 311
17539 8421 4228 3089 513 324
17539 8431 4236 3091 513 337
17539 9392 5280 3127 513 294
17539 9406 5290 3127 513 309
17539 9430 5254 3089 513 358
17539 9438 5262 3091 513 369
17541 8218 5262 2111 513 415
17541 8222 5254 2111 513 390
17541 8280 5312 2079 513 422
17541 8280 5324 2077 513 445
17541 9360 5254 3127 513 262
17541 9360 5312 3095 513 294
17541 9372 5262 3127 513 279
17541 9372 5324 3093 513 309
17543 8225 4228 2109 513 388
17543 8231 4236 2109 513 413
17543 8293 4320 2077 513 420
17543 8295 4334 2079 513 447
17543 8325 4320 3093 513 292
17543 8329 4334 3095 513 311
17543 8357 4228 3125 513 260
17543 8363 4236 3125 513 277
17547 8216 5290 2109 513 444
17547 8220 5280 2109 513 423
17547 8225 4256 2111 513 421
17547 8231 4266 2111 513 446
17547 8284 5254 2075 513 487
17547 8284 5262 2073 513 504
17547 8293 4228 2075 513 453
17547 8295 4236 2073 513 472
17547 8321 4256 3127 513 293
17547 8333 4266 3127 513 310
17547 8417 4228 3091 513 325
17547 8427 4236 3089 513 336
17547 9396 5280 3125 513 295
17547 9402 5290 3125 513 308
17547 9426 5254 3091 513 359
17547 9434 5262 3089 513 368
17549 8218 5254 2109 513 391
17549 8222 5262 2109 513 414
17549 8284 5312 2077 513 423
17549 8284 5324 2079 513 444
17549 9364 5254 3125 513 263
17549 9364 5312 3093 513 295
17549 9368 5262 3125 513 278
17549 9368 5324 3095 513 308
17551 8227 4236 2111 513 412
17551 8229 4228 2111 513 389
17551 8289 4320 2079 513 421
17551 8291 4334 2077 513 446
17551 8321 4320 3095 513 293
17551 8333 4334 3093 513 310
17551 8353 4228 3127 513 261
17551 8367 4236 3127 513 276
17552 8216 5287 2111 513 423
17552 8220 5293 2111 513 444
17552 8227 4271 2109 513 446
17552 8229 4261 2109 513 421
17552 8280 5249 2073 513 487
17552 8280 5257 2075 513 504
17552 8289 4225 2073 513 453
17552 8291 4233 2075 513 472
17552 8324 4261 3127 513 292
17552 8328 4271 3127 513 311
17552 8420 4225 3091 513 324
17552 8430 4233 3089 513 337
17552 9395 5287 3125 513 294
17552 9405 5293 3125 513 309
17552 9429 5249 3091 513 358
17552 9437 5257 3089 513 369
17556 8225 4225 2109 513 389
17556 8231 4233 2109 513 412
17556 8293 4325 2077 513 421
17556 8295 4331 2079 513 446
17556 8324 4325 3095 513 292
17556 8328 4331 3093 513 311
17556 8356 4225 3127 513 260
17556 8362 4233 3127 513 277
17558 8218 5257 2111 513 414
17558 8222 5249 2111 513 391
17558 8280 5319 2079 513 423
17558 8280 5323 2077 513 444
17558 9363 5249 3125 513 262
17558 9363 5319 3093 513 294
17558 9375 5257 3125 513 279
17558 9375 5323 3095 513 309
17560 8216 5293 2109 513 445
17560 8220 5287 2109 513 422
17560 8225 4261 2111 513 420
17560 8231 4271 2111 513 447
17560 8284 5249 2075 513 486
17560 8284 5257 2073 513 505
17560 8293 4225 2075 513 452
17560 8295 4233 2073 513 473
17560 8320 4261 3125 513 293
17560 8332 4271 3125 513 310
17560 8416 4225 3089 513 325
17560 8426 4233 3091 513 336
17560 9399 5287 3127 513 295
17560 9401 5293 3127 513 308
17560 9425 5249 3089 513 359
17560 9433 5257 3091 513 368
17564 8227 4233 2111 513 413
17564 8229 4225 2111 513 388
17564 8289 4325 2079 513 420
17564 8291 4331 2077 513 447
17564 8320 4325 3093 513 293
17564 8332 4331 3095 513 310
17564 8352 4225 3125 513 261
17564 8366 4233 3125 513 276
17566 8218 5249 2109 513 390
17566 8222 5257 2109 513 415
17566 8284 5319 2077 513 422
17566 8284 5323 2079 513 445
17566 9367 5249 3127 513 263
17566 9367 5319 3095 513 295
17566 9371 5257 3127 513 278
17566 9371 5323 3093 513 308
17569 8199 4106 2491 513 91
17569 8199 4119 2184 513 72
17569 8203 4125 3362 513 85
17569 8205 4106 3379 513 83
17569 8205 4119 2178 513 78
17569 8210 4127 3202 513 78
17569 8216 4127 3208 513 72
17569 8222 4117 2466 513 93
17569 8286 5290 2075 513 475
17569 8286 5352 2077 513 415
17569 8291 4296 2079 513 413
17569 8295 4266 2075 513 507
17569 8333 5141 2178 513 108
17569 8333 5141 2184 513 104
17569 8363 4296 3095 513 277
17569 8397 4266 3091 513 371
17569 8638 5130 2491 513 123
17569 8638 5143 2466 513 127
17569 9360 5149 3202 513 108
17569 9360 5149 3208 513 104
17569 9406 5352 3093 513 279
17569 9468 5290 3091 513 339
17569 9513 5151 3362 513 119
17569 9532 5130 3379 513 115
17571 8195 4106 2466 513 95
17571 8195 4119 2178 513 76
17571 8201 4106 3362 513 87
17571 8201 4119 2184 513 74
17571 8207 4125 3379 513 81
17571 8214 4127 3208 513 74
17571 8218 4117 2491 513 89
17571 8220 4127 3202 513 76
17571 8286 5280 2073 513 454
17571 8286 5350 2079 513 390
17571 8289 4292 2077 513 388
17571 8293 4256 2073 513 484
17571 8321 5141 2178 513 110
17571 8321 5141 2184 513 106
17571 8357 4292 3093 513 260
17571 8389 4256 3089 513 356
17571 8609 5130 2466 513 125
17571 8609 5143 2491 513 121
17571 9372 5149 3202 513 110
17571 9372 5149 3208 513 106
17571 9392 5350 3095 513 262
17571 9462 5280 3089 513 326
17571 9515 5130 3362 513 117
17571 9534 5151 3379 513 113
17577 8195 4106 2488 513 91
17577 8195 4119 2186 513 72
17577 8201 4106 3376 513 83
17577 8201 4119 2176 513 78
17577 8207 4125 3361 513 85
17577 8214 4127 3200 513 78
17577 8218 4117 2465 513 93
17577 8220 4127 3210 513 72
17577 8282 5290 2073 513 474
17577 8282 5352 2079 513 414
17577 8291 4266 2073 513 506
17577 8295 4296 2077 513 412
17577 8329 5141 2176 513 108
17577 8329 5141 2186 513 104
17577 8367 4296 3093 513 276
17577 8393 4266 3089 513 370
17577 8635 5130 2488 513 123
17577 8635 5143 2465 513 127
17577 9364 5149 3200 513 108
17577 9364 5149 3210 513 104
17577 9402 5352 3095 513 278
17577 9464 5290 3089 513 338
17577 9516 5151 3361 513 119
17577 9529 5130 3376 513 115
17579 8199 4106 2465 513 95
17579 8199 4119 2176 513 76
17579 8203 4125 3376 513 81
17579 8205 4106 3361 513 87
17579 8205 4119 2186 513 74
17579 8210 4127 3210 513 74
17579 8216 4127 3200 513 76
17579 8222 4117 2488 513 89
17579 8282 5280 2075 513 455
17579 8282 5350 2077 513 391
17579 8289 4256 2075 513 485
17579 8293 4292 2079 513 389
17579 8325 5141 2176 513 110
17579 8325 5141 2186 513 106
17579 8353 4292 3095 513 261
17579 8385 4256 3091 513 357
17579 8612 5130 2465 513 125
17579 8612 5143 2488 513 121
17579 9368 5149 3200 513 110
17579 9368 5149 3210 513 106
17579 9396 5350 3093 513 263
17579 9458 5280 3091 513 327
17579 9518 5130 3361 513 117
17579 9531 5151 3376 513 113
17584 8195 4110 2467 513 95
17584 8195 4115 2179 513 76
17584 8201 4110 3360 513 87
17584 8201 4115 2185 513 74
17584 8207 4121 3377 513 81
17584 8214 4123 3211 513 74
17584 8218 4113 2490 513 89
17584 8220 4123 3201 513 76
17584 8286 5287 2073 513 455
17584 8286 5345 2079 513 391
17584 8289 4289 2077 513 389
17584 8293 4261 2073 513 485
17584 8320 5139 2179 513 110
17584 8320 5139 2185 513 106
17584 8356 4289 3095 513 260
17584 8388 4261 3091 513 356
17584 8608 5132 2467 513 125
17584 8608 5137 2490 513 121
17584 9375 5147 3201 513 110
17584 9375 5147 3211 513 106
17584 9395 5345 3093 513 262
17584 9461 5287 3091 513 326
17584 9513 5132 3360 513 117
17584 9532 5145 3377 513 113
17586 8199 4110 2490 513 91
17586 8199 4115 2185 513 72
17586 8203 4121 3360 513 85
17586 8205 4110 3377 513 83
17586 8205 4115 2179 513 78
17586 8210 4123 3201 513 78
17586 8216 4123 3211 513 72
17586 8222 4113 2467 513 93
17586 8286 5293 2075 513 474
17586 8286 5359 2077 513 414
17586 8291 4301 2079 513 412
17586 8295 4271 2075 513 506
17586 8332 5139 2179 513 108
17586 8332 5139 2185 513 104
17586 8362 4301 3093 513 277
17586 8396 4271 3089 513 371
17586 8639 5132 2490 513 123
17586 8639 5137 2467 513 127
17586 9363 5147 3201 513 108
17586 9363 5147 3211 513 104
17586 9405 5359 3095 513 279
17586 9471 5293 3089 513 339
17586 9515 5145 3360 513 119
17586 9534 5132 3377 513 115
17592 8199 4110 2464 513 95
17592 8199 4115 2177 513 76
17592 8203 4121 3378 513 81
17592 8205 4110 3363 513 87
17592 8205 4115 2187 513 74
17592 8210 4123 3209 513 74
17592 8216 4123 3203 513 76
17592 8222 4113 2489 513 89
17592 8282 5287 2075 513 454
17592 8282 5345 2077 513 390
17592 8289 4261 2075 513 484
17592 8293 4289 2079 513 388
17592 8324 5139 2177 513 110
17592 8324 5139 2187 513 106
17592 8352 4289 3093 513 261
17592 8384 4261 3089 513 357
17592 8613 5132 2464 513 125
17592 8613 5137 2489 513 121
17592 9371 5147 3203 513 110
17592 9371 5147 3209 513 106
17592 9399 5345 3095 513 263
17592 9457 5287 3089 513 327
17592 9516 5132 3363 513 117
17592 9529 5145 3378 513 113
17594 8195 4110 2489 513 91
17594 8195 4115 2187 513 72
17594 8201 4110 3378 513 83
17594 8201 4115 2177 513 78
17594 8207 4121 3363 513 85
17594 8214 4123 3203 513 78
17594 8218 4113 2464 513 93
17594 8220 4123 3209 513 72
17594 8282 5293 2073 513 475
17594 8282 5359 2079 513 415
17594 8291 4271 2073 513 507
17594 8295 4301 2077 513 413
17594 8328 5139 2177 513 108
17594 8328 5139 2187 513 104
17594 8366 4301 3095 513 276
17594 8392 4271 3091 513 370
17594 8634 5132 2489 513 123
17594 8634 5137 2464 513 127
17594 9367 5147 3203 513 108
17594 9367 5147 3209 513 104
17594 9401 5359 3093 513 278
17594 9467 5293 3091 513 338
17594 9518 5145 3363 513 119
17594 9531 5132 3378 513 115
17601 8218 5324 2105 513 475
17601 8220 5352 2105 513 505
17601 9438 5324 3121 513 339
17601 9468 5352 3121 513 369
17605 8216 5350 2105 513 486
17605 8222 5312 2105 513 454
17605 9430 5312 3121 513 326
17605 9462 5350 3121 513 358
17609 8216 5352 2107 513 504
17609 8222 5324 2107 513 474
17609 9434 5324 3123 513 338
17609 9464 5352 3123 513 368
17613 8218 5312 2107 513 455
17613 8220 5350 2107 513 487
17613 9426 5312 3123 513 327
17613 9458 5350 3123 513 359
17618 8218 5323 2105 513 474
17618 8220 5359 2105 513 504
17618 9437 5323 3123 513 339
17618 9471 5359 3123 513 369
17622 8216 5345 2105 513 487
17622 8222 5319 2105 513 455
17622 9429 5319 3123 513 326
17622 9461 5345 3123 513 358
17626 8216 5359 2107 513 505
17626 8222 5323 2107 513 475
17626 9433 5323 3121 513 338
17626 9467 5359 3121 513 368
17630 8218 5319 2107 513 454
17630 8220 5345 2107 513 486
17630 9425 5319 3121 513 327
17630 9457 5345 3121 513 359
17633 8227 4334 2105 513 507
17633 8231 4296 2105 513 473
17633 8397 4334 3121 513 371
17633 8431 4296 3121 513 337
17639 8225 4292 2105 513 452
17639 8229 4320 2105 513 484
17639 8389 4320 3121 513 356
17639 8421 4292 3121 513 324
17641 8227 4296 2107 513 472
17641 8231 4334 2107 513 506
17641 8393 4334 3123 513 370
17641 8427 4296 3123 513 336
17647 8225 4320 2107 513 485
17647 8229 4292 2107 513 453
17647 8385 4320 3123 513 357
17647 8417 4292 3123 513 325
17650 8227 4331 2105 513 506
17650 8231 4301 2105 513 472
17650 8396 4331 3123 513 371
17650 8430 4301 3123 513 337
17652 8225 4289 2105 513 453
17652 8229 4325 2105 513 485
17652 8388 4325 3123 513 356
17652 8420 4289 3123 513 324
17658 8227 4301 2107 513 473
17658 8231 4331 2107 513 507
17658 8392 4331 3121 513 370
17658 8426 4301 3121 513 336
17660 8225 4325 2107 513 484
17660 8229 4289 2107 513 452
17660 8384 4325 3121 513 357
17660 8416 4289 3121 513 325
17665 8195 4105 2434 513 93
17665 8195 4121 2210 513 79
17665 8204 5428 2089 513 233
17665 8204 5428 2095 513 173
17665 8206 4127 2217 513 73
17665 8209 4118 3209 513 73
17665 8220 4112 2459 513 91
17665 8220 4112 3202 513 79
17665 8222 4105 3362 513 84
17665 8222 4121 3378 513 82
17665 8227 4406 2093 513 175
17665 8231 4406 2089 513 201
17665 8353 5145 2210 513 109
17665 8357 5149 2217 513 105
17665 8465 4470 3081 513 201
17665 8563 4368 3085 513 175
17665 8577 5129 2434 513 127
17665 8581 5136 2459 513 123
17665 9368 5140 3209 513 105
17665 9372 5136 3202 513 109
17665 9496 5460 3081 513 233
17665 9518 5145 3378 513 114
17665 9534 5129 3362 513 118
17665 9564 5392 3087 513 173
17667 8195 4109 2459 513 89
17667 8195 4125 2217 513 75
17667 8204 5408 2091 513 230
17667 8204 5408 2093 513 166
17667 8206 4123 2210 513 77
17667 8209 4114 3202 513 77
17667 8220 4116 2434 513 95
17667 8220 4116 3209 513 75
17667 8222 4109 3378 513 80
17667 8222 4125 3362 513 86
17667 8225 4384 2095 513 164
17667 8229 4384 2091 513 196
17667 8362 5151 2217 513 107
17667 8366 5147 2210 513 111
17667 8449 4452 3083 513 196
17667 8549 4356 3087 513 164
17667 8600 5135 2459 513 121
17667 8604 5142 2434 513 125
17667 9363 5138 3202 513 111
17667 9367 5142 3209 513 107
17667 9482 5446 3083 513 230
17667 9518 5135 3378 513 112
17667 9534 5151 3362 513 116
17667 9546 5382 3085 513 166
17672 8199 4105 2433 513 93
17672 8199 4121 2208 513 79
17672 8200 5429 2091 513 233
17672 8200 5429 2093 513 173
17672 8202 4127 2219 513 73
17672 8213 4118 3211 513 73
17672 8216 4112 2456 513 91
17672 8216 4112 3200 513 79
17672 8218 4105 3361 513 84
17672 8218 4121 3377 513 82
17672 8227 4407 2091 513 201
17672 8231 4407 2095 513 175
17672 8353 5149 2219 513 105
17672 8357 5145 2208 513 109
17672 8468 4471 3083 513 201
17672 8566 4369 3087 513 175
17672 8576 5136 2456 513 123
17672 8580 5129 2433 513 127
17672 9368 5136 3200 513 109
17672 9372 5140 3211 513 105
17672 9501 5461 3083 513 233
17672 9515 5145 3377 513 114
17672 9531 5129 3361 513 118
17672 9561 5393 3085 513 173
17674 8199 4109 2456 513 89
17674 8199 4125 2219 513 75
17674 8200 5409 2089 513 230
17674 8200 5409 2095 513 166
17674 8202 4123 2208 513 77
17674 8213 4114 3200 513 77
17674 8216 4116 2433 513 95
17674 8216 4116 3211 513 75
17674 8218 4109 3377 513 80
17674 8218 4125 3361 513 86
17674 8225 4385 2089 513 196
17674 8229 4385 2093 513 164
17674 8362 5147 2208 513 111
17674 8366 5151 2219 513 107
17674 8452 4453 3081 513 196
17674 8544 4357 3085 513 164
17674 8601 5142 2433 513 125
17674 8605 5135 2456 513 121
17674 9363 5142 3211 513 107
17674 9367 5138 3200 513 111
17674 9487 5447 3081 513 230
17674 9515 5135 3377 513 112
17674 9531 5151 3361 513 116
17674 9551 5383 3087 513 166
17681 8195 4105 2458 513 89
17681 8195 4121 2216 513 75
17681 8204 5414 2091 513 231
17681 8204 5414 2093 513 167
17681 8206 4127 2211 513 77
17681 8209 4118 3201 513 77
17681 8220 4112 2435 513 95
17681 8220 4112 3210 513 75
17681 8222 4105 3376 513 80
17681 8222 4121 3360 513 86
17681 8225 4388 2095 513 165
17681 8229 4388 2091 513 197
17681 8363 5145 2216 513 107
17681 8367 5149 2211 513 111
17681 8449 4448 3081 513 197
17681 8549 4352 3085 513 165
17681 8601 5129 2458 513 121
17681 8605 5136 2435 513 125
17681 9360 5140 3201 513 111
17681 9364 5136 3210 513 107
17681 9480 5440 3081 513 231
17681 9516 5129 3376 513 112
17681 9532 5145 3360 513 116
17681 9544 5376 3087 513 167
17683 8195 4109 2435 513 93
17683 8195 4125 2211 513 79
17683 8204 5426 2089 513 232
17683 8204 5426 2095 513 172
17683 8206 4123 2216 513 73
17683 8209 4114 3210 513 73
17683 8220 4116 2458 513 91
17683 8220 4116 3201 513 79
17683 8222 4109 3360 513 84
17683 8222 4125 3376 513 82
17683 8227 4402 2093 513 174
17683 8231 4402 2089 513 200
17683 8352 5151 2211 513 109
17683 8356 5147 2216 513 105
17683 8465 4466 3083 513 200
17683 8563 4372 3087 513 174
17683 8576 5135 2435 513 127
17683 8580 5142 2458 513 123
17683 9371 5138 3210 513 105
17683 9375 5142 3201 513 109
17683 9498 5458 3083 513 232
17683 9516 5151 3376 513 114
17683 9532 5135 3360 513 118
17683 9566 5398 3085 513 172
17688 8199 4105 2457 513 89
17688 8199 4121 2218 513 75
17688 8200 5415 2089 513 231
17688 8200 5415 2095 513 167
17688 8202 4127 2209 513 77
17688 8213 4118 3203 513 77
17688 8216 4112 2432 513 95
17688 8216 4112 3208 513 75
17688 8218 4105 3379 513 80
17688 8218 4121 3363 513 86
17688 8225 4389 2089 513 197
17688 8229 4389 2093 513 165
17688 8363 5149 2209 513 111
17688 8367 5145 2218 513 107
17688 8452 4449 3083 513 197
17688 8544 4353 3087 513 165
17688 8600 5136 2432 513 125
17688 8604 5129 2457 513 121
17688 9360 5136 3208 513 107
17688 9364 5140 3203 513 111
17688 9485 5441 3083 513 231
17688 9513 5129 3379 513 112
17688 9529 5145 3363 513 116
17688 9549 5377 3085 513 167
17690 8199 4109 2432 513 93
17690 8199 4125 2209 513 79
17690 8200 5427 2091 513 232
17690 8200 5427 2093 513 172
17690 8202 4123 2218 513 73
17690 8213 4114 3208 513 73
17690 8216 4116 2457 513 91
17690 8216 4116 3203 513 79
17690 8218 4109 3363 513 84
17690 8218 4125 3379 513 82
17690 8227 4403 2091 513 200
17690 8231 4403 2095 513 174
17690 8352 5147 2218 513 105
17690 8356 5151 2209 513 109
17690 8468 4467 3081 513 200
17690 8566 4373 3085 513 174
17690 8577 5142 2457 513 123
17690 8581 5135 2432 513 127
17690 9371 5142 3203 513 109
17690 9375 5138 3208 513 105
17690 9503 5459 3081 513 232
17690 9513 5151 3379 513 114
17690 9529 5135 3363 513 118
17690 9563 5399 3087 513 172
17699 8202 5408 2091 513 198
17699 8202 5428 2089 513 203
17699 8225 4384 2091 513 228
17699 8227 4406 2089 513 235
17699 8266 5408 2061 513 134
17699 8270 5428 2061 513 143
17699 8291 4406 2063 513 141
17699 8293 4384 2063 513 132
17699 8449 4388 3119 513 132
17699 8465 4402 3119 513 141
17699 8485 4420 3083 513 228
17699 8503 4436 3081 513 235
17699 9516 5414 3117 513 134
17699 9516 5478 3083 513 198
17699 9532 5426 3117 513 143
17699 9532 5494 3081 513 203
17701 8202 5408 2093 513 134
17701 8202 5428 2095 513 143
17701 8264 5428 2061 513 173
17701 8268 5408 2061 513 166
17701 9482 5382 3117 513 166
17701 9496 5392 3117 513 173
17701 9580 5414 3085 513 134
17701 9592 5426 3087 513 143
17703 8229 4384 2095 513 132
17703 8231 4406 2093 513 141
17703 8289 4384 2063 513 164
17703 8295 4406 2063 513 175
17703 8485 4356 3119 513 164
17703 8503 4368 3119 513 175
17703 8513 4388 3087 513 132
17703 8533 4402 3085 513 141
17706 8206 5409 2089 513 198
17706 8206 5429 2091 513 203
17706 8229 4385 2089 513 228
17706 8231 4407 2091 513 235
17706 8266 5429 2063 513 143
17706 8270 5409 2063 513 134
17706 8289 4385 2061 513 132
17706 8295 4407 2061 513 141
17706 8452 4389 3117 513 132
17706 8468 4403 3117 513 141
17706 8480 4421 3081 513 228
17706 8498 4437 3083 513 235
17706 9513 5415 3119 513 134
17706 9513 5479 3081 513 198
17706 9529 5427 3119 513 143
17706 9529 5495 3083 513 203
17708 8206 5409 2095 513 134
17708 8206 5429 2093 513 143
17708 8264 5409 2063 513 166
17708 8268 5429 2063 513 173
17708 9487 5383 3119 513 166
17708 9501 5393 3119 513 173
17708 9577 5415 3087 513 134
17708 9597 5427 3085 513 143
17710 8225 4385 2093 513 132
17710 8227 4407 2095 513 141
17710 8291 4407 2061 513 175
17710 8293 4385 2061 513 164
17710 8480 4357 3117 513 164
17710 8498 4369 3117 513 175
17710 8516 4389 3085 513 132
17710 8528 4403 3087 513 141
17713 8202 5414 2091 513 199
17713 8202 5426 2089 513 202
17713 8225 4388 2091 513 229
17713 8227 4402 2089 513 234
17713 8266 5414 2061 513 135
17713 8270 5426 2061 513 142
17713 8291 4402 2063 513 140
17713 8293 4388 2063 513 133
17713 8449 4384 3117 513 133
17713 8465 4406 3117 513 140
17713 8485 4416 3081 513 229
17713 8503 4432 3083 513 234
17713 9518 5408 3119 513 135
17713 9518 5472 3081 513 199
17713 9534 5428 3119 513 142
17713 9534 5488 3083 513 202
17717 8229 4388 2095 513 133
17717 8231 4402 2093 513 140
17717 8289 4388 2063 513 165
17717 8295 4402 2063 513 174
17717 8485 4352 3117 513 165
17717 8503 4372 3117 513 174
17717 8513 4384 3085 513 133
17717 8533 4406 3087 513 140
17719 8202 5414 2093 513 135
17719 8202 5426 2095 513 142
17719 8264 5426 2061 513 172
17719 8268 5414 2061 513 167
17719 9480 5376 3119 513 167
17719 9498 5398 3119 513 172
17719 9582 5408 3087 513 135
17719 9594 5428 3085 513 142
17720 8206 5415 2089 513 199
17720 8206 5427 2091 513 202
17720 8229 4389 2089 513 229
17720 8231 4403 2091 513 234
17720 8266 5427 2063 513 142
17720 8270 5415 2063 513 135
17720 8289 4389 2061 513 133
17720 8295 4403 2061 513 140
17720 8452 4385 3119 513 133
17720 8468 4407 3119 513 140
17720 8480 4417 3083 513 229
17720 8498 4433 3081 513 234
17720 9515 5409 3117 513 135
17720 9515 5473 3083 513 199
17720 9531 5429 3117 513 142
17720 9531 5489 3081 513 202
17724 8225 4389 2093 513 133
17724 8227 4403 2095 513 140
17724 8291 4403 2061 513 174
17724 8293 4389 2061 513 165
17724 8480 4353 3119 513 165
17724 8498 4373 3119 513 174
17724 8516 4385 3087 513 133
17724 8528 4407 3085 513 140
17726 8206 5415 2095 513 135
17726 8206 5427 2093 513 142
17726 8264 5415 2063 513 167
17726 8268 5427 2063 513 172
17726 9485 5377 3117 513 167
17726 9503 5399 3117 513 172
17726 9579 5409 3085 513 135
17726 9599 5429 3087 513 142
17729 8291 4406 2059 513 201
17729 8295 4406 2059 513 235
17729 8533 4470 3115 513 201
17729 8563 4436 3115 513 235
17735 8289 4384 2059 513 228
17735 8293 4384 2059 513 196
17735 8513 4452 3115 513 196
17735 8549 4420 3115 513 228
17736 8291 4407 2057 513 235
17736 8295 4407 2057 513 201
17736 8528 4471 3113 513 201
17736 8566 4437 3113 513 235
17742 8289 4385 2057 513 196
17742 8293 4385 2057 513 228
17742 8516 4453 3113 513 196
17742 8544 4421 3113 513 228
17747 8291 4402 2059 513 200
17747 8295 4402 2059 513 234
17747 8533 4466 3113 513 200
17747 8563 4432 3113 513 234
17749 8289 4388 2059 513 229
17749 8293 4388 2059 513 197
17749 8513 4448 3113 513 197
17749 8549 4416 3113 513 229
17754 8291 4403 2057 513 234
17754 8295 4403 2057 513 200
17754 8528 4467 3115 513 200
17754 8566 4433 3115 513 234
17756 8289 4389 2057 513 197
17756 8293 4389 2057 513 229
17756 8516 4449 3115 513 197
17756 8544 4417 3115 513 229
17761 8264 5428 2059 513 233
17761 8270 5428 2059 513 203
17761 9564 5460 3115 513 233
17761 9592 5494 3115 513 203
17765 8266 5408 2059 513 198
17765 8268 5408 2059 513 230
17765 9546 5446 3115 513 230
17765 9580 5478 3115 513 198
17768 8266 5429 2057 513 203
17768 8268 5429 2057 513 233
17768 9561 5461 3113 513 233
17768 9597 5495 3113 513 203
17772 8264 5409 2057 513 230
17772 8270 5409 2057 513 198
17772 9551 5447 3113 513 230
17772 9577 5479 3113 513 198
17779 8264 5426 2059 513 232
17779 8270 5426 2059 513 202
17779 9566 5458 3113 513 232
17779 9594 5488 3113 513 202
17783 8266 5414 2059 513 199
17783 8268 5414 2059 513 231
17783 9544 5440 3113 513 231
17783 9582 5472 3113 513 199
17786 8266 5427 2057 513 202
17786 8268 5427 2057 513 232
17786 9563 5459 3115 513 232
17786 9599 5489 3115 513 202
17790 8264 5415 2057 513 231
17790 8270 5415 2057 513 199
17790 9549 5441 3115 513 231
17790 9579 5473 3115 513 199
17793 8199 4113 2490 513 90
17793 8199 4126 2185 513 73
17793 8202 4105 3330 513 85
17793 8204 4120 2178 513 79
17793 8204 4120 3347 513 83
17793 8210 4113 3234 513 79
17793 8217 4119 3241 513 73
17793 8223 4105 2466 513 92
17793 8332 5144 2178 513 109
17793 8332 5148 2185 513 105
17793 8639 5129 2466 513 126
17793 8639 5137 2490 513 122
17793 9392 5137 3234 513 109
17793 9392 5141 3241 513 105
17793 9480 5129 3330 513 119
17793 9501 5144 3347 513 115
17795 8195 4117 2466 513 94
17795 8195 4122 2178 513 77
17795 8200 4124 2185 513 75
17795 8200 4124 3330 513 87
17795 8206 4109 3347 513 81
17795 8214 4117 3241 513 75
17795 8219 4109 2490 513 88
17795 8221 4115 3234 513 77
17795 8321 5146 2178 513 111
17795 8321 5150 2185 513 107
17795 8609 5135 2490 513 120
17795 8609 5143 2466 513 124
17795 9405 5139 3234 513 111
17795 9405 5143 3241 513 107
17795 9482 5150 3330 513 117
17795 9503 5135 3347 513 113
17800 8195 4113 2489 513 90
17800 8195 4126 2187 513 73
17800 8200 4120 2176 513 79
17800 8200 4120 3344 513 83
17800 8206 4105 3329 513 85
17800 8214 4113 3232 513 79
17800 8219 4105 2465 513 92
17800 8221 4119 3243 513 73
17800 8328 5144 2176 513 109
17800 8328 5148 2187 513 105
17800 8634 5129 2465 513 126
17800 8634 5137 2489 513 122
17800 9396 5137 3232 513 109
17800 9396 5141 3243 513 105
17800 9485 5129 3329 513 119
17800 9496 5144 3344 513 115
17802 8199 4117 2465 513 94
17802 8199 4122 2176 513 77
17802 8202 4109 3344 513 81
17802 8204 4124 2187 513 75
17802 8204 4124 3329 513 87
17802 8210 4117 3243 513 75
17802 8217 4115 3232 513 77
17802 8223 4109 2489 513 88
17802 8325 5146 2176 513 111
17802 8325 5150 2187 513 107
17802 8612 5135 2489 513 120
17802 8612 5143 2465 513 124
17802 9401 5139 3232 513 111
17802 9401 5143 3243 513 107
17802 9487 5150 3329 513 117
17802 9498 5135 3344 513 113
17808 8195 4113 2467 513 94
17808 8195 4126 2179 513 77
17808 8200 4120 2184 513 75
17808 8200 4120 3328 513 87
17808 8206 4105 3345 513 81
17808 8214 4113 3242 513 75
17808 8219 4105 2491 513 88
17808 8221 4119 3233 513 77
17808 8320 5144 2184 513 107
17808 8320 5148 2179 513 111
17808 8608 5129 2491 513 120
17808 8608 5137 2467 513 124
17808 9406 5137 3242 513 107
17808 9406 5141 3233 513 111
17808 9480 5144 3328 513 117
17808 9501 5129 3345 513 113
17810 8199 4117 2491 513 90
17810 8199 4122 2184 513 73
17810 8202 4109 3328 513 85
17810 8204 4124 2179 513 79
17810 8204 4124 3345 513 83
17810 8210 4117 3233 513 79
17810 8217 4115 3242 513 73
17810 8223 4109 2467 513 92
17810 8333 5146 2184 513 105
17810 8333 5150 2179 513 109
17810 8638 5135 2467 513 126
17810 8638 5143 2491 513 122
17810 9395 5139 3242 513 105
17810 9395 5143 3233 513 109
17810 9482 5135 3328 513 119
17810 9503 5150 3345 513 115
17817 8199 4113 2464 513 94
17817 8199 4126 2177 513 77
17817 8202 4105 3346 513 81
17817 8204 4120 2186 513 75
17817 8204 4120 3331 513 87
17817 8210 4113 3240 513 75
17817 8217 4119 3235 513 77
17817 8223 4105 2488 513 88
17817 8324 5144 2186 513 107
17817 8324 5148 2177 513 111
17817 8613 5129 2488 513 120
17817 8613 5137 2464 513 124
17817 9402 5137 3240 513 107
17817 9402 5141 3235 513 111
17817 9485 5144 3331 513 117
17817 9496 5129 3346 513 113
17819 8195 4117 2488 513 90
17819 8195 4122 2186 513 73
17819 8200 4124 2177 513 79
17819 8200 4124 3346 513 83
17819 8206 4109 3331 513 85
17819 8214 4117 3235 513 79
17819 8219 4109 2464 513 92
17819 8221 4115 3240 513 73
17819 8329 5146 2186 513 105
17819 8329 5150 2177 513 109
17819 8635 5135 2464 513 126
17819 8635 5143 2488 513 122
17819 9399 5139 3240 513 105
17819 9399 5143 3235 513 109
17819 9487 5135 3331 513 119
17819 9498 5150 3346 513 115
18435 10374 4185 1054 513 422
18435 10382 4189 1054 513 444
18435 10432 4115 1074 513 326
18435 10432 4179 1044 513 262
18435 10444 4115 1072 513 338
18435 10444 4183 1044 513 278
18435 10464 4121 1080 513 486
18435 10478 4121 1082 513 504
18435 8324 4197 1052 513 420
18435 8332 4195 1052 513 446
18435 8384 4129 1080 513 452
18435 8396 4131 1082 513 472
18435 8416 4129 1074 513 356
18435 8416 4197 1046 513 260
18435 8430 4131 1072 513 370
18435 8430 4195 1046 513 276
18437 10368 4191 1054 513 390
18437 10376 4187 1054 513 414
18437 10432 4115 1076 513 262
18437 10432 4181 1044 513 294
18437 10444 4115 1078 513 278
18437 10444 4177 1044 513 308
18437 10470 4121 1086 513 422
18437 10472 4121 1084 513 444
18439 8320 4193 1052 513 388
18439 8328 4199 1052 513 412
18439 8388 4133 1084 513 420
18439 8392 4135 1086 513 446
18439 8416 4133 1078 513 260
18439 8416 4193 1046 513 292
18439 8430 4135 1076 513 276
18439 8430 4199 1046 513 310
18441 10368 4185 1054 513 423
18441 10376 4189 1054 513 445
18441 10438 4115 1074 513 327
18441 10438 4179 1044 513 263
18441 10442 4115 1072 513 339
18441 10442 4183 1044 513 279
18441 10470 4121 1080 513 487
18441 10472 4121 1082 513 505
18441 8320 4197 1052 513 421
18441 8328 4195 1052 513 447
18441 8388 4129 1080 513 453
18441 8392 4131 1082 513 473
18441 8420 4129 1074 513 357
18441 8420 4197 1046 513 261
18441 8426 4131 1072 513 371
18441 8426 4195 1046 513 277
18445 8324 4193 1052 513 389
18445 8332 4199 1052 513 413
18445 8384 4133 1084 513 421
18445 8396 4135 1086 513 447
18445 8420 4133 1078 513 261
18445 8420 4193 1046 513 293
18445 8426 4135 1076 513 277
18445 8426 4199 1046 513 311
18447 10374 4191 1054 513 391
18447 10382 4187 1054 513 415
18447 10438 4115 1076 513 263
18447 10438 4181 1044 513 295
18447 10442 4115 1078 513 279
18447 10442 4177 1044 513 309
18447 10464 4121 1086 513 423
18447 10478 4121 1084 513 445
18451 10375 4189 1052 513 423
18451 10383 4185 1052 513 445
18451 10433 4119 1072 513 326
18451 10433 4183 1046 513 262
18451 10445 4119 1074 513 338
18451 10445 4179 1046 513 278
18451 10465 4125 1082 513 487
18451 10479 4125 1080 513 505
18451 8325 4193 1054 513 421
18451 8333 4199 1054 513 447
18451 8385 4133 1082 513 453
18451 8397 4135 1080 513 473
18451 8417 4133 1072 513 356
18451 8417 4193 1044 513 260
18451 8431 4135 1074 513 370
18451 8431 4199 1044 513 276
18453 10369 4187 1052 513 391
18453 10377 4191 1052 513 415
18453 10433 4119 1078 513 262
18453 10433 4177 1046 513 294
18453 10445 4119 1076 513 278
18453 10445 4181 1046 513 308
18453 10471 4125 1084 513 423
18453 10473 4125 1086 513 445
18455 8321 4197 1054 513 389
18455 8329 4195 1054 513 413
18455 8389 4129 1086 513 421
18455 8393 4131 1084 513 447
18455 8417 4129 1076 513 260
18455 8417 4197 1044 513 292
18455 8431 4131 1078 513 276
18455 8431 4195 1044 513 310
18457 10369 4189 1052 513 422
18457 10377 4185 1052 513 444
18457 10439 4119 1072 513 327
18457 10439 4183 1046 513 263
18457 10443 4119 1074 513 339
18457 10443 4179 1046 513 279
18457 10471 4125 1082 513 486
18457 10473 4125 1080 513 504
18457 8321 4193 1054 513 420
18457 8329 4199 1054 513 446
18457 8389 4133 1082 513 452
18457 8393 4135 1080 513 472
18457 8421 4133 1072 513 357
18457 8421 4193 1044 513 261
18457 8427 4135 1074 513 371
18457 8427 4199 1044 513 277
18461 8325 4197 1054 513 388
18461 8333 4195 1054 513 412
18461 8385 4129 1086 513 420
18461 8397 4131 1084 513 446
18461 8421 4129 1076 513 261
18461 8421 4197 1044 513 293
18461 8427 4131 1078 513 277
18461 8427 4195 1044 513 311
18463 10375 4187 1052 513 390
18463 10383 4191 1052 513 414
18463 10439 4119 1078 513 263
18463 10439 4177 1046 513 295
18463 10443 4119 1076 513 279
18463 10443 4181 1046 513 309
18463 10465 4125 1084 513 422
18463 10479 4125 1086 513 444
18465 10252 4385 1314 513 116
18465 10252 4389 1328 513 112
18465 10254 4481 1410 513 126
18465 10258 4485 1434 513 122
18465 10444 4117 1072 513 368
18465 10444 4117 1078 513 308
18465 10472 4127 1082 513 474
18465 10478 4127 1084 513 414
18465 8204 4099 1410 513 92
18465 8206 4099 1314 513 86
18465 8206 4119 1328 513 80
18465 8210 4125 1434 513 90
18465 8392 4135 1082 513 506
18465 8396 4131 1086 513 412
18465 8430 4131 1076 513 310
18465 8430 4135 1072 513 336
18467 10252 4403 1328 513 114
18467 10252 4407 1314 513 118
18467 10254 4505 1434 513 120
18467 10258 4509 1410 513 124
18467 10432 4117 1074 513 358
18467 10432 4117 1076 513 294
18467 10464 4127 1086 513 390
18467 10470 4127 1080 513 454
18467 8204 4099 1434 513 88
18467 8206 4099 1328 513 82
18467 8206 4119 1314 513 84
18467 8210 4125 1410 513 94
18467 8384 4129 1084 513 388
18467 8388 4133 1080 513 484
18467 8416 4129 1078 513 292
18467 8416 4133 1074 513 324
18473 10248 4504 1435 513 120
18473 10250 4402 1329 513 114
18473 10250 4406 1315 513 118
18473 10260 4508 1411 513 124
18473 10438 4117 1074 513 359
18473 10438 4117 1076 513 295
18473 10464 4127 1080 513 455
18473 10470 4127 1086 513 391
18473 8200 4099 1435 513 88
18473 8202 4099 1329 513 82
18473 8202 4119 1315 513 84
18473 8214 4125 1411 513 94
18473 8384 4133 1080 513 485
18473 8388 4129 1084 513 389
18473 8420 4129 1078 513 293
18473 8420 4133 1074 513 325
18475 10248 4480 1411 513 126
18475 10250 4384 1315 513 116
18475 10250 4388 1329 513 112
18475 10260 4484 1435 513 122
18475 10442 4117 1072 513 369
18475 10442 4117 1078 513 309
18475 10472 4127 1084 513 415
18475 10478 4127 1082 513 475
18475 8200 4099 1411 513 92
18475 8202 4099 1315 513 86
18475 8202 4119 1329 513 80
18475 8214 4125 1435 513 90
18475 8392 4131 1086 513 413
18475 8396 4135 1082 513 507
18475 8426 4131 1076 513 311
18475 8426 4135 1072 513 337
18481 10252 4385 1330 513 112
18481 10252 4389 1312 513 116
18481 10254 4484 1409 513 126
18481 10258 4480 1433 513 122
18481 10445 4113 1074 513 368
18481 10445 4113 1076 513 308
18481 10473 4123 1080 513 475
18481 10479 4123 1086 513 415
18481 8204 4103 1409 513 92
18481 8206 4103 1312 513 86
18481 8206 4115 1330 513 80
18481 8210 4121 1433 513 90
18481 8393 4131 1080 513 507
18481 8397 4135 1084 513 413
18481 8431 4131 1074 513 336
18481 8431 4135 1078 513 310
18483 10252 4403 1312 513 118
18483 10252 4407 1330 513 114
18483 10254 4508 1433 513 120
18483 10258 4504 1409 513 124
18483 10433 4113 1072 513 358
18483 10433 4113 1078 513 294
18483 10465 4123 1084 513 391
18483 10471 4123 1082 513 455
18483 8204 4103 1433 513 88
18483 8206 4103 1330 513 82
18483 8206 4115 1312 513 84
18483 8210 4121 1409 513 94
18483 8385 4133 1086 513 389
18483 8389 4129 1082 513 485
18483 8417 4129 1072 513 324
18483 8417 4133 1076 513 292
18489 10248 4509 1432 513 120
18489 10250 4402 1313 513 118
18489 10250 4406 1331 513 114
18489 10260 4505 1408 513 124
18489 10439 4113 1072 513 359
18489 10439 4113 1078 513 295
18489 10465 4123 1082 513 454
18489 10471 4123 1084 513 390
18489 8200 4103 1432 513 88
18489 8202 4103 1331 513 82
18489 8202 4115 1313 513 84
18489 8214 4121 1408 513 94
18489 8385 4129 1082 513 484
18489 8389 4133 1086 513 388
18489 8421 4129 1072 513 325
18489 8421 4133 1076 513 293
18491 10248 4485 1408 513 126
18491 10250 4384 1331 513 112
18491 10250 4388 1313 513 116
18491 10260 4481 1432 513 122
18491 10443 4113 1074 513 369
18491 10443 4113 1076 513 309
18491 10473 4123 1086 513 414
18491 10479 4123 1080 513 474
18491 8200 4103 1408 513 92
18491 8202 4103 1313 513 86
18491 8202 4115 1331 513 80
18491 8214 4121 1432 513 90
18491 8393 4135 1084 513 412
18491 8397 4131 1080 513 506
18491 8427 4131 1074 513 337
18491 8427 4135 1078 513 311
18497 10376 4189 1048 513 504
18497 10382 4187 1048 513 474
18497 10444 4177 1042 513 368
18497 10444 4183 1042 513 338
18501 10368 4185 1048 513 486
18501 10374 4191 1048 513 454
18501 10432 4179 1042 513 326
18501 10432 4181 1042 513 358
18507 10376 4187 1048 513 475
18507 10382 4189 1048 513 505
18507 10442 4177 1042 513 369
18507 10442 4183 1042 513 339
18511 10368 4191 1048 513 455
18511 10374 4185 1048 513 487
18511 10438 4179 1042 513 327
18511 10438 4181 1042 513 359
18513 10377 4185 1050 513 505
18513 10383 4191 1050 513 475
18513 10445 4179 1040 513 338
18513 10445 4181 1040 513 368
18517 10369 4189 1050 513 487
18517 10375 4187 1050 513 455
18517 10433 4177 1040 513 358
18517 10433 4183 1040 513 326
18523 10377 4191 1050 513 474
18523 10383 4185 1050 513 504
18523 10443 4179 1040 513 339
18523 10443 4181 1040 513 369
18527 10369 4187 1050 513 454
18527 10375 4189 1050 513 486
18527 10439 4177 1040 513 359
18527 10439 4183 1040 513 327
18529 8328 4199 1048 513 472
18529 8332 4195 1048 513 506
18529 8430 4195 1042 513 336
18529 8430 4199 1042 513 370
18535 8320 4193 1048 513 452
18535 8324 4197 1048 513 484
18535 8416 4193 1042 513 356
18535 8416 4197 1042 513 324
18539 8328 4195 1048 513 507
18539 8332 4199 1048 513 473
18539 8426 4195 1042 513 337
18539 8426 4199 1042 513 371
18541 8320 4197 1048 513 485
18541 8324 4193 1048 513 453
18541 8420 4193 1042 513 357
18541 8420 4197 1042 513 325
18545 8329 4195 1050 513 473
18545 8333 4199 1050 513 507
18545 8431 4195 1040 513 370
18545 8431 4199 1040 513 336
18551 8321 4197 1050 513 453
18551 8325 4193 1050 513 485
18551 8417 4193 1040 513 324
18551 8417 4197 1040 513 356
18555 8329 4199 1050 513 506
18555 8333 4195 1050 513 472
18555 8427 4195 1040 513 371
18555 8427 4199 1040 513 337
18557 8321 4193 1050 513 484
18557 8325 4197 1050 513 452
18557 8421 4193 1040 513 325
18557 8421 4197 1040 513 357
18561 10248 4485 1435 513 123
18561 10257 4481 1410 513 127
18561 10265 4385 1314 513 117
18561 10269 4389 1329 513 113
18561 10376 4126 1083 513 475
18561 10382 4126 1085 513 415
18561 10412 4116 1073 513 369
18561 10412 4116 1079 513 309
18561 8200 4124 1435 513 91
18561 8209 4099 1410 513 93
18561 8217 4099 1314 513 87
18561 8223 4118 1329 513 81
18561 8328 4135 1083 513 507
18561 8332 4131 1087 513 413
18561 8366 4131 1077 513 311
18561 8366 4135 1073 513 337
18563 10254 4508 1410 513 125
18563 10263 4504 1435 513 121
18563 10267 4406 1314 513 119
18563 10271 4402 1329 513 115
18563 10368 4126 1087 513 390
18563 10374 4126 1081 513 454
18563 10400 4116 1075 513 358
18563 10400 4116 1077 513 294
18563 8204 4124 1410 513 95
18563 8213 4099 1435 513 89
18563 8219 4118 1314 513 85
18563 8221 4099 1329 513 83
18563 8320 4129 1085 513 388
18563 8324 4133 1081 513 484
18563 8352 4129 1079 513 292
18563 8352 4133 1075 513 324
18569 10248 4509 1411 513 125
18569 10257 4505 1434 513 121
18569 10265 4403 1328 513 115
18569 10269 4407 1315 513 119
18569 10368 4126 1081 513 455
18569 10374 4126 1087 513 391
18569 10406 4116 1075 513 359
18569 10406 4116 1077 513 295
18569 8200 4124 1411 513 95
18569 8209 4099 1434 513 89
18569 8217 4099 1328 513 83
18569 8223 4118 1315 513 85
18569 8320 4133 1081 513 485
18569 8324 4129 1085 513 389
18569 8356 4129 1079 513 293
18569 8356 4133 1075 513 325
18571 10254 4484 1434 513 123
18571 10263 4480 1411 513 127
18571 10267 4388 1328 513 113
18571 10271 4384 1315 513 117
18571 10376 4126 1085 513 414
18571 10382 4126 1083 513 474
18571 10410 4116 1073 513 368
18571 10410 4116 1079 513 308
18571 8204 4124 1434 513 91
18571 8213 4099 1411 513 93
18571 8219 4118 1328 513 81
18571 8221 4099 1315 513 87
18571 8328 4131 1087 513 412
18571 8332 4135 1083 513 506
18571 8362 4131 1077 513 310
18571 8362 4135 1073 513 336
18576 10248 4480 1432 513 123
18576 10257 4484 1409 513 127
18576 10265 4389 1312 513 117
18576 10269 4385 1331 513 113
18576 10377 4122 1081 513 474
18576 10383 4122 1087 513 414
18576 10413 4112 1075 513 369
18576 10413 4112 1077 513 309
18576 8200 4120 1432 513 91
18576 8209 4103 1409 513 93
18576 8217 4103 1312 513 87
18576 8223 4114 1331 513 81
18576 8329 4131 1081 513 506
18576 8333 4135 1085 513 412
18576 8367 4131 1075 513 337
18576 8367 4135 1079 513 311
18578 10254 4505 1409 513 125
18578 10263 4509 1432 513 121
18578 10267 4402 1312 513 119
18578 10271 4406 1331 513 115
18578 10369 4122 1085 513 391
18578 10375 4122 1083 513 455
18578 10401 4112 1073 513 358
18578 10401 4112 1079 513 294
18578 8204 4120 1409 513 95
18578 8213 4103 1432 513 89
18578 8219 4114 1312 513 85
18578 8221 4103 1331 513 83
18578 8321 4133 1087 513 389
18578 8325 4129 1083 513 485
18578 8353 4129 1073 513 324
18578 8353 4133 1077 513 292
18584 10248 4504 1408 513 125
18584 10257 4508 1433 513 121
18584 10265 4407 1330 513 115
18584 10269 4403 1313 513 119
18584 10369 4122 1083 513 454
18584 10375 4122 1085 513 390
18584 10407 4112 1073 513 359
18584 10407 4112 1079 513 295
18584 8200 4120 1408 513 95
18584 8209 4103 1433 513 89
18584 8217 4103 1330 513 83
18584 8223 4114 1313 513 85
18584 8321 4129 1083 513 484
18584 8325 4133 1087 513 388
18584 8357 4129 1073 513 325
18584 8357 4133 1077 513 293
18586 10254 4481 1433 513 123
18586 10263 4485 1408 513 127
18586 10267 4384 1330 513 113
18586 10271 4388 1313 513 117
18586 10377 4122 1087 513 415
18586 10383 4122 1081 513 475
18586 10411 4112 1075 513 368
18586 10411 4112 1077 513 308
18586 8204 4120 1433 513 91
18586 8213 4103 1408 513 93
18586 8219 4114 1330 513 81
18586 8221 4103 1313 513 87
18586 8329 4135 1085 513 413
18586 8333 4131 1081 513 507
18586 8363 4131 1075 513 336
18586 8363 4135 1079 513 310
18595 10368 4120 1081 513 486
18595 10382 4120 1083 513 505
18595 10400 4114 1075 513 326
18595 10400 4178 1045 513 262
18595 10412 4114 1073 513 339
18595 10412 4182 1045 513 279
18595 10470 4184 1055 513 422
18595 10478 4188 1055 513 445
18595 8320 4129 1081 513 452
18595 8332 4131 1083 513 473
18595 8352 4129 1075 513 356
18595 8352 4197 1047 513 260
18595 8366 4131 1073 513 371
18595 8366 4195 1047 513 277
18595 8388 4197 1053 513 420
18595 8396 4195 1053 513 447
18597 10374 4120 1087 513 422
18597 10376 4120 1085 513 445
18597 10400 4114 1077 513 262
18597 10400 4180 1045 513 294
18597 10412 4114 1079 513 279
18597 10412 4176 1045 513 309
18597 10464 4190 1055 513 390
18597 10472 4186 1055 513 415
18599 8324 4133 1085 513 420
18599 8328 4135 1087 513 447
18599 8352 4133 1079 513 260
18599 8352 4193 1047 513 292
18599 8366 4135 1077 513 277
18599 8366 4199 1047 513 311
18599 8384 4193 1053 513 388
18599 8392 4199 1053 513 413
18601 10374 4120 1081 513 487
18601 10376 4120 1083 513 504
18601 10406 4114 1075 513 327
18601 10406 4178 1045 513 263
18601 10410 4114 1073 513 338
18601 10410 4182 1045 513 278
18601 10464 4184 1055 513 423
18601 10472 4188 1055 513 444
18601 8324 4129 1081 513 453
18601 8328 4131 1083 513 472
18601 8356 4129 1075 513 357
18601 8356 4197 1047 513 261
18601 8362 4131 1073 513 370
18601 8362 4195 1047 513 276
18601 8384 4197 1053 513 421
18601 8392 4195 1053 513 446
18605 8320 4133 1085 513 421
18605 8332 4135 1087 513 446
18605 8356 4133 1079 513 261
18605 8356 4193 1047 513 293
18605 8362 4135 1077 513 276
18605 8362 4199 1047 513 310
18605 8388 4193 1053 513 389
18605 8396 4199 1053 513 412
18607 10368 4120 1087 513 423
18607 10382 4120 1085 513 444
18607 10406 4114 1077 513 263
18607 10406 4180 1045 513 295
18607 10410 4114 1079 513 278
18607 10410 4176 1045 513 308
18607 10470 4190 1055 513 391
18607 10478 4186 1055 513 414
18610 10369 4124 1083 513 487
18610 10383 4124 1081 513 504
18610 10401 4118 1073 513 326
18610 10401 4182 1047 513 262
18610 10413 4118 1075 513 339
18610 10413 4178 1047 513 279
18610 10471 4188 1053 513 423
18610 10479 4184 1053 513 444
18610 8321 4133 1083 513 453
18610 8333 4135 1081 513 472
18610 8353 4133 1073 513 356
18610 8353 4193 1045 513 260
18610 8367 4135 1075 513 371
18610 8367 4199 1045 513 277
18610 8389 4193 1055 513 421
18610 8397 4199 1055 513 446
18612 10375 4124 1085 513 423
18612 10377 4124 1087 513 444
18612 10401 4118 1079 513 262
18612 10401 4176 1047 513 294
18612 10413 4118 1077 513 279
18612 10413 4180 1047 513 309
18612 10465 4186 1053 513 391
18612 10473 4190 1053 513 414
18614 8325 4129 1087 513 421
18614 8329 4131 1085 513 446
18614 8353 4129 1077 513 260
18614 8353 4197 1045 513 292
18614 8367 4131 1079 513 277
18614 8367 4195 1045 513 311
18614 8385 4197 1055 513 389
18614 8393 4195 1055 513 412
18616 10375 4124 1083 513 486
18616 10377 4124 1081 513 505
18616 10407 4118 1073 513 327
18616 10407 4182 1047 513 263
18616 10411 4118 1075 513 338
18616 10411 4178 1047 513 278
18616 10465 4188 1053 513 422
18616 10473 4184 1053 513 445
18616 8325 4133 1083 513 452
18616 8329 4135 1081 513 473
18616 8357 4133 1073 513 357
18616 8357 4193 1045 513 261
18616 8363 4135 1075 513 370
18616 8363 4199 1045 513 276
18616 8385 4193 1055 513 420
18616 8393 4199 1055 513 447
18620 8321 4129 1087 513 420
18620 8333 4131 1085 513 447
18620 8357 4129 1077 513 261
18620 8357 4197 1045 513 293
18620 8363 4131 1079 513 276
18620 8363 4195 1045 513 310
18620 8389 4197 1055 513 388
18620 8397 4195 1055 513 413
18622 10369 4124 1085 513 422
18622 10383 4124 1087 513 445
18622 10407 4118 1079 513 263
18622 10407 4176 1047 513 295
18622 10411 4118 1077 513 278
18622 10411 4180 1047 513 308
18622 10471 4186 1053 513 390
18622 10479 4190 1053 513 415
18625 8366 4195 1043 513 337
18625 8366 4199 1043 513 371
18625 8392 4199 1049 513 473
18625 8396 4195 1049 513 507
18631 8352 4193 1043 513 356
18631 8352 4197 1043 513 324
18631 8384 4193 1049 513 452
18631 8388 4197 1049 513 484
18635 8362 4195 1043 513 336
18635 8362 4199 1043 513 370
18635 8392 4195 1049 513 506
18635 8396 4199 1049 513 472
18637 8356 4193 1043 513 357
18637 8356 4197 1043 513 325
18637 8384 4197 1049 513 485
18637 8388 4193 1049 513 453
18640 8367 4195 1041 513 371
18640 8367 4199 1041 513 337
18640 8393 4195 1051 513 472
18640 8397 4199 1051 513 506
18646 8353 4193 1041 513 324
18646 8353 4197 1041 513 356
18646 8385 4197 1051 513 453
18646 8389 4193 1051 513 485
18650 8363 4195 1041 513 370
18650 8363 4199 1041 513 336
18650 8393 4199 1051 513 507
18650 8397 4195 1051 513 473
18652 8357 4193 1041 513 325
18652 8357 4197 1041 513 357
18652 8385 4193 1051 513 484
18652 8389 4197 1051 513 452
18657 10412 4176 1043 513 369
18657 10412 4182 1043 513 339
18657 10472 4188 1049 513 505
18657 10478 4186 1049 513 475
18661 10400 4178 1043 513 326
18661 10400 4180 1043 513 358
18661 10464 4184 1049 513 486
18661 10470 4190 1049 513 454
18667 10410 4176 1043 513 368
18667 10410 4182 1043 513 338
18667 10472 4186 1049 513 474
18667 10478 4188 1049 513 504
18671 10406 4178 1043 513 327
18671 10406 4180 1043 513 359
18671 10464 4190 1049 513 455
18671 10470 4184 1049 513 487
18672 10413 4178 1041 513 339
18672 10413 4180 1041 513 369
18672 10473 4184 1051 513 504
18672 10479 4190 1051 513 474
18676 10401 4176 1041 513 358
18676 10401 4182 1041 513 326
18676 10465 4188 1051 513 487
18676 10471 4186 1051 513 455
18682 10411 4178 1041 513 338
18682 10411 4180 1041 513 368
18682 10473 4190 1051 513 475
18682 10479 4184 1051 513 505
18686 10407 4176 1041 513 359
18686 10407 4182 1041 513 327
18686 10465 4186 1051 513 454
18686 10471 4188 1051 513 486
18721 10253 4373 1282 513 116
18721 10253 4373 1296 513 112
18721 10255 4542 1442 513 127
18721 10258 4542 1467 513 123
18721 8205 4126 1442 513 93
18721 8207 4103 1296 513 80
18721 8207 4117 1282 513 86
18721 8210 4103 1467 513 91
18723 10253 4353 1282 513 118
18723 10253 4353 1296 513 114
18723 10255 4513 1467 513 121
18723 10258 4513 1442 513 125
18723 8205 4122 1467 513 89
18723 8207 4099 1282 513 84
18723 8207 4113 1296 513 82
18723 8210 4099 1442 513 95
18728 10249 4512 1466 513 121
18728 10251 4352 1283 513 118
18728 10251 4352 1297 513 114
18728 10260 4512 1443 513 125
18728 8201 4122 1466 513 89
18728 8203 4099 1283 513 84
18728 8203 4113 1297 513 82
18728 8214 4099 1443 513 95
18730 10249 4543 1443 513 127
18730 10251 4372 1283 513 116
18730 10251 4372 1297 513 112
18730 10260 4543 1466 513 123
18730 8201 4126 1443 513 93
18730 8203 4103 1297 513 80
18730 8203 4117 1283 513 86
18730 8214 4103 1466 513 91
18737 10253 4369 1280 513 116
18737 10253 4369 1298 513 112
18737 10255 4539 1441 513 127
18737 10258 4539 1464 513 123
18737 8205 4122 1441 513 93
18737 8207 4099 1298 513 80
18737 8207 4113 1280 513 86
18737 8210 4099 1464 513 91
18739 10253 4357 1280 513 118
18739 10253 4357 1298 513 114
18739 10255 4516 1464 513 121
18739 10258 4516 1441 513 125
18739 8205 4126 1464 513 89
18739 8207 4103 1280 513 84
18739 8207 4117 1298 513 82
18739 8210 4103 1441 513 95
18744 10249 4517 1465 513 121
18744 10251 4356 1281 513 118
18744 10251 4356 1299 513 114
18744 10260 4517 1440 513 125
18744 8201 4126 1465 513 89
18744 8203 4103 1281 513 84
18744 8203 4117 1299 513 82
18744 8214 4103 1440 513 95
18746 10249 4538 1440 513 127
18746 10251 4368 1281 513 116
18746 10251 4368 1299 513 112
18746 10260 4538 1465 513 123
18746 8201 4122 1440 513 93
18746 8203 4099 1299 513 80
18746 8203 4113 1281 513 86
18746 8214 4099 1465 513 91
18817 10249 4543 1466 513 122
18817 10257 4543 1442 513 126
18817 10264 4372 1282 513 117
18817 10268 4372 1297 513 113
18817 8201 4103 1466 513 90
18817 8209 4127 1442 513 92
18817 8216 4116 1282 513 87
18817 8222 4103 1297 513 81
18819 10255 4513 1442 513 124
18819 10263 4513 1466 513 120
18819 10266 4353 1282 513 119
18819 10270 4353 1297 513 115
18819 8205 4099 1442 513 94
18819 8213 4123 1466 513 88
18819 8218 4099 1282 513 85
18819 8220 4112 1297 513 83
18824 10249 4512 1443 513 124
18824 10257 4512 1467 513 120
18824 10264 4352 1296 513 115
18824 10268 4352 1283 513 119
18824 8201 4099 1443 513 94
18824 8209 4123 1467 513 88
18824 8216 4112 1296 513 83
18824 8222 4099 1283 513 85
18826 10255 4542 1467 513 122
18826 10263 4542 1443 513 126
18826 10266 4373 1296 513 113
18826 10270 4373 1283 513 117
18826 8205 4103 1467 513 90
18826 8213 4127 1443 513 92
18826 8218 4103 1296 513 81
18826 8220 4116 1283 513 87
18832 10249 4538 1465 513 122
18832 10257 4538 1441 513 126
18832 10264 4368 1280 513 117
18832 10268 4368 1299 513 113
18832 8201 4099 1465 513 90
18832 8209 4123 1441 513 92
18832 8216 4112 1280 513 87
18832 8222 4099 1299 513 81
18834 10255 4516 1441 513 124
18834 10263 4516 1465 513 120
18834 10266 4357 1280 513 119
18834 10270 4357 1299 513 115
18834 8205 4103 1441 513 94
18834 8213 4127 1465 513 88
18834 8218 4103 1280 513 85
18834 8220 4116 1299 513 83
18841 10249 4517 1440 513 124
18841 10257 4517 1464 513 120
18841 10264 4356 1298 513 115
18841 10268 4356 1281 513 119
18841 8201 4103 1440 513 94
18841 8209 4127 1464 513 88
18841 8216 4116 1298 513 83
18841 8222 4103 1281 513 85
18843 10255 4539 1464 513 122
18843 10263 4539 1440 513 126
18843 10266 4369 1298 513 113
18843 10270 4369 1281 513 117
18843 8205 4099 1464 513 90
18843 8213 4123 1440 513 92
18843 8218 4099 1298 513 81
18843 8220 4112 1281 513 87
20485 12302 2305 1378 513 130
20485 12302 2321 1396 513 138
20485 12306 2211 1216 513 322
20485 12306 2217 1228 513 342
20485 12360 2391 1298 513 236
20485 12364 2371 1282 513 226
20485 12368 2243 1154 513 290
20485 12372 2255 1162 513 304
20485 8206 2147 1376 513 130
20485 8206 2149 1398 513 138
20485 8218 2147 1216 513 450
20485 8218 2149 1228 513 478
20485 8264 2117 1398 513 236
20485 8268 2113 1376 513 226
20485 8280 2113 1154 513 418
20485 8284 2117 1162 513 440
20487 12302 2371 1314 513 194
20487 12302 2391 1328 513 206
20487 12306 2275 1154 513 258
20487 12306 2285 1162 513 274
20487 12362 2355 1396 513 138
20487 12366 2337 1378 513 130
20487 12370 2211 1248 513 322
20487 12374 2217 1262 513 342
20487 8206 2145 1376 513 194
20487 8206 2151 1398 513 206
20487 8218 2145 1154 513 386
20487 8218 2151 1162 513 410
20487 8266 2119 1398 513 138
20487 8270 2115 1376 513 130
20487 8282 2115 1248 513 450
20487 8286 2119 1262 513 478
20493 12298 2306 1379 513 130
20493 12298 2322 1397 513 138
20493 12310 2209 1216 513 323
20493 12310 2219 1228 513 343
20493 12360 2368 1283 513 226
20493 12364 2388 1299 513 236
20493 12368 2253 1162 513 305
20493 12372 2241 1154 513 291
20493 8202 2145 1377 513 130
20493 8202 2151 1399 513 138
20493 8222 2145 1216 513 451
20493 8222 2151 1228 513 479
20493 8264 2115 1377 513 226
20493 8268 2119 1399 513 236
20493 8280 2119 1162 513 441
20493 8284 2115 1154 513 419
20495 12298 2368 1315 513 194
20495 12298 2388 1329 513 206
20495 12310 2273 1154 513 259
20495 12310 2287 1162 513 275
20495 12362 2338 1379 513 130
20495 12366 2352 1397 513 138
20495 12370 2219 1262 513 343
20495 12374 2209 1248 513 323
20495 8202 2147 1377 513 194
20495 8202 2149 1399 513 206
20495 8222 2147 1154 513 387
20495 8222 2149 1162 513 411
20495 8266 2113 1377 513 130
20495 8270 2117 1399 513 138
20495 8282 2117 1262 513 479
20495 8286 2113 1248 513 451
20497 12298 2305 1376 513 131
20497 12298 2321 1398 513 139
20497 12310 2210 1219 513 322
20497 12310 2216 1231 513 342
20497 12360 2371 1280 513 227
20497 12364 2391 1296 513 237
20497 12368 2254 1161 513 304
20497 12372 2242 1153 513 290
20497 8206 2147 1378 513 131
20497 8206 2149 1396 513 139
20497 8218 2147 1219 513 451
20497 8218 2149 1231 513 479
20497 8264 2117 1396 513 237
20497 8268 2113 1378 513 227
20497 8280 2113 1153 513 419
20497 8284 2117 1161 513 441
20499 12298 2371 1312 513 195
20499 12298 2391 1330 513 207
20499 12310 2274 1153 513 258
20499 12310 2284 1161 513 274
20499 12362 2337 1376 513 131
20499 12366 2355 1398 513 139
20499 12370 2216 1261 513 342
20499 12374 2210 1251 513 322
20499 8206 2145 1378 513 195
20499 8206 2151 1396 513 207
20499 8218 2145 1153 513 387
20499 8218 2151 1161 513 411
20499 8266 2119 1396 513 139
20499 8270 2115 1378 513 131
20499 8282 2115 1251 513 451
20499 8286 2119 1261 513 479
20505 12302 2306 1377 513 131
20505 12302 2322 1399 513 139
20505 12306 2208 1219 513 323
20505 12306 2218 1231 513 343
20505 12360 2388 1297 513 237
20505 12364 2368 1281 513 227
20505 12368 2240 1153 513 291
20505 12372 2252 1161 513 305
20505 8202 2145 1379 513 131
20505 8202 2151 1397 513 139
20505 8222 2145 1219 513 450
20505 8222 2151 1231 513 478
20505 8264 2115 1379 513 227
20505 8268 2119 1397 513 237
20505 8280 2119 1161 513 440
20505 8284 2115 1153 513 418
20507 12302 2368 1313 513 195
20507 12302 2388 1331 513 207
20507 12306 2272 1153 513 259
20507 12306 2286 1161 513 275
20507 12362 2352 1399 513 139
20507 12366 2338 1377 513 131
20507 12370 2208 1251 513 323
20507 12374 2218 1261 513 343
20507 8202 2147 1379 513 195
20507 8202 2149 1397 513 207
20507 8222 2147 1153 513 386
20507 8222 2149 1161 513 410
20507 8266 2113 1379 513 131
20507 8270 2117 1397 513 139
20507 8282 2117 1261 513 478
20507 8286 2113 1251 513 450
20545 12360 2321 1366 513 168
20545 12362 2421 1328 513 206
20545 12372 2187 1228 513 372
20545 12374 2285 1192 513 274
20545 12484 2075 1054 513 46
20545 12488 2065 1054 513 40
20545 12548 2079 1050 513 50
20545 12564 2079 1036 513 52
20545 8264 2119 1398 513 168
20545 8266 2117 1398 513 206
20545 8284 2119 1228 513 508
20545 8286 2117 1192 513 410
20545 8388 2053 1046 513 46
20545 8392 2063 1046 513 40
20545 8580 2053 1042 513 58
20545 8604 2075 1036 513 60
20549 12364 2305 1346 513 162
20549 12366 2403 1314 513 194
20549 12368 2179 1216 513 354
20549 12370 2275 1186 513 258
20549 12484 2065 1054 513 42
20549 12488 2075 1054 513 44
20549 12548 2079 1036 513 54
20549 12564 2079 1050 513 48
20549 8268 2115 1376 513 162
20549 8270 2113 1376 513 194
20549 8280 2115 1216 513 482
20549 8282 2113 1186 513 386
20549 8388 2063 1046 513 42
20549 8392 2053 1046 513 44
20549 8580 2075 1036 513 62
20549 8604 2053 1042 513 56
20553 12364 2322 1367 513 168
20553 12366 2422 1329 513 206
20553 12368 2185 1228 513 373
20553 12370 2287 1192 513 275
20553 12480 2073 1054 513 46
20553 12492 2067 1054 513 40
20553 12545 2077 1050 513 50
20553 12561 2077 1036 513 52
20553 8268 2117 1399 513 168
20553 8270 2119 1399 513 206
20553 8280 2117 1228 513 509
20553 8282 2119 1192 513 411
20553 8384 2055 1046 513 46
20553 8396 2061 1046 513 40
20553 8577 2055 1042 513 58
20553 8601 2073 1036 513 60
20557 12360 2306 1347 513 162
20557 12362 2400 1315 513 194
20557 12372 2177 1216 513 355
20557 12374 2273 1186 513 259
20557 12480 2067 1054 513 42
20557 12492 2073 1054 513 44
20557 12545 2077 1036 513 54
20557 12561 2077 1050 513 48
20557 8264 2113 1377 513 162
20557 8266 2115 1377 513 194
20557 8284 2113 1216 513 483
20557 8286 2115 1186 513 387
20557 8384 2061 1046 513 42
20557 8396 2055 1046 513 44
20557 8577 2073 1036 513 62
20557 8601 2055 1042 513 56
20561 12360 2305 1344 513 163
20561 12362 2403 1312 513 195
20561 12372 2178 1219 513 354
20561 12374 2274 1185 513 258
20561 12481 2065 1052 513 42
20561 12493 2075 1052 513 44
20561 12544 2079 1038 513 54
20561 12560 2079 1048 513 48
20561 8268 2115 1378 513 163
20561 8270 2113 1378 513 195
20561 8280 2115 1219 513 483
20561 8282 2113 1185 513 387
20561 8389 2063 1044 513 42
20561 8393 2053 1044 513 44
20561 8581 2075 1038 513 62
20561 8605 2053 1040 513 56
20565 12364 2321 1364 513 169
20565 12366 2421 1330 513 207
20565 12368 2186 1231 513 372
20565 12370 2284 1195 513 274
20565 12481 2075 1052 513 46
20565 12493 2065 1052 513 40
20565 12544 2079 1048 513 50
20565 12560 2079 1038 513 52
20565 8264 2119 1396 513 169
20565 8266 2117 1396 513 207
20565 8284 2119 1231 513 509
20565 8286 2117 1195 513 411
20565 8389 2053 1044 513 46
20565 8393 2063 1044 513 40
20565 8581 2053 1040 513 58
20565 8605 2075 1038 513 60
20569 12364 2306 1345 513 163
20569 12366 2400 1313 513 195
20569 12368 2176 1219 513 355
20569 12370 2272 1185 513 259
20569 12485 2067 1052 513 42
20569 12489 2073 1052 513 44
20569 12549 2077 1038 513 54
20569 12565 2077 1048 513 48
20569 8264 2113 1379 513 163
20569 8266 2115 1379 513 195
20569 8284 2113 1219 513 482
20569 8286 2115 1185 513 386
20569 8385 2061 1044 513 42
20569 8397 2055 1044 513 44
20569 8576 2073 1038 513 62
20569 8600 2055 1040 513 56
20573 12360 2322 1365 513 169
20573 12362 2422 1331 513 207
20573 12372 2184 1231 513 373
20573 12374 2286 1195 513 275
20573 12485 2073 1052 513 46
20573 12489 2067 1052 513 40
20573 12549 2077 1048 513 50
20573 12565 2077 1038 513 52
20573 8268 2117 1397 513 169
20573 8270 2119 1397 513 207
20573 8280 2117 1231 513 508
20573 8282 2119 1195 513 410
20573 8385 2055 1044 513 46
20573 8397 2061 1044 513 40
20573 8576 2055 1040 513 58
20573 8600 2073 1038 513 60
20577 12300 2355 1366 513 168
20577 12300 2421 1298 513 236
20577 12304 2187 1262 513 372
20577 12304 2255 1192 513 304
20577 8204 2149 1398 513 168
20577 8204 2151 1398 513 236
20577 8216 2149 1262 513 508
20577 8216 2151 1192 513 440
20583 12300 2337 1346 513 162
20583 12300 2403 1282 513 226
20583 12304 2179 1248 513 354
20583 12304 2243 1186 513 290
20583 8204 2145 1376 513 226
20583 8204 2147 1376 513 162
20583 8216 2145 1186 513 418
20583 8216 2147 1248 513 482
20585 12296 2352 1367 513 168
20585 12296 2422 1299 513 236
20585 12308 2185 1262 513 373
20585 12308 2253 1192 513 305
20585 8200 2149 1399 513 236
20585 8200 2151 1399 513 168
20585 8220 2149 1192 513 441
20585 8220 2151 1262 513 509
20591 12296 2338 1347 513 162
20591 12296 2400 1283 513 226
20591 12308 2177 1248 513 355
20591 12308 2241 1186 513 291
20591 8200 2145 1377 513 162
20591 8200 2147 1377 513 226
20591 8220 2145 1248 513 483
20591 8220 2147 1186 513 419
20595 12296 2337 1344 513 163
20595 12296 2403 1280 513 227
20595 12308 2178 1251 513 354
20595 12308 2242 1185 513 290
20595 8204 2145 1378 513 227
20595 8204 2147 1378 513 163
20595 8216 2145 1185 513 419
20595 8216 2147 1251 513 483
20597 12296 2355 1364 513 169
20597 12296 2421 1296 513 237
20597 12308 2186 1261 513 372
20597 12308 2254 1195 513 304
20597 8204 2149 1396 513 169
20597 8204 2151 1396 513 237
20597 8216 2149 1261 513 509
20597 8216 2151 1195 513 441
20603 12300 2338 1345 513 163
20603 12300 2400 1281 513 227
20603 12304 2176 1251 513 355
20603 12304 2240 1185 513 291
20603 8200 2145 1379 513 163
20603 8200 2147 1379 513 227
20603 8220 2145 1251 513 482
20603 8220 2147 1185 513 418
20605 12300 2352 1365 513 169
20605 12300 2422 1297 513 237
20605 12304 2184 1261 513 373
20605 12304 2252 1195 513 305
20605 8200 2149 1397 513 237
20605 8200 2151 1397 513 169
20605 8220 2149 1195 513 440
20605 8220 2151 1261 513 508
20613 12305 2275 1154 513 290
20613 12309 2287 1162 513 305
20613 12371 2179 1216 513 322
20613 12371 2185 1228 513 343
20613 8217 2145 1154 513 418
20613 8221 2149 1162 513 441
20613 8283 2115 1216 513 450
20613 8283 2117 1228 513 479
20615 12307 2179 1248 513 322
20615 12311 2185 1262 513 343
20615 12371 2243 1154 513 258
20615 12371 2253 1162 513 275
20615 8219 2147 1248 513 450
20615 8223 2151 1262 513 479
20615 8283 2113 1154 513 386
20615 8283 2119 1162 513 411
20621 12305 2285 1162 513 304
20621 12309 2273 1154 513 291
20621 12375 2177 1216 513 323
20621 12375 2187 1228 513 342
20621 8217 2151 1162 513 440
20621 8221 2147 1154 513 419
20621 8287 2113 1216 513 451
20621 8287 2119 1228 513 478
20623 12307 2187 1262 513 342
20623 12311 2177 1248 513 323
20623 12375 2241 1154 513 259
20623 12375 2255 1162 513 274
20623 8219 2149 1262 513 478
20623 8223 2145 1248 513 451
20623 8287 2115 1154 513 387
20623 8287 2117 1162 513 410
20624 12305 2286 1161 513 305
20624 12309 2274 1153 513 290
20624 12375 2178 1219 513 322
20624 12375 2184 1231 513 343
20624 8217 2145 1153 513 419
20624 8221 2149 1161 513 440
20624 8283 2115 1219 513 451
20624 8283 2117 1231 513 478
20626 12307 2184 1261 513 343
20626 12311 2178 1251 513 322
20626 12375 2242 1153 513 258
20626 12375 2252 1161 513 275
20626 8219 2147 1251 513 451
20626 8223 2151 1261 513 478
20626 8283 2113 1153 513 387
20626 8283 2119 1161 513 410
20632 12305 2272 1153 513 291
20632 12309 2284 1161 513 304
20632 12371 2176 1219 513 323
20632 12371 2186 1231 513 342
20632 8217 2151 1161 513 441
20632 8221 2147 1153 513 418
20632 8287 2113 1219 513 450
20632 8287 2119 1231 513 479
20634 12307 2176 1251 513 323
20634 12311 2186 1261 513 342
20634 12371 2240 1153 513 259
20634 12371 2254 1161 513 274
20634 8219 2149 1261 513 479
20634 8223 2145 1251 513 450
20634 8287 2115 1153 513 386
20634 8287 2117 1161 513 411
20673 12309 2219 1228 513 373
20673 12311 2253 1192 513 275
20673 12420 2068 1055 513 46
20673 12424 2072 1055 513 40
20673 12612 2061 1051 513 51
20673 12629 2059 1036 513 53
20673 8221 2151 1228 513 509
20673 8223 2149 1192 513 411
20673 8324 2059 1047 513 46
20673 8328 2055 1047 513 40
20673 8644 2078 1043 513 59
20673 8669 2055 1036 513 61
20677 12305 2211 1216 513 354
20677 12307 2243 1186 513 258
20677 12420 2074 1055 513 42
20677 12424 2070 1055 513 44
20677 12612 2057 1036 513 55
20677 12629 2063 1051 513 49
20677 8217 2147 1216 513 482
20677 8219 2145 1186 513 386
20677 8324 2053 1047 513 42
20677 8328 2057 1047 513 44
20677 8644 2053 1036 513 63
20677 8669 2076 1043 513 57
20681 12305 2217 1228 513 372
20681 12307 2255 1192 513 274
20681 12416 2070 1055 513 46
20681 12428 2074 1055 513 40
20681 12609 2063 1051 513 51
20681 12624 2057 1036 513 53
20681 8217 2149 1228 513 508
20681 8219 2151 1192 513 410
20681 8320 2057 1047 513 46
20681 8332 2053 1047 513 40
20681 8641 2076 1043 513 59
20681 8664 2053 1036 513 61
20685 12309 2209 1216 513 355
20685 12311 2241 1186 513 259
20685 12416 2072 1055 513 42
20685 12428 2068 1055 513 44
20685 12609 2059 1036 513 55
20685 12624 2061 1051 513 49
20685 8221 2145 1216 513 483
20685 8223 2147 1186 513 387
20685 8320 2055 1047 513 42
20685 8332 2059 1047 513 44
20685 8641 2055 1036 513 63
20685 8664 2078 1043 513 57
20688 12309 2210 1219 513 354
20688 12311 2242 1185 513 258
20688 12417 2074 1053 513 42
20688 12429 2070 1053 513 44
20688 12608 2057 1038 513 55
20688 12625 2063 1049 513 49
20688 8217 2147 1219 513 483
20688 8219 2145 1185 513 387
20688 8325 2053 1045 513 42
20688 8329 2057 1045 513 44
20688 8645 2053 1038 513 63
20688 8668 2076 1041 513 57
20692 12305 2218 1231 513 373
20692 12307 2252 1195 513 275
20692 12417 2068 1053 513 46
20692 12429 2072 1053 513 40
20692 12608 2061 1049 513 51
20692 12625 2059 1038 513 53
20692 8221 2151 1231 513 508
20692 8223 2149 1195 513 410
20692 8325 2059 1045 513 46
20692 8329 2055 1045 513 40
20692 8645 2078 1041 513 59
20692 8668 2055 1038 513 61
20696 12305 2208 1219 513 355
20696 12307 2240 1185 513 259
20696 12421 2072 1053 513 42
20696 12425 2068 1053 513 44
20696 12613 2059 1038 513 55
20696 12628 2061 1049 513 49
20696 8221 2145 1219 513 482
20696 8223 2147 1185 513 386
20696 8321 2055 1045 513 42
20696 8333 2059 1045 513 44
20696 8640 2055 1038 513 63
20696 8665 2078 1041 513 57
20700 12309 2216 1231 513 372
20700 12311 2254 1195 513 274
20700 12421 2070 1053 513 46
20700 12425 2074 1053 513 40
20700 12613 2063 1049 513 51
20700 12628 2057 1038 513 53
20700 8217 2149 1231 513 509
20700 8219 2151 1195 513 411
20700 8321 2057 1045 513 46
20700 8333 2053 1045 513 40
20700 8640 2076 1041 513 59
20700 8665 2053 1038 513 61
20705 12369 2219 1262 513 373
20705 12369 2287 1192 513 305
20705 8281 2117 1262 513 509
20705 8281 2119 1192 513 441
20711 12369 2211 1248 513 354
20711 12369 2275 1186 513 290
20711 8281 2113 1186 513 418
20711 8281 2115 1248 513 482
20713 12373 2217 1262 513 372
20713 12373 2285 1192 513 304
20713 8285 2117 1192 513 440
20713 8285 2119 1262 513 508
20719 12373 2209 1248 513 355
20719 12373 2273 1186 513 291
20719 8285 2113 1248 513 483
20719 8285 2115 1186 513 419
20722 12373 2210 1251 513 354
20722 12373 2274 1185 513 290
20722 8281 2113 1185 513 419
20722 8281 2115 1251 513 483
20724 12373 2218 1261 513 373
20724 12373 2286 1195 513 305
20724 8281 2117 1261 513 508
20724 8281 2119 1195 513 440
20730 12369 2208 1251 513 355
20730 12369 2272 1185 513 291
20730 8285 2113 1251 513 482
20730 8285 2115 1185 513 418
20732 12369 2216 1261 513 372
20732 12369 2284 1195 513 304
20732 8285 2117 1195 513 441
20732 8285 2119 1261 513 509
20737 12297 2321 1398 513 169
20737 12299 2421 1296 513 207
20737 12420 2074 1040 513 47
20737 12425 2065 1046 513 41
20737 12612 2078 1033 513 50
20737 12628 2078 1049 513 52
20737 8265 2119 1366 513 169
20737 8267 2117 1366 513 207
20737 8388 2053 1049 513 47
20737 8393 2062 1055 513 41
20737 8580 2053 1033 513 59
20737 8605 2074 1040 513 61
20741 12301 2305 1378 513 162
20741 12303 2403 1282 513 194
20741 12420 2065 1044 513 43
20741 12425 2074 1042 513 45
20741 12612 2078 1051 513 54
20741 12628 2078 1035 513 48
20741 8269 2115 1344 513 162
20741 8271 2113 1344 513 194
20741 8388 2062 1053 513 43
20741 8393 2053 1051 513 45
20741 8580 2074 1042 513 63
20741 8605 2053 1035 513 57
20744 12301 2322 1399 513 169
20744 12303 2422 1297 513 207
20744 12416 2072 1040 513 47
20744 12429 2067 1046 513 41
20744 12609 2076 1033 513 50
20744 12625 2076 1049 513 52
20744 8269 2117 1367 513 169
20744 8271 2119 1367 513 207
20744 8384 2055 1049 513 47
20744 8397 2060 1055 513 41
20744 8577 2055 1033 513 59
20744 8600 2072 1040 513 61
20748 12297 2306 1379 513 162
20748 12299 2400 1283 513 194
20748 12416 2067 1044 513 43
20748 12429 2072 1042 513 45
20748 12609 2076 1051 513 54
20748 12625 2076 1035 513 48
20748 8265 2113 1345 513 162
20748 8267 2115 1345 513 194
20748 8384 2060 1053 513 43
20748 8397 2055 1051 513 45
20748 8577 2072 1042 513 63
20748 8600 2055 1035 513 57
20753 12297 2305 1376 513 163
20753 12299 2403 1280 513 195
20753 12417 2065 1046 513 43
20753 12428 2074 1040 513 45
20753 12608 2078 1049 513 54
20753 12624 2078 1033 513 48
20753 8269 2115 1346 513 163
20753 8271 2113 1346 513 195
20753 8389 2062 1055 513 43
20753 8392 2053 1049 513 45
20753 8581 2074 1040 513 63
20753 8604 2053 1033 513 57
20757 12301 2321 1396 513 168
20757 12303 2421 1298 513 206
20757 12417 2074 1042 513 47
20757 12428 2065 1044 513 41
20757 12608 2078 1035 513 50
20757 12624 2078 1051 513 52
20757 8265 2119 1364 513 168
20757 8267 2117 1364 513 206
20757 8389 2053 1051 513 47
20757 8392 2062 1053 513 41
20757 8581 2053 1035 513 59
20757 8604 2074 1042 513 61
20760 12301 2306 1377 513 163
20760 12303 2400 1281 513 195
20760 12421 2067 1046 513 43
20760 12424 2072 1040 513 45
20760 12613 2076 1049 513 54
20760 12629 2076 1033 513 48
20760 8265 2113 1347 513 163
20760 8267 2115 1347 513 195
20760 8385 2060 1055 513 43
20760 8396 2055 1049 513 45
20760 8576 2072 1040 513 63
20760 8601 2055 1033 513 57
20764 12297 2322 1397 513 168
20764 12299 2422 1299 513 206
20764 12421 2072 1042 513 47
20764 12424 2067 1044 513 41
20764 12613 2076 1035 513 50
20764 12629 2076 1051 513 52
20764 8269 2117 1365 513 168
20764 8271 2119 1365 513 206
20764 8385 2055 1051 513 47
20764 8396 2060 1053 513 41
20764 8576 2055 1035 513 59
20764 8601 2072 1042 513 61
20769 12365 2355 1398 513 169
20769 12365 2421 1330 513 237
20769 8205 2149 1366 513 169
20769 8205 2151 1366 513 237
20775 12365 2337 1378 513 162
20775 12365 2403 1314 513 226
20775 8205 2145 1344 513 226
20775 8205 2147 1344 513 162
20776 12361 2352 1399 513 169
20776 12361 2422 1331 513 237
20776 8201 2149 1367 513 237
20776 8201 2151 1367 513 169
20782 12361 2338 1379 513 162
20782 12361 2400 1315 513 226
20782 8201 2145 1345 513 162
20782 8201 2147 1345 513 226
20787 12361 2337 1376 513 163
20787 12361 2403 1312 513 227
20787 8205 2145 1346 513 227
20787 8205 2147 1346 513 163
20789 12361 2355 1396 513 168
20789 12361 2421 1328 513 236
20789 8205 2149 1364 513 168
20789 8205 2151 1364 513 236
20794 12365 2338 1377 513 163
20794 12365 2400 1313 513 227
20794 8201 2145 1347 513 163
20794 8201 2147 1347 513 227
20796 12365 2352 1397 513 168
20796 12365 2422 1329 513 236
20796 8201 2149 1365 513 236
20796 8201 2151 1365 513 168
20805 12297 2391 1330 513 237
20805 12301 2371 1314 513 226
20805 12367 2305 1346 513 130
20805 12367 2321 1364 513 139
20805 8207 2147 1344 513 130
20805 8207 2149 1366 513 139
20805 8265 2117 1366 513 237
20805 8269 2113 1344 513 226
20807 12299 2355 1364 513 139
20807 12303 2337 1346 513 130
20807 12367 2371 1282 513 194
20807 12367 2391 1296 513 207
20807 8207 2145 1344 513 194
20807 8207 2151 1366 513 207
20807 8267 2119 1366 513 139
20807 8271 2115 1344 513 130
20812 12297 2368 1315 513 226
20812 12301 2388 1331 513 237
20812 12363 2306 1347 513 130
20812 12363 2322 1365 513 139
20812 8203 2145 1345 513 130
20812 8203 2151 1367 513 139
20812 8265 2115 1345 513 226
20812 8269 2119 1367 513 237
20814 12299 2338 1347 513 130
20814 12303 2352 1365 513 139
20814 12363 2368 1283 513 194
20814 12363 2388 1297 513 207
20814 8203 2147 1345 513 194
20814 8203 2149 1367 513 207
20814 8267 2113 1345 513 130
20814 8271 2117 1367 513 139
20817 12297 2371 1312 513 227
20817 12301 2391 1328 513 236
20817 12363 2305 1344 513 131
20817 12363 2321 1366 513 138
20817 8207 2147 1346 513 131
20817 8207 2149 1364 513 138
20817 8265 2117 1364 513 236
20817 8269 2113 1346 513 227
20819 12299 2337 1344 513 131
20819 12303 2355 1366 513 138
20819 12363 2371 1280 513 195
20819 12363 2391 1298 513 206
20819 8207 2145 1346 513 195
20819 8207 2151 1364 513 206
20819 8267 2119 1364 513 138
20819 8271 2115 1346 513 131
20824 12297 2388 1329 513 236
20824 12301 2368 1313 513 227
20824 12367 2306 1345 513 131
20824 12367 2322 1367 513 138
20824 8203 2145 1347 513 131
20824 8203 2151 1365 513 138
20824 8265 2115 1347 513 227
20824 8269 2119 1365 513 236
20826 12299 2352 1367 513 138
20826 12303 2338 1345 513 131
20826 12367 2368 1281 513 195
20826 12367 2388 1299 513 206
20826 8203 2147 1347 513 195
20826 8203 2149 1365 513 206
20826 8267 2113 1347 513 131
20826 8271 2117 1365 513 138
20865 12484 2068 1041 513 47
20865 12489 2073 1047 513 41
20865 12548 2060 1033 513 51
20865 12565 2058 1048 513 53
20865 8324 2058 1048 513 47
20865 8329 2055 1054 513 41
20865 8644 2079 1033 513 58
20865 8668 2055 1041 513 60
20869 12484 2075 1045 513 43
20869 12489 2070 1043 513 45
20869 12548 2056 1050 513 55
20869 12565 2062 1035 513 49
20869 8324 2053 1052 513 43
20869 8329 2056 1050 513 45
20869 8644 2053 1043 513 62
20869 8668 2077 1035 513 56
20872 12480 2070 1041 513 47
20872 12493 2075 1047 513 41
20872 12545 2062 1033 513 51
20872 12560 2056 1048 513 53
20872 8320 2056 1048 513 47
20872 8333 2053 1054 513 41
20872 8641 2077 1033 513 58
20872 8665 2053 1041 513 60
20876 12480 2073 1045 513 43
20876 12493 2068 1043 513 45
20876 12545 2058 1050 513 55
20876 12560 2060 1035 513 49
20876 8320 2055 1052 513 43
20876 8333 2058 1050 513 45
20876 8641 2055 1043 513 62
20876 8665 2079 1035 513 56
20880 12481 2075 1047 513 43
20880 12492 2070 1041 513 45
20880 12544 2056 1048 513 55
20880 12561 2062 1033 513 49
20880 8325 2053 1054 513 43
20880 8328 2056 1048 513 45
20880 8645 2053 1041 513 62
20880 8669 2077 1033 513 56
20884 12481 2068 1043 513 47
20884 12492 2073 1045 513 41
20884 12544 2060 1035 513 51
20884 12561 2058 1050 513 53
20884 8325 2058 1050 513 47
20884 8328 2055 1052 513 41
20884 8645 2079 1035 513 58
20884 8669 2055 1043 513 60
20889 12485 2073 1047 513 43
20889 12488 2068 1041 513 45
20889 12549 2058 1048 513 55
20889 12564 2060 1033 513 49
20889 8321 2055 1054 513 43
20889 8332 2058 1048 513 45
20889 8640 2055 1041 513 62
20889 8664 2079 1033 513 56
20893 12485 2070 1043 513 47
20893 12488 2075 1045 513 41
20893 12549 2062 1035 513 51
20893 12564 2056 1050 513 53
20893 8321 2056 1050 513 47
20893 8332 2053 1052 513 41
20893 8640 2077 1035 513 58
20893 8664 2053 1043 513 60
24581 4118 2272 1123 513 258
24581 4118 2286 1125 513 274
24581 4122 2178 1123 513 450
24581 4122 2186 1125 513 478
24581 4176 2286 1093 513 372
24581 4180 2272 1089 513 354
24581 4184 2208 1089 513 418
24581 4188 2218 1093 513 440
24583 4118 2272 1121 513 322
24583 4118 2286 1127 513 342
24583 4122 2176 1121 513 386
24583 4122 2184 1127 513 410
24583 4178 2286 1095 513 274
24583 4182 2272 1091 513 258
24583 4186 2210 1091 513 450
24583 4190 2216 1095 513 478
24585 4118 2274 1123 513 259
24585 4118 2284 1125 513 275
24585 4122 2176 1123 513 451
24585 4122 2184 1125 513 479
24585 4176 2284 1093 513 373
24585 4180 2274 1089 513 355
24585 4184 2210 1089 513 419
24585 4188 2216 1093 513 441
24587 4118 2274 1121 513 323
24587 4118 2284 1127 513 343
24587 4122 2178 1121 513 387
24587 4122 2186 1127 513 411
24587 4178 2284 1095 513 275
24587 4182 2274 1091 513 259
24587 4186 2208 1091 513 451
24587 4190 2218 1095 513 479
24597 4114 2273 1121 513 258
24597 4114 2287 1127 513 274
24597 4126 2179 1121 513 451
24597 4126 2187 1127 513 479
24597 4176 2273 1091 513 354
24597 4180 2287 1095 513 372
24597 4184 2219 1095 513 441
24597 4188 2209 1091 513 419
24599 4114 2273 1123 513 322
24599 4114 2287 1125 513 342
24599 4126 2177 1123 513 387
24599 4126 2185 1125 513 411
24599 4178 2273 1089 513 258
24599 4182 2287 1093 513 274
24599 4186 2217 1093 513 479
24599 4190 2211 1089 513 451
24601 4114 2275 1121 513 259
24601 4114 2285 1127 513 275
24601 4126 2177 1121 513 450
24601 4126 2185 1127 513 478
24601 4176 2275 1091 513 355
24601 4180 2285 1095 513 373
24601 4184 2217 1095 513 440
24601 4188 2211 1091 513 418
24603 4114 2275 1123 513 323
24603 4114 2285 1125 513 343
24603 4126 2179 1123 513 386
24603 4126 2187 1125 513 410
24603 4178 2275 1089 513 259
24603 4182 2285 1093 513 275
24603 4186 2219 1093 513 478
24603 4190 2209 1089 513 450
24641 4176 2286 1095 513 304
24641 4178 2286 1093 513 342
24641 4188 2216 1095 513 508
24641 4190 2218 1093 513 410
24641 4420 2062 1029 513 54
24641 4432 2062 1047 513 48
24641 4484 2058 1029 513 58
24641 4508 2068 1051 513 60
24645 4180 2272 1091 513 290
24645 4182 2272 1089 513 322
24645 4184 2210 1091 513 482
24645 4186 2208 1089 513 386
24645 4420 2062 1047 513 50
24645 4432 2062 1029 513 52
24645 4484 2068 1051 513 62
24645 4508 2058 1029 513 56
24649 4180 2274 1091 513 291
24649 4182 2274 1089 513 323
24649 4184 2208 1091 513 483
24649 4186 2210 1089 513 387
24649 4421 2060 1047 513 50
24649 4433 2060 1029 513 52
24649 4485 2070 1051 513 62
24649 4509 2056 1029 513 56
24653 4176 2284 1095 513 305
24653 4178 2284 1093 513 343
24653 4188 2218 1095 513 509
24653 4190 2216 1093 513 411
24653 4421 2060 1029 513 54
24653 4433 2060 1047 513 48
24653 4485 2056 1029 513 58
24653 4509 2070 1051 513 60
24657 4180 2287 1093 513 304
24657 4182 2287 1095 513 342
24657 4184 2217 1093 513 509
24657 4186 2219 1095 513 411
24657 4416 2062 1031 513 54
24657 4436 2062 1045 513 48
24657 4481 2058 1031 513 58
24657 4505 2068 1049 513 60
24661 4176 2273 1089 513 290
24661 4178 2273 1091 513 322
24661 4188 2211 1089 513 483
24661 4190 2209 1091 513 387
24661 4416 2062 1045 513 50
24661 4436 2062 1031 513 52
24661 4481 2068 1049 513 62
24661 4505 2058 1031 513 56
24665 4176 2275 1089 513 291
24665 4178 2275 1091 513 323
24665 4188 2209 1089 513 482
24665 4190 2211 1091 513 386
24665 4417 2060 1045 513 50
24665 4437 2060 1031 513 52
24665 4480 2070 1049 513 62
24665 4504 2056 1031 513 56
24669 4180 2285 1093 513 305
24669 4182 2285 1095 513 343
24669 4184 2219 1093 513 508
24669 4186 2217 1095 513 410
24669 4417 2060 1031 513 54
24669 4437 2060 1045 513 48
24669 4480 2056 1031 513 58
24669 4504 2070 1049 513 60
24673 4116 2286 1125 513 304
24673 4116 2286 1127 513 372
24673 4120 2184 1127 513 440
24673 4120 2186 1125 513 508
24679 4116 2272 1121 513 354
24679 4116 2272 1123 513 290
24679 4120 2176 1121 513 418
24679 4120 2178 1123 513 482
24683 4116 2274 1121 513 355
24683 4116 2274 1123 513 291
24683 4120 2176 1123 513 483
24683 4120 2178 1121 513 419
24685 4116 2284 1125 513 305
24685 4116 2284 1127 513 373
24685 4120 2184 1125 513 509
24685 4120 2186 1127 513 441
24689 4112 2287 1125 513 372
24689 4112 2287 1127 513 304
24689 4124 2185 1125 513 441
24689 4124 2187 1127 513 509
24695 4112 2273 1121 513 290
24695 4112 2273 1123 513 354
24695 4124 2177 1123 513 419
24695 4124 2179 1121 513 483
24699 4112 2275 1121 513 291
24699 4112 2275 1123 513 355
24699 4124 2177 1121 513 482
24699 4124 2179 1123 513 418
24701 4112 2285 1125 513 373
24701 4112 2285 1127 513 305
24701 4124 2185 1127 513 508
24701 4124 2187 1125 513 440
24705 4177 2254 1095 513 305
24705 4179 2254 1093 513 343
24705 4189 2184 1095 513 509
24705 4191 2186 1093 513 411
24705 4420 2073 1029 513 55
24705 4433 2079 1046 513 49
24705 4484 2065 1029 513 59
24705 4509 2056 1050 513 61
24709 4181 2240 1091 513 290
24709 4183 2240 1089 513 322
24709 4185 2178 1091 513 482
24709 4187 2176 1089 513 386
24709 4420 2077 1046 513 51
24709 4433 2075 1029 513 53
24709 4484 2058 1050 513 63
24709 4509 2067 1029 513 57
24713 4181 2242 1091 513 291
24713 4183 2242 1089 513 323
24713 4185 2176 1091 513 483
24713 4187 2178 1089 513 387
24713 4421 2079 1046 513 51
24713 4432 2073 1029 513 53
24713 4485 2056 1050 513 63
24713 4508 2065 1029 513 57
24717 4177 2252 1095 513 304
24717 4179 2252 1093 513 342
24717 4189 2186 1095 513 508
24717 4191 2184 1093 513 410
24717 4421 2075 1029 513 55
24717 4432 2077 1046 513 49
24717 4485 2067 1029 513 59
24717 4508 2058 1050 513 61
24720 4181 2255 1093 513 305
24720 4183 2255 1095 513 343
24720 4185 2185 1093 513 508
24720 4187 2187 1095 513 410
24720 4416 2073 1031 513 55
24720 4437 2079 1044 513 49
24720 4481 2065 1031 513 59
24720 4504 2056 1048 513 61
24724 4177 2241 1089 513 290
24724 4179 2241 1091 513 322
24724 4189 2179 1089 513 483
24724 4191 2177 1091 513 387
24724 4416 2077 1044 513 51
24724 4437 2075 1031 513 53
24724 4481 2058 1048 513 63
24724 4504 2067 1031 513 57
24728 4177 2243 1089 513 291
24728 4179 2243 1091 513 323
24728 4189 2177 1089 513 482
24728 4191 2179 1091 513 386
24728 4417 2079 1044 513 51
24728 4436 2073 1031 513 53
24728 4480 2056 1048 513 63
24728 4505 2065 1031 513 57
24732 4181 2253 1093 513 304
24732 4183 2253 1095 513 342
24732 4185 2187 1093 513 509
24732 4187 2185 1095 513 411
24732 4417 2075 1031 513 55
24732 4436 2077 1044 513 49
24732 4480 2067 1031 513 59
24732 4505 2058 1048 513 61
24737 4117 2254 1125 513 305
24737 4117 2254 1127 513 373
24737 4121 2216 1127 513 441
24737 4121 2218 1125 513 509
24743 4117 2240 1121 513 354
24743 4117 2240 1123 513 290
24743 4121 2208 1121 513 418
24743 4121 2210 1123 513 482
24747 4117 2242 1121 513 355
24747 4117 2242 1123 513 291
24747 4121 2208 1123 513 483
24747 4121 2210 1121 513 419
24749 4117 2252 1125 513 304
24749 4117 2252 1127 513 372
24749 4121 2216 1125 513 508
24749 4121 2218 1127 513 440
24752 4113 2255 1125 513 373
24752 4113 2255 1127 513 305
24752 4125 2217 1125 513 440
24752 4125 2219 1127 513 508
24758 4113 2241 1121 513 290
24758 4113 2241 1123 513 354
24758 4125 2209 1123 513 419
24758 4125 2211 1121 513 483
24762 4113 2243 1121 513 291
24762 4113 2243 1123 513 355
24762 4125 2209 1121 513 482
24762 4125 2211 1123 513 418
24764 4113 2253 1125 513 372
24764 4113 2253 1127 513 304
24764 4125 2217 1127 513 509
24764 4125 2219 1125 513 441
24773 4119 2240 1123 513 258
24773 4119 2254 1125 513 275
24773 4123 2210 1123 513 450
24773 4123 2218 1125 513 479
24773 4177 2254 1093 513 373
24773 4181 2240 1089 513 354
24773 4185 2176 1089 513 418
24773 4189 2186 1093 513 441
24775 4119 2240 1121 513 322
24775 4119 2254 1127 513 343
24775 4123 2208 1121 513 386
24775 4123 2216 1127 513 411
24775 4179 2254 1095 513 275
24775 4183 2240 1091 513 258
24775 4187 2178 1091 513 450
24775 4191 2184 1095 513 479
24777 4119 2242 1123 513 259
24777 4119 2252 1125 513 274
24777 4123 2208 1123 513 451
24777 4123 2216 1125 513 478
24777 4177 2252 1093 513 372
24777 4181 2242 1089 513 355
24777 4185 2178 1089 513 419
24777 4189 2184 1093 513 440
24779 4119 2242 1121 513 323
24779 4119 2252 1127 513 342
24779 4123 2210 1121 513 387
24779 4123 2218 1127 513 410
24779 4179 2252 1095 513 274
24779 4183 2242 1091 513 259
24779 4187 2176 1091 513 451
24779 4191 2186 1095 513 478
24788 4115 2241 1121 513 258
24788 4115 2255 1127 513 275
24788 4127 2211 1121 513 451
24788 4127 2219 1127 513 478
24788 4177 2241 1091 513 354
24788 4181 2255 1095 513 373
24788 4185 2187 1095 513 440
24788 4189 2177 1091 513 419
24790 4115 2241 1123 513 322
24790 4115 2255 1125 513 343
24790 4127 2209 1123 513 387
24790 4127 2217 1125 513 410
24790 4179 2241 1089 513 258
24790 4183 2255 1093 513 275
24790 4187 2185 1093 513 478
24790 4191 2179 1089 513 451
24792 4115 2243 1121 513 259
24792 4115 2253 1127 513 274
24792 4127 2209 1121 513 450
24792 4127 2217 1127 513 479
24792 4177 2243 1091 513 355
24792 4181 2253 1095 513 372
24792 4185 2185 1095 513 441
24792 4189 2179 1091 513 418
24794 4115 2243 1123 513 323
24794 4115 2253 1125 513 342
24794 4127 2211 1123 513 386
24794 4127 2219 1125 513 411
24794 4179 2243 1089 513 259
24794 4183 2253 1093 513 274
24794 4187 2187 1093 513 479
24794 4191 2177 1089 513 450
24897 4356 2063 1043 513 54
24897 4368 2063 1031 513 48
24897 4548 2059 1054 513 59
24897 4573 2068 1031 513 61
24901 4356 2063 1029 513 50
24901 4368 2063 1041 513 52
24901 4548 2068 1029 513 63
24901 4573 2059 1052 513 57
24904 4357 2061 1029 513 50
24904 4369 2061 1041 513 52
24904 4549 2070 1029 513 63
24904 4572 2057 1052 513 57
24908 4357 2061 1043 513 54
24908 4369 2061 1031 513 48
24908 4549 2057 1054 513 59
24908 4572 2070 1031 513 61
24913 4352 2063 1041 513 54
24913 4372 2063 1029 513 48
24913 4545 2059 1052 513 59
24913 4568 2068 1029 513 61
24917 4352 2063 1031 513 50
24917 4372 2063 1043 513 52
24917 4545 2068 1031 513 63
24917 4568 2059 1054 513 57
24920 4353 2061 1031 513 50
24920 4373 2061 1043 513 52
24920 4544 2070 1031 513 63
24920 4569 2057 1054 513 57
24924 4353 2061 1041 513 54
24924 4373 2061 1029 513 48
24924 4544 2057 1052 513 59
24924 4569 2070 1029 513 61
24961 4356 2072 1042 513 55
24961 4369 2078 1031 513 49
24961 4548 2065 1055 513 58
24961 4572 2057 1031 513 60
24965 4356 2076 1029 513 51
24965 4369 2074 1040 513 53
24965 4548 2059 1029 513 62
24965 4572 2067 1053 513 56
24968 4357 2078 1029 513 51
24968 4368 2072 1040 513 53
24968 4549 2057 1029 513 62
24968 4573 2065 1053 513 56
24972 4357 2074 1042 513 55
24972 4368 2076 1031 513 49
24972 4549 2067 1055 513 58
24972 4573 2059 1031 513 60
24976 4352 2072 1040 513 55
24976 4373 2078 1029 513 49
24976 4545 2065 1053 513 58
24976 4569 2057 1029 513 60
24980 4352 2076 1031 513 51
24980 4373 2074 1042 513 53
24980 4545 2059 1031 513 62
24980 4569 2067 1055 513 56
24985 4353 2078 1031 513 51
24985 4372 2072 1042 513 53
24985 4544 2057 1031 513 62
24985 4568 2065 1055 513 56
24989 4353 2074 1040 513 55
24989 4372 2076 1029 513 49
24989 4544 2067 1053 513 58
24989 4568 2059 1029 513 60
8200 4120 2176 1408 513 67
8200 4120 2184 1432 513 71
8200 4121 2177 1442 513 67
8200 4121 2185 1464 513 71
8200 4122 2211 1441 513 67
8200 4122 2217 1467 513 71
8200 4123 2210 1411 513 67
8200 4123 2216 1435 513 71
8200 4124 2177 1411 513 67
8200 4124 2185 1435 513 71
8200 4125 2176 1441 513 67
8200 4125 2184 1467 513 71
8200 4126 2210 1442 513 67
8200 4126 2216 1464 513 71
8200 4127 2211 1408 513 67
8200 4127 2217 1432 513 71
8201 4120 2211 1409 513 67
8201 4120 2217 1433 513 71
8201 4121 2210 1443 513 67
8201 4121 2216 1465 513 71
8201 4122 2176 1440 513 67
8201 4122 2184 1466 513 71
8201 4123 2177 1410 513 67
8201 4123 2185 1434 513 71
8201 4124 2210 1410 513 67
8201 4124 2216 1434 513 71
8201 4125 2211 1440 513 67
8201 4125 2217 1466 513 71
8201 4126 2177 1443 513 67
8201 4126 2185 1465 513 71
8201 4127 2176 1409 513 67
8201 4127 2184 1433 513 71
8202 4120 2178 1443 513 67
8202 4120 2186 1465 513 71
8202 4121 2179 1409 513 67
8202 4121 2187 1433 513 71
8202 4122 2209 1410 513 67
8202 4122 2219 1434 513 71
8202 4123 2208 1440 513 67
8202 4123 2218 1466 513 71
8202 4124 2179 1440 513 67
8202 4124 2187 1466 513 71
8202 4125 2178 1410 513 67
8202 4125 2186 1434 513 71
8202 4126 2208 1409 513 67
8202 4126 2218 1433 513 71
8202 4127 2209 1443 513 67
8202 4127 2219 1465 513 71
8203 4120 2209 1442 513 67
8203 4120 2219 1464 513 71
8203 4121 2208 1408 513 67
8203 4121 2218 1432 513 71
8203 4122 2178 1411 513 67
8203 4122 2186 1435 513 71
8203 4123 2179 1441 513 67
8203 4123 2187 1467 513 71
8203 4124 2208 1441 513 67
8203 4124 2218 1467 513 71
8203 4125 2209 1411 513 67
8203 4125 2219 1435 513 71
8203 4126 2179 1408 513 67
8203 4126 2187 1432 513 71
8203 4127 2178 1442 513 67
8203 4127 2186 1464 513 71
8204 4120 2178 1409 513 67
8204 4120 2186 1433 513 71
8204 4121 2179 1443 513 67
8204 4121 2187 1465 513 71
8204 4122 2209 1440 513 67
8204 4122 2219 1466 513 71
8204 4123 2208 1410 513 67
8204 4123 2218 1434 513 71
8204 4124 2179 1410 513 67
8204 4124 2187 1434 513 71
8204 4125 2178 1440 513 67
8204 4125 2186 1466 513 71
8204 4126 2208 1443 513 67
8204 4126 2218 1465 513 71
8204 4127 2209 1409 513 67
8204 4127 2219 1433 513 71
8205 4120 2209 1408 513 67
8205 4120 2219 1432 513 71
8205 4121 2208 1442 513 67
8205 4121 2218 1464 513 71
8205 4122 2178 1441 513 67
8205 4122 2186 1467 513 71
8205 4123 2179 1411 513 67
8205 4123 2187 1435 513 71
8205 4124 2208 1411 513 67
8205 4124 2218 1435 513 71
8205 4125 2209 1441 513 67
8205 4125 2219 1467 513 71
8205 4126 2179 1442 513 67
8205 4126 2187 1464 513 71
8205 4127 2178 1408 513 67
8205 4127 2186 1432 513 71
8206 4120 2176 1442 513 67
8206 4120 2184 1464 513 71
8206 4121 2177 1408 513 67
8206 4121 2185 1432 513 71
8206 4122 2211 1411 513 67
8206 4122 2217 1435 513 71
8206 4123 2210 1441 513 67
8206 4123 2216 1467 513 71
8206 4124 2177 1441 513 67
8206 4124 2185 1467 513 71
8206 4125 2176 1411 513 67
8206 4125 2184 1435 513 71
8206 4126 2210 1408 513 67
8206 4126 2216 1432 513 71
8206 4127 2211 1442 513 67
8206 4127 2217 1464 513 71
8207 4120 2211 1443 513 67
8207 4120 2217 1465 513 71
8207 4121 2210 1409 513 67
8207 4121 2216 1433 513 71
8207 4122 2176 1410 513 67
8207 4122 2184 1434 513 71
8207 4123 2177 1440 513 67
8207 4123 2185 1466 513 71
8207 4124 2210 1440 513 67
8207 4124 2216 1466 513 71
8207 4125 2211 1410 513 67
8207 4125 2217 1434 513 71
8207 4126 2177 1409 513 67
8207 4126 2185 1433 513 71
8207 4127 2176 1443 513 67
8207 4127 2184 1465 513 71
8216 4112 2432 1280 513 67
8216 4112 2456 1296 513 71
8216 4113 2433 1315 513 67
8216 4113 2457 1329 513 71
8216 4114 2467 1282 513 67
8216 4114 2489 1298 513 71
8216 4115 2466 1313 513 67
8216 4115 2488 1331 513 71
8216 4116 2433 1282 513 67
8216 4116 2457 1298 513 71
8216 4117 2432 1313 513 67
8216 4117 2456 1331 513 71
8216 4118 2466 1280 513 67
8216 4118 2488 1296 513 71
8216 4119 2467 1315 513 67
8216 4119 2489 1329 513 71
8217 4112 2466 1281 513 67
8217 4112 2488 1297 513 71
8217 4113 2467 1314 513 67
8217 4113 2489 1328 513 71
8217 4114 2433 1283 513 67
8217 4114 2457 1299 513 71
8217 4115 2432 1312 513 67
8217 4115 2456 1330 513 71
8217 4116 2467 1283 513 67
8217 4116 2489 1299 513 71
8217 4117 2466 1312 513 67
8217 4117 2488 1330 513 71
8217 4118 2432 1281 513 67
8217 4118 2456 1297 513 71
8217 4119 2433 1314 513 67
8217 4119 2457 1328 513 71
8218 4112 2465 1315 513 67
8218 4112 2491 1329 513 71
8218 4113 2464 1280 513 67
8218 4113 2490 1296 513 71
8218 4114 2434 1313 513 67
8218 4114 2458 1331 513 71
8218 4115 2435 1282 513 67
8218 4115 2459 1298 513 71
8218 4116 2464 1313 513 67
8218 4116 2490 1331 513 71
8218 4117 2465 1282 513 67
8218 4117 2491 1298 513 71
8218 4118 2435 1315 513 67
8218 4118 2459 1329 513 71
8218 4119 2434 1280 513 67
8218 4119 2458 1296 513 71
8219 4112 2435 1314 513 67
8219 4112 2459 1328 513 71
8219 4113 2434 1281 513 67
8219 4113 2458 1297 513 71
8219 4114 2464 1312 513 67
8219 4114 2490 1330 513 71
8219 4115 2465 1283 513 67
8219 4115 2491 1299 513 71
8219 4116 2434 1312 513 67
8219 4116 2458 1330 513 71
8219 4117 2435 1283 513 67
8219 4117 2459 1299 513 71
8219 4118 2465 1314 513 67
8219 4118 2491 1328 513 71
8219 4119 2464 1281 513 67
8219 4119 2490 1297 513 71
8220 4112 2435 1281 513 67
8220 4112 2459 1297 513 71
8220 4113 2434 1314 513 67
8220 4113 2458 1328 513 71
8220 4114 2464 1283 513 67
8220 4114 2490 1299 513 71
8220 4115 2465 1312 513 67
8220 4115 2491 1330 513 71
8220 4116 2434 1283 513 67
8220 4116 2458 1299 513 71
8220 4117 2435 1312 513 67
8220 4117 2459 1330 513 71
8220 4118 2465 1281 513 67
8220 4118 2491 1297 513 71
8220 4119 2464 1314 513 67
8220 4119 2490 1328 513 71
8221 4112 2465 1280 513 67
8221 4112 2491 1296 513 71
8221 4113 2464 1315 513 67
8221 4113 2490 1329 513 71
8221 4114 2434 1282 513 67
8221 4114 2458 1298 513 71
8221 4115 2435 1313 513 67
8221 4115 2459 1331 513 71
8221 4116 2464 1282 513 67
8221 4116 2490 1298 513 71
8221 4117 2465 1313 513 67
8221 4117 2491 1331 513 71
8221 4118 2435 1280 513 67
8221 4118 2459 1296 513 71
8221 4119 2434 1315 513 67
8221 4119 2458 1329 513 71
8222 4112 2466 1314 513 67
8222 4112 2488 1328 513 71
8222 4113 2467 1281 513 67
8222 4113 2489 1297 513 71
8222 4114 2433 1312 513 67
8222 4114 2457 1330 513 71
8222 4115 2432 1283 513 67
8222 4115 2456 1299 513 71
8222 4116 2467 1312 513 67
8222 4116 2489 1330 513 71
8222 4117 2466 1283 513 67
8222 4117 2488 1299 513 71
8222 4118 2432 1314 513 67
8222 4118 2456 1328 513 71
8222 4119 2433 1281 513 67
8222 4119 2457 1297 513 71
8223 4112 2432 1315 513 67
8223 4112 2456 1329 513 71
8223 4113 2433 1280 513 67
8223 4113 2457 1296 513 71
8223 4114 2467 1313 513 67
8223 4114 2489 1331 513 71
8223 4115 2466 1282 513 67
8223 4115 2488 1298 513 71
8223 4116 2433 1313 513 67
8223 4116 2457 1331 513 71
8223 4117 2432 1282 513 67
8223 4117 2456 1298 513 71
8223 4118 2466 1315 513 67
8223 4118 2488 1329 513 71
8223 4119 2467 1280 513 67
8223 4119 2489 1296 513 71
8320 4480 2056 1048 513 37
8320 4480 2184 1432 513 101
8320 4481 2057 1055 513 37
8320 4481 2185 1434 513 101
8320 4484 2063 1052 513 37
8320 4484 2187 1432 513 101
8320 4485 2062 1051 513 37
8320 4485 2186 1434 513 101
8320 4512 2187 1467 513 101
8320 4513 2186 1465 513 101
8320 4516 2184 1467 513 101
8320 4517 2185 1465 513 101
8320 4544 2057 1052 513 37
8320 4545 2056 1051 513 37
8320 4548 2062 1048 513 37
8320 4549 2063 1055 513 37
8321 4480 2062 1049 513 37
8321 4480 2187 1433 513 101
8321 4481 2063 1054 513 37
8321 4481 2186 1435 513 101
8321 4484 2057 1053 513 37
8321 4484 2184 1433 513 101
8321 4485 2056 1050 513 37
8321 4485 2185 1435 513 101
8321 4512 2184 1466 513 101
8321 4513 2185 1464 513 101
8321 4516 2187 1466 513 101
8321 4517 2186 1464 513 101
8321 4544 2063 1053 513 37
8321 4545 2062 1050 513 37
8321 4548 2056 1049 513 37
8321 4549 2057 1054 513 37
8324 4480 2059 1055 513 37
8324 4480 2187 1435 513 101
8324 4481 2058 1048 513 37
8324 4481 2186 1433 513 101
8324 4484 2060 1051 513 37
8324 4484 2184 1435 513 101
8324 4485 2061 1052 513 37
8324 4485 2185 1433 513 101
8324 4512 2184 1464 513 101
8324 4513 2185 1466 513 101
8324 4516 2187 1464 513 101
8324 4517 2186 1466 513 101
8324 4544 2058 1051 513 37
8324 4545 2059 1052 513 37
8324 4548 2061 1055 513 37
8324 4549 2060 1048 513 37
8325 4480 2061 1054 513 37
8325 4480 2184 1434 513 101
8325 4481 2060 1049 513 37
8325 4481 2185 1432 513 101
8325 4484 2058 1050 513 37
8325 4484 2187 1434 513 101
8325 4485 2059 1053 513 37
8325 4485 2186 1432 513 101
8325 4512 2187 1465 513 101
8325 4513 2186 1467 513 101
8325 4516 2184 1465 513 101
8325 4517 2185 1467 513 101
8325 4544 2060 1050 513 37
8325 4545 2061 1053 513 37
8325 4548 2059 1054 513 37
8325 4549 2058 1049 513 37
8328 4504 2056 1048 513 39
8328 4504 2176 1408 513 99
8328 4505 2057 1055 513 39
8328 4505 2177 1410 513 99
8328 4508 2063 1052 513 39
8328 4508 2179 1408 513 99
8328 4509 2062 1051 513 39
8328 4509 2178 1410 513 99
8328 4538 2179 1441 513 99
8328 4539 2178 1443 513 99
8328 4542 2176 1441 513 99
8328 4543 2177 1443 513 99
8328 4568 2062 1048 513 39
8328 4569 2063 1055 513 39
8328 4572 2057 1052 513 39
8328 4573 2056 1051 513 39
8329 4504 2062 1049 513 39
8329 4504 2179 1409 513 99
8329 4505 2063 1054 513 39
8329 4505 2178 1411 513 99
8329 4508 2057 1053 513 39
8329 4508 2176 1409 513 99
8329 4509 2056 1050 513 39
8329 4509 2177 1411 513 99
8329 4538 2176 1440 513 99
8329 4539 2177 1442 513 99
8329 4542 2179 1440 513 99
8329 4543 2178 1442 513 99
8329 4568 2056 1049 513 39
8329 4569 2057 1054 513 39
8329 4572 2063 1053 513 39
8329 4573 2062 1050 513 39
8332 4504 2059 1055 513 39
8332 4504 2179 1411 513 99
8332 4505 2058 1048 513 39
8332 4505 2178 1409 513 99
8332 4508 2060 1051 513 39
8332 4508 2176 1411 513 99
8332 4509 2061 1052 513 39
8332 4509 2177 1409 513 99
8332 4538 2176 1442 513 99
8332 4539 2177 1440 513 99
8332 4542 2179 1442 513 99
8332 4543 2178 1440 513 99
8332 4568 2061 1055 513 39
8332 4569 2060 1048 513 39
8332 4572 2058 1051 513 39
8332 4573 2059 1052 513 39
8333 4504 2061 1054 513 39
8333 4504 2176 1410 513 99
8333 4505 2060 1049 513 39
8333 4505 2177 1408 513 99
8333 4508 2058 1050 513 39
8333 4508 2179 1410 513 99
8333 4509 2059 1053 513 39
8333 4509 2178 1408 513 99
8333 4538 2179 1443 513 99
8333 4539 2178 1441 513 99
8333 4542 2176 1443 513 99
8333 4543 2177 1441 513 99
8333 4568 2059 1054 513 39
8333 4569 2058 1049 513 39
8333 4572 2060 1050 513 39
8333 4573 2061 1053 513 39
8352 4480 2216 1435 513 101
8352 4481 2217 1433 513 101
8352 4484 2219 1435 513 101
8352 4485 2218 1433 513 101
8352 4512 2219 1464 513 101
8352 4513 2218 1466 513 101
8352 4516 2216 1464 513 101
8352 4517 2217 1466 513 101
8353 4480 2219 1434 513 101
8353 4481 2218 1432 513 101
8353 4484 2216 1434 513 101
8353 4485 2217 1432 513 101
8353 4512 2216 1465 513 101
8353 4513 2217 1467 513 101
8353 4516 2219 1465 513 101
8353 4517 2218 1467 513 101
8356 4480 2219 1432 513 101
8356 4481 2218 1434 513 101
8356 4484 2216 1432 513 101
8356 4485 2217 1434 513 101
8356 4512 2216 1467 513 101
8356 4513 2217 1465 513 101
8356 4516 2219 1467 513 101
8356 4517 2218 1465 513 101
8357 4480 2216 1433 513 101
8357 4481 2217 1435 513 101
8357 4484 2219 1433 513 101
8357 4485 2218 1435 513 101
8357 4512 2219 1466 513 101
8357 4513 2218 1464 513 101
8357 4516 2216 1466 513 101
8357 4517 2217 1464 513 101
8362 4504 2210 1411 513 99
8362 4505 2211 1409 513 99
8362 4508 2209 1411 513 99
8362 4509 2208 1409 513 99
8362 4538 2209 1442 513 99
8362 4539 2208 1440 513 99
8362 4542 2210 1442 513 99
8362 4543 2211 1440 513 99
8363 4504 2209 1410 513 99
8363 4505 2208 1408 513 99
8363 4508 2210 1410 513 99
8363 4509 2211 1408 513 99
8363 4538 2210 1443 513 99
8363 4539 2211 1441 513 99
8363 4542 2209 1443 513 99
8363 4543 2208 1441 513 99
8366 4504 2209 1408 513 99
8366 4505 2208 1410 513 99
8366 4508 2210 1408 513 99
8366 4509 2211 1410 513 99
8366 4538 2210 1441 513 99
8366 4539 2211 1443 513 99
8366 4542 2209 1441 513 99
8366 4543 2208 1443 513 99
8367 4504 2210 1409 513 99
8367 4505 2211 1411 513 99
8367 4508 2209 1409 513 99
8367 4509 2208 1411 513 99
8367 4538 2209 1440 513 99
8367 4539 2208 1442 513 99
8367 4542 2210 1440 513 99
8367 4543 2211 1442 513 99
8384 4480 2061 1049 513 37
8384 4481 2060 1054 513 37
8384 4484 2058 1053 513 37
8384 4485 2059 1050 513 37
8384 4544 2060 1053 513 37
8384 4545 2061 1050 513 37
8384 4548 2059 1049 513 37
8384 4549 2058 1054 513 37
8385 4480 2059 1048 513 37
8385 4481 2058 1055 513 37
8385 4484 2060 1052 513 37
8385 4485 2061 1051 513 37
8385 4544 2058 1052 513 37
8385 4545 2059 1051 513 37
8385 4548 2061 1048 513 37
8385 4549 2060 1055 513 37
8388 4480 2062 1054 513 37
8388 4481 2063 1049 513 37
8388 4484 2057 1050 513 37
8388 4485 2056 1053 513 37
8388 4544 2063 1050 513 37
8388 4545 2062 1053 513 37
8388 4548 2056 1054 513 37
8388 4549 2057 1049 513 37
8389 4480 2056 1055 513 37
8389 4481 2057 1048 513 37
8389 4484 2063 1051 513 37
8389 4485 2062 1052 513 37
8389 4544 2057 1051 513 37
8389 4545 2056 1052 513 37
8389 4548 2062 1055 513 37
8389 4549 2063 1048 513 37
8392 4504 2062 1054 513 39
8392 4505 2063 1049 513 39
8392 4508 2057 1050 513 39
8392 4509 2056 1053 513 39
8392 4568 2056 1054 513 39
8392 4569 2057 1049 513 39
8392 4572 2063 1050 513 39
8392 4573 2062 1053 513 39
8393 4504 2056 1055 513 39
8393 4505 2057 1048 513 39
8393 4508 2063 1051 513 39
8393 4509 2062 1052 513 39
8393 4568 2062 1055 513 39
8393 4569 2063 1048 513 39
8393 4572 2057 1051 513 39
8393 4573 2056 1052 513 39
8396 4504 2061 1049 513 39
8396 4505 2060 1054 513 39
8396 4508 2058 1053 513 39
8396 4509 2059 1050 513 39
8396 4568 2059 1049 513 39
8396 4569 2058 1054 513 39
8396 4572 2060 1053 513 39
8396 4573 2061 1050 513 39
8397 4504 2059 1048 513 39
8397 4505 2058 1055 513 39
8397 4508 2060 1052 513 39
8397 4509 2061 1051 513 39
8397 4568 2061 1048 513 39
8397 4569 2060 1055 513 39
8397 4572 2058 1052 513 39
8397 4573 2059 1051 513 39
8576 4352 2072 1040 513 37
8576 4352 2456 1296 513 101
8576 4353 2073 1046 513 37
8576 4353 2457 1299 513 101
8576 4356 2079 1043 513 37
8576 4356 2459 1299 513 101
8576 4357 2078 1045 513 37
8576 4357 2458 1296 513 101
8576 4384 2459 1328 513 101
8576 4385 2458 1331 513 101
8576 4388 2456 1331 513 101
8576 4389 2457 1328 513 101
8576 4416 2073 1045 513 37
8576 4417 2072 1043 513 37
8576 4420 2078 1046 513 37
8576 4421 2079 1040 513 37
8577 4352 2079 1041 513 37
8577 4352 2458 1297 513 101
8577 4353 2078 1047 513 37
8577 4353 2459 1298 513 101
8577 4356 2072 1042 513 37
8577 4356 2457 1298 513 101
8577 4357 2073 1044 513 37
8577 4357 2456 1297 513 101
8577 4384 2457 1329 513 101
8577 4385 2456 1330 513 101
8577 4388 2458 1330 513 101
8577 4389 2459 1329 513 101
8577 4416 2078 1044 513 37
8577 4417 2079 1042 513 37
8577 4420 2073 1047 513 37
8577 4421 2072 1041 513 37
8580 4352 2076 1047 513 37
8580 4352 2456 1299 513 101
8580 4353 2077 1041 513 37
8580 4353 2457 1296 513 101
8580 4356 2075 1044 513 37
8580 4356 2459 1296 513 101
8580 4357 2074 1042 513 37
8580 4357 2458 1299 513 101
8580 4384 2459 1331 513 101
8580 4385 2458 1328 513 101
8580 4388 2456 1328 513 101
8580 4389 2457 1331 513 101
8580 4416 2077 1042 513 37
8580 4417 2076 1044 513 37
8580 4420 2074 1041 513 37
8580 4421 2075 1047 513 37
8581 4352 2075 1046 513 37
8581 4352 2458 1298 513 101
8581 4353 2074 1040 513 37
8581 4353 2459 1297 513 101
8581 4356 2076 1045 513 37
8581 4356 2457 1297 513 101
8581 4357 2077 1043 513 37
8581 4357 2456 1298 513 101
8581 4384 2457 1330 513 101
8581 4385 2456 1329 513 101
8581 4388 2458 1329 513 101
8581 4389 2459 1330 513 101
8581 4416 2074 1043 513 37
8581 4417 2075 1045 513 37
8581 4420 2077 1040 513 37
8581 4421 2076 1046 513 37
8600 4368 2072 1040 513 39
8600 4368 2432 1280 513 99
8600 4369 2073 1046 513 39
8600 4369 2433 1283 513 99
8600 4372 2079 1043 513 39
8600 4372 2435 1283 513 99
8600 4373 2078 1045 513 39
8600 4373 2434 1280 513 99
8600 4402 2435 1314 513 99
8600 4403 2434 1313 513 99
8600 4406 2432 1313 513 99
8600 4407 2433 1314 513 99
8600 4432 2078 1046 513 39
8600 4433 2079 1040 513 39
8600 4436 2073 1045 513 39
8600 4437 2072 1043 513 39
8601 4368 2079 1041 513 39
8601 4368 2434 1281 513 99
8601 4369 2078 1047 513 39
8601 4369 2435 1282 513 99
8601 4372 2072 1042 513 39
8601 4372 2433 1282 513 99
8601 4373 2073 1044 513 39
8601 4373 2432 1281 513 99
8601 4402 2433 1315 513 99
8601 4403 2432 1312 513 99
8601 4406 2434 1312 513 99
8601 4407 2435 1315 513 99
8601 4432 2073 1047 513 39
8601 4433 2072 1041 513 39
8601 4436 2078 1044 513 39
8601 4437 2079 1042 513 39
8604 4368 2076 1047 513 39
8604 4368 2432 1283 513 99
8604 4369 2077 1041 513 39
8604 4369 2433 1280 513 99
8604 4372 2075 1044 513 39
8604 4372 2435 1280 513 99
8604 4373 2074 1042 513 39
8604 4373 2434 1283 513 99
8604 4402 2435 1313 513 99
8604 4403 2434 1314 513 99
8604 4406 2432 1314 513 99
8604 4407 2433 1313 513 99
8604 4432 2074 1041 513 39
8604 4433 2075 1047 513 39
8604 4436 2077 1042 513 39
8604 4437 2076 1044 513 39
8605 4368 2075 1046 513 39
8605 4368 2434 1282 513 99
8605 4369 2074 1040 513 39
8605 4369 2435 1281 513 99
8605 4372 2076 1045 513 39
8605 4372 2433 1281 513 99
8605 4373 2077 1043 513 39
8605 4373 2432 1282 513 99
8605 4402 2433 1312 513 99
8605 4403 2432 1315 513 99
8605 4406 2434 1315 513 99
8605 4407 2435 1312 513 99
8605 4432 2077 1040 513 39
8605 4433 2076 1046 513 39
8605 4436 2074 1043 513 39
8605 4437 2075 1045 513 39
8608 4352 2491 1299 513 101
8608 4353 2490 1296 513 101
8608 4356 2488 1296 513 101
8608 4357 2489 1299 513 101
8608 4384 2488 1331 513 101
8608 4385 2489 1328 513 101
8608 4388 2491 1328 513 101
8608 4389 2490 1331 513 101
8609 4352 2489 1298 513 101
8609 4353 2488 1297 513 101
8609 4356 2490 1297 513 101
8609 4357 2491 1298 513 101
8609 4384 2490 1330 513 101
8609 4385 2491 1329 513 101
8609 4388 2489 1329 513 101
8609 4389 2488 1330 513 101
8612 4352 2491 1296 513 101
8612 4353 2490 1299 513 101
8612 4356 2488 1299 513 101
8612 4357 2489 1296 513 101
8612 4384 2488 1328 513 101
8612 4385 2489 1331 513 101
8612 4388 2491 1331 513 101
8612 4389 2490 1328 513 101
8613 4352 2489 1297 513 101
8613 4353 2488 1298 513 101
8613 4356 2490 1298 513 101
8613 4357 2491 1297 513 101
8613 4384 2490 1329 513 101
8613 4385 2491 1330 513 101
8613 4388 2489 1330 513 101
8613 4389 2488 1329 513 101
8634 4368 2465 1283 513 99
8634 4369 2464 1280 513 99
8634 4372 2466 1280 513 99
8634 4373 2467 1283 513 99
8634 4402 2466 1313 513 99
8634 4403 2467 1314 513 99
8634 4406 2465 1314 513 99
8634 4407 2464 1313 513 99
8635 4368 2467 1282 513 99
8635 4369 2466 1281 513 99
8635 4372 2464 1281 513 99
8635 4373 2465 1282 513 99
8635 4402 2464 1312 513 99
8635 4403 2465 1315 513 99
8635 4406 2467 1315 513 99
8635 4407 2466 1312 513 99
8638 4368 2465 1280 513 99
8638 4369 2464 1283 513 99
8638 4372 2466 1283 513 99
8638 4373 2467 1280 513 99
8638 4402 2466 1314 513 99
8638 4403 2467 1313 513 99
8638 4406 2465 1313 513 99
8638 4407 2464 1314 513 99
8639 4368 2467 1281 513 99
8639 4369 2466 1282 513 99
8639 4372 2464 1282 513 99
8639 4373 2465 1281 513 99
8639 4402 2464 1315 513 99
8639 4403 2465 1312 513 99
8639 4406 2467 1312 513 99
8639 4407 2466 1315 513 99
8640 4352 2076 1041 513 37
8640 4353 2077 1047 513 37
8640 4356 2075 1042 513 37
8640 4357 2074 1044 513 37
8640 4416 2077 1044 513 37
8640 4417 2076 1042 513 37
8640 4420 2074 1047 513 37
8640 4421 2075 1041 513 37
8641 4352 2075 1040 513 37
8641 4353 2074 1046 513 37
8641 4356 2076 1043 513 37
8641 4357 2077 1045 513 37
8641 4416 2074 1045 513 37
8641 4417 2075 1043 513 37
8641 4420 2077 1046 513 37
8641 4421 2076 1040 513 37
8644 4352 2072 1046 513 37
8644 4353 2073 1040 513 37
8644 4356 2079 1045 513 37
8644 4357 2078 1043 513 37
8644 4416 2073 1043 513 37
8644 4417 2072 1045 513 37
8644 4420 2078 1040 513 37
8644 4421 2079 1046 513 37
8645 4352 2079 1047 513 37
8645 4353 2078 1041 513 37
8645 4356 2072 1044 513 37
8645 4357 2073 1042 513 37
8645 4416 2078 1042 513 37
8645 4417 2079 1044 513 37
8645 4420 2073 1041 513 37
8645 4421 2072 1047 513 37
8664 4368 2072 1046 513 39
8664 4369 2073 1040 513 39
8664 4372 2079 1045 513 39
8664 4373 2078 1043 513 39
8664 4432 2078 1040 513 39
8664 4433 2079 1046 513 39
8664 4436 2073 1043 513 39
8664 4437 2072 1045 513 39
8665 4368 2079 1047 513 39
8665 4369 2078 1041 513 39
8665 4372 2072 1044 513 39
8665 4373 2073 1042 513 39
8665 4432 2073 1041 513 39
8665 4433 2072 1047 513 39
8665 4436 2078 1042 513 39
8665 4437 2079 1044 513 39
8668 4368 2076 1041 513 39
8668 4369 2077 1047 513 39
8668 4372 2075 1042 513 39
8668 4373 2074 1044 513 39
8668 4432 2074 1047 513 39
8668 4433 2075 1041 513 39
8668 4436 2077 1044 513 39
8668 4437 2076 1042 513 39
8669 4368 2075 1040 513 39
8669 4369 2074 1046 513 39
8669 4372 2076 1043 513 39
8669 4373 2077 1045 513 39
8669 4432 2077 1046 513 39
8669 4433 2076 1040 513 39
8669 4436 2074 1045 513 39
8669 4437 2075 1043 513 39
