c ---- [ banner ] ------------------------------------------------------------
c
c Kissat SAT Solver
c 
c Copyright (c) 2021-2024 Armin Biere University of Freiburg
c Copyright (c) 2019-2021 Armin Biere Johannes Kepler University Linz
c 
c Version 4.0.4 8af8e56f174b778aef3aa45af9f739b2a5f492c2
c gcc (Ubuntu 13.3.0-6ubuntu2~24.04.1) 13.3.0 -W -Wall -O3 -DNDEBUG
c Sun Sep 27 15:50:37 +04 2026 Linux vm 6.18.44-fc-v37 x86_64
c
c ---- [ parsing ] -----------------------------------------------------------
c
c opened and reading DIMACS file:
c
c   cnf/d8_B1q_local_d4.cnf
c
c parsed 'p cnf 74273 267310' header
c closing input after reading 5079290 bytes (5 MB)
c finished parsing after 0.05 seconds
c
c ---- [ solving ] -----------------------------------------------------------
c
c seconds switched rate     size/glue tier1  binary           remaining
c        MB reductions conflicts size  tier2     irredundant
c         level restarts redundant glue  trail           variables
c
c *  0.05 20 0 0 0  0 0   0   0 0.0 0 0 0 0 0% 64322 187077 70494 95%
c (  0.07 21 0 0 0  0 0   0   0 0.0 0 0 0 0 0% 64322 187077 70494 95%
c .  0.08 21 0 0 0  0 0   0   0 0.0 0 0 0 0 0% 64836 184740 70494 95%
c c  0.37 65 0 0 0  0 0   0   0 0.0 0 0 0 0 0% 86930 141720 55389 75%
c d  0.38 65 0 0 0  0 0   0   0 0.0 0 0 0 0 0% 56598 141720 55389 75%
c f  0.49 61 0 0 0  0 0   0   0 0.0 0 0 0 0 0% 54086 141720 55402 75%
c )  0.50 61 0 0 0  0 0   0   0 0.0 0 0 0 0 0% 54086 141720 55402 75%
c {  0.51 61 0 0 0  0 0   0   0 0.0 0 0 2 6 0% 54086 141720 55402 75%
c -  0.60 61 86 0 1 136 15 1000 596 2.1 17 8 4 14 9% 54086 141720 55402 75%
c }  0.60 61 86 1 1 136 15 1000 596 2.1 17 8 4 14 9% 54086 141720 55402 75%
c [  0.60 61 0 1 1 136 0 1000 596 0.0 0 0 2 6 0% 54086 141720 55402 75%
c B  0.60 61 119 1 1 136 17 1003 597 1.3 4 3 2 6 10% 54086 141720 55402 75%
c -  0.66 61 112 1 2 136 3 2001 1410 2.5 28 11 6 20 10% 54087 141720 55402 75%
c W  0.68 62 112 1 2 136 3 2005 1414 2.5 28 12 6 20 10% 54087 141720 55402 75%
c ]  0.71 62 106 2 2 137 3 2314 1685 2.3 33 15 6 23 11% 54087 141720 55402 75%
c {  0.71 62 86 2 2 137 15 2314 1685 2.1 17 8 4 14 9% 54087 141720 55402 75%
c u  0.83 62 80 2 2 154 14 2541 1531 2.1 17 8 4 14 9% 54087 141720 55402 75%
c v  0.85 62 80 2 2 154 14 2541 1424 2.1 17 8 4 14 9% 54087 141720 55402 75%
c w  0.85 62 80 2 2 154 14 2541 1424 2.1 17 8 4 14 9% 54087 141720 55402 75%
c }  0.93 62 75 3 2 177 11 3315 1941 2.0 16 8 4 14 9% 54087 141720 55402 75%
c
c seconds   switched  rate       size/glue  tier1     binary           remaining
c        MB  reductions conflicts      size   tier2       irredundant
c          level restarts   redundant     glue    trail           variables
c
c [  0.93 62 106 3 2 177 3 3315 1941 2.3 33 15 6 23 11% 54087 141720 55402 75%
c -  0.94 62 102 3 3 177 3 3417 1818 2.3 33 15 5 24 11% 54087 141720 55402 75%
c ]  0.99 62 91 4 3 177 3 3967 2321 2.6 37 14 5 24 12% 54087 141720 55402 75%
c {  0.99 62 75 4 3 177 11 3967 2321 2.0 16 8 4 14 9% 54087 141720 55402 75%
c -  1.07 62 85 4 4 312 13 5150 2808 2.1 17 8 4 13 8% 54087 141720 55402 75%
c }  1.13 62 91 5 4 396 14 6320 3673 2.1 17 8 4 13 8% 54087 141720 55402 75%
c [  1.13 62 91 5 4 396 3 6320 3673 2.6 37 14 5 24 12% 54087 141720 55402 75%
c I  1.13 62 91 5 4 396 3 6320 3673 2.6 37 14 5 24 12% 54087 141720 55402 75%
c -  1.23 62 82 5 5 396 2 7150 3830 2.8 50 18 6 28 13% 54087 141720 55402 75%
c ]  1.30 62 80 6 5 397 2 7580 4235 2.9 54 19 6 28 14% 54087 141720 55402 75%
c {  1.30 62 91 6 5 397 14 7580 4235 2.1 17 8 4 13 8% 54087 141720 55402 75%
c u  1.38 62 88 6 5 438 14 7821 3902 2.1 17 8 4 13 8% 54089 141720 55402 75%
c v  1.41 62 88 6 5 438 14 7821 3544 2.1 17 8 4 13 8% 54089 141720 55402 75%
c w  1.42 62 88 6 5 438 14 7821 3541 2.1 17 8 4 13 8% 54089 141720 55402 75%
c i  1.62 62 84 6 5 532 13 9072 4452 2.0 17 8 4 13 9% 54100 141720 55380 75%
c -  1.65 62 82 6 6 570 13 9388 3973 2.0 17 8 4 13 9% 54053 141720 55380 75%
c o  1.71 62 88 6 6 638 13 10001 4506 2.0 17 8 4 13 10% 54055 141719 55380 75%
c }  1.80 62 88 7 6 825 14 11651 5919 2.0 17 8 4 13 9% 54058 141717 55380 75%
c [  1.80 62 80 7 6 825 2 11651 5919 2.9 54 19 6 28 14% 54058 141717 55380 75%
c B  1.80 62 80 7 6 825 2 11651 5919 2.9 54 19 6 28 14% 54058 141717 55380 75%
c
c seconds  switched  rate        size/glue  tier1     binary           remaining
c        MB reductions conflicts       size   tier2       irredundant
c         level restarts    redundant     glue    trail           variables
c
c -  1.83 62 80 7 7 825 2 11837 5321 2.9 56 19 6 30 14% 54058 141717 55380 75%
c e  2.27 77 78 7 7 826 2 12691 6165 2.8 61 21 6 30 15% 3626 165454 25708 35%
c 2  2.28 77 78 7 7 826 2 12691 6165 2.8 61 21 6 30 15% 3625 165454 25708 35%
c s  2.33 77 78 7 7 826 2 12691 6165 2.8 61 21 6 30 15% 3625 165115 25708 35%
c e  2.35 72 78 7 7 826 2 12691 6165 2.8 61 21 6 30 15% 3586 165076 25655 35%
c ^  2.35 72 78 7 7 826 2 12691 6165 2.8 61 21 6 30 15% 3586 165076 25655 35%
c -  2.58 72 74 7 8 827 2 14482 3155 2.5 58 23 5 32 14% 3586 165076 25655 35%
c ]  2.60 72 73 8 8 827 2 14782 3438 2.5 57 23 5 32 14% 3586 165076 25655 35%
c {  2.60 72 88 8 8 827 14 14782 3438 2.0 17 8 4 13 9% 3586 165076 25655 35%
c u  2.75 67 97 8 8 937 13 16021 3836 2.0 17 8 4 13 9% 3587 165076 25655 35%
c v  2.79 67 97 8 8 937 13 16021 3567 2.0 17 8 4 13 9% 3587 165076 25655 35%
c w  2.81 67 97 8 8 937 13 16021 3562 2.0 17 8 4 13 9% 3587 165076 25655 35%
c f  2.87 67 97 8 8 937 13 16021 3562 2.0 17 8 4 13 9% 3577 165076 25659 35%
c u  2.90 67 97 8 8 937 13 16021 3507 2.0 17 8 4 13 9% 3577 165076 25659 35%
c v  2.93 67 97 8 8 937 13 16021 3204 2.0 17 8 4 13 9% 3577 165076 25659 35%
c w  2.97 67 97 8 8 937 13 16021 3169 2.0 17 8 4 13 9% 3577 165076 25659 35%
c -  3.11 67 95 8 9 1171 14 17310 3861 2.0 17 9 4 12 9% 3577 165076 25659 35%
c o  3.31 67 98 8 9 1502 15 20005 5836 2.0 18 9 4 12 9% 3577 165076 25659 35%
c -  3.34 67 99 8 10 1553 15 20310 5411 2.0 18 9 3 12 9% 3577 165076 25659 35%
c }  3.36 67 99 9 10 1568 15 20944 5918 2.0 17 9 3 12 9% 3577 165076 25659 35%
c
c seconds  switched    rate        size/glue  tier1     binary          remaining
c        MB  reductions  conflicts       size   tier2      irredundant
c         level   restarts    redundant     glue    trail          variables
c
c [  3.36 67 73 9 10 1568 2 20944 5918 2.5 57 23 5 32 14% 3577 165076 25659 35%
c W  3.39 67 73 9 10 1568 2 20944 5918 2.5 57 23 5 32 14% 3577 165076 25659 35%
c -  3.68 67 70 9 11 1570 2 23472 6871 2.3 56 24 3 28 14% 3577 165076 25659 35%
c ]  3.83 67 70 10 11 1570 2 24856 8217 2.3 56 24 3 28 14% 3577 165076 25659 35%
c {  3.83 67 99 10 11 1570 15 24856 8217 2.0 17 9 3 12 9% 3577 165076 25659 35%
c s  3.87 67 99 10 11 1615 15 25307 8541 2.0 17 9 3 12 9% 3577 165014 25659 35%
c e  4.03 67 99 10 11 1615 15 25307 8541 2.0 17 9 3 12 9% 2423 166449 24944 34%
c s  4.04 67 99 10 11 1615 15 25307 8541 2.0 17 9 3 12 9% 2423 165926 24944 34%
c e  4.07 67 99 10 11 1615 15 25307 8541 2.0 17 9 3 12 9% 2405 165939 24929 34%
c ^  4.07 67 99 10 11 1615 15 25307 8541 2.0 17 9 3 12 9% 2405 165939 24929 34%
c -  4.22 67 99 10 12 1757 15 26789 5932 2.0 17 9 3 12 9% 2405 165939 24929 34%
c u  4.30 75 99 10 12 1822 15 27250 5633 2.0 17 9 3 12 9% 2406 165939 24929 34%
c v  4.34 75 99 10 12 1822 15 27250 4639 2.0 17 9 3 12 9% 2406 165939 24929 34%
c w  4.37 75 99 10 12 1822 15 27250 4556 2.0 17 9 3 12 9% 2406 165939 24929 34%
c -  4.75 76 99 10 13 2305 15 30255 6002 2.0 18 9 3 12 8% 2406 165939 24929 34%
c }  5.04 76 101 11 13 2753 16 33483 8422 1.9 18 9 3 12 8% 2406 165939 24929 34%
c [  5.04 76 70 11 13 2753 2 33483 8422 2.3 56 24 3 28 14% 2406 165939 24929 34%
c O  5.04 76 70 11 13 2753 2 33483 8422 2.3 56 24 3 28 14% 2406 165939 24929 34%
c -  5.08 76 70 11 14 2753 2 33860 7894 2.3 56 24 3 27 14% 2406 165939 24929 34%
c -  5.56 76 71 11 15 2755 2 37602 9354 2.3 55 24 2 25 15% 2406 165939 24929 34%
c
c seconds   switched    rate         size/glue  tier1     binary          remaining
c        MB   reductions  conflicts        size   tier2      irredundant
c         level    restarts     redundant     glue    trail          variables
c
c ]  5.68 76 72 12 15 2756 2 38749 10468 2.3 55 24 2 25 16% 2406 165939 24929 34%
c {  5.68 76 101 12 15 2756 16 38749 10468 1.9 18 9 3 12 8% 2406 165939 24929 34%
c o  5.78 76 100 12 15 2900 15 40013 11401 1.9 18 9 3 12 8% 2406 165939 24929 34%
c -  5.93 76 102 12 16 2987 15 41475 10287 1.9 18 9 3 11 8% 2406 165939 24929 34%
c u  6.04 67 103 12 16 3003 15 41711 9517 1.9 18 9 3 11 8% 2406 165939 24929 34%
c v  6.10 67 103 12 16 3003 15 41711 8437 1.9 18 9 3 11 8% 2406 165939 24929 34%
c w  6.12 67 103 12 16 3003 15 41711 8432 1.9 18 9 3 11 8% 2406 165939 24929 34%
c x  6.15 67 103 12 16 3003 15 41711 8432 1.9 18 9 3 11 8% 2406 165916 24929 34%
c f  6.21 67 103 12 16 3003 15 41711 8432 1.9 18 9 3 11 8% 2394 165916 24933 34%
c u  6.24 67 103 12 16 3003 15 41711 8349 1.9 18 9 3 11 8% 2394 165916 24933 34%
c v  6.28 67 103 12 16 3003 15 41711 7646 1.9 18 9 3 11 8% 2394 165916 24933 34%
c w  6.35 67 103 12 16 3003 15 41711 7511 1.9 18 9 3 11 8% 2394 165916 24933 34%
c f  6.42 67 103 12 16 3003 15 41711 7511 1.9 18 9 3 11 8% 2401 165904 24934 34%
c -  6.72 68 104 12 17 3522 15 45475 8913 1.9 18 9 3 11 8% 2401 165904 24934 34%
c -  7.02 69 107 12 18 3815 15 49600 10586 1.9 18 9 3 11 8% 2401 165904 24934 34%
c }  7.07 69 106 13 18 3901 15 50228 11078 1.9 18 9 3 11 8% 2401 165904 24934 34%
c [  7.07 69 72 13 18 3901 2 50228 11078 2.3 55 24 2 25 16% 2401 165904 24934 34%
c B  7.07 69 72 13 18 3901 2 50228 11078 2.3 55 24 2 25 16% 2401 165904 24934 34%
c s  7.42 69 72 13 18 3903 2 52656 13465 2.4 57 24 2 25 16% 2401 165896 24934 34%
c e  7.60 69 72 13 18 3903 2 52656 13465 2.4 57 24 2 25 16% 2341 166439 24625 33%
c
c seconds   switched    rate         size/glue  tier1     binary          remaining
c        MB   reductions  conflicts        size   tier2      irredundant
c         level    restarts     redundant     glue    trail          variables
c
c s  7.61 69 72 13 18 3903 2 52656 13465 2.4 57 24 2 25 16% 2341 166273 24625 33%
c e  7.62 69 72 13 18 3903 2 52656 13465 2.4 57 24 2 25 16% 2333 166281 24619 33%
c ^  7.62 69 72 13 18 3903 2 52656 13465 2.4 57 24 2 25 16% 2333 166281 24619 33%
c -  7.96 69 73 13 19 3903 1 53843 11667 2.4 58 24 2 25 17% 2333 166281 24619 33%
c ]  8.31 69 73 14 19 3904 1 55242 13052 2.4 59 25 2 25 17% 2333 166281 24619 33%
c {  8.31 69 106 14 19 3904 15 55242 13052 1.9 18 9 3 11 8% 2333 166281 24619 33%
c -  8.56 69 106 14 20 4245 15 58201 11989 1.9 18 9 2 11 8% 2333 166281 24619 33%
c u  8.70 70 105 14 20 4388 15 59499 12401 1.9 18 9 2 11 8% 2333 166281 24619 33%
c v  8.77 70 105 14 20 4388 15 59499 10203 1.9 18 9 2 11 8% 2333 166281 24619 33%
c w  8.81 70 105 14 20 4388 15 59499 10182 1.9 18 9 2 11 8% 2333 166281 24619 33%
c x  8.86 70 105 14 20 4388 15 59499 10182 1.9 18 9 2 11 8% 2333 166234 24619 33%
c -  9.15 70 106 14 21 4709 15 62673 10584 1.9 18 9 2 11 8% 2333 166234 24619 33%
c -  9.51 70 106 14 22 5207 15 67255 11986 1.9 19 10 2 10 8% 2333 166234 24619 33%
c }  9.75 70 107 15 22 5453 14 69957 14136 1.9 19 10 2 10 9% 2333 166234 24619 33%
c [  9.75 70 73 15 22 5453 1 69957 14136 2.4 59 25 2 25 17% 2333 166234 24619 33%
c W  9.79 70 73 15 22 5453 1 69957 14136 2.4 59 25 2 25 17% 2333 166234 24619 33%
c o  9.91 70 73 15 22 5454 1 71010 15155 2.4 59 25 2 25 17% 2333 166234 24619 33%
c - 10.02 70 73 15 23 5454 1 71945 13128 2.4 59 25 2 23 17% 2333 166234 24619 33%
c - 10.97 70 73 15 24 5458 1 76740 13859 2.4 60 25 2 22 19% 2333 166234 24619 33%
c ] 11.07 70 73 16 24 5458 1 77294 14406 2.4 60 25 2 22 19% 2333 166234 24619 33%
c
c seconds    switched     rate         size/glue  tier1    binary          remaining
c        MB    reductions   conflicts        size   tier2     irredundant
c          level    restarts      redundant     glue   trail          variables
c
c { 11.07 70 107 16 24 5458 14 77294 14406 1.9 19 10 2 10 9% 2333 166234 24619 33%
c u 11.39 70 109 16 24 5760 14 80748 16162 1.9 19 10 2 10 9% 2333 166234 24619 33%
c v 11.47 70 109 16 24 5760 14 80748 13715 1.9 19 10 2 10 9% 2333 166234 24619 33%
c w 11.51 70 109 16 24 5760 14 80748 13713 1.9 19 10 2 10 9% 2333 166234 24619 33%
c - 11.95 70 108 16 25 5897 14 81638 11917 1.9 19 10 2 10 9% 2333 166234 24619 33%
c - 12.35 70 107 16 26 6471 14 86638 13269 2.0 19 10 2 10 8% 2333 166234 24619 33%
c - 12.78 70 109 16 27 7027 14 91737 14919 1.9 19 10 2 10 8% 2333 166234 24619 33%
c } 13.12 70 108 17 27 7563 14 95631 18094 1.9 19 10 2 10 8% 2333 166234 24619 33%
c [ 13.12 70 73 17 27 7563 1 95631 18094 2.4 60 25 2 22 19% 2333 166234 24619 33%
c I 13.12 70 73 17 27 7563 1 95631 18094 2.4 60 25 2 22 19% 2333 166234 24619 33%
c s 13.38 70 73 17 27 7564 1 96710 19165 2.4 60 25 2 22 19% 2333 166230 24619 33%
c e 13.62 71 73 17 27 7564 1 96710 19165 2.4 60 25 2 22 19% 1517 170088 23649 32%
c s 13.64 71 73 17 27 7564 1 96710 19165 2.4 60 25 2 22 19% 1517 169691 23649 32%
c e 13.67 71 73 17 27 7564 1 96710 19165 2.4 60 25 2 22 19% 1509 169706 23632 32%
c ^ 13.67 71 73 17 27 7564 1 96710 19165 2.4 60 25 2 22 19% 1509 169706 23632 32%
c - 13.72 71 73 17 28 7564 1 96934 14896 2.4 60 25 2 21 19% 1509 169706 23632 32%
c - 14.40 71 73 17 29 7568 1 102225 15955 2.4 60 25 2 20 18% 1509 169706 23632 32%
c u 14.84 71 73 17 29 7569 1 105576 18348 2.4 59 25 2 20 18% 1509 169706 23632 32%
c v 14.91 71 73 17 29 7569 1 105576 15780 2.4 59 25 2 20 18% 1509 169706 23632 32%
c w 15.02 71 73 17 29 7569 1 105576 15677 2.4 59 25 2 20 18% 1509 169706 23632 32%
c
c seconds   switched    rate          size/glue  tier1     binary          remaining
c        MB   reductions  conflicts         size   tier2      irredundant
c         level    restarts      redundant     glue    trail          variables
c
c - 15.30 71 73 17 30 7569 1 107610 13835 2.4 60 25 2 20 18% 1509 169706 23632 32%
c ] 15.32 71 73 18 30 7569 1 107812 14031 2.4 60 25 2 20 18% 1509 169706 23632 32%
c { 15.32 71 108 18 30 7569 14 107812 14031 1.9 19 10 2 10 8% 1509 169706 23632 32%
c o 15.53 71 107 18 30 7722 14 111023 16490 1.9 19 10 2 10 8% 1509 169706 23632 32%
c - 15.69 71 107 18 31 7798 14 113089 15367 1.9 19 10 2 9 8% 1509 169706 23632 32%
c - 16.12 71 106 18 32 7974 13 118657 17159 2.0 19 10 2 9 8% 1509 169706 23632 32%
c - 16.55 71 104 18 33 8348 13 124314 18658 2.0 19 10 2 8 8% 1509 169706 23632 32%
c - 16.92 71 102 18 34 8677 12 130058 18532 2.0 19 10 1 8 8% 1509 169706 23632 32%
c } 16.93 71 102 19 34 8688 12 130159 18611 2.0 19 10 1 8 8% 1509 169706 23632 32%
c [ 16.93 71 73 19 34 8688 1 130159 18611 2.4 60 25 2 20 18% 1509 169706 23632 32%
c B 16.93 71 73 19 34 8688 1 130159 18611 2.4 60 25 2 20 18% 1509 169706 23632 32%
c u 17.40 71 73 19 34 8690 1 134081 21789 2.4 59 25 2 20 17% 1509 169706 23632 32%
c v 17.49 71 73 19 34 8690 1 134081 18327 2.4 59 25 2 20 17% 1509 169706 23632 32%
c w 17.54 71 73 19 34 8690 1 134081 18320 2.4 59 25 2 20 17% 1509 169706 23632 32%
c - 17.88 72 73 19 35 8692 1 135888 15142 2.4 60 25 1 19 17% 1509 169706 23632 32%
c - 19.04 72 73 19 36 8694 1 141804 15441 2.4 60 25 1 18 18% 1509 169706 23632 32%
c ] 19.04 72 73 20 36 8694 1 141815 15452 2.4 60 25 1 18 18% 1509 169706 23632 32%
c { 19.04 72 102 20 36 8694 12 141815 15452 2.0 19 10 1 8 8% 1509 169706 23632 32%
c - 19.51 72 103 20 37 9269 12 147804 16771 2.0 19 10 1 8 8% 1509 169706 23632 32%
c - 20.00 72 103 20 38 9753 12 153886 18410 2.0 19 10 1 8 8% 1509 169706 23632 32%
c
c seconds    switched      rate          size/glue  tier1   binary          remaining
c        MB    reductions    conflicts         size   tier2    irredundant
c          level    restarts        redundant     glue  trail          variables
c
c s 20.45 72 102 20 38 10297 12 159344 22930 2.0 19 10 1 8 8% 1509 169611 23632 32%
c e 20.75 72 102 20 38 10297 12 159344 22930 2.0 19 10 1 8 8% 1116 185399 20826 28%
c s 20.80 72 102 20 38 10297 12 159344 22930 2.0 19 10 1 8 8% 1116 184975 20826 28%
c e 20.83 72 102 20 38 10297 12 159344 22930 2.0 19 10 1 8 8% 1109 185014 20815 28%
c ^ 20.83 72 102 20 38 10297 12 159344 22930 2.0 19 10 1 8 8% 1109 185014 20815 28%
c - 20.94 72 102 20 39 10351 12 160050 17645 2.0 19 10 1 7 8% 1109 185014 20815 28%
c o 21.07 72 102 20 39 10468 12 161206 18596 2.0 19 10 1 7 8% 1109 185014 20815 28%
c - 21.47 72 103 20 40 10843 12 166296 19537 2.0 19 10 1 7 8% 1109 185014 20815 28%
c u 21.52 72 103 20 40 10843 12 166345 18928 2.0 19 10 1 7 8% 1109 185014 20815 28%
c v 21.58 72 103 20 40 10843 12 166345 15838 2.0 19 10 1 7 8% 1109 185014 20815 28%
c w 21.69 72 103 20 40 10843 12 166345 15212 2.0 19 10 1 7 8% 1109 185014 20815 28%
c } 21.95 73 103 21 40 11085 12 168555 16985 2.0 19 10 1 7 8% 1109 185014 20815 28%
c [ 21.95 73 73 21 40 11085 1 168555 16985 2.4 60 25 1 18 18% 1109 185014 20815 28%
c W 21.98 73 73 21 40 11085 1 168555 16985 2.4 60 25 1 18 18% 1109 185014 20815 28%
c - 22.73 73 73 21 41 11087 1 172620 16902 2.5 62 25 1 17 19% 1109 185014 20815 28%
c - 24.26 73 73 21 42 11091 1 179023 17497 2.5 64 25 1 16 20% 1109 185014 20815 28%
c ] 24.44 73 73 22 42 11091 1 180512 18928 2.5 64 26 1 16 20% 1109 185014 20815 28%
c { 24.44 73 103 22 42 11091 12 180512 18928 2.0 19 10 1 7 8% 1109 185014 20815 28%
c - 24.82 73 102 22 43 11456 12 185503 18769 2.0 19 10 1 7 8% 1117 185014 20815 28%
c - 25.36 73 101 22 44 12005 12 192060 20668 2.0 20 10 1 8 8% 1122 185014 20815 28%
c
c seconds   switched      rate          size/glue  tier1   binary          remaining
c        MB   reductions    conflicts         size   tier2    irredundant
c         level    restarts        redundant     glue  trail          variables
c
c - 25.93 73 99 22 45 12586 12 198693 22297 2.0 20 10 1 8 8% 1132 185014 20815 28%
c d 26.30 73 98 22 45 12965 12 202591 25472 2.0 20 10 1 8 8% 1137 185014 20812 28%
c u 26.35 73 98 22 45 12965 12 202591 24962 2.0 20 10 1 8 8% 1138 185014 20812 28%
c v 26.54 73 98 22 45 12965 12 202591 21533 2.0 20 10 1 8 8% 1140 185014 20812 28%
c w 26.74 73 98 22 45 12965 12 202591 21264 2.0 20 10 1 8 8% 1140 185014 20812 28%
c u 26.87 73 98 22 45 12965 12 202591 21223 2.0 20 10 1 8 8% 1140 185014 20812 28%
c v 26.99 73 98 22 45 12965 12 202591 20073 2.0 20 10 1 8 8% 1140 185014 20812 28%
c w 27.13 73 98 22 45 12965 12 202591 19753 2.0 20 10 1 8 8% 1140 185014 20812 28%
c x 27.24 73 98 22 45 12965 12 202591 19752 2.0 20 10 1 8 8% 1140 184930 20812 28%
c = 27.75 73 98 22 45 12965 12 202591 19752 2.0 20 10 1 8 8% 1246 184930 20759 28%
c d 27.76 73 98 22 45 12965 12 202591 19741 2.0 20 10 1 8 8% 1132 184930 20759 28%
c - 28.05 73 98 22 46 13285 12 205402 18957 2.0 20 10 1 8 8% 1134 184930 20759 28%
c } 28.63 73 97 23 46 13834 12 212028 24595 2.0 20 10 1 8 9% 1137 184930 20759 28%
c [ 28.63 73 73 23 46 13834 1 212028 24595 2.5 64 26 1 16 20% 1137 184930 20759 28%
c O 28.63 73 73 23 46 13834 1 212028 24595 2.5 64 26 1 16 20% 1137 184930 20759 28%
c - 28.66 73 73 23 47 13834 1 212184 21413 2.5 64 26 1 16 20% 1137 184930 20759 28%
c - 29.72 73 73 23 48 13839 1 219039 21866 2.5 64 26 1 16 19% 1137 184930 20759 28%
c - 30.70 73 73 23 49 13842 1 225967 19851 2.5 64 26 1 15 19% 1137 184930 20759 28%
c o 31.59 73 72 23 49 13847 1 232855 26591 2.5 64 26 1 15 18% 1137 184930 20759 28%
c ] 31.63 73 72 24 49 13847 1 232902 26638 2.5 64 26 1 15 18% 1137 184930 20759 28%
c
c seconds   switched      rate          size/glue  tier1   binary          remaining
c        MB   reductions    conflicts         size   tier2    irredundant
c         level    restarts        redundant     glue  trail          variables
c
c { 31.63 73 97 24 49 13847 12 232902 26638 2.0 20 10 1 8 9% 1137 184930 20759 28%
c - 31.66 73 97 24 50 13861 12 232969 19536 2.0 20 10 1 8 9% 1137 184930 20759 28%
c - 32.38 73 97 24 51 14633 12 240040 20830 2.0 20 10 1 8 9% 1137 184930 20759 28%
c s 32.59 73 97 24 51 14889 12 242519 22871 2.0 20 10 1 8 9% 1137 184884 20759 28%
c e 33.06 74 97 24 51 14889 12 242519 22871 2.0 20 10 1 8 9% 878 205194 18939 26%
c s 33.13 74 97 24 51 14889 12 242519 22871 2.0 20 10 1 8 9% 878 204428 18939 26%
c e 33.18 74 97 24 51 14889 12 242519 22871 2.0 20 10 1 8 9% 824 204655 18917 26%
c ! 33.18 74 97 24 51 14889 12 242519 22871 2.0 20 10 1 8 9% 824 204655 18917 26%
c u 33.31 74 97 24 51 14921 12 242761 21052 2.0 20 10 1 8 9% 825 204655 18917 26%
c v 33.40 74 97 24 51 14921 12 242761 18461 2.0 20 10 1 8 9% 826 204655 18917 26%
c w 33.58 74 97 24 51 14921 12 242761 17689 2.0 20 10 1 8 9% 826 204655 18917 26%
c t 33.60 74 97 24 51 14921 12 242761 17689 2.0 20 10 1 8 9% 822 204655 18917 26%
c f 33.75 74 97 24 51 14921 12 242761 17689 2.0 20 10 1 8 9% 805 204655 18918 26%
c u 33.82 74 97 24 51 14921 12 242761 17655 2.0 20 10 1 8 9% 805 204655 18918 26%
c v 33.87 74 97 24 51 14921 12 242761 17077 2.0 20 10 1 8 9% 805 204655 18918 26%
c w 33.99 74 97 24 51 14921 12 242761 16471 2.0 20 10 1 8 9% 805 204655 18918 26%
c - 34.53 74 97 24 52 15438 12 247181 17669 2.0 20 10 1 8 9% 805 204655 18918 26%
c - 35.21 74 96 24 53 16169 12 254393 20719 2.0 20 10 1 8 9% 805 204655 18918 26%
c - 35.94 74 96 24 54 16857 12 261674 23213 2.0 21 10 1 8 9% 805 204655 18918 26%
c - 36.66 74 96 24 55 17639 12 269023 24846 2.0 21 10 1 7 9% 805 204655 18918 26%
c
c seconds   switched      rate          size/glue  tier1  binary          remaining
c        MB   reductions    conflicts         size   tier2   irredundant
c         level    restarts        redundant     glue  trail         variables
c
c } 36.72 74 96 25 55 17702 12 269580 25323 2.0 21 10 1 7 9% 805 204655 18918 26%
c [ 36.72 74 72 25 55 17702 1 269580 25323 2.5 64 26 1 15 18% 805 204655 18918 26%
c B 36.72 74 72 25 55 17702 1 269580 25323 2.5 64 26 1 15 18% 805 204655 18918 26%
c - 38.15 74 73 25 56 17707 1 276439 24457 2.5 64 26 1 14 19% 805 204655 18918 26%
c - 39.10 74 72 25 57 17710 1 283922 22842 2.4 64 26 1 14 18% 805 204655 18918 26%
c u 39.56 74 72 25 57 17712 1 287155 25378 2.4 64 26 1 14 18% 805 204655 18918 26%
c v 39.62 74 72 25 57 17712 1 287155 22690 2.4 64 26 1 14 18% 805 204655 18918 26%
c w 39.99 75 72 25 57 17712 1 287155 22477 2.4 64 26 1 14 18% 805 204655 18918 26%
c = 40.60 75 72 25 57 17712 1 287155 22477 2.4 64 26 1 14 18% 807 204655 18917 26%
c d 40.61 75 72 25 57 17712 1 287155 22477 2.4 64 26 1 14 18% 804 204655 18917 26%
c u 40.71 75 72 25 57 17712 1 287155 22378 2.4 64 26 1 14 18% 804 204655 18917 26%
c v 40.76 75 72 25 57 17712 1 287155 21850 2.4 64 26 1 14 18% 804 204655 18917 26%
c w 41.02 75 72 25 57 17712 1 287155 20828 2.4 64 26 1 14 18% 804 204655 18917 26%
c x 41.17 75 72 25 57 17712 1 287155 20827 2.4 64 26 1 14 18% 805 204138 18917 26%
c t 41.20 75 72 25 57 17712 1 287155 20827 2.4 64 26 1 14 18% 804 204138 18917 26%
c - 41.77 75 72 25 58 17715 1 291472 18811 2.4 64 26 1 13 18% 804 204138 18917 26%
c ] 42.32 75 72 26 58 17716 1 295949 23147 2.4 64 26 1 13 17% 804 204138 18917 26%
c { 42.32 75 96 26 58 17716 12 295949 23147 2.0 21 10 1 7 9% 804 204138 18917 26%
c - 42.72 75 95 26 59 18018 12 299087 20374 2.0 21 10 1 7 9% 804 204138 18917 26%
c o 43.18 75 95 26 59 18335 12 302855 23589 2.0 21 10 1 7 9% 804 204138 18917 26%
c
c seconds   switched      rate          size/glue  tier1  binary          remaining
c        MB   reductions    conflicts         size   tier2   irredundant
c         level    restarts        redundant     glue  trail         variables
c
c - 43.58 75 95 26 60 18657 12 306768 23118 2.0 21 10 1 7 9% 804 204138 18917 26%
c - 44.36 75 95 26 61 19496 12 314514 25290 2.0 21 10 1 7 9% 804 204138 18917 26%
c - 45.06 75 94 26 62 20106 12 322326 26922 2.0 21 10 1 7 9% 804 204138 18917 26%
c - 45.92 75 94 26 63 20902 12 330201 28236 2.0 21 11 1 7 9% 804 204138 18917 26%
c u 46.66 75 94 26 63 21543 12 335639 31897 2.0 21 11 1 7 9% 804 204138 18917 26%
c v 46.80 75 94 26 63 21543 12 335639 26772 2.0 21 11 1 7 9% 804 204138 18917 26%
c w 47.02 75 94 26 63 21543 12 335639 26447 2.0 21 11 1 7 9% 804 204138 18917 26%
c - 47.30 75 94 26 64 21811 12 338138 24124 2.0 22 11 1 7 9% 804 204138 18917 26%
c } 47.30 75 94 27 64 21811 12 338168 24150 2.0 22 11 1 7 9% 804 204138 18917 26%
c [ 47.30 75 72 27 64 21811 1 338168 24150 2.4 64 26 1 13 17% 804 204138 18917 26%
c W 47.40 75 72 27 64 21811 1 338168 24150 2.4 64 26 1 13 17% 804 204138 18917 26%
c - 48.36 75 72 27 65 21816 1 346138 24955 2.4 64 26 1 13 17% 804 204138 18917 26%
c s 48.55 75 72 27 65 21817 1 348070 26796 2.4 64 26 1 13 17% 804 204056 18917 26%
c e 48.61 75 72 27 65 21817 1 348070 26796 2.4 64 26 1 13 17% 735 204256 18873 25%
c s 48.62 75 72 27 65 21817 1 348070 26796 2.4 64 26 1 13 17% 735 204120 18873 25%
c e 48.64 75 72 27 65 21817 1 348070 26796 2.4 64 26 1 13 17% 725 204201 18864 25%
c - 49.36 75 71 27 66 21820 1 354200 24725 2.4 63 26 1 13 17% 725 204201 18864 25%
c - 50.41 75 71 27 67 21824 1 362325 24834 2.4 63 26 1 13 16% 725 204201 18864 25%
c - 51.52 75 71 27 68 21825 1 370512 24160 2.4 63 26 1 12 16% 725 204201 18864 25%
c I 51.92 75 71 27 68 21828 1 373520 27095 2.4 63 26 1 12 16% 725 204201 18864 25%
c
c seconds   switched     rate          size/glue  tier1    binary          remaining
c        MB   reductions   conflicts         size   tier2     irredundant
c         level    restarts       redundant     glue    trail         variables
c
c ] 52.28 75 71 28 68 21829 1 376058 29591 2.4 63 26 1 12 16% 725 204201 18864 25%
c { 52.28 75 94 28 68 21829 12 376058 29591 2.0 22 11 1 7 9% 725 204201 18864 25%
c - 52.59 75 94 28 69 22161 12 378759 24714 2.0 22 11 1 7 9% 725 204201 18864 25%
c o 52.97 75 94 28 69 22622 12 382857 28165 2.0 22 11 1 7 9% 725 204201 18864 25%
c - 53.38 75 94 28 70 22930 12 387065 27134 2.0 22 11 1 7 9% 725 204201 18864 25%
c u 53.57 75 94 28 70 23057 12 388295 27652 2.0 22 11 1 7 9% 725 204201 18864 25%
c v 53.65 75 94 28 70 23057 12 388295 24504 2.0 22 11 1 7 9% 725 204201 18864 25%
c w 53.80 75 94 28 70 23057 12 388295 23578 2.0 22 11 1 7 9% 725 204201 18864 25%
c x 54.00 75 94 28 70 23057 12 388295 23577 2.0 22 11 1 7 9% 725 204140 18864 25%
c - 54.79 75 93 28 71 23744 12 395432 25568 2.0 22 11 1 7 9% 725 204140 18864 25%
c - 55.60 75 94 28 72 24360 12 403859 28592 2.0 22 11 1 6 9% 725 204140 18864 25%
c - 56.47 75 94 28 73 25097 12 412344 30437 2.0 22 11 1 6 9% 725 204140 18864 25%
c - 57.45 75 95 28 74 25945 12 420888 31879 2.0 22 11 1 6 9% 725 204140 18864 25%
c } 57.81 75 95 29 74 26217 11 424196 34807 2.0 22 11 1 6 9% 725 204140 18864 25%
c [ 57.81 75 71 29 74 26217 1 424196 34807 2.4 63 26 1 12 16% 725 204140 18864 25%
c B 57.81 75 71 29 74 26217 1 424196 34807 2.4 63 26 1 12 16% 725 204140 18864 25%
c - 58.43 75 71 29 75 26221 1 429490 32471 2.4 63 26 1 12 16% 725 204140 18864 25%
c - 59.86 75 72 29 76 26225 1 438150 31385 2.4 63 26 1 12 16% 725 204140 18864 25%
c u 60.83 75 71 29 76 26230 1 445172 37108 2.4 63 26 1 12 16% 725 204140 18864 25%
c v 60.91 75 71 29 76 26230 1 445172 33561 2.4 63 26 1 12 16% 725 204140 18864 25%
c
c seconds   switched     rate          size/glue  tier1    binary          remaining
c        MB   reductions   conflicts         size   tier2     irredundant
c         level    restarts       redundant     glue    trail         variables
c
c w 61.13 75 71 29 76 26230 1 445172 33501 2.4 63 26 1 12 16% 725 204140 18864 25%
c x 61.29 75 71 29 76 26230 1 445172 33499 2.4 63 26 1 12 16% 725 203995 18864 25%
c = 62.01 75 71 29 76 26230 1 445172 33499 2.4 63 26 1 12 16% 737 203995 18858 25%
c d 62.02 75 71 29 76 26230 1 445172 33493 2.4 63 26 1 12 16% 725 203995 18858 25%
c u 62.13 75 71 29 76 26230 1 445172 33342 2.4 63 26 1 12 16% 725 203995 18858 25%
c v 62.21 75 71 29 76 26230 1 445172 32668 2.4 63 26 1 12 16% 725 203995 18858 25%
c w 62.72 75 71 29 76 26230 1 445172 32582 2.4 63 26 1 12 16% 725 203995 18858 25%
c - 63.02 75 71 29 77 26230 1 446867 26061 2.4 63 26 1 12 16% 725 203995 18858 25%
c - 64.23 75 71 29 78 26231 1 455642 25678 2.4 64 26 1 12 16% 725 203995 18858 25%
c ] 65.12 75 71 30 78 26234 1 461230 31170 2.4 64 26 1 12 16% 725 203995 18858 25%
c { 65.12 75 95 30 78 26234 11 461230 31170 2.0 22 11 1 6 9% 725 203995 18858 25%
c - 65.44 75 94 30 79 26583 11 464473 26852 2.0 22 11 1 6 9% 725 203995 18858 25%
c o 66.30 75 94 30 79 27287 11 472870 34027 2.0 22 11 1 6 9% 725 203995 18858 25%
c - 66.36 75 94 30 80 27336 11 473361 29814 2.0 22 11 1 6 9% 725 203995 18858 25%
c s 66.78 75 94 30 80 27688 11 477139 33093 2.1 23 11 1 6 9% 725 203910 18858 25%
c e 66.86 75 94 30 80 27688 11 477139 33093 2.1 23 11 1 6 9% 681 204393 18773 25%
c s 66.87 75 94 30 80 27688 11 477139 33093 2.1 23 11 1 6 9% 681 203926 18773 25%
c e 66.90 75 94 30 80 27688 11 477139 33093 2.1 23 11 1 6 9% 680 204054 18756 25%
c - 67.49 75 95 30 81 28169 11 482305 32006 2.1 23 11 1 6 9% 680 204054 18756 25%
c - 68.50 75 95 30 82 28942 11 491307 33519 2.1 23 11 1 6 9% 680 204054 18756 25%
c
c seconds   switched      rate          size/glue  tier1  binary          remaining
c        MB   reductions    conflicts         size   tier2   irredundant
c         level    restarts        redundant     glue  trail         variables
c
c - 69.61 75 95 30 83 29796 11 500362 34920 2.1 23 11 1 6 9% 680 204054 18756 25%
c u 70.25 75 95 30 83 30313 11 506345 39057 2.1 23 11 1 6 9% 680 204054 18756 25%
c v 70.37 75 95 30 83 30313 11 506345 33784 2.1 23 11 1 6 9% 680 204054 18756 25%
c w 70.53 75 95 30 83 30313 11 506345 33574 2.1 23 11 1 6 9% 680 204054 18756 25%
c x 70.68 75 95 30 83 30313 11 506345 33572 2.1 23 11 1 6 9% 680 203688 18756 25%
c = 71.48 75 95 30 83 30313 11 506345 33572 2.1 23 11 1 6 9% 690 203688 18751 25%
c d 71.49 75 95 30 83 30313 11 506345 33572 2.1 23 11 1 6 9% 680 203688 18751 25%
c u 71.65 75 95 30 83 30313 11 506345 33454 2.1 23 11 1 6 9% 680 203688 18751 25%
c v 71.74 75 95 30 83 30313 11 506345 32471 2.1 23 11 1 6 9% 680 203688 18751 25%
c w 72.00 75 95 30 83 30313 11 506345 31810 2.1 23 11 1 6 9% 680 203688 18751 25%
c x 72.19 75 95 30 83 30313 11 506345 31810 2.1 23 11 1 6 9% 680 203521 18751 25%
c = 73.03 75 95 30 83 30313 11 506345 31810 2.1 23 11 1 6 9% 688 203521 18747 25%
c d 73.04 75 95 30 83 30313 11 506345 31809 2.1 23 11 1 6 9% 680 203521 18747 25%
c - 73.48 75 95 30 84 30619 11 509472 29589 2.1 23 11 1 6 9% 680 203521 18747 25%
c } 74.16 75 95 31 84 31197 11 515666 35024 2.1 23 11 1 6 9% 680 203521 18747 25%
c [ 74.16 75 71 31 84 31197 1 515666 35024 2.4 64 26 1 12 16% 680 203521 18747 25%
c W 74.24 75 71 31 84 31197 1 515666 35024 2.4 64 26 1 12 16% 680 203521 18747 25%
c - 74.63 75 71 31 85 31199 1 518637 31882 2.4 64 26 1 12 16% 680 203521 18747 25%
c - 75.96 75 71 31 86 31203 1 527856 31875 2.4 65 26 1 12 16% 680 203521 18747 25%
c - 77.08 75 71 31 87 31210 1 537130 30686 2.4 64 26 1 12 15% 680 203521 18747 25%
c
c seconds   switched     rate          size/glue  tier1    binary          remaining
c        MB   reductions   conflicts         size   tier2     irredundant
c         level    restarts       redundant     glue    trail         variables
c
c - 78.42 75 71 31 88 31211 1 546457 30084 2.5 65 26 1 11 15% 680 203521 18747 25%
c - 79.77 75 71 31 89 31217 1 555837 30015 2.5 65 26 1 11 15% 680 203521 18747 25%
c ] 80.50 75 71 32 89 31219 1 561375 35427 2.5 66 26 1 11 15% 680 203521 18747 25%
c { 80.50 75 95 32 89 31219 11 561375 35427 2.1 23 11 1 6 9% 680 203521 18747 25%
c - 80.85 75 95 32 90 31536 11 565270 30821 2.1 23 11 1 6 9% 680 203521 18747 25%
c u 81.51 75 95 32 90 31963 11 571861 36023 2.1 23 11 1 6 9% 680 203521 18747 25%
c v 81.59 75 95 32 90 31963 11 571861 33013 2.1 23 11 1 6 9% 680 203521 18747 25%
c w 82.11 75 95 32 90 31963 11 571861 31581 2.1 23 11 1 6 9% 680 203521 18747 25%
c o 82.31 75 95 32 90 32057 11 572881 32499 2.1 23 11 1 6 9% 680 203521 18747 25%
c - 82.48 75 95 32 91 32209 11 574757 29398 2.1 23 11 1 6 9% 680 203521 18747 25%
c - 83.48 75 95 32 92 33114 11 584297 32792 2.1 23 11 1 6 9% 680 203521 18747 25%
c - 84.60 75 95 32 93 34146 11 593888 35475 2.1 24 11 1 6 9% 680 203521 18747 25%
c - 85.80 75 94 32 94 35037 11 603532 37264 2.1 24 11 1 5 9% 680 203521 18747 25%
c - 86.87 75 94 32 95 35888 11 613228 38851 2.1 24 11 1 5 9% 680 203521 18747 25%
c } 87.85 75 94 33 95 36778 11 622479 46895 2.1 24 12 1 5 9% 680 203521 18747 25%
c [ 87.85 75 71 33 95 36778 1 622479 46895 2.5 66 26 1 11 15% 680 203521 18747 25%
c O 87.85 75 71 33 95 36778 1 622479 46895 2.5 66 26 1 11 15% 680 203521 18747 25%
c - 87.96 75 71 33 96 36778 1 622975 39876 2.5 66 26 1 11 15% 680 203521 18747 25%
c s 89.04 75 71 33 96 36784 1 631179 47949 2.5 65 26 1 11 15% 680 203457 18747 25%
c e 89.10 75 71 33 96 36784 1 631179 47949 2.5 65 26 1 11 15% 676 203710 18717 25%
c
c seconds   switched     rate          size/glue  tier1    binary          remaining
c        MB   reductions   conflicts         size   tier2     irredundant
c         level    restarts       redundant     glue    trail         variables
c
c s 89.11 75 71 33 96 36784 1 631179 47949 2.5 65 26 1 11 15% 676 203506 18717 25%
c e 89.13 75 71 33 96 36784 1 631179 47949 2.5 65 26 1 11 15% 676 203528 18714 25%
c - 89.41 75 71 33 97 36784 1 632773 38074 2.5 66 26 1 11 15% 676 203528 18714 25%
c u 91.00 75 71 33 97 36790 1 641776 45505 2.5 66 26 1 11 15% 676 203528 18714 25%
c v 91.13 75 71 33 97 36790 1 641776 41467 2.5 66 26 1 11 15% 676 203528 18714 25%
c w 91.50 93 71 33 97 36790 1 641776 41446 2.5 66 26 1 11 15% 676 203528 18714 25%
c x 91.71 93 71 33 97 36790 1 641776 41446 2.5 66 26 1 11 15% 676 203466 18714 25%
c - 91.88 83 71 33 98 36790 1 642621 32053 2.5 66 26 1 11 15% 676 203466 18714 25%
c - 93.23 86 71 33 99 36792 1 652521 32174 2.5 66 26 1 11 15% 676 203466 18714 25%
c - 94.55 87 71 33 100 36798 1 662472 32669 2.5 66 27 1 11 15% 676 203466 18714 25%
c ] 95.88 87 71 34 100 36802 1 672019 42075 2.4 66 27 1 11 15% 676 203466 18714 25%
c { 95.89 87 94 34 100 36802 11 672019 42075 2.1 24 12 1 5 9% 676 203466 18714 25%
c - 95.94 88 94 34 101 36829 11 672474 33213 2.1 24 12 1 5 9% 676 203466 18714 25%
c - 96.83 89 92 34 102 37323 11 682523 35574 2.1 24 11 1 5 9% 676 203466 18714 25%
c o 96.92 89 92 34 102 37345 11 682882 35885 2.1 24 11 1 5 9% 676 203466 18714 25%
c - 97.97 90 91 34 103 37852 10 692622 38666 2.1 24 11 1 5 9% 676 203466 18714 25%
c - 99.05 90 90 34 104 38402 10 702772 40724 2.1 24 11 1 5 9% 676 203466 18714 25%
c - 100.30 91 89 34 105 39230 10 712972 42425 2.1 24 11 1 5 9% 676 203466 18714 25%
c u 100.77 91 89 34 105 39476 10 716141 43628 2.1 24 11 1 5 9% 676 203466 18714 25%
c v 100.88 91 89 34 105 39476 10 716141 38935 2.1 24 11 1 5 9% 676 203466 18714 25%
c
c seconds    switched       rate          size/glue  tier1  binary          remaining
c         MB   reductions     conflicts         size   tier2   irredundant
c          level     restarts        redundant     glue  trail         variables
c
c w 101.24 91 89 34 105 39476 10 716141 36593 2.1 24 11 1 5 9% 676 203466 18714 25%
c - 103.17 88 89 34 106 40105 10 723218 37128 2.1 24 12 1 5 9% 676 203466 18714 25%
c - 104.44 89 89 34 107 40965 10 733514 40367 2.1 24 12 1 5 9% 676 203466 18714 25%
c } 105.35 89 88 35 107 41534 10 740166 46010 2.1 24 12 1 5 9% 676 203466 18714 25%
c [ 105.35 89 71 35 107 41534 1 740166 46010 2.4 66 27 1 11 15% 676 203466 18714 25%
c B 105.35 89 71 35 107 41534 1 740166 46010 2.4 66 27 1 11 15% 676 203466 18714 25%
c - 105.75 89 71 35 108 41536 1 743858 42053 2.4 66 27 1 11 15% 676 203466 18714 25%
c - 107.54 90 71 35 109 41542 1 754251 40853 2.5 67 27 1 11 15% 676 203466 18714 25%
c - 109.40 90 71 35 110 41547 1 764691 38596 2.5 67 27 1 11 15% 676 203466 18714 25%
c - 111.32 91 71 35 111 41550 1 775181 38544 2.5 68 27 1 11 16% 676 203466 18714 25%
c - 112.60 91 71 35 112 41555 1 785716 38848 2.5 68 27 1 11 15% 676 203466 18714 25%
c u 114.02 77 70 35 112 41562 1 795007 47034 2.5 68 27 1 11 15% 676 203466 18714 25%
c v 114.08 77 70 35 112 41562 1 795007 45064 2.5 68 27 1 11 15% 676 203466 18714 25%
c w 114.97 77 70 35 112 41562 1 795007 44952 2.5 68 27 1 11 15% 676 203466 18714 25%
c - 115.21 77 70 35 113 41562 1 796299 36487 2.5 68 27 1 11 15% 676 203466 18714 25%
c W 115.52 77 70 35 113 41562 1 797750 37900 2.5 68 27 1 11 15% 676 203466 18714 25%
c ] 115.60 77 70 36 113 41563 1 798384 38521 2.5 68 27 1 11 15% 676 203466 18714 25%
c { 115.60 77 88 36 113 41563 10 798384 38521 2.1 24 12 1 5 9% 676 203466 18714 25%
c o 116.14 77 88 36 113 42226 10 802888 42584 2.1 24 12 1 5 9% 676 203466 18714 25%
c - 116.65 77 88 36 114 42670 10 806930 38754 2.1 24 12 1 5 9% 676 203466 18714 25%
c
c seconds    switched       rate          size/glue  tier1  binary          remaining
c         MB   reductions     conflicts         size   tier2   irredundant
c          level     restarts        redundant     glue  trail         variables
c
c s 117.26 77 88 36 114 43135 10 811496 42798 2.1 24 12 1 5 9% 676 203434 18714 25%
c e 117.30 77 88 36 114 43135 10 811496 42798 2.1 24 12 1 5 9% 670 203525 18705 25%
c s 117.30 77 88 36 114 43135 10 811496 42798 2.1 24 12 1 5 9% 670 203489 18705 25%
c - 118.05 77 90 36 115 43593 10 817607 42057 2.1 24 12 1 5 9% 670 203489 18705 25%
c - 119.30 77 91 36 116 44437 10 828332 44154 2.1 25 12 1 5 9% 670 203489 18705 25%
c - 120.57 77 90 36 117 45450 10 839103 45706 2.1 25 12 1 5 9% 670 203489 18705 25%
c - 121.98 77 90 36 118 46567 10 849920 46865 2.1 25 12 1 5 9% 670 203489 18705 25%
c - 123.24 77 90 36 119 47518 10 860782 47953 2.1 25 12 1 5 9% 670 203489 18705 25%
c - 124.71 77 90 36 120 48618 10 871690 48878 2.1 26 12 1 5 9% 670 203489 18705 25%
c } 125.03 77 90 37 120 48796 10 873941 50873 2.1 26 12 1 5 9% 670 203489 18705 25%
c [ 125.03 77 70 37 120 48796 1 873941 50873 2.5 68 27 1 11 15% 670 203489 18705 25%
c I 125.03 77 70 37 120 48796 1 873941 50873 2.5 68 27 1 11 15% 670 203489 18705 25%
c u 126.03 77 71 37 120 48799 1 878427 53565 2.5 68 27 1 11 15% 670 203489 18705 25%
c v 126.23 77 71 37 120 48799 1 878427 47849 2.5 68 27 1 11 15% 670 203489 18705 25%
c w 126.72 77 71 37 120 48799 1 878427 47808 2.5 68 27 1 11 15% 670 203489 18705 25%
c x 127.08 77 71 37 120 48799 1 878427 47804 2.5 68 27 1 11 15% 670 203428 18705 25%
c - 128.11 77 71 37 121 48802 1 882645 42680 2.6 68 27 1 11 16% 670 203428 18705 25%
c - 130.03 77 71 37 122 48808 1 893645 41379 2.6 68 26 1 10 16% 670 203428 18705 25%
c - 131.66 77 71 37 123 48810 1 904691 41711 2.6 67 26 1 10 16% 670 203428 18705 25%
c - 133.32 77 72 37 124 48817 1 915782 41802 2.6 67 26 1 10 16% 670 203428 18705 25%
c
c seconds    switched      rate          size/glue  tier1    binary          remaining
c         MB   reductions    conflicts         size   tier2     irredundant
c          level     restarts       redundant     glue    trail         variables
c
c - 134.73 77 71 37 125 48823 1 926917 41406 2.6 67 26 1 10 16% 670 203428 18705 25%
c - 136.07 77 71 37 126 48825 1 938097 41371 2.6 67 25 1 10 16% 670 203428 18705 25%
c ] 136.33 77 71 38 126 48826 1 940678 43918 2.6 67 25 1 10 16% 670 203428 18705 25%
c { 136.33 77 90 38 126 48826 10 940678 43918 2.1 26 12 1 5 9% 670 203428 18705 25%
c o 136.36 77 91 38 126 48831 10 940702 43942 2.1 26 12 1 5 9% 670 203428 18705 25%
c - 137.26 77 90 38 127 49286 10 949322 43469 2.1 26 12 1 5 9% 673 203428 18705 25%
c - 138.83 77 89 38 128 49476 9 960591 47867 2.2 25 12 1 5 9% 679 203428 18705 25%
c u 139.59 77 88 38 128 49817 9 966450 52746 2.2 26 12 1 5 9% 680 203428 18705 25%
c v 139.91 77 88 38 128 49817 9 966450 49881 2.2 26 12 1 5 9% 682 203428 18705 25%
c w 140.52 77 88 38 128 49817 9 966450 49653 2.2 26 12 1 5 9% 682 203428 18705 25%
c = 141.72 77 88 38 128 49817 9 966450 49653 2.2 26 12 1 5 9% 684 203428 18704 25%
c d 141.74 77 88 38 128 49817 9 966450 49653 2.2 26 12 1 5 9% 682 203428 18704 25%
c t 141.76 77 88 38 128 49817 9 966450 49653 2.2 26 12 1 5 9% 679 203428 18704 25%
c u 141.91 77 88 38 128 49817 9 966450 49561 2.2 26 12 1 5 9% 679 203428 18704 25%
c v 142.14 77 88 38 128 49817 9 966450 48778 2.2 26 12 1 5 9% 679 203428 18704 25%
c w 142.74 77 88 38 128 49817 9 966450 46971 2.2 26 12 1 5 9% 679 203428 18704 25%
c - 143.37 77 88 38 129 50222 9 971904 45289 2.2 26 12 1 5 9% 682 203428 18704 25%
c - 144.93 77 88 38 130 51203 9 983262 46481 2.2 26 12 1 5 10% 683 203428 18704 25%
c - 146.17 77 86 38 131 52212 9 994663 47679 2.2 26 12 1 5 10% 687 203428 18704 25%
c - 147.39 77 84 38 132 52999 9 1006108 48843 2.2 26 12 1 5 10% 692 203428 18704 25%
c
c seconds    switched      rate           size/glue  tier1   binary          remaining
c         MB   reductions     conflicts         size   tier2    irredundant
c          level     restarts        redundant     glue   trail         variables
c
c - 148.64 77 83 38 133 53851 9 1017597 49842 2.2 26 12 1 5 10% 697 203428 18704 25%
c s 148.74 77 83 38 133 53907 9 1019433 51577 2.2 26 12 1 5 10% 697 203420 18704 25%
c e 148.78 77 83 38 133 53907 9 1019433 51577 2.2 26 12 1 5 10% 697 203490 18698 25%
c s 148.78 77 83 38 133 53907 9 1019433 51577 2.2 26 12 1 5 10% 697 203454 18698 25%
c } 149.44 77 83 39 133 54261 9 1024012 55837 2.2 26 12 1 5 10% 700 203454 18698 25%
c [ 149.44 77 71 39 133 54261 1 1024012 55837 2.6 67 25 1 10 16% 700 203454 18698 25%
c B 149.44 77 71 39 133 54261 1 1024012 55837 2.6 67 25 1 10 16% 700 203454 18698 25%
c - 150.14 77 71 39 134 54264 1 1029129 49552 2.6 67 25 1 10 16% 700 203454 18698 25%
c - 151.72 77 71 39 135 54270 1 1040704 47099 2.7 67 25 1 10 16% 700 203454 18698 25%
c - 153.32 77 71 39 136 54275 1 1052322 44193 2.6 67 25 1 10 15% 700 203454 18698 25%
c u 155.23 77 71 39 136 54277 1 1059125 50254 2.7 67 25 1 10 16% 701 203454 18698 25%
c v 155.33 77 71 39 136 54277 1 1059125 47456 2.7 67 25 1 10 16% 713 203454 18698 25%
c w 156.27 95 71 39 136 54277 1 1059125 47328 2.7 67 25 1 10 16% 713 203454 18698 25%
c t 156.30 95 71 39 136 54277 1 1059125 47328 2.7 67 25 1 10 16% 701 203454 18698 25%
c - 157.11 86 71 39 137 54281 1 1063983 40954 2.7 68 26 1 10 16% 701 203454 18698 25%
c - 159.47 87 71 39 138 54287 1 1075688 41470 2.7 68 26 1 10 16% 701 203454 18698 25%
c ] 160.96 87 71 40 138 54289 1 1082016 47717 2.7 69 26 1 10 16% 701 203454 18698 25%
c { 160.96 87 83 40 138 54289 9 1082016 47717 2.2 26 12 1 5 10% 701 203454 18698 25%
c o 160.98 88 83 40 138 54296 9 1082048 47749 2.2 26 12 1 5 10% 701 203454 18698 25%
c - 161.87 90 83 40 139 55202 9 1087436 43018 2.2 27 12 1 5 10% 701 203454 18698 25%
c
c seconds    switched       rate           size/glue  tier1   binary          remaining
c         MB   reductions      conflicts         size   tier2    irredundant
c          level     restarts         redundant     glue   trail         variables
c
c - 163.76 91 83 40 140 57132 10 1099225 45737 2.2 27 12 1 5 10% 701 203454 18698 25%
c - 165.44 92 83 40 141 59033 10 1111058 48078 2.2 27 13 1 5 10% 701 203454 18698 25%
c - 166.95 92 84 40 142 60143 10 1122932 49883 2.2 28 13 1 5 10% 701 203454 18698 25%
c - 168.36 92 85 40 143 61261 10 1134849 51557 2.2 28 13 1 5 10% 701 203454 18698 25%
c - 169.70 93 85 40 144 62320 10 1146808 52814 2.2 28 13 1 5 10% 701 203454 18698 25%
c u 171.30 93 86 40 144 63288 10 1156481 60068 2.2 28 13 1 5 10% 702 203454 18698 25%
c v 171.51 93 86 40 144 63288 10 1156481 53671 2.2 28 13 1 5 10% 703 203454 18698 25%
c w 171.97 93 86 40 144 63288 10 1156481 53393 2.2 28 13 1 5 10% 703 203454 18698 25%
c x 172.33 93 86 40 144 63288 10 1156481 53390 2.2 28 13 1 5 10% 703 203362 18698 25%
c - 172.76 89 86 40 145 63426 10 1158808 47581 2.2 28 13 1 5 10% 703 203362 18698 25%
c - 174.36 91 86 40 146 64567 10 1170849 50192 2.2 29 13 1 5 10% 703 203362 18698 25%
c } 174.74 91 87 41 146 64797 10 1173489 52574 2.2 29 13 1 5 10% 703 203362 18698 25%
c [ 174.74 91 71 41 146 64797 1 1173489 52574 2.7 69 26 1 10 16% 703 203362 18698 25%
c W 174.92 77 71 41 146 64797 1 1173489 52574 2.7 69 26 1 10 16% 703 203362 18698 25%
c - 176.53 77 71 41 147 64803 1 1182934 50578 2.7 69 26 1 10 17% 703 203362 18698 25%
c - 178.59 77 71 41 148 64810 1 1195058 47697 2.7 70 26 1 9 17% 703 203362 18698 25%
c - 180.31 77 71 41 149 64812 1 1207224 46092 2.6 69 26 1 9 16% 703 203362 18698 25%
c - 182.23 77 71 41 150 64819 1 1219431 45341 2.6 69 26 1 9 16% 703 203362 18698 25%
c - 184.61 77 71 41 151 64826 1 1231680 45667 2.6 70 27 1 9 16% 703 203362 18698 25%
c - 187.14 78 71 41 152 64827 1 1243970 45186 2.6 72 28 1 9 16% 703 203362 18698 25%
c
c seconds    switched      rate           size/glue  tier1   binary          remaining
c         MB   reductions     conflicts         size   tier2    irredundant
c          level     restarts        redundant     glue   trail         variables
c
c ] 188.58 78 70 42 152 64827 1 1250227 51366 2.6 73 28 1 9 16% 703 203362 18698 25%
c { 188.58 78 87 42 152 64827 10 1250227 51366 2.2 29 13 1 5 10% 703 203362 18698 25%
c o 188.60 78 87 42 152 64831 10 1250254 51392 2.2 29 13 1 5 10% 703 203362 18698 25%
c s 189.45 78 87 42 152 65310 10 1256182 56881 2.2 29 13 1 5 10% 703 203345 18698 25%
c e 189.51 78 87 42 152 65310 10 1256182 56881 2.2 29 13 1 5 10% 703 203458 18676 25%
c s 189.52 78 87 42 152 65310 10 1256182 56881 2.2 29 13 1 5 10% 703 203343 18676 25%
c - 189.63 78 87 42 153 65322 10 1256299 46547 2.2 29 13 1 5 10% 703 203343 18676 25%
c u 190.16 78 86 42 153 65555 10 1258565 47674 2.2 29 13 1 5 10% 703 203343 18676 25%
c v 190.23 78 86 42 153 65555 10 1258565 45170 2.2 29 13 1 5 10% 703 203343 18676 25%
c w 190.53 78 86 42 153 65555 10 1258565 43756 2.2 29 13 1 5 10% 703 203343 18676 25%
c = 192.29 78 86 42 153 65555 10 1258565 43756 2.2 29 13 1 5 10% 705 203343 18675 25%
c d 192.30 78 86 42 153 65555 10 1258565 43754 2.2 29 13 1 5 10% 702 203343 18675 25%
c u 192.50 78 86 42 153 65555 10 1258565 43633 2.2 29 13 1 5 10% 702 203343 18675 25%
c v 192.58 78 86 42 153 65555 10 1258565 43114 2.2 29 13 1 5 10% 703 203343 18675 25%
c w 192.85 78 86 42 153 65555 10 1258565 42250 2.2 29 13 1 5 10% 703 203343 18675 25%
c - 194.06 78 87 42 154 66463 10 1268668 45065 2.2 29 13 1 5 10% 703 203343 18675 25%
c - 195.71 78 88 42 155 67651 10 1281078 49267 2.2 29 13 1 5 10% 703 203343 18675 25%
c - 197.44 78 88 42 156 68786 10 1293528 51932 2.2 29 13 1 5 10% 703 203343 18675 25%
c - 199.40 78 88 42 157 69925 10 1306017 53666 2.2 30 13 1 5 10% 703 203343 18675 25%
c - 201.20 78 89 42 158 71182 10 1318547 54834 2.2 30 13 1 5 10% 703 203343 18675 25%
c
c seconds    switched       rate           size/glue  tier1   binary          remaining
c         MB   reductions      conflicts         size   tier2    irredundant
c          level     restarts         redundant     glue   trail         variables
c
c - 203.15 78 89 42 159 72358 10 1331117 55922 2.2 30 14 1 5 10% 703 203343 18675 25%
c - 205.02 78 89 42 160 73521 10 1343728 57071 2.2 31 14 1 5 10% 703 203343 18675 25%
c } 206.06 78 89 43 160 74234 10 1350202 63037 2.3 31 14 1 5 10% 703 203343 18675 25%
c [ 206.06 78 70 43 160 74234 1 1350202 63037 2.6 73 28 1 9 16% 703 203343 18675 25%
c O 206.06 78 70 43 160 74234 1 1350202 63037 2.6 73 28 1 9 16% 703 203343 18675 25%
c - 207.36 78 71 43 161 74238 1 1356377 56830 2.6 73 28 1 9 16% 703 203343 18675 25%
c u 209.26 78 71 43 161 74243 1 1365431 63790 2.6 73 28 1 9 16% 703 203343 18675 25%
c v 209.43 78 71 43 161 74243 1 1365431 58356 2.6 73 28 1 9 16% 703 203343 18675 25%
c w 210.56 78 71 43 161 74243 1 1365431 58281 2.6 73 28 1 9 16% 703 203343 18675 25%
c - 211.10 78 71 43 162 74246 1 1369066 49323 2.6 73 28 1 9 16% 703 203343 18675 25%
c - 213.11 78 71 43 163 74248 1 1381794 47953 2.5 73 29 1 9 16% 703 203343 18675 25%
c - 214.90 78 71 43 164 74255 1 1394562 47582 2.5 72 29 1 9 16% 703 203343 18675 25%
c - 216.48 78 71 43 165 74262 1 1407368 48196 2.5 72 29 1 9 15% 703 203343 18675 25%
c - 218.29 78 71 43 166 74264 1 1420213 48653 2.5 71 28 1 9 15% 703 203343 18675 25%
c - 220.56 78 70 43 167 74265 1 1433100 48764 2.5 70 28 1 9 15% 703 203343 18675 25%
c B 220.66 78 70 43 167 74266 1 1434239 49875 2.5 70 28 1 9 15% 703 203343 18675 25%
c o 220.67 78 70 43 167 74266 1 1434239 49875 2.5 70 28 1 9 15% 703 203343 18675 25%
c ] 222.61 78 70 44 167 74271 1 1444773 60253 2.5 70 28 1 9 15% 703 203343 18675 25%
c { 222.61 78 89 44 167 74271 10 1444773 60253 2.3 31 14 1 5 10% 703 203343 18675 25%
c - 222.73 78 89 44 168 74374 10 1446022 49297 2.3 31 14 1 5 10% 703 203343 18675 25%
c
c seconds    switched       rate           size/glue  tier1   binary          remaining
c         MB   reductions      conflicts         size   tier2    irredundant
c          level     restarts         redundant     glue   trail         variables
c
c - 224.67 78 91 44 169 75671 10 1458983 52065 2.3 31 14 1 5 10% 703 203343 18675 25%
c - 226.63 78 91 44 170 76956 10 1471984 55109 2.3 32 14 1 5 11% 703 203343 18675 25%
c u 227.58 78 91 44 170 77427 10 1477077 58813 2.3 32 14 1 5 11% 703 203343 18675 25%
c v 227.73 78 91 44 170 77427 10 1477077 54517 2.3 32 14 1 5 11% 703 203343 18675 25%
c w 228.65 78 91 44 170 77427 10 1477077 52077 2.3 32 14 1 5 11% 703 203343 18675 25%
c - 230.00 78 92 44 171 78192 10 1485022 50945 2.3 32 14 1 5 11% 703 203343 18675 25%
c - 231.99 78 91 44 172 79550 10 1498099 53998 2.3 32 14 1 5 11% 703 203343 18675 25%
c - 234.12 78 92 44 173 80845 10 1511214 56169 2.3 33 14 1 5 11% 703 203343 18675 25%
c s 236.42 94 92 44 173 82055 10 1522937 67174 2.3 33 14 1 5 11% 703 203341 18675 25%
c e 236.45 86 92 44 173 82055 10 1522937 67174 2.3 33 14 1 5 11% 703 203357 18674 25%
c s 236.46 86 92 44 173 82055 10 1522937 67174 2.3 33 14 1 5 11% 703 203335 18674 25%
c - 236.75 90 92 44 174 82107 10 1524367 57845 2.3 33 14 1 5 11% 703 203335 18674 25%
c - 239.18 92 93 44 175 83404 10 1537558 59168 2.3 34 15 1 5 12% 703 203335 18674 25%
c - 241.46 93 92 44 176 85027 10 1550787 59723 2.3 34 15 1 5 12% 703 203335 18674 25%
c } 241.95 93 93 45 176 85315 10 1553605 62379 2.3 34 15 1 5 12% 703 203335 18674 25%
c [ 241.95 93 70 45 176 85315 1 1553605 62379 2.5 70 28 1 9 15% 703 203335 18674 25%
c W 242.03 78 70 45 176 85315 1 1553605 62379 2.5 70 28 1 9 15% 703 203335 18674 25%
c - 244.03 78 70 45 177 85321 1 1564053 58875 2.5 71 29 1 9 15% 703 203335 18674 25%
c - 246.17 78 70 45 178 85328 1 1577357 56512 2.5 71 29 1 9 15% 703 203335 18674 25%
c - 248.30 78 70 45 179 85332 1 1590698 54673 2.5 71 29 1 9 15% 703 203335 18674 25%
c
c seconds    switched      rate           size/glue  tier1   binary          remaining
c         MB   reductions     conflicts         size   tier2    irredundant
c          level     restarts        redundant     glue   trail         variables
c
c u 248.87 78 70 45 179 85335 1 1593580 55863 2.5 71 29 1 9 15% 703 203335 18674 25%
c v 248.95 78 70 45 179 85335 1 1593580 52947 2.5 71 29 1 9 15% 704 203335 18674 25%
c w 249.68 78 70 45 179 85335 1 1593580 51276 2.5 71 29 1 9 15% 704 203335 18674 25%
c x 250.11 78 70 45 179 85335 1 1593580 51276 2.5 71 29 1 9 15% 704 203269 18674 25%
c - 251.77 78 70 45 180 85340 1 1604077 49958 2.5 71 28 1 9 15% 704 203269 18674 25%
c o 251.88 78 70 45 180 85342 1 1605261 51119 2.5 71 28 1 9 15% 704 203269 18674 25%
c - 254.24 78 70 45 181 85344 1 1617495 51247 2.5 72 29 1 9 16% 704 203269 18674 25%
c - 256.86 78 70 45 182 85345 1 1630950 52063 2.5 73 29 1 9 16% 704 203269 18674 25%
c - 259.94 78 71 45 183 85352 1 1644440 52895 2.6 73 28 1 9 16% 704 203269 18674 25%
c I 260.90 78 70 45 183 85353 1 1649320 57728 2.6 73 28 1 9 16% 704 203269 18674 25%
c ] 261.26 78 71 46 183 85355 1 1651546 59890 2.6 72 28 1 9 16% 704 203269 18674 25%
c { 261.26 78 93 46 183 85355 10 1651546 59890 2.3 34 15 1 5 12% 704 203269 18674 25%
c - 262.37 78 93 46 184 85939 10 1657967 54847 2.3 35 15 1 5 12% 704 203269 18674 25%
c - 264.52 94 92 46 185 87405 10 1671531 57198 2.3 35 15 1 5 12% 704 203269 18674 25%
c - 266.73 92 92 46 186 88730 10 1685133 58961 2.3 35 15 1 5 12% 704 203269 18674 25%
c - 269.12 93 92 46 187 89912 10 1698771 60273 2.4 36 15 1 5 12% 704 203269 18674 25%
c - 271.28 94 92 46 188 91142 10 1712446 61286 2.4 36 15 1 5 12% 704 203269 18674 25%
c u 271.96 94 92 46 188 91394 10 1714964 62360 2.4 36 15 1 5 12% 705 203269 18674 25%
c v 272.13 94 92 46 188 91394 10 1714964 57310 2.4 36 15 1 5 12% 705 203269 18674 25%
c w 272.67 94 92 46 188 91394 10 1714964 55115 2.4 36 15 1 5 12% 705 203269 18674 25%
c
c seconds    switched       rate           size/glue  tier1   binary          remaining
c         MB   reductions      conflicts         size   tier2    irredundant
c          level     restarts         redundant     glue   trail         variables
c
c = 274.80 94 92 46 188 91394 10 1714964 55115 2.4 36 15 1 5 12% 711 203269 18671 25%
c d 274.82 94 92 46 188 91394 10 1714964 55110 2.4 36 15 1 5 12% 704 203269 18671 25%
c u 275.09 94 92 46 188 91394 10 1714964 54946 2.4 36 15 1 5 12% 704 203269 18671 25%
c v 275.20 94 92 46 188 91394 10 1714964 53858 2.4 36 15 1 5 12% 704 203269 18671 25%
c w 275.67 94 92 46 188 91394 10 1714964 52624 2.4 36 15 1 5 12% 704 203269 18671 25%
c - 277.66 91 94 46 189 92200 9 1726158 54477 2.4 37 15 1 5 12% 704 203269 18671 25%
c - 279.78 92 95 46 190 93215 9 1739906 58153 2.4 37 15 1 5 12% 704 203269 18671 25%
c - 282.26 93 95 46 191 94067 9 1753691 59951 2.5 38 15 1 4 13% 704 203269 18671 25%
c - 284.50 93 95 46 192 94934 9 1767511 61167 2.5 39 15 1 4 13% 704 203269 18671 25%
c } 284.78 93 95 47 192 95026 9 1769590 63198 2.5 39 15 1 4 13% 704 203269 18671 25%
c [ 284.78 93 71 47 192 95026 1 1769590 63198 2.6 72 28 1 9 16% 704 203269 18671 25%
c B 284.78 93 71 47 192 95026 1 1769590 63198 2.6 72 28 1 9 16% 704 203269 18671 25%
c - 286.84 94 71 47 193 95032 1 1781367 60468 2.6 73 28 1 9 16% 704 203269 18671 25%
c o 287.85 94 71 47 193 95037 1 1787171 66184 2.6 73 28 1 9 16% 704 203269 18671 25%
c - 289.27 94 71 47 194 95040 1 1795261 57813 2.6 73 28 1 9 16% 704 203269 18671 25%
c - 291.45 88 71 47 195 95046 1 1809189 56864 2.6 73 28 1 9 16% 704 203269 18671 25%
c s 294.07 88 71 47 195 95052 1 1820819 68393 2.6 73 28 1 9 17% 704 203253 18671 25%
c e 294.11 90 71 47 195 95052 1 1820819 68393 2.6 73 28 1 9 17% 702 203322 18662 25%
c s 294.11 90 71 47 195 95052 1 1820819 68393 2.6 73 28 1 9 17% 702 203282 18662 25%
c - 294.63 91 71 47 196 95053 1 1823154 56463 2.6 73 28 1 8 17% 702 203282 18662 25%
c
c seconds    switched      rate           size/glue  tier1   binary          remaining
c         MB   reductions     conflicts         size   tier2    irredundant
c          level     restarts        redundant     glue   trail         variables
c
c - 297.65 91 71 47 197 95056 1 1837155 56931 2.7 74 28 1 8 17% 702 203282 18662 25%
c u 298.55 92 71 47 197 95056 1 1841256 59883 2.7 74 28 1 8 17% 702 203282 18662 25%
c v 298.64 92 71 47 197 95056 1 1841256 57504 2.7 74 28 1 8 17% 702 203282 18662 25%
c w 299.68 93 71 47 197 95056 1 1841256 55501 2.7 74 28 1 8 17% 702 203282 18662 25%
c - 301.67 93 70 47 198 95056 1 1851190 53084 2.7 75 28 1 8 17% 702 203282 18662 25%
c - 304.79 94 70 47 199 95064 1 1865261 54536 2.7 75 28 1 8 17% 702 203282 18662 25%
c ] 305.88 94 71 48 199 95067 1 1869370 58622 2.7 75 28 1 8 18% 702 203282 18662 25%
c { 305.88 94 95 48 199 95067 9 1869370 58622 2.5 39 15 1 4 13% 702 203282 18662 25%
c - 307.83 92 95 48 200 95910 9 1879367 56881 2.5 39 15 1 4 13% 702 203282 18662 25%
c - 310.06 93 95 48 201 96895 8 1893510 59689 2.5 39 16 1 4 13% 702 203282 18662 25%
c - 312.68 94 96 48 202 97883 8 1907689 61461 2.5 40 16 1 4 14% 702 203282 18662 25%
c - 315.24 94 96 48 203 99151 8 1921902 62881 2.5 40 16 1 4 13% 702 203282 18662 25%
c - 317.80 95 97 48 204 100232 8 1936149 63717 2.5 40 16 1 4 13% 702 203282 18662 25%
c - 320.33 95 97 48 205 101317 8 1950431 64389 2.5 40 16 1 4 13% 702 203282 18662 25%
c - 322.66 93 97 48 206 102216 8 1964748 65290 2.5 40 16 1 4 14% 702 203282 18662 25%
c u 324.28 94 97 48 206 102727 8 1972483 70744 2.6 41 16 1 4 14% 702 203282 18662 25%
c v 324.45 94 97 48 206 102727 8 1972483 65338 2.6 41 16 1 4 14% 702 203282 18662 25%
c w 325.81 94 97 48 206 102727 8 1972483 64244 2.6 41 16 1 4 14% 702 203282 18662 25%
c o 328.93 95 97 48 206 102967 8 1977184 68786 2.6 41 16 1 4 14% 702 203282 18662 25%
c - 329.15 95 96 48 207 103016 8 1979100 59492 2.6 41 16 1 4 14% 702 203282 18662 25%
c
c seconds    switched       rate           size/glue  tier1   binary          remaining
c         MB   reductions      conflicts         size   tier2    irredundant
c          level      restarts        redundant     glue   trail         variables
c
c - 330.97 93 95 48 208 103729 8 1993487 61864 2.6 41 16 1 4 14% 702 203282 18662 25%
c } 331.58 93 95 49 208 103966 8 1996982 65228 2.6 41 16 1 4 14% 702 203282 18662 25%
c [ 331.58 93 71 49 208 103966 1 1996982 65228 2.7 75 28 1 8 18% 702 203282 18662 25%
c W 331.87 78 71 49 208 103966 1 1996982 65228 2.7 75 28 1 8 18% 702 203282 18662 25%
c - 334.21 78 71 49 209 103972 1 2007909 62378 2.7 75 27 1 8 18% 702 203282 18662 25%
c - 337.92 79 71 49 210 103980 1 2022366 60532 2.7 76 28 1 8 18% 702 203282 18662 25%
c - 341.19 79 72 49 211 103986 1 2036858 59613 2.8 77 28 1 8 19% 702 203282 18662 25%
c - 344.75 79 73 49 212 103994 1 2051383 59237 2.8 77 28 1 8 19% 702 203282 18662 25%
c - 350.06 80 73 49 213 103996 1 2065943 59075 2.8 81 29 1 8 20% 702 203282 18662 25%
c - 354.38 80 73 49 214 103998 1 2080537 58266 2.8 81 29 1 8 20% 702 203282 18662 25%
c ] 354.82 80 73 50 214 103999 1 2082266 59986 2.8 81 29 1 8 20% 702 203282 18662 25%
c { 354.82 80 95 50 214 103999 8 2082266 59986 2.6 41 16 1 4 14% 702 203282 18662 25%
c - 357.49 94 94 50 215 104291 7 2095167 61216 2.6 41 16 1 4 14% 702 203282 18662 25%
c u 359.94 95 93 50 215 104626 7 2108694 72412 2.7 42 16 1 4 14% 702 203282 18662 25%
c v 360.10 95 93 50 215 104626 7 2108694 68977 2.7 42 16 1 4 14% 702 203282 18662 25%
c w 362.16 96 93 50 215 104626 7 2108694 68262 2.7 42 16 1 4 14% 702 203282 18662 25%
c - 362.42 96 93 50 216 104703 7 2109830 59974 2.7 42 16 1 4 14% 702 203282 18662 25%
c - 365.37 96 93 50 217 105097 6 2124528 62747 2.7 42 15 1 4 15% 702 203282 18662 25%
c - 367.60 94 91 50 218 105543 6 2139258 65011 2.7 42 15 1 4 14% 702 203282 18662 25%
c s 369.47 95 91 50 218 105911 6 2150920 75651 2.7 41 15 1 4 14% 702 203281 18662 25%
c
c seconds    switched       rate           size/glue  tier1   binary          remaining
c         MB   reductions      conflicts         size   tier2    irredundant
c          level      restarts        redundant     glue   trail         variables
c
c s 369.49 95 91 50 218 105911 6 2150920 75651 2.7 41 15 1 4 14% 702 203280 18662 25%
c - 369.98 95 91 50 219 106032 6 2154022 66311 2.7 41 15 1 4 14% 702 203280 18662 25%
c - 372.82 96 90 50 220 106578 6 2168822 67511 2.7 41 15 1 4 15% 702 203280 18662 25%
c o 374.19 96 90 50 220 106898 6 2177187 75152 2.7 41 15 1 4 15% 702 203280 18662 25%
c - 375.42 96 90 50 221 107276 6 2183655 68422 2.7 41 15 1 4 14% 702 203280 18662 25%
c - 377.97 96 89 50 222 107940 6 2198521 69415 2.7 41 15 1 4 14% 702 203280 18662 25%
c - 380.69 97 88 50 223 108567 6 2213420 70457 2.7 40 15 1 4 14% 702 203280 18662 25%
c } 381.88 94 88 51 223 108904 6 2219792 76256 2.7 40 15 1 4 14% 702 203280 18662 25%
c [ 381.88 94 73 51 223 108904 1 2219792 76256 2.8 81 29 1 8 20% 702 203280 18662 25%
c O 381.88 94 73 51 223 108904 1 2219792 76256 2.8 81 29 1 8 20% 702 203280 18662 25%
c - 383.41 94 73 51 224 108910 1 2228353 70088 2.8 81 29 1 8 19% 702 203280 18662 25%
c - 385.99 94 73 51 225 108917 1 2243319 67720 2.8 79 29 1 8 19% 702 203280 18662 25%
c u 387.41 95 72 51 225 108918 1 2249916 71426 2.7 79 29 1 8 19% 702 203280 18662 25%
c v 387.60 95 72 51 225 108918 1 2249916 67188 2.7 79 29 1 8 19% 702 203280 18662 25%
c w 388.82 97 72 51 225 108918 1 2249916 66839 2.7 79 29 1 8 19% 702 203280 18662 25%
c x 389.25 97 72 51 225 108918 1 2249916 66838 2.7 79 29 1 8 19% 702 203224 18662 25%
c - 391.17 90 72 51 226 108923 1 2258321 60841 2.7 78 29 1 8 19% 702 203224 18662 25%
c - 393.50 91 71 51 227 108931 1 2273354 61051 2.7 78 29 1 8 18% 702 203224 18662 25%
c - 396.09 92 71 51 228 108934 1 2288421 60993 2.7 78 29 1 8 18% 702 203224 18662 25%
c - 399.24 92 70 51 229 108936 1 2303520 60694 2.7 78 29 1 7 17% 702 203224 18662 25%
c
c seconds    switched       rate           size/glue  tier1   binary          remaining
c         MB   reductions      conflicts         size   tier2    irredundant
c          level      restarts        redundant     glue   trail         variables
c
c - 401.82 93 70 51 230 108944 1 2318653 61356 2.7 77 29 1 7 17% 702 203224 18662 25%
c - 404.23 95 71 51 231 108949 1 2333818 61384 2.7 76 28 1 7 18% 702 203224 18662 25%
c B 405.56 95 71 51 231 108954 1 2340626 68066 2.7 76 28 1 7 18% 702 203224 18662 25%
c - 406.87 96 72 51 232 108958 1 2349017 61378 2.7 75 28 1 7 18% 702 203224 18662 25%
c - 409.38 96 73 51 233 108964 1 2364249 61618 2.7 75 27 1 7 19% 702 203224 18662 25%
c ] 409.55 88 73 52 233 108964 1 2365251 62604 2.7 75 27 1 7 19% 702 203224 18662 25%
c { 409.55 88 88 52 233 108964 6 2365251 62604 2.7 40 15 1 4 14% 702 203224 18662 25%
c - 411.76 94 89 52 234 110059 6 2379513 64467 2.6 40 15 1 4 14% 702 203224 18662 25%
c o 413.01 94 89 52 234 110728 6 2387265 71753 2.6 40 15 1 4 14% 702 203224 18662 25%
c - 414.39 95 90 52 235 111331 6 2394810 66842 2.6 40 15 1 4 14% 702 203224 18662 25%
c u 415.01 80 90 52 235 111485 6 2396196 67161 2.6 40 15 1 4 14% 702 203224 18662 25%
c v 415.13 80 90 52 235 111485 6 2396196 63767 2.6 40 15 1 4 14% 702 203224 18662 25%
c w 415.48 80 90 52 235 111485 6 2396196 61761 2.6 40 15 1 4 14% 702 203224 18662 25%
c - 418.09 80 90 52 236 112413 7 2410140 63523 2.6 40 15 1 4 14% 702 203224 18662 25%
c - 420.36 80 90 52 237 113492 7 2425502 66326 2.6 40 15 1 4 14% 702 203224 18662 25%
c - 423.57 96 89 52 238 114560 7 2440896 67857 2.6 41 15 1 4 14% 702 203224 18662 25%
c - 426.25 96 90 52 239 115535 7 2456323 68965 2.6 41 15 1 4 14% 702 203224 18662 25%
c - 429.06 96 91 52 240 116350 7 2471782 70249 2.7 41 15 1 4 14% 702 203224 18662 25%
c - 431.90 95 91 52 241 117625 7 2487274 71313 2.6 41 16 1 4 14% 702 203224 18662 25%
c - 434.49 95 91 52 242 118807 7 2502798 71790 2.6 41 16 1 4 14% 702 203224 18662 25%
c
c seconds    switched       rate           size/glue  tier1   binary          remaining
c         MB   reductions      conflicts         size   tier2    irredundant
c          level      restarts        redundant     glue   trail         variables
c
c } 436.22 96 91 53 242 119746 7 2513038 81519 2.6 41 16 1 4 14% 702 203224 18662 25%
c [ 436.22 96 73 53 242 119746 1 2513038 81519 2.7 75 27 1 7 19% 702 203224 18662 25%
c W 436.55 80 73 53 242 119746 1 2513038 81519 2.7 75 27 1 7 19% 702 203224 18662 25%
c s 436.77 80 73 53 242 119747 1 2514261 82732 2.7 75 27 1 7 19% 702 203216 18662 25%
c e 436.80 80 73 53 242 119747 1 2514261 82732 2.7 75 27 1 7 19% 701 203271 18657 25%
c s 436.80 80 73 53 242 119747 1 2514261 82732 2.7 75 27 1 7 19% 701 203234 18657 25%
c - 437.51 80 73 53 243 119750 1 2518354 71829 2.7 75 27 1 7 19% 701 203234 18657 25%
c - 439.61 80 74 53 244 119759 1 2533945 70003 2.7 74 27 1 7 19% 701 203234 18657 25%
c u 441.82 80 73 53 244 119762 1 2547537 81367 2.8 74 27 1 7 19% 701 203234 18657 25%
c v 441.97 80 73 53 244 119762 1 2547537 76847 2.8 74 27 1 7 19% 701 203234 18657 25%
c w 443.97 97 73 53 244 119762 1 2547537 76751 2.8 74 27 1 7 19% 701 203234 18657 25%
c = 446.26 97 73 53 244 119762 1 2547537 76751 2.8 74 27 1 7 19% 707 203234 18654 25%
c d 446.28 97 73 53 244 119762 1 2547537 76750 2.8 74 27 1 7 19% 701 203234 18654 25%
c t 446.30 97 73 53 244 119762 1 2547537 76750 2.8 74 27 1 7 19% 698 203234 18654 25%
c u 446.60 97 73 53 244 119762 1 2547537 76478 2.8 74 27 1 7 19% 698 203234 18654 25%
c v 446.70 97 73 53 244 119762 1 2547537 75632 2.8 74 27 1 7 19% 698 203234 18654 25%
c w 448.37 98 73 53 244 119762 1 2547537 74970 2.8 74 27 1 7 19% 698 203234 18654 25%
c - 448.73 88 73 53 245 119763 1 2549565 62037 2.7 73 27 1 7 19% 698 203234 18654 25%
c - 451.29 90 74 53 246 119773 1 2565218 62657 2.7 73 27 1 7 19% 698 203234 18654 25%
c - 453.80 91 75 53 247 119776 1 2580903 63496 2.8 73 26 1 7 19% 698 203234 18654 25%
c
c seconds    switched       rate           size/glue  tier1   binary          remaining
c         MB   reductions      conflicts         size   tier2    irredundant
c          level      restarts        redundant     glue   trail         variables
c
c - 456.15 92 76 53 248 119777 1 2596621 63910 2.8 73 26 1 7 20% 698 203234 18654 25%
c o 458.05 92 76 53 248 119784 1 2608094 75245 2.8 73 26 1 7 20% 698 203234 18654 25%
c - 458.87 93 76 53 249 119787 1 2612370 63938 2.8 73 26 1 7 20% 698 203234 18654 25%
c - 461.44 94 75 53 250 119791 1 2628149 64608 2.8 73 26 1 7 20% 698 203234 18654 25%
c - 464.26 95 74 53 251 119801 1 2643960 64577 2.9 73 25 1 7 19% 698 203234 18654 25%
c I 464.74 95 74 53 251 119803 1 2647277 67832 2.9 72 25 1 7 19% 698 203234 18654 25%
c - 466.25 95 74 53 252 119806 1 2659803 64932 2.9 72 25 1 7 18% 698 203234 18654 25%
c ] 468.65 95 74 54 252 119807 1 2671201 76203 2.9 72 25 1 7 19% 698 203234 18654 25%
c { 468.65 95 91 54 252 119807 7 2671201 76203 2.6 41 16 1 4 14% 698 203234 18654 25%
c - 469.33 96 91 54 253 119840 7 2675677 65441 2.6 41 16 1 4 14% 699 203234 18654 25%
c - 471.74 94 91 54 254 120060 7 2691582 67609 2.6 42 16 1 4 15% 700 203234 18654 25%
c u 473.57 95 91 54 254 120250 6 2703990 79005 2.7 42 16 1 4 15% 701 203234 18654 25%
c v 473.71 95 91 54 254 120250 6 2703990 76325 2.7 42 16 1 4 15% 703 203234 18654 25%
c w 475.25 96 91 54 254 120250 6 2703990 75473 2.7 42 16 1 4 15% 703 203234 18654 25%
c = 477.62 96 91 54 254 120250 6 2703990 75473 2.7 42 16 1 4 15% 707 203234 18652 25%
c d 477.63 96 91 54 254 120250 6 2703990 75463 2.7 42 16 1 4 15% 703 203234 18652 25%
c t 477.65 96 91 54 254 120250 6 2703990 75463 2.7 42 16 1 4 15% 696 203234 18652 25%
c u 477.90 96 91 54 254 120250 6 2703990 75317 2.7 42 16 1 4 15% 697 203234 18652 25%
c v 478.01 96 91 54 254 120250 6 2703990 74647 2.7 42 16 1 4 15% 700 203234 18652 25%
c w 479.63 96 91 54 254 120250 6 2703990 73315 2.7 42 16 1 4 15% 700 203234 18652 25%
c
c seconds    switched       rate           size/glue  tier1   binary          remaining
c         MB   reductions      conflicts         size   tier2    irredundant
c          level      restarts        redundant     glue   trail         variables
c
c t 479.66 96 91 54 254 120250 6 2703990 73315 2.7 42 16 1 4 15% 698 203234 18652 25%
c - 480.13 96 91 54 255 120298 6 2707519 64591 2.7 42 15 1 4 15% 698 203234 18652 25%
c - 482.01 94 89 54 256 120502 6 2723488 66910 2.7 42 15 1 4 15% 698 203234 18652 25%
c - 484.39 95 89 54 257 120906 5 2739488 68848 2.8 41 15 1 4 15% 699 203234 18652 25%
c - 486.59 95 90 54 258 121256 5 2755520 70008 2.8 41 15 1 4 15% 700 203234 18652 25%
c - 488.46 96 88 54 259 121527 5 2771583 71396 2.8 40 15 1 4 15% 701 203234 18652 25%
c - 490.11 96 87 54 260 121806 5 2787677 72540 2.8 39 14 1 4 15% 702 203234 18652 25%
c - 492.00 97 86 54 261 122226 5 2803802 73167 2.8 39 14 1 4 15% 710 203234 18652 25%
c - 493.94 94 86 54 262 122740 5 2819957 72986 2.7 38 14 1 4 15% 716 203234 18652 25%
c } 495.25 95 85 55 262 123239 5 2829595 82250 2.7 38 14 1 4 14% 716 203234 18652 25%
c [ 495.25 95 74 55 262 123239 1 2829595 82250 2.9 72 25 1 7 19% 716 203234 18652 25%
c B 495.25 95 74 55 262 123239 1 2829595 82250 2.9 72 25 1 7 19% 716 203234 18652 25%
c - 496.25 95 74 55 263 123244 1 2836144 72048 2.9 72 25 1 7 18% 716 203234 18652 25%
c o 497.03 95 73 55 263 123246 1 2841966 77791 2.8 72 25 1 7 18% 716 203234 18652 25%
c - 498.55 96 73 55 264 123252 1 2852361 69865 2.8 72 25 1 7 18% 716 203234 18652 25%
c u 501.07 96 73 55 264 123256 1 2865554 81875 2.8 72 26 1 7 17% 720 203234 18652 25%
c v 501.24 96 73 55 264 123256 1 2865554 78400 2.8 72 26 1 7 17% 726 203234 18652 25%
c w 502.67 100 73 55 264 123256 1 2865554 78213 2.8 72 26 1 7 17% 726 203234 18652 25%
c - 503.21 88 73 55 265 123258 1 2868609 64405 2.8 72 26 1 7 17% 726 203234 18652 25%
c - 506.59 91 73 55 266 123267 1 2884891 64674 2.7 72 26 1 7 17% 726 203234 18652 25%
c
c seconds    switched       rate           size/glue  tier1   binary          remaining
c         MB   reductions      conflicts         size   tier2    irredundant
c          level      restarts        redundant     glue   trail         variables
c
c - 510.15 92 72 55 267 123269 1 2901200 65533 2.7 71 26 1 7 17% 726 203234 18652 25%
c s 513.04 93 71 55 267 123269 1 2911826 76031 2.8 71 25 1 7 18% 726 203228 18652 25%
c e 513.05 94 71 55 267 123269 1 2911826 76031 2.8 71 25 1 7 18% 726 203242 18651 25%
c s 513.06 94 71 55 267 123269 1 2911826 76031 2.8 71 25 1 7 18% 726 203222 18651 25%
c e 513.07 94 71 55 267 123269 1 2911826 76031 2.8 71 25 1 7 18% 726 203236 18650 25%
c - 514.50 94 72 55 268 123274 1 2917543 66416 2.8 71 26 1 7 19% 726 203236 18650 25%
c - 517.17 95 71 55 269 123283 1 2933915 66886 2.8 71 25 1 7 18% 726 203236 18650 25%
c ] 518.60 95 71 56 269 123284 1 2942383 75246 2.8 71 26 1 7 18% 726 203236 18650 25%
c { 518.60 95 85 56 269 123284 5 2942383 75246 2.7 38 14 1 4 14% 726 203236 18650 25%
c - 520.18 97 85 56 270 124357 5 2950318 67522 2.7 38 14 1 4 14% 726 203236 18650 25%
c - 522.76 94 85 56 271 125953 6 2966750 70102 2.6 37 14 1 4 13% 726 203236 18650 25%
c - 525.63 95 85 56 272 127653 7 2983213 72149 2.6 37 15 1 4 13% 726 203236 18650 25%
c - 528.46 96 85 56 273 129392 7 2999706 73234 2.5 38 15 1 4 13% 726 203236 18650 25%
c - 531.47 96 85 56 274 131264 8 3016228 74060 2.5 38 15 1 4 13% 726 203236 18650 25%
c u 534.78 97 85 56 274 132607 8 3032284 87848 2.5 39 15 1 4 13% 727 203236 18650 25%
c v 534.97 97 85 56 274 132607 8 3032284 82645 2.5 39 15 1 4 13% 728 203236 18650 25%
c w 536.36 97 85 56 274 132607 8 3032284 82492 2.5 39 15 1 4 13% 728 203236 18650 25%
c x 536.81 98 85 56 274 132607 8 3032284 82490 2.5 39 15 1 4 13% 728 203195 18650 25%
c = 539.78 98 85 56 274 132607 8 3032284 82490 2.5 39 15 1 4 13% 732 203195 18648 25%
c d 539.80 98 85 56 274 132607 8 3032284 82489 2.5 39 15 1 4 13% 726 203195 18648 25%
c
c seconds    switched       rate           size/glue  tier1   binary          remaining
c         MB   reductions      conflicts         size   tier2    irredundant
c          level      restarts        redundant     glue   trail         variables
c
c u 540.17 98 85 56 274 132607 8 3032284 82229 2.5 39 15 1 4 13% 726 203195 18648 25%
c v 540.31 98 85 56 274 132607 8 3032284 81219 2.5 39 15 1 4 13% 726 203195 18648 25%
c w 542.56 98 85 56 274 132607 8 3032284 80268 2.5 39 15 1 4 13% 726 203195 18648 25%
c - 542.68 88 85 56 275 132643 8 3032781 67675 2.5 39 15 1 4 13% 726 203195 18648 25%
c - 545.35 95 85 56 276 133997 8 3049366 70101 2.5 39 16 1 4 13% 726 203195 18648 25%
c - 548.23 95 86 56 277 135271 8 3065980 72373 2.5 40 16 1 4 13% 726 203195 18648 25%
c o 551.51 96 87 56 277 136474 8 3082161 87900 2.5 41 16 1 4 13% 726 203195 18648 25%
c - 551.64 96 87 56 278 136512 8 3082623 73896 2.5 41 16 1 4 13% 726 203195 18648 25%
c - 555.10 96 88 56 279 137608 8 3099296 75305 2.6 41 16 1 4 14% 726 203195 18648 25%
c } 557.44 97 87 57 279 138557 8 3111725 87302 2.6 42 16 1 4 14% 726 203195 18648 25%
c [ 557.44 97 71 57 279 138557 1 3111725 87302 2.8 71 26 1 7 18% 726 203195 18648 25%
c W 557.76 80 71 57 279 138557 1 3111725 87302 2.8 71 26 1 7 18% 726 203195 18648 25%
c - 558.44 80 71 57 280 138560 1 3115999 75581 2.8 71 26 1 7 18% 726 203195 18648 25%
c - 560.90 80 71 57 281 138570 1 3132732 73775 2.7 70 26 1 7 17% 726 203195 18648 25%
c - 566.02 80 71 57 282 138575 1 3149496 72213 2.8 72 25 1 7 19% 726 203195 18648 25%
c - 568.29 80 71 57 283 138585 1 3166288 71776 2.8 70 25 1 7 18% 726 203195 18648 25%
c - 573.45 80 71 57 284 138587 1 3183111 71623 2.9 73 25 1 7 19% 726 203195 18648 25%
c - 576.54 96 72 57 285 138592 1 3199963 71075 2.8 73 26 1 7 18% 726 203195 18648 25%
c u 577.36 97 71 57 285 138594 1 3204198 73819 2.8 73 26 1 7 18% 726 203195 18648 25%
c v 577.47 97 71 57 285 138594 1 3204198 71208 2.8 73 26 1 7 18% 726 203195 18648 25%
c
c seconds    switched       rate           size/glue  tier1   binary          remaining
c         MB   reductions      conflicts         size   tier2    irredundant
c          level      restarts        redundant     glue   trail         variables
c
c w 578.54 97 71 57 285 138594 1 3204198 69569 2.8 73 26 1 7 18% 726 203195 18648 25%
c - 580.71 91 71 57 286 138601 1 3216845 66613 2.8 72 26 1 7 18% 726 203195 18648 25%
c - 584.23 92 71 57 287 138608 1 3233756 68069 2.8 72 26 1 7 18% 726 203195 18648 25%
c - 589.95 93 71 57 288 138616 1 3250697 69398 2.9 75 26 1 7 19% 726 203195 18648 25%
c ] 591.37 94 71 58 288 138617 1 3257009 75680 2.9 75 26 1 7 19% 726 203195 18648 25%
c { 591.37 94 87 58 288 138617 8 3257009 75680 2.6 42 16 1 4 14% 726 203195 18648 25%
c - 593.09 97 89 58 289 139232 8 3267667 71425 2.6 42 16 1 4 14% 726 203195 18648 25%
c - 595.91 96 88 58 290 140261 7 3284667 73467 2.6 42 16 1 4 14% 726 203195 18648 25%
c - 599.47 97 89 58 291 141361 7 3301698 75033 2.6 43 16 1 4 14% 726 203195 18648 25%
c - 603.63 97 88 58 292 141985 7 3318757 76047 2.8 45 16 1 4 15% 726 203195 18648 25%
c o 606.42 98 88 58 292 142574 7 3332236 89153 2.8 46 16 1 4 16% 726 203195 18648 25%
c - 607.28 98 88 58 293 142852 7 3335846 76701 2.8 46 16 1 4 16% 726 203195 18648 25%
c s 608.71 95 88 58 293 143259 7 3344615 85254 2.8 46 16 1 4 16% 726 203187 18648 25%
c e 608.76 95 88 58 293 143259 7 3344615 85254 2.8 46 16 1 4 16% 726 203218 18640 25%
c s 608.77 95 88 58 293 143259 7 3344615 85254 2.8 46 16 1 4 16% 726 203206 18640 25%
c - 610.18 96 88 58 294 143815 7 3352964 77408 2.8 46 16 1 4 16% 726 203206 18640 25%
c - 613.57 97 88 58 295 145188 7 3370111 78178 2.8 46 16 1 4 15% 726 203206 18640 25%
c u 616.20 97 89 58 295 145917 7 3381326 86864 2.8 46 16 1 4 15% 726 203206 18640 25%
c v 616.47 97 89 58 295 145917 7 3381326 81781 2.8 46 16 1 4 15% 726 203206 18640 25%
c w 618.44 98 89 58 295 145917 7 3381326 80714 2.8 46 16 1 4 15% 726 203206 18640 25%
c
c seconds    switched       rate           size/glue  tier1   binary          remaining
c         MB   reductions      conflicts         size   tier2    irredundant
c          level      restarts        redundant     glue   trail         variables
c
c - 619.70 94 90 58 296 146215 7 3387287 72883 2.8 46 16 1 4 15% 726 203206 18640 25%
c - 623.28 96 89 58 297 147046 7 3404491 75153 2.8 46 16 1 4 16% 726 203206 18640 25%
c - 626.30 97 89 58 298 148016 7 3421725 76996 2.8 46 17 1 4 16% 726 203206 18640 25%
c } 629.36 97 89 59 298 149012 7 3437639 92405 2.8 46 17 1 4 16% 726 203206 18640 25%
c [ 629.36 97 71 59 298 149012 1 3437639 92405 2.9 75 26 1 7 19% 726 203206 18640 25%
c O 629.36 97 71 59 298 149012 1 3437639 92405 2.9 75 26 1 7 19% 726 203206 18640 25%
c - 629.64 97 71 59 299 149013 1 3438988 78007 2.9 75 26 1 7 19% 726 203206 18640 25%
c - 633.33 98 72 59 300 149024 1 3456279 76619 2.8 75 26 1 7 19% 726 203206 18640 25%
c - 636.88 91 72 59 301 149029 1 3473602 73739 2.8 75 27 1 7 18% 726 203206 18640 25%
c - 640.97 92 71 59 302 149039 1 3490953 73335 2.8 75 27 1 7 18% 726 203206 18640 25%
c - 643.99 92 71 59 303 149042 1 3508331 73445 2.8 75 27 1 7 18% 726 203206 18640 25%
c - 647.65 93 71 59 304 149047 1 3525738 72951 2.8 76 27 1 7 18% 726 203206 18640 25%
c - 650.77 93 71 59 305 149056 1 3543173 73328 2.8 75 27 1 7 17% 726 203206 18640 25%
c - 654.12 96 71 59 306 149063 1 3560638 73075 2.7 74 27 1 7 17% 726 203206 18640 25%
c u 655.05 80 71 59 306 149064 1 3563693 74629 2.7 74 27 1 7 17% 727 203206 18640 25%
c v 655.15 80 71 59 306 149064 1 3563693 72332 2.7 74 27 1 7 17% 727 203206 18640 25%
c w 655.96 80 71 59 306 149064 1 3563693 70726 2.7 74 27 1 7 17% 727 203206 18640 25%
c - 660.53 80 71 59 307 149072 1 3578130 69615 2.8 74 27 1 7 17% 727 203206 18640 25%
c - 663.29 80 71 59 308 149073 1 3595651 70648 2.8 74 27 1 7 17% 727 203206 18640 25%
c B 663.87 80 71 59 308 149073 1 3600302 75272 2.8 74 27 1 7 16% 727 203206 18640 25%
c
c seconds    switched       rate           size/glue  tier1   binary          remaining
c         MB   reductions      conflicts         size   tier2    irredundant
c          level      restarts        redundant     glue   trail         variables
c
c o 663.88 80 71 59 308 149073 1 3600302 75272 2.8 74 27 1 7 16% 727 203206 18640 25%
c - 665.82 97 71 59 309 149074 1 3613202 70358 2.8 75 26 1 7 16% 727 203206 18640 25%
c ] 668.03 97 70 60 309 149074 1 3629093 86044 2.9 76 26 1 7 16% 727 203206 18640 25%
c { 668.03 97 89 60 309 149074 7 3629093 86044 2.8 46 17 1 4 16% 727 203206 18640 25%
c - 668.33 98 89 60 310 149199 7 3630780 70714 2.8 46 17 1 4 16% 727 203206 18640 25%
c - 671.47 95 88 60 311 150075 6 3648386 73687 2.8 47 17 1 4 16% 727 203206 18640 25%
c - 674.90 96 89 60 312 150853 6 3666021 76474 2.8 47 17 1 4 16% 727 203206 18640 25%
c - 678.03 97 88 60 313 151766 6 3683684 77675 2.8 47 17 1 4 16% 727 203206 18640 25%
c - 681.26 97 88 60 314 152832 6 3701376 78559 2.8 47 17 1 4 16% 727 203206 18640 25%
c - 684.70 98 89 60 315 153659 6 3719098 80012 2.9 48 17 1 4 16% 727 203206 18640 25%
c - 688.58 96 89 60 316 154585 6 3736846 81079 2.9 48 17 1 4 16% 727 203206 18640 25%
c u 692.25 97 89 60 316 155386 6 3751324 93067 2.9 48 17 1 4 16% 727 203206 18640 25%
c v 692.62 97 89 60 316 155386 6 3751324 87585 2.9 48 17 1 4 16% 727 203206 18640 25%
c w 695.00 98 89 60 316 155386 6 3751324 87214 2.9 48 17 1 4 16% 727 203206 18640 25%
c - 695.58 98 89 60 317 155442 6 3754623 75268 2.9 48 17 1 4 16% 727 203206 18640 25%
c - 699.02 96 89 60 318 156322 6 3772427 77179 2.9 48 17 1 4 16% 727 203206 18640 25%
c - 702.59 97 89 60 319 157054 6 3790259 79012 2.9 48 17 1 4 16% 727 203206 18640 25%
c - 705.95 97 89 60 320 157976 6 3808121 80228 2.9 49 17 1 4 16% 727 203206 18640 25%
c } 708.69 98 89 61 320 158786 6 3821345 93009 2.9 48 17 1 4 16% 727 203206 18640 25%
c [ 708.69 98 70 61 320 158786 1 3821345 93009 2.9 76 26 1 7 16% 727 203206 18640 25%
c
c seconds    switched       rate           size/glue  tier1   binary          remaining
c         MB   reductions      conflicts         size   tier2    irredundant
c          level      restarts        redundant     glue   trail         variables
c
c W 708.75 80 70 61 320 158786 1 3821345 93009 2.9 76 26 1 7 16% 727 203206 18640 25%
c - 709.66 80 70 61 321 158789 1 3826009 80800 2.9 75 26 1 7 16% 727 203206 18640 25%
c - 712.25 80 70 61 322 158799 1 3843925 79090 2.8 74 26 1 7 16% 727 203206 18640 25%
c - 715.21 80 70 61 323 158806 1 3861869 75672 2.8 74 27 1 7 15% 727 203206 18640 25%
c o 717.28 80 70 61 323 158811 1 3870916 84647 2.8 74 27 1 7 16% 727 203206 18640 25%
c - 718.89 80 70 61 324 158815 1 3879843 75529 2.8 74 27 1 7 16% 727 203206 18640 25%
c - 721.75 80 69 61 325 158816 1 3897844 75514 2.7 74 27 1 7 15% 727 203206 18640 25%
c - 724.50 96 69 61 326 158823 1 3915872 74538 2.7 74 28 1 7 15% 727 203206 18640 25%
c - 728.56 98 71 61 327 158831 1 3933928 75010 2.7 74 28 1 7 16% 727 203206 18640 25%
c u 731.02 93 71 61 327 158837 1 3944246 83646 2.7 74 28 1 7 16% 727 203206 18640 25%
c v 731.13 93 71 61 327 158837 1 3944246 81280 2.7 74 28 1 7 16% 727 203206 18640 25%
c w 733.65 95 71 61 327 158837 1 3944246 80645 2.7 74 28 1 7 16% 727 203206 18640 25%
c - 734.88 96 71 61 328 158841 1 3952012 71865 2.7 74 28 1 7 16% 727 203206 18640 25%
c - 738.54 96 71 61 329 158847 1 3970122 71927 2.6 75 29 1 7 15% 727 203206 18640 25%
c - 741.79 97 70 61 330 158848 1 3988262 71793 2.6 77 29 1 7 15% 727 203206 18640 25%
c I 743.67 97 70 61 330 158848 1 3998998 82473 2.6 78 29 1 7 15% 727 203206 18640 25%
c - 745.00 98 70 61 331 158848 1 4006427 72401 2.7 78 29 1 7 15% 727 203206 18640 25%
c ] 747.96 90 70 62 331 158850 1 4021060 86869 2.7 77 29 1 7 15% 727 203206 18640 25%
c { 747.96 90 89 62 331 158850 6 4021060 86869 2.9 48 17 1 4 16% 727 203206 18640 25%
c - 748.62 95 89 62 332 159014 6 4024620 73923 2.9 48 17 1 4 16% 727 203206 18640 25%
c
c seconds    switched       rate           size/glue  tier1   binary          remaining
c         MB   reductions      conflicts         size   tier2    irredundant
c          level      restarts        redundant     glue   trail         variables
c
c - 751.64 97 89 62 333 159889 6 4042840 76353 2.9 48 17 1 4 16% 727 203206 18640 25%
c - 754.83 98 89 62 334 160743 6 4061091 78545 2.9 48 17 1 4 16% 727 203206 18640 25%
c - 758.11 98 89 62 335 161677 6 4079366 80258 2.9 48 17 1 4 16% 727 203206 18640 25%
c - 761.92 96 89 62 336 162285 5 4097669 81822 2.9 48 17 1 4 17% 727 203206 18640 25%
c - 765.16 97 90 62 337 163409 6 4116002 82529 2.9 48 17 1 4 16% 727 203206 18640 25%
c - 768.69 98 90 62 338 164361 6 4134359 83190 2.9 48 17 1 4 16% 727 203206 18640 25%
c u 770.65 95 90 62 338 164882 6 4142483 89056 2.9 48 17 1 4 16% 727 203206 18640 25%
c v 770.84 95 90 62 338 164882 6 4142483 83771 2.9 48 17 1 4 16% 727 203206 18640 25%
c w 773.10 96 90 62 338 164882 6 4142483 81465 2.9 48 17 1 4 16% 727 203206 18640 25%
c o 774.65 96 91 62 338 165425 6 4150998 89661 2.9 48 17 1 4 16% 727 203206 18640 25%
c - 774.90 97 91 62 339 165483 6 4152743 77284 2.9 48 17 1 4 16% 727 203206 18640 25%
c - 778.66 97 89 62 340 166253 6 4171157 79992 2.9 48 17 1 4 16% 727 203206 18640 25%
c - 782.40 98 90 62 341 166927 5 4189596 81969 3.0 49 17 1 4 17% 727 203206 18640 25%
c - 785.84 97 89 62 342 168086 6 4208064 82960 2.9 49 17 1 4 17% 727 203206 18640 25%
c } 788.56 97 89 63 342 168874 6 4225271 99517 2.9 48 16 1 4 17% 727 203206 18640 25%
c [ 788.56 97 70 63 342 168874 1 4225271 99517 2.7 77 29 1 7 15% 727 203206 18640 25%
c B 788.56 97 70 63 342 168874 1 4225271 99517 2.7 77 29 1 7 15% 727 203206 18640 25%
c - 788.86 98 70 63 343 168875 1 4226557 83768 2.7 77 29 1 7 15% 727 203206 18640 25%
c - 792.25 98 70 63 344 168886 1 4245078 82015 2.7 76 29 1 7 15% 727 203206 18640 25%
c - 796.24 91 70 63 345 168893 1 4263625 79037 2.7 75 28 1 7 16% 727 203206 18640 25%
c
c seconds    switched       rate           size/glue  tier1   binary          remaining
c         MB   reductions      conflicts         size   tier2    irredundant
c          level      restarts        redundant     glue   trail         variables
c
c - 799.80 92 70 63 346 168902 1 4282200 78842 2.7 75 28 1 7 16% 727 203206 18640 25%
c - 802.99 95 71 63 347 168904 1 4300801 78544 2.7 74 28 1 7 16% 727 203206 18640 25%
c - 806.70 96 70 63 348 168911 1 4319428 77727 2.7 74 28 1 7 16% 727 203206 18640 25%
c - 811.41 97 70 63 349 168919 1 4338082 77844 2.7 75 28 1 7 16% 727 203206 18640 25%
c u 813.34 98 71 63 349 168924 1 4346059 84036 2.7 75 28 1 7 17% 727 203206 18640 25%
c v 813.45 98 71 63 349 168924 1 4346059 81587 2.7 75 28 1 7 17% 727 203206 18640 25%
c w 815.59 99 71 63 349 168924 1 4346059 81305 2.7 75 28 1 7 17% 727 203206 18640 25%
c x 816.13 100 71 63 349 168924 1 4346059 81305 2.7 75 28 1 7 17% 727 203172 18640 25%
c - 818.81 92 71 63 350 168929 1 4356764 74534 2.7 76 28 1 7 17% 727 203172 18640 25%
c - 822.94 93 70 63 351 168935 1 4375472 74943 2.7 76 28 1 6 17% 727 203172 18640 25%
c - 827.18 94 69 63 352 168936 1 4394208 75211 2.8 77 28 1 6 17% 727 203172 18640 25%
c ] 829.69 94 69 64 352 168936 1 4405122 85887 2.8 77 27 1 6 17% 727 203172 18640 25%
c { 829.69 94 89 64 352 168936 6 4405122 85887 2.9 48 16 1 4 17% 727 203172 18640 25%
c - 830.94 97 88 64 353 169261 6 4412970 76503 2.9 48 16 1 4 16% 727 203172 18640 25%
c - 834.72 99 89 64 354 170298 6 4431758 79249 2.9 48 16 1 4 16% 727 203172 18640 25%
c o 836.55 95 89 64 354 170800 6 4441036 88217 2.9 48 16 1 4 16% 727 203172 18640 25%
c - 838.44 96 89 64 355 171197 6 4450572 80980 2.9 48 16 1 4 17% 727 203172 18640 25%
c - 841.93 97 89 64 356 171953 6 4469413 82162 2.9 48 16 1 4 16% 727 203172 18640 25%
c - 845.67 98 89 64 357 172957 6 4488280 83169 2.9 48 16 1 4 16% 727 203172 18640 25%
c - 848.95 98 89 64 358 174246 6 4507174 83998 2.9 48 16 1 3 16% 727 203172 18640 25%
c
c seconds    switched       rate           size/glue  tier1   binary          remaining
c         MB   reductions      conflicts         size   tier2    irredundant
c          level      restarts        redundant     glue   trail         variables
c
c - 852.18 97 88 64 359 175552 6 4526096 84715 2.9 48 17 1 3 15% 727 203172 18640 25%
c - 855.72 97 87 64 360 176810 6 4545043 85218 2.9 48 17 1 3 15% 727 203172 18640 25%
c u 857.98 98 87 64 360 177194 6 4555000 92660 2.9 49 17 1 3 15% 727 203172 18640 25%
c v 858.14 98 87 64 360 177194 6 4555000 88068 2.9 49 17 1 3 15% 727 203172 18640 25%
c w 860.88 98 87 64 360 177194 6 4555000 86123 2.9 49 17 1 3 15% 727 203172 18640 25%
c = 864.51 99 87 64 360 177194 6 4555000 86123 2.9 49 17 1 3 15% 739 203172 18634 25%
c d 864.53 99 87 64 360 177194 6 4555000 86120 2.9 49 17 1 3 15% 727 203172 18634 25%
c t 864.55 99 87 64 360 177194 6 4555000 86120 2.9 49 17 1 3 15% 707 203172 18634 25%
c u 864.91 88 87 64 360 177194 6 4555000 85782 2.9 49 17 1 3 15% 710 203172 18634 25%
c v 865.01 91 87 64 360 177194 6 4555000 84873 2.9 49 17 1 3 15% 709 203172 18634 25%
c w 868.03 94 87 64 360 177194 6 4555000 81780 2.9 49 17 1 3 15% 709 203172 18634 25%
c - 869.64 96 87 64 361 177542 6 4564016 76576 2.9 49 17 1 3 16% 709 203172 18634 25%
c - 873.29 97 87 64 362 178308 6 4583018 79780 3.0 49 17 1 3 16% 709 203172 18634 25%
c - 877.20 97 87 64 363 179107 6 4602044 81987 3.0 50 17 1 3 16% 709 203172 18634 25%
c - 881.30 98 87 64 364 180124 6 4621096 83483 3.0 50 17 1 3 17% 709 203172 18634 25%
c } 881.38 98 87 65 364 180151 6 4621620 83983 3.0 50 17 1 3 17% 709 203172 18634 25%
c [ 881.38 98 69 65 364 180151 1 4621620 83983 2.8 77 27 1 6 17% 709 203172 18634 25%
c W 881.77 80 69 65 364 180151 1 4621620 83983 2.8 77 27 1 6 17% 709 203172 18634 25%
c - 885.54 80 70 65 365 180162 1 4640177 82926 2.8 76 27 1 6 18% 709 203172 18634 25%
c - 891.18 81 71 65 366 180169 1 4659281 80670 2.8 78 28 1 6 18% 709 203172 18634 25%
c
c seconds    switched       rate           size/glue  tier1   binary          remaining
c         MB   reductions      conflicts         size   tier2    irredundant
c          level      restarts        redundant     glue   trail         variables
c
c - 895.07 81 71 65 367 180179 1 4678413 80030 2.8 77 28 1 6 18% 709 203172 18634 25%
c - 898.38 97 71 65 368 180181 1 4697570 79353 2.7 77 28 1 6 18% 709 203172 18634 25%
c - 901.66 98 71 65 369 180189 1 4716754 79174 2.7 77 28 1 6 17% 709 203172 18634 25%
c - 904.71 99 70 65 370 180196 1 4735964 78804 2.7 76 28 1 6 17% 709 203172 18634 25%
c o 906.16 91 71 65 370 180200 1 4741312 84120 2.7 76 28 1 6 17% 709 203172 18634 25%
c - 909.41 94 71 65 371 180208 1 4755200 79550 2.7 76 28 1 6 18% 709 203172 18634 25%
c u 913.59 96 71 65 371 180211 1 4769333 92350 2.8 77 28 1 6 18% 709 203172 18634 25%
c v 913.75 96 71 65 371 180211 1 4769333 90383 2.8 77 28 1 6 18% 709 203172 18634 25%
c w 917.32 99 71 65 371 180211 1 4769333 90164 2.8 77 28 1 6 18% 709 203172 18634 25%
c - 918.22 99 71 65 372 180212 1 4774463 77243 2.8 76 28 1 6 18% 709 203172 18634 25%
c - 922.56 91 71 65 373 180213 1 4793750 77143 2.8 76 27 1 6 18% 709 203172 18634 25%
c - 927.68 93 71 65 374 180213 1 4813064 77884 2.8 75 26 1 6 19% 709 203172 18634 25%
c O 929.64 93 71 65 374 180216 1 4822689 87413 2.8 74 26 1 6 19% 709 203172 18634 25%
c ] 929.83 93 71 66 374 180217 1 4824088 88804 2.8 74 26 1 6 19% 709 203172 18634 25%
c { 929.83 93 87 66 374 180217 6 4824088 88804 3.0 50 17 1 3 17% 709 203172 18634 25%
c - 931.45 98 87 66 375 180355 5 4832407 79737 3.0 49 16 1 3 17% 709 203172 18634 25%
c - 935.13 99 86 66 376 180930 5 4851773 82224 3.0 49 16 1 3 16% 709 203172 18634 25%
c s 937.02 95 85 66 376 181100 5 4863359 93372 3.1 49 16 1 3 16% 709 203165 18634 25%
c e 937.05 96 85 66 376 181100 5 4863359 93372 3.1 49 16 1 3 16% 709 203186 18631 25%
c s 937.05 96 85 66 376 181100 5 4863359 93372 3.1 49 16 1 3 16% 709 203159 18631 25%
c
c seconds    switched       rate           size/glue  tier1   binary          remaining
c         MB   reductions      conflicts         size   tier2    irredundant
c          level      restarts        redundant     glue   trail         variables
c
c - 938.73 97 85 66 377 181198 5 4871164 83902 3.1 49 16 1 3 17% 709 203159 18631 25%
c - 942.53 98 85 66 378 181908 5 4890581 85656 3.1 48 16 1 3 16% 709 203159 18631 25%
c - 946.82 99 85 66 379 182610 5 4910024 87086 3.0 48 16 1 3 16% 709 203159 18631 25%
c - 950.97 99 84 66 380 183388 5 4929491 87936 3.0 47 16 1 3 16% 709 203159 18631 25%
c - 955.12 97 83 66 381 184109 5 4948987 89046 3.0 47 16 1 3 16% 709 203159 18631 25%
c - 959.00 98 82 66 382 185095 5 4968506 90159 3.0 46 16 1 3 16% 709 203159 18631 25%
c - 962.74 99 82 66 383 186163 5 4988051 91031 2.9 46 16 1 3 15% 709 203159 18631 25%
c u 963.27 99 82 66 383 186227 5 4989057 88768 2.9 46 16 1 3 15% 709 203159 18631 25%
c v 963.42 99 82 66 383 186227 5 4989057 83887 2.9 46 16 1 3 15% 709 203159 18631 25%
c w 963.72 99 82 66 383 186227 5 4989057 81352 2.9 46 16 1 3 15% 709 203159 18631 25%
c - 972.17 97 82 66 384 186980 5 5007623 83973 2.9 46 15 1 3 15% 709 203159 18631 25%
c - 975.66 98 81 66 385 187971 5 5027219 86948 2.9 45 15 1 3 15% 709 203159 18631 25%
c - 979.40 98 81 66 386 188936 5 5046842 88778 2.9 44 15 1 3 14% 709 203159 18631 25%
c o 980.73 98 81 66 386 189114 5 5051659 93313 2.9 45 15 1 3 15% 709 203159 18631 25%
c } 981.19 98 81 67 386 189200 5 5053203 94804 2.9 45 15 1 3 15% 709 203159 18631 25%
c [ 981.19 98 71 67 386 189200 1 5053203 94804 2.8 74 26 1 6 19% 709 203159 18631 25%
c B 981.19 98 71 67 386 189200 1 5053203 94804 2.8 74 26 1 6 19% 709 203159 18631 25%
c - 983.17 98 70 67 387 189207 1 5066489 88899 2.8 73 26 1 6 18% 709 203159 18631 25%
c - 986.99 99 70 67 388 189214 1 5086163 86228 2.8 74 26 1 6 18% 709 203159 18631 25%
c - 990.69 92 71 67 389 189227 1 5105860 84370 2.7 74 27 1 6 17% 709 203159 18631 25%
c
c seconds    switched       rate           size/glue  tier1   binary          remaining
c         MB   reductions      conflicts         size   tier2    irredundant
c          level      restarts        redundant     glue   trail         variables
c
c - 994.78 93 71 67 390 189230 1 5125584 83882 2.7 75 28 1 6 17% 709 203159 18631 25%
c - 998.66 94 71 67 391 189237 1 5145332 83684 2.7 75 28 1 6 17% 709 203159 18631 25%
c - 1004.11 94 71 67 392 189245 1 5165106 84313 2.8 76 28 1 6 18% 709 203159 18631 25%
c - 1008.53 95 71 67 393 189255 1 5184905 84870 2.8 77 27 1 6 18% 709 203159 18631 25%
c - 1012.56 95 71 67 394 189261 1 5204732 84894 2.7 77 28 1 6 17% 709 203159 18631 25%
c u 1014.84 98 70 67 394 189261 1 5214221 92215 2.7 77 28 1 6 17% 709 203159 18631 25%
c v 1014.94 98 70 67 394 189261 1 5214221 89828 2.7 77 28 1 6 17% 709 203159 18631 25%
c w 1018.27 101 70 67 394 189261 1 5214221 87282 2.7 77 28 1 6 17% 709 203159 18631 25%
c - 1021.02 92 70 67 395 189262 1 5224582 79776 2.7 77 28 1 6 17% 709 203159 18631 25%
c - 1027.99 93 70 67 396 189262 1 5244456 81160 2.9 78 27 1 6 19% 709 203159 18631 25%
c - 1032.51 94 70 67 397 189271 1 5264356 82055 2.9 78 27 1 6 19% 709 203159 18631 25%
c W 1034.14 81 70 67 397 189275 1 5270485 88072 2.8 77 27 1 6 18% 709 203159 18631 25%
c ] 1035.96 81 71 68 397 189277 1 5281209 98718 2.8 78 28 1 6 18% 709 203159 18631 25%
c { 1035.96 81 81 68 397 189277 5 5281209 98718 2.9 45 15 1 3 15% 709 203159 18631 25%
c - 1036.48 81 81 68 398 189642 5 5284280 82647 2.9 45 16 1 3 15% 709 203159 18631 25%
c - 1040.21 99 82 68 399 191602 6 5304230 85120 2.8 44 16 1 3 14% 709 203159 18631 25%
c - 1043.98 97 82 68 400 193149 6 5324206 87805 2.7 44 16 1 3 14% 709 203159 18631 25%
c - 1047.65 98 82 68 401 193778 6 5344207 89475 2.9 46 16 1 3 15% 709 203159 18631 25%
c - 1051.35 99 83 68 402 195641 6 5364231 90555 2.8 46 16 1 3 14% 709 203159 18631 25%
c o 1052.77 99 83 68 402 196076 6 5372000 98085 2.8 46 16 1 3 14% 709 203159 18631 25%
c
c  seconds    switched       rate           size/glue  tier1   binary          remaining
c          MB   reductions      conflicts         size   tier2    irredundant
c           level      restarts        redundant     glue   trail         variables
c
c - 1055.41 99 84 68 403 196982 7 5384280 91443 2.8 46 16 1 3 14% 709 203159 18631 25%
c - 1059.42 98 84 68 404 198460 7 5404354 92653 2.8 46 16 1 3 14% 709 203159 18631 25%
c - 1063.51 99 85 68 405 199804 7 5424455 93541 2.8 47 17 1 3 14% 709 203159 18631 25%
c - 1067.56 99 85 68 406 200653 6 5444579 94106 2.9 48 17 1 3 15% 709 203159 18631 25%
c u 1068.11 94 85 68 406 200654 6 5444828 91951 2.9 48 17 1 3 15% 709 203159 18631 25%
c v 1068.31 94 85 68 406 200654 6 5444828 86848 2.9 48 17 1 3 15% 709 203159 18631 25%
c w 1068.53 95 85 68 406 200654 6 5444828 84405 2.9 48 17 1 3 15% 709 203159 18631 25%
c s 1068.72 95 85 68 406 200752 6 5445951 85467 2.9 48 17 1 3 15% 709 203156 18631 25%
c - 1072.37 98 85 68 407 201864 6 5464729 87250 2.9 48 17 1 3 15% 709 203156 18631 25%
c - 1076.53 99 86 68 408 203090 6 5484903 89747 2.9 48 17 1 3 15% 709 203156 18631 25%
c - 1080.97 99 85 68 409 203715 6 5505102 91089 3.0 49 17 1 3 17% 709 203156 18631 25%
c } 1084.88 100 85 69 409 205272 6 5523268 108519 2.9 49 17 1 3 16% 709 203156 18631 25%
c [ 1084.88 100 71 69 409 205272 1 5523268 108519 2.8 78 28 1 6 18% 709 203156 18631 25%
c I 1084.88 100 71 69 409 205272 1 5523268 108519 2.8 78 28 1 6 18% 709 203156 18631 25%
c - 1085.17 100 71 69 410 205273 1 5525325 92020 2.8 77 28 1 6 18% 709 203156 18631 25%
c - 1089.21 94 73 69 411 205285 1 5545574 91352 2.8 77 28 1 6 19% 709 203156 18631 25%
c - 1092.97 95 75 69 412 205293 1 5565847 88158 2.8 77 28 1 6 19% 709 203156 18631 25%
c - 1097.12 96 75 69 413 205301 1 5586145 87180 2.7 77 28 1 6 19% 709 203156 18631 25%
c - 1101.16 98 76 69 414 205303 1 5606467 87447 2.8 77 28 1 6 20% 709 203156 18631 25%
c - 1106.04 98 77 69 415 205316 1 5626814 87542 2.8 78 28 1 6 20% 709 203156 18631 25%
c
c  seconds    switched       rate           size/glue  tier1   binary          remaining
c          MB   reductions      conflicts         size   tier2    irredundant
c           level      restarts        redundant     glue   trail         variables
c
c - 1110.08 98 77 69 416 205324 1 5647185 87585 2.7 77 28 1 6 20% 709 203156 18631 25%
c - 1114.09 99 77 69 417 205332 1 5667581 87589 2.7 76 28 1 6 20% 709 203156 18631 25%
c u 1117.07 81 77 69 417 205333 1 5680902 98957 2.7 76 28 1 6 20% 709 203156 18631 25%
c v 1117.17 81 77 69 417 205333 1 5680902 96708 2.7 76 28 1 6 20% 709 203156 18631 25%
c w 1120.59 99 77 69 417 205333 1 5680902 96220 2.7 76 28 1 6 20% 709 203156 18631 25%
c - 1122.58 99 77 69 418 205333 1 5688002 84740 2.7 76 28 1 6 20% 709 203156 18631 25%
c - 1126.81 93 76 69 419 205334 1 5708447 85451 2.7 76 28 1 6 20% 709 203156 18631 25%
c - 1130.62 94 76 69 420 205340 1 5728916 85530 2.7 75 28 1 6 20% 709 203156 18631 25%
c o 1130.75 94 76 69 420 205341 1 5729569 86174 2.7 75 28 1 6 20% 709 203156 18631 25%
c - 1135.10 97 75 69 421 205349 1 5749409 86204 2.7 75 28 1 6 20% 709 203156 18631 25%
c B 1137.20 97 75 69 421 205352 1 5757236 93998 2.8 76 27 1 6 20% 709 203156 18631 25%
c ] 1140.27 97 75 70 421 205358 1 5767686 104380 2.8 76 27 1 6 20% 709 203156 18631 25%
c { 1140.27 97 85 70 421 205358 6 5767686 104380 2.9 49 17 1 3 16% 709 203156 18631 25%
c - 1140.75 99 85 70 422 205388 6 5769927 85999 2.9 49 17 1 3 16% 709 203156 18631 25%
c - 1143.32 100 84 70 423 205545 6 5790469 88168 3.0 48 16 1 3 17% 711 203156 18631 25%
c - 1146.04 97 84 70 424 205769 5 5811036 90277 3.0 47 16 1 3 16% 716 203156 18631 25%
c - 1148.92 98 83 70 425 206019 5 5831628 91812 3.0 47 16 1 3 16% 717 203156 18631 25%
c - 1151.62 99 82 70 426 206360 4 5852243 92917 3.0 45 15 1 3 16% 719 203156 18631 25%
c - 1153.74 100 80 70 427 206663 4 5872882 93064 2.9 44 15 1 3 15% 720 203156 18631 25%
c - 1156.35 97 80 70 428 207102 4 5893546 93782 2.9 43 15 1 3 15% 722 203156 18631 25%
c
c  seconds    switched       rate           size/glue  tier1   binary          remaining
c          MB   reductions      conflicts         size   tier2    irredundant
c           level      restarts        redundant     glue   trail         variables
c
c - 1159.42 99 80 70 429 207668 4 5914234 94519 2.9 42 14 1 3 16% 725 203156 18631 25%
c u 1160.85 99 80 70 429 207854 4 5922469 100951 2.9 42 14 1 3 15% 729 203156 18631 25%
c v 1161.11 99 80 70 429 207854 4 5922469 96799 2.9 42 14 1 3 15% 729 203156 18631 25%
c w 1162.95 99 80 70 429 207854 4 5922469 92191 2.9 42 14 1 3 15% 729 203156 18631 25%
c - 1168.40 96 80 70 430 208252 4 5934946 87814 2.9 42 14 1 3 15% 729 203156 18631 25%
c - 1171.04 98 79 70 431 208955 4 5955683 90369 2.9 41 14 1 3 15% 732 203156 18631 25%
c - 1172.90 98 77 70 432 209520 4 5976443 91879 2.8 39 14 1 3 14% 741 203156 18631 25%
c - 1175.27 99 76 70 433 210203 4 5997227 92962 2.8 38 14 1 3 14% 742 203156 18631 25%
c - 1178.26 99 75 70 434 211169 4 6018036 93474 2.8 38 14 1 3 14% 743 203156 18631 25%
c } 1178.67 99 75 71 434 211252 4 6023014 98318 2.8 38 14 1 3 13% 745 203156 18631 25%
c [ 1178.67 99 75 71 434 211252 1 6023014 98318 2.8 76 27 1 6 20% 745 203156 18631 25%
c W 1179.23 81 75 71 434 211252 1 6023014 98318 2.8 76 27 1 6 20% 745 203156 18631 25%
c - 1182.37 81 74 71 435 211261 1 6038870 92152 2.7 76 28 1 6 20% 745 203156 18631 25%
c - 1186.07 81 73 71 436 211269 1 6059726 89407 2.7 75 28 1 6 19% 745 203156 18631 25%
c e 1187.20 81 73 71 436 211273 1 6068112 97708 2.7 75 28 1 6 18% 745 203171 18628 25%
c s 1187.21 81 73 71 436 211273 1 6068112 97708 2.7 75 28 1 6 18% 745 203163 18628 25%
c o 1188.25 81 73 71 436 211278 1 6073626 103164 2.7 75 28 1 6 18% 745 203163 18628 25%
c - 1189.92 97 73 71 437 211280 1 6080607 88034 2.7 75 28 1 6 18% 745 203163 18628 25%
c - 1194.34 99 72 71 438 211282 1 6101512 87593 2.7 75 28 1 6 17% 745 203163 18628 25%
c - 1198.85 100 72 71 439 211293 1 6122440 87517 2.7 75 28 1 6 17% 745 203163 18628 25%
c
c  seconds    switched       rate           size/glue  tier1   binary          remaining
c          MB   reductions      conflicts         size   tier2    irredundant
c           level      restarts        redundant     glue   trail         variables
c
c - 1203.70 93 72 71 440 211301 1 6143393 87235 2.7 76 28 1 6 18% 745 203163 18628 25%
c - 1208.55 94 72 71 441 211312 1 6164369 86892 2.7 76 28 1 6 18% 745 203163 18628 25%
c u 1210.00 97 72 71 441 211312 1 6169557 90716 2.7 76 28 1 6 18% 745 203163 18628 25%
c v 1210.07 97 72 71 441 211312 1 6169557 89038 2.7 76 28 1 6 18% 747 203163 18628 25%
c w 1211.69 98 72 71 441 211312 1 6169557 87017 2.7 76 28 1 6 18% 747 203163 18628 25%
c x 1212.24 100 72 71 441 211312 1 6169557 87017 2.7 76 28 1 6 18% 747 203129 18628 25%
c - 1215.83 94 72 71 442 211313 1 6185369 83754 2.7 77 28 1 6 17% 747 203129 18628 25%
c ] 1215.92 94 72 72 442 211313 1 6185988 84369 2.7 77 28 1 6 17% 747 203129 18628 25%
c { 1215.92 94 75 72 442 211313 4 6185988 84369 2.8 38 14 1 3 13% 747 203129 18628 25%
c - 1219.77 98 76 72 443 214162 6 6206393 87034 2.7 38 14 1 3 13% 747 203126 18628 25%
c - 1223.58 99 76 72 444 216868 7 6227441 90090 2.6 38 15 1 3 12% 747 203126 18628 25%
c - 1227.62 100 77 72 445 219366 8 6248513 91623 2.5 38 15 1 3 12% 747 203126 18628 25%
c - 1231.64 100 79 72 446 221756 8 6269608 93212 2.5 39 16 1 3 12% 747 203126 18628 25%
c - 1235.64 98 80 72 447 223513 8 6290726 95041 2.5 40 16 1 3 12% 747 203125 18628 25%
c - 1240.49 99 81 72 448 224770 8 6311869 96345 2.6 42 16 1 3 13% 747 203125 18628 25%
c - 1245.24 100 82 72 449 226434 8 6333036 97256 2.6 43 16 1 3 14% 747 203125 18628 25%
c - 1249.85 100 82 72 450 227931 8 6354226 98147 2.7 44 17 1 3 14% 747 203125 18628 25%
c - 1254.04 99 82 72 451 229203 7 6375440 99043 2.7 45 17 1 3 14% 747 203125 18628 25%
c - 1258.37 100 82 72 452 230245 7 6396677 99548 2.8 47 17 1 3 15% 747 203125 18628 25%
c - 1263.13 100 83 72 453 231683 7 6417940 100247 2.8 47 17 1 3 14% 747 203125 18628 25%
c
c  seconds    switched       rate            size/glue  tier1   binary          remaining
c          MB   reductions      conflicts          size   tier2    irredundant
c           level      restarts        redundant      glue   trail         variables
c
c u 1264.40 96 83 72 453 231739 7 6422161 101038 2.8 48 17 1 3 15% 747 203125 18628 25%
c v 1264.59 96 83 72 453 231739 7 6422161 95235 2.8 48 17 1 3 15% 747 203125 18628 25%
c w 1266.16 97 83 72 453 231739 7 6422161 92329 2.8 48 17 1 3 15% 747 203125 18628 25%
c o 1266.55 97 83 72 453 231816 7 6423630 93770 2.8 48 17 1 3 15% 747 203125 18628 25%
c - 1270.20 99 84 72 454 232632 7 6439223 92052 2.9 48 17 1 3 16% 747 203125 18628 25%
c } 1273.61 99 85 73 454 233473 6 6454905 107253 2.9 49 17 1 3 16% 747 203125 18628 25%
c [ 1273.61 99 72 73 454 233473 1 6454905 107253 2.7 77 28 1 6 17% 747 203125 18628 25%
c O 1273.61 99 72 73 454 233473 1 6454905 107253 2.7 77 28 1 6 17% 747 203125 18628 25%
c - 1274.69 99 72 73 455 233477 1 6460530 94362 2.7 77 28 1 6 17% 747 203125 18628 25%
c - 1278.40 100 72 73 456 233487 1 6481861 93610 2.7 77 28 1 6 17% 747 203125 18628 25%
c - 1281.37 91 71 73 457 233497 1 6503216 91810 2.7 74 27 1 6 16% 747 203125 18628 25%
c - 1284.92 94 71 73 458 233503 1 6524593 91858 2.7 73 27 1 6 16% 747 203125 18628 25%
c - 1289.13 96 70 73 459 233510 1 6545993 92089 2.8 74 27 1 6 16% 747 203125 18628 25%
c - 1292.93 99 68 73 460 233518 1 6567418 91655 2.8 73 26 1 6 16% 747 203125 18628 25%
c - 1299.48 100 69 73 461 233530 1 6588865 91242 2.8 74 26 1 6 18% 747 203125 18628 25%
c - 1303.27 92 70 73 462 233534 1 6610335 90543 2.8 73 26 1 6 17% 747 203125 18628 25%
c - 1306.72 97 70 73 463 233535 1 6631830 90054 2.7 73 26 1 6 17% 747 203125 18628 25%
c - 1310.57 98 71 73 464 233536 1 6653349 89868 2.7 73 27 1 6 17% 747 203125 18628 25%
c - 1314.15 99 71 73 465 233549 1 6674890 90191 2.7 72 27 1 6 16% 747 203125 18628 25%
c u 1315.39 99 71 73 465 233550 1 6680334 94152 2.7 72 27 1 6 16% 747 203125 18628 25%
c
c  seconds    switched       rate           size/glue  tier1   binary          remaining
c          MB   reductions      conflicts         size   tier2    irredundant
c           level      restarts        redundant     glue   trail         variables
c
c v 1315.47 99 71 73 465 233550 1 6680334 92695 2.7 72 27 1 6 16% 748 203125 18628 25%
c w 1316.64 100 71 73 465 233550 1 6680334 90841 2.7 72 27 1 6 16% 748 203125 18628 25%
c - 1319.05 91 70 73 466 233557 1 6696453 87247 2.7 71 26 1 6 16% 748 203125 18628 25%
c B 1322.11 91 70 73 466 233565 1 6714757 105398 2.7 71 26 1 6 16% 748 203125 18628 25%
c - 1322.73 92 70 73 467 233565 1 6718040 88605 2.7 71 26 1 6 16% 748 203125 18628 25%
c s 1325.76 95 70 73 467 233566 1 6730640 101139 2.7 73 27 1 6 16% 748 203121 18628 25%
c e 1325.79 96 70 73 467 233566 1 6730640 101139 2.7 73 27 1 6 16% 748 203142 18620 25%
c s 1325.80 96 70 73 467 233566 1 6730640 101139 2.7 73 27 1 6 16% 748 203090 18620 25%
c e 1325.81 96 70 73 467 233566 1 6730640 101139 2.7 73 27 1 6 16% 748 203084 18619 25%
c - 1327.82 97 70 73 468 233569 1 6739651 89670 2.7 74 27 1 6 16% 748 203084 18619 25%
c ] 1328.66 97 70 74 468 233572 1 6743693 93675 2.7 74 27 1 6 16% 748 203084 18619 25%
c { 1328.66 97 85 74 468 233572 6 6743693 93675 2.9 49 17 1 3 16% 748 203084 18619 25%
c - 1332.56 100 85 74 469 234288 6 6761285 91013 2.9 50 17 1 3 16% 748 203084 18619 25%
c - 1337.05 98 84 74 470 235079 6 6782941 93538 3.0 50 17 1 3 17% 748 203084 18619 25%
c o 1337.28 98 84 74 470 235093 6 6783641 94236 3.0 51 17 1 3 17% 748 203084 18619 25%
c - 1341.33 100 84 74 471 236073 6 6804620 95477 3.0 50 17 1 3 17% 748 203084 18619 25%
c - 1346.38 100 85 74 472 237091 6 6826322 96749 3.0 50 17 1 3 17% 748 203084 18619 25%
c - 1350.74 99 85 74 473 238138 6 6848048 97614 3.0 51 17 1 3 17% 748 203084 18619 25%
c - 1356.05 100 84 74 474 238910 5 6869796 98482 3.1 52 17 1 3 18% 748 203084 18619 25%
c - 1360.32 100 84 74 475 240024 5 6891568 99209 3.1 52 17 1 3 18% 748 203084 18619 25%
c
c  seconds     switched       rate           size/glue  tier1   binary          remaining
c           MB   reductions      conflicts         size   tier2    irredundant
c            level      restarts        redundant     glue   trail         variables
c
c - 1365.61 101 85 74 476 241231 5 6913362 99897 3.1 52 17 1 3 17% 748 203084 18619 25%
c - 1370.88 99 85 74 477 242715 6 6935181 100842 3.0 51 17 1 3 17% 748 203084 18619 25%
c u 1372.97 100 85 74 477 243058 6 6944079 107007 3.0 51 17 1 3 17% 748 203084 18619 25%
c v 1373.14 100 85 74 477 243058 6 6944079 101689 3.0 51 17 1 3 17% 748 203084 18619 25%
c w 1375.78 100 85 74 477 243058 6 6944079 97954 3.0 51 17 1 3 17% 748 203084 18619 25%
c - 1378.56 98 85 74 478 243741 6 6957022 92992 3.0 52 17 1 3 17% 748 203084 18619 25%
c - 1383.37 99 84 74 479 244528 5 6978885 95396 3.1 52 17 1 3 18% 748 203084 18619 25%
c - 1387.90 100 84 74 480 245824 6 7000771 97238 3.1 52 17 1 3 18% 748 203084 18619 25%
c - 1391.97 100 84 74 481 246791 5 7022680 98533 3.1 52 17 1 3 17% 748 203084 18619 25%
c } 1392.86 100 85 75 481 246921 5 7026518 102293 3.1 52 17 1 3 18% 748 203084 18619 25%
c [ 1392.86 100 70 75 481 246921 1 7026518 102293 2.7 74 27 1 6 16% 748 203084 18619 25%
c W 1393.34 82 70 75 481 246921 1 7026518 102293 2.7 74 27 1 6 16% 748 203084 18619 25%
c - 1397.47 82 70 75 482 246932 1 7044612 98142 2.7 74 28 1 6 16% 748 203084 18619 25%
c - 1401.02 98 70 75 483 246941 1 7066566 95759 2.7 74 28 1 6 15% 748 203084 18619 25%
c - 1404.82 99 70 75 484 246950 1 7088543 93995 2.7 73 28 1 6 15% 748 203084 18619 25%
c - 1409.09 100 70 75 485 246953 1 7110543 93361 2.6 74 28 1 6 15% 748 203084 18619 25%
c - 1413.59 94 70 75 486 246965 1 7132565 93638 2.7 75 28 1 6 15% 748 203084 18619 25%
c - 1418.53 96 70 75 487 246974 1 7154611 94090 2.7 76 29 1 6 15% 748 203084 18619 25%
c o 1418.69 96 70 75 487 246975 1 7155380 94856 2.7 76 29 1 6 15% 748 203084 18619 25%
c - 1423.72 98 69 75 488 246982 1 7176679 94868 2.7 75 28 1 6 16% 748 203084 18619 25%
c
c  seconds    switched       rate           size/glue  tier1   binary          remaining
c          MB   reductions      conflicts         size   tier2    irredundant
c           level      restarts        redundant     glue   trail         variables
c
c - 1428.33 99 70 75 489 246983 1 7198769 94509 2.7 75 28 1 6 16% 748 203084 18619 25%
c u 1431.61 100 70 75 489 246983 1 7213414 107221 2.7 75 28 1 6 16% 748 203084 18619 25%
c v 1431.72 100 70 75 489 246983 1 7213414 104894 2.7 75 28 1 6 16% 748 203084 18619 25%
c w 1436.36 105 70 75 489 246983 1 7213414 104460 2.7 75 28 1 6 16% 748 203084 18619 25%
c = 1440.90 106 70 75 489 246983 1 7213414 104460 2.7 75 28 1 6 16% 750 203084 18618 25%
c d 1440.92 106 70 75 489 246983 1 7213414 104460 2.7 75 28 1 6 16% 748 203084 18618 25%
c t 1440.95 106 70 75 489 246983 1 7213414 104460 2.7 75 28 1 6 16% 746 203084 18618 25%
c u 1441.45 92 70 75 489 246983 1 7213414 104210 2.7 75 28 1 6 16% 747 203084 18618 25%
c v 1441.53 93 70 75 489 246983 1 7213414 103812 2.7 75 28 1 6 16% 747 203084 18618 25%
c w 1445.68 97 70 75 489 246983 1 7213414 99716 2.7 75 28 1 6 16% 747 203084 18618 25%
c - 1447.13 97 70 75 490 246983 1 7220883 88353 2.7 75 28 1 6 15% 747 203084 18618 25%
c - 1450.80 99 70 75 491 246996 1 7243018 89906 2.6 74 28 1 6 15% 747 203084 18618 25%
c - 1455.30 100 71 75 492 247004 1 7265176 90728 2.6 75 29 1 6 15% 747 203084 18618 25%
c - 1459.10 100 71 75 493 247013 1 7287357 90990 2.6 75 29 1 6 15% 747 203084 18618 25%
c I 1462.18 94 70 75 493 247014 1 7304183 107592 2.6 75 29 1 6 15% 747 203084 18618 25%
c - 1463.34 95 71 75 494 247017 1 7309560 91600 2.6 75 28 1 6 15% 747 203084 18618 25%
c - 1469.38 96 72 75 495 247029 1 7331787 92332 2.6 76 29 1 6 16% 747 203084 18618 25%
c ] 1470.02 96 72 76 495 247029 1 7334084 94615 2.7 76 29 1 6 16% 747 203084 18618 25%
c { 1470.02 96 85 76 495 247029 5 7334084 94615 3.1 52 17 1 3 18% 747 203084 18618 25%
c - 1474.27 100 85 76 496 248070 5 7354035 94793 3.0 51 17 1 3 17% 747 203084 18618 25%
c
c  seconds     switched       rate           size/glue  tier1   binary          remaining
c           MB   reductions      conflicts         size   tier2    irredundant
c            level      restarts        redundant     glue   trail         variables
c
c - 1479.54 101 84 76 497 249000 5 7376308 97419 3.1 52 17 1 3 17% 747 203084 18618 25%
c - 1485.40 99 85 76 498 250003 5 7398602 98989 3.1 52 17 1 3 18% 747 203084 18618 25%
c - 1489.77 100 85 76 499 251469 6 7420918 100251 3.0 51 17 1 3 17% 747 203084 18618 25%
c s 1491.96 101 84 76 499 252035 5 7434301 113129 3.0 50 17 1 3 17% 747 203061 18618 25%
c e 1491.98 90 84 76 499 252035 5 7434301 113129 3.0 50 17 1 3 17% 747 203091 18616 25%
c s 1491.98 90 84 76 499 252035 5 7434301 113129 3.0 50 17 1 3 17% 747 203060 18616 25%
c - 1493.76 98 84 76 500 252550 6 7443257 101400 3.0 50 17 1 3 16% 747 203060 18616 25%
c - 1498.62 100 85 76 501 253592 5 7465618 102186 3.0 51 17 1 3 17% 747 203060 18616 25%
c - 1502.80 101 84 76 502 254801 6 7488001 102530 3.0 51 17 1 3 17% 747 203060 18616 25%
c u 1503.34 95 84 76 502 254820 6 7488344 101025 3.0 51 17 1 3 17% 747 203060 18616 25%
c v 1503.62 95 84 76 502 254820 6 7488344 96301 3.0 51 17 1 3 17% 747 203060 18616 25%
c w 1503.82 95 84 76 502 254820 6 7488344 93676 3.0 51 17 1 3 17% 747 203060 18616 25%
c - 1508.68 99 84 76 503 255825 5 7510407 96404 3.0 51 17 1 3 17% 747 203060 18616 25%
c - 1513.72 100 84 76 504 257167 6 7532835 99009 3.0 51 17 1 3 17% 747 203060 18616 25%
c o 1514.32 100 84 76 504 257388 6 7535381 101458 3.0 51 17 1 3 17% 747 203060 18616 25%
c - 1518.48 100 85 76 505 258494 6 7555284 100814 2.9 50 17 1 3 16% 747 203060 18616 25%
c - 1522.88 101 85 76 506 259484 6 7577757 101906 3.0 51 17 1 3 16% 747 203060 18616 25%
c - 1527.77 99 84 76 507 260279 5 7600251 102438 3.0 52 17 1 3 17% 747 203060 18616 25%
c - 1531.60 100 84 76 508 261304 5 7622767 103415 3.0 51 17 1 3 16% 747 203060 18616 25%
c } 1533.37 101 84 77 508 261971 6 7631134 111465 3.0 51 17 1 3 16% 747 203060 18616 25%
c
c  seconds     switched       rate            size/glue  tier1   binary          remaining
c           MB   reductions      conflicts          size   tier2    irredundant
c            level      restarts        redundant      glue   trail         variables
c
c [ 1533.37 101 72 77 508 261971 1 7631134 111465 2.7 76 29 1 6 16% 747 203060 18616 25%
c B 1533.37 101 72 77 508 261971 1 7631134 111465 2.7 76 29 1 6 16% 747 203060 18616 25%
c - 1535.78 101 72 77 509 261979 1 7645305 103209 2.6 75 28 1 6 16% 747 203060 18616 25%
c - 1540.16 95 72 77 510 261988 1 7667867 100847 2.6 75 29 1 6 16% 747 203060 18616 25%
c - 1543.96 96 71 77 511 262000 1 7690451 99052 2.6 74 28 1 6 15% 747 203060 18616 25%
c - 1548.22 98 70 77 512 262001 1 7713056 98347 2.6 74 28 1 6 15% 747 203060 18616 25%
c - 1551.71 99 70 77 513 262015 1 7735684 98028 2.6 73 28 1 6 15% 747 203060 18616 25%
c - 1555.92 100 70 77 514 262023 1 7758333 97580 2.6 72 28 1 6 15% 747 203060 18616 25%
c u 1558.43 96 70 77 514 262030 1 7768918 105683 2.6 72 28 1 6 15% 747 203060 18616 25%
c v 1558.54 96 70 77 514 262030 1 7768918 103438 2.6 72 28 1 6 15% 747 203060 18616 25%
c w 1562.02 98 70 77 514 262030 1 7768918 100495 2.6 72 28 1 6 15% 747 203060 18616 25%
c - 1564.52 99 70 77 515 262032 1 7781005 92217 2.6 73 28 1 6 15% 747 203060 18616 25%
c - 1569.65 100 69 77 516 262033 1 7803699 93226 2.6 73 28 1 6 16% 747 203060 18616 25%
c - 1579.32 102 68 77 517 262033 1 7826415 94602 2.8 77 27 1 6 19% 747 203060 18616 25%
c - 1585.72 95 69 77 518 262046 1 7849152 95754 2.9 78 27 1 6 19% 747 203060 18616 25%
c - 1590.01 99 69 77 519 262055 1 7871913 96282 2.8 78 28 1 6 18% 747 203060 18616 25%
c - 1594.44 100 69 77 520 262063 1 7894694 95591 2.8 77 28 1 6 17% 747 203060 18616 25%
c - 1599.39 101 69 77 521 262069 1 7917499 95541 2.8 77 28 1 6 17% 747 203060 18616 25%
c ] 1599.40 101 69 78 521 262069 1 7917527 95569 2.8 77 28 1 6 17% 747 203060 18616 25%
c { 1599.40 101 84 78 521 262069 6 7917527 95569 3.0 51 17 1 3 16% 747 203060 18616 25%
c
c  seconds    switched       rate            size/glue  tier1   binary          remaining
c          MB   reductions      conflicts          size   tier2    irredundant
c           level      restarts        redundant      glue   trail         variables
c
c o 1601.02 99 84 78 521 262554 6 7925385 103188 3.0 51 17 1 3 16% 747 203060 18616 25%
c - 1604.26 101 84 78 522 263123 5 7940324 98128 3.1 52 17 1 3 17% 747 203060 18616 25%
c - 1608.90 102 84 78 523 264257 5 7963172 100942 3.1 52 17 1 3 17% 747 203060 18616 25%
c - 1613.92 102 84 78 524 265315 5 7986041 102559 3.1 52 17 1 3 17% 747 203060 18616 25%
c - 1618.42 100 83 78 525 266271 5 8008933 103855 3.1 52 17 1 3 17% 747 203060 18616 25%
c - 1623.06 101 83 78 526 267625 5 8031847 104744 3.1 52 17 1 3 17% 747 203060 18616 25%
c - 1627.67 102 83 78 527 269122 6 8054781 105483 3.0 51 17 1 3 16% 747 203060 18616 25%
c u 1628.23 102 83 78 527 269122 6 8055137 103794 3.0 51 17 1 3 16% 747 203060 18616 25%
c v 1628.38 102 83 78 527 269122 6 8055137 98907 3.0 51 17 1 3 16% 747 203060 18616 25%
c w 1628.61 102 83 78 527 269122 6 8055137 96301 3.0 51 17 1 3 16% 747 203060 18616 25%
c - 1632.74 100 82 78 528 270337 6 8077739 99247 3.0 51 17 1 3 16% 747 203060 18616 25%
c - 1637.08 101 82 78 529 271227 6 8100718 102057 3.0 51 17 1 3 16% 747 203060 18616 25%
c - 1641.34 102 82 78 530 272323 5 8123719 103564 3.0 51 17 1 3 16% 747 203060 18616 25%
c - 1646.50 102 82 78 531 273416 5 8146741 104656 3.0 52 17 1 3 17% 747 203060 18616 25%
c - 1651.56 101 82 78 532 274400 5 8169784 105490 3.1 52 17 1 3 17% 747 203060 18616 25%
c - 1656.53 102 82 78 533 275611 5 8192851 106244 3.1 53 17 1 3 17% 747 203060 18616 25%
c - 1661.47 103 82 78 534 276573 5 8215937 107119 3.1 53 17 1 3 17% 747 203060 18616 25%
c } 1663.95 100 82 79 534 277177 5 8229119 119962 3.2 53 17 1 3 17% 747 203060 18616 25%
c [ 1663.95 100 69 79 534 277177 1 8229119 119962 2.8 77 28 1 6 17% 747 203060 18616 25%
c W 1664.06 83 69 79 534 277177 1 8229119 119962 2.8 77 28 1 6 17% 747 203060 18616 25%
c
c  seconds    switched       rate            size/glue  tier1   binary          remaining
c          MB   reductions      conflicts          size   tier2    irredundant
c           level      restarts        redundant      glue   trail         variables
c
c - 1666.38 83 69 79 535 277183 1 8239047 106964 2.8 77 28 1 6 17% 747 203060 18616 25%
c - 1670.44 83 69 79 536 277192 1 8262178 104712 2.7 76 28 1 6 16% 747 203060 18616 25%
c - 1675.24 100 70 79 537 277205 1 8285330 102364 2.7 75 27 1 6 17% 747 203060 18616 25%
c - 1681.10 101 69 79 538 277207 1 8308503 102182 2.8 77 27 1 6 17% 747 203060 18616 25%
c o 1685.50 101 70 79 538 277218 1 8328035 121502 2.8 76 27 1 6 17% 747 203060 18616 25%
c - 1686.09 101 70 79 539 277220 1 8331698 102194 2.8 75 27 1 6 17% 747 203060 18616 25%
c u 1689.99 102 70 79 539 277225 1 8347002 114749 2.8 76 27 1 6 18% 747 203060 18616 25%
c v 1690.11 102 70 79 539 277225 1 8347002 111781 2.8 76 27 1 6 18% 747 203060 18616 25%
c w 1694.83 105 70 79 539 277225 1 8347002 111345 2.8 76 27 1 6 18% 747 203060 18616 25%
c - 1696.36 92 70 79 540 277229 1 8354915 97551 2.8 76 27 1 6 17% 747 203060 18616 25%
c - 1701.18 98 71 79 541 277238 1 8378154 97483 2.8 76 27 1 6 17% 747 203060 18616 25%
c - 1706.29 99 70 79 542 277239 1 8401413 96956 2.7 76 28 1 6 17% 747 203060 18616 25%
c - 1712.92 100 70 79 543 277239 1 8424693 97561 2.9 76 26 1 6 19% 747 203060 18616 25%
c - 1717.68 100 71 79 544 277253 1 8447995 98556 2.9 75 26 1 6 19% 747 203060 18616 25%
c - 1722.06 101 71 79 545 277261 1 8471319 98620 2.8 76 27 1 6 18% 747 203060 18616 25%
c - 1725.62 102 71 79 546 277270 1 8494666 97713 2.7 75 28 1 6 17% 747 203060 18616 25%
c - 1729.42 102 71 79 547 277277 1 8518033 97778 2.7 73 28 1 6 17% 747 203060 18616 25%
c O 1731.99 92 71 79 547 277285 1 8534314 113907 2.7 74 28 1 6 16% 747 203060 18616 25%
c ] 1732.42 92 71 80 547 277285 1 8536833 116399 2.7 74 28 1 6 16% 747 203060 18616 25%
c { 1732.42 92 82 80 547 277285 5 8536833 116399 3.2 53 17 1 3 17% 747 203060 18616 25%
c
c  seconds    switched       rate           size/glue  tier1   binary          remaining
c          MB   reductions      conflicts         size   tier2    irredundant
c           level      restarts        redundant     glue   trail         variables
c
c - 1733.37 99 82 80 548 277571 5 8541421 98929 3.1 53 17 1 3 17% 747 203060 18616 25%
c - 1737.88 102 82 80 549 278878 5 8564830 101948 3.1 53 17 1 3 16% 747 203060 18616 25%
c - 1742.05 103 82 80 550 280177 6 8588260 103957 3.0 52 17 1 3 16% 747 203060 18616 25%
c - 1746.80 101 82 80 551 281566 6 8611712 105564 3.0 52 17 1 3 16% 747 203060 18616 25%
c - 1751.41 102 83 80 552 282639 6 8635185 106792 3.0 51 17 1 3 16% 747 203060 18616 25%
c u 1753.85 83 83 80 552 283033 5 8644563 113981 3.0 51 17 1 3 16% 747 203060 18616 25%
c v 1754.01 83 83 80 552 283033 5 8644563 109596 3.0 51 17 1 3 16% 747 203060 18616 25%
c w 1756.52 100 83 80 552 283033 5 8644563 108279 3.0 51 17 1 3 16% 747 203060 18616 25%
c x 1756.97 101 83 80 552 283033 5 8644563 108279 3.0 51 17 1 3 16% 747 203036 18616 25%
c - 1765.13 102 83 80 553 283576 5 8658680 101830 3.1 52 17 1 3 16% 747 203036 18616 25%
c - 1770.27 100 83 80 554 285072 6 8682196 103949 3.0 52 17 1 3 16% 747 203036 18616 25%
c - 1775.19 101 82 80 555 285965 5 8705735 105402 3.1 52 17 1 3 16% 747 203036 18616 25%
c - 1779.46 102 82 80 556 286978 5 8729294 106472 3.1 52 17 1 3 16% 747 203036 18616 25%
c o 1781.62 102 82 80 556 287234 5 8738218 115288 3.1 53 17 1 3 17% 747 203036 18616 25%
c - 1784.94 103 82 80 557 287957 5 8752873 107059 3.1 53 17 1 3 17% 747 203036 18616 25%
c - 1789.46 101 82 80 558 288991 5 8776475 108166 3.1 52 17 1 3 17% 747 203036 18616 25%
c - 1795.09 102 83 80 559 290538 5 8800097 109232 3.1 52 17 1 3 17% 747 203036 18616 25%
c - 1800.47 103 83 80 560 291621 5 8823740 109713 3.1 52 17 1 3 17% 747 203036 18616 25%
c - 1805.72 101 83 80 561 292975 5 8847404 110246 3.1 53 17 1 3 17% 747 203036 18616 25%
c } 1808.72 102 82 81 561 293965 6 8863276 125772 3.0 52 17 1 3 17% 747 203036 18616 25%
c
c  seconds     switched       rate            size/glue  tier1   binary          remaining
c           MB   reductions      conflicts          size   tier2    irredundant
c            level      restarts        redundant      glue   trail         variables
c
c [ 1808.72 102 71 81 561 293965 1 8863276 125772 2.7 74 28 1 6 16% 747 203036 18616 25%
c B 1808.72 102 71 81 561 293965 1 8863276 125772 2.7 74 28 1 6 16% 747 203036 18616 25%
c - 1810.09 102 71 81 562 293970 1 8871089 110240 2.6 74 28 1 6 16% 747 203036 18616 25%
c - 1814.96 103 71 81 563 293979 1 8894798 107765 2.6 73 28 1 6 16% 747 203036 18616 25%
c - 1820.61 96 71 81 564 293993 1 8918526 104412 2.6 73 29 1 6 16% 747 203036 18616 25%
c - 1825.08 97 71 81 565 293995 1 8942274 104095 2.6 73 28 1 6 16% 747 203036 18616 25%
c u 1826.63 100 71 81 565 293997 1 8947819 106712 2.6 72 28 1 6 16% 747 203036 18616 25%
c v 1826.72 100 71 81 565 293997 1 8947819 104138 2.6 72 28 1 6 16% 747 203036 18616 25%
c w 1828.25 101 71 81 565 293997 1 8947819 102004 2.6 72 28 1 6 16% 747 203036 18616 25%
c - 1832.35 101 72 81 566 294008 1 8966044 98527 2.7 73 28 1 6 17% 747 203036 18616 25%
c s 1832.68 101 72 81 566 294009 1 8968004 100477 2.7 73 28 1 6 17% 747 203031 18616 25%
c e 1832.72 91 72 81 566 294009 1 8968004 100477 2.7 73 28 1 6 17% 746 203072 18597 25%
c s 1832.72 91 72 81 566 294009 1 8968004 100477 2.7 73 28 1 6 17% 746 203031 18597 25%
c - 1837.18 97 73 81 567 294017 1 8989834 99515 2.6 74 28 1 6 17% 746 203031 18597 25%
c - 1841.06 98 72 81 568 294026 1 9013646 99843 2.6 74 28 1 6 17% 746 203031 18597 25%
c - 1844.63 99 71 81 569 294027 1 9037478 100027 2.6 72 27 1 6 16% 746 203031 18597 25%
c - 1849.12 101 70 81 570 294028 1 9061331 100492 2.6 73 28 1 6 16% 746 203031 18597 25%
c - 1853.28 101 70 81 571 294041 1 9085205 101392 2.6 73 28 1 6 15% 746 203031 18597 25%
c - 1858.60 102 70 81 572 294052 1 9109100 102196 2.6 73 27 1 6 16% 746 203031 18597 25%
c - 1862.95 102 70 81 573 294058 1 9133016 102236 2.7 74 28 1 6 16% 746 203031 18597 25%
c
c  seconds    switched       rate            size/glue  tier1   binary          remaining
c          MB   reductions      conflicts          size   tier2    irredundant
c           level      restarts        redundant      glue   trail         variables
c
c - 1867.59 95 71 81 574 294067 1 9156954 102293 2.7 74 28 1 6 16% 746 203031 18597 25%
c o 1868.08 95 71 81 574 294069 1 9159963 105282 2.7 74 28 1 6 16% 746 203031 18597 25%
c - 1872.09 99 71 81 575 294077 1 9180912 102323 2.7 75 28 1 6 16% 746 203031 18597 25%
c W 1873.97 83 71 81 575 294080 1 9187352 108733 2.7 75 28 1 6 17% 746 203031 18597 25%
c - 1877.20 83 71 81 576 294088 1 9204893 101736 2.7 75 28 1 6 16% 746 203031 18597 25%
c ] 1877.56 83 71 82 576 294088 1 9206963 103791 2.7 75 28 1 6 16% 746 203031 18597 25%
c { 1877.56 83 82 82 576 294088 6 9206963 103791 3.0 52 17 1 3 17% 746 203031 18597 25%
c - 1881.93 102 81 82 577 294529 5 9228894 104091 3.1 53 17 1 3 17% 746 203031 18597 25%
c - 1887.14 103 80 82 578 295082 5 9252914 107130 3.2 53 17 1 3 17% 746 203031 18597 25%
c u 1888.54 98 80 82 578 295151 5 9256797 109275 3.2 53 17 1 3 17% 746 203031 18597 25%
c v 1888.67 98 80 82 578 295151 5 9256797 106248 3.2 53 17 1 3 17% 746 203031 18597 25%
c w 1889.87 99 80 82 578 295151 5 9256797 102842 3.2 53 17 1 3 17% 746 203031 18597 25%
c - 1893.69 101 80 82 579 295570 4 9276955 102948 3.2 53 16 1 3 17% 746 203031 18597 25%
c - 1898.56 102 79 82 580 296250 4 9301018 106059 3.2 53 16 1 3 17% 746 203031 18597 25%
c - 1903.73 103 78 82 581 297091 4 9325102 107957 3.2 52 16 1 3 17% 746 203031 18597 25%
c - 1908.44 101 78 82 582 298104 4 9349205 109627 3.2 51 16 1 3 16% 746 203031 18597 25%
c - 1912.97 102 77 82 583 299052 4 9373330 111104 3.1 50 16 1 3 16% 746 203031 18597 25%
c - 1918.34 103 77 82 584 300369 5 9397475 112081 3.1 49 16 1 3 15% 746 203031 18597 25%
c - 1923.34 103 78 82 585 301389 5 9421641 113520 3.0 48 16 1 3 15% 746 203031 18597 25%
c - 1928.58 101 77 82 586 302567 5 9445827 114344 3.0 48 16 1 3 15% 746 203031 18597 25%
c
c  seconds     switched       rate            size/glue  tier1   binary          remaining
c           MB   reductions      conflicts          size   tier2    irredundant
c            level      restarts        redundant      glue   trail         variables
c
c - 1933.58 102 77 82 587 303894 5 9470034 115176 3.0 48 16 1 3 14% 746 203031 18597 25%
c - 1939.32 103 77 82 588 305282 5 9494262 116262 3.0 47 16 1 3 15% 746 203031 18597 25%
c - 1944.38 103 77 82 589 306540 5 9518511 117363 2.9 47 16 1 3 14% 746 203031 18597 25%
c - 1949.74 101 77 82 590 308146 6 9542782 118161 2.9 47 16 1 3 14% 746 203031 18597 25%
c } 1951.09 101 77 83 590 308371 5 9548569 123780 2.9 47 16 1 3 14% 746 203031 18597 25%
c [ 1951.09 101 71 83 590 308371 1 9548569 123780 2.7 75 28 1 6 16% 746 203031 18597 25%
c I 1951.09 101 71 83 590 308371 1 9548569 123780 2.7 75 28 1 6 16% 746 203031 18597 25%
c - 1955.19 102 71 83 591 308382 1 9567071 116954 2.7 74 27 1 6 17% 746 203031 18597 25%
c u 1956.90 102 71 83 591 308384 1 9571497 116477 2.7 74 27 1 6 16% 746 203031 18597 25%
c v 1957.09 102 71 83 591 308384 1 9571497 110834 2.7 74 27 1 6 16% 746 203031 18597 25%
c w 1958.52 103 71 83 591 308384 1 9571497 107926 2.7 74 27 1 6 16% 746 203031 18597 25%
c - 1961.58 96 71 83 592 308392 1 9591381 103865 2.7 74 28 1 6 16% 746 203031 18597 25%
c o 1962.62 96 71 83 592 308396 1 9598081 110501 2.7 73 28 1 6 16% 746 203031 18597 25%
c - 1965.87 98 71 83 593 308401 1 9615712 104243 2.7 73 28 1 6 16% 746 203031 18597 25%
c - 1972.40 99 71 83 594 308408 1 9640063 104914 2.7 75 28 1 6 17% 746 203031 18597 25%
c - 1976.97 100 72 83 595 308417 1 9664435 105387 2.7 74 28 1 6 17% 746 203031 18597 25%
c - 1980.63 101 72 83 596 308431 1 9688828 105574 2.6 73 28 1 6 16% 746 203031 18597 25%
c - 1984.44 103 71 83 597 308432 1 9713241 105338 2.6 73 27 1 6 16% 746 203031 18597 25%
c - 1988.93 95 71 83 598 308433 1 9737675 104679 2.6 73 28 1 6 15% 746 203031 18597 25%
c - 1994.25 98 71 83 599 308443 1 9762129 104624 2.7 74 28 1 6 16% 746 203031 18597 25%
c
c  seconds     switched       rate            size/glue  tier1   binary          remaining
c           MB   reductions      conflicts          size   tier2    irredundant
c            level      restarts        redundant      glue   trail         variables
c
c - 1998.51 100 70 83 600 308454 1 9786605 105771 2.7 74 27 1 6 15% 746 203031 18597 25%
c - 2003.06 101 70 83 601 308463 1 9811100 105941 2.7 74 27 1 6 15% 746 203031 18597 25%
c - 2007.73 102 69 83 602 308470 1 9835616 105992 2.8 74 27 1 6 15% 746 203031 18597 25%
c - 2011.67 93 69 83 603 308479 1 9860151 106270 2.7 73 27 1 6 15% 746 203031 18597 25%
c - 2015.30 94 69 83 604 308493 1 9884707 106192 2.7 72 27 1 6 14% 746 203031 18597 25%
c B 2016.40 94 69 83 604 308494 1 9891940 113332 2.6 72 27 1 6 14% 746 203031 18597 25%
c u 2016.94 98 69 83 604 308494 1 9891944 112109 2.6 72 27 1 6 14% 746 203031 18597 25%
c v 2017.03 98 69 83 604 308494 1 9891944 110360 2.6 72 27 1 6 14% 746 203031 18597 25%
c w 2018.78 101 69 83 604 308494 1 9891944 107858 2.6 72 27 1 6 14% 746 203031 18597 25%
c - 2022.22 102 69 83 605 308495 1 9909283 102586 2.7 73 27 1 6 15% 746 203031 18597 25%
c - 2027.13 102 69 83 606 308496 1 9933880 103468 2.7 73 27 1 6 16% 746 203031 18597 25%
c - 2031.00 92 69 83 607 308497 1 9958497 104005 2.6 73 28 1 6 15% 746 203031 18597 25%
c ] 2034.22 93 69 84 607 308497 1 9977720 123056 2.6 74 28 1 6 15% 746 203031 18597 25%
c { 2034.22 93 77 84 607 308497 5 9977720 123056 2.9 47 16 1 3 14% 746 203031 18597 25%
c - 2035.39 101 77 84 608 309026 6 9983135 104617 2.9 47 16 1 3 14% 746 203031 18597 25%
c e 2037.66 91 78 84 608 309887 6 9995050 116065 2.9 46 16 1 3 14% 746 203043 18596 25%
c s 2037.67 91 78 84 608 309887 6 9995050 116065 2.9 46 16 1 3 14% 746 203041 18596 25%
c - 2040.38 101 78 84 609 310810 6 10007793 107800 2.9 47 16 1 3 14% 746 203041 18596 25%
c - 2044.88 102 78 84 610 312422 6 10032473 110536 2.9 47 17 1 3 14% 746 203041 18596 25%
c o 2046.03 102 78 84 610 312899 6 10038091 115976 2.9 48 17 1 3 14% 746 203041 18596 25%
c
c  seconds     switched       rate             size/glue  tier1   binary          remaining
c           MB   reductions      conflicts           size   tier2    irredundant
c            level      restarts         redundant      glue   trail         variables
c
c - 2050.40 103 79 84 611 314280 6 10057171 112137 2.8 48 17 1 3 15% 746 203041 18596 25%
c - 2055.74 103 80 84 612 315918 6 10081889 113173 2.9 48 17 1 3 15% 746 203041 18596 25%
c - 2061.07 101 81 84 613 317355 6 10106628 114114 2.9 49 17 1 3 15% 746 203041 18596 25%
c - 2065.82 102 81 84 614 318437 6 10131387 114873 2.9 50 17 1 3 15% 746 203041 18596 25%
c - 2070.95 103 81 84 615 319970 6 10156167 115498 2.9 50 17 1 3 15% 746 203041 18596 25%
c - 2076.45 102 82 84 616 321439 6 10180968 116541 3.0 51 17 1 3 16% 746 203041 18596 25%
c - 2081.67 103 82 84 617 322754 6 10205789 117268 3.0 52 17 1 3 16% 746 203041 18596 25%
c u 2084.97 103 82 84 617 323447 6 10218163 126560 3.0 52 17 1 3 17% 746 203041 18596 25%
c v 2085.16 103 82 84 617 323447 6 10218163 121259 3.0 52 17 1 3 17% 746 203041 18596 25%
c w 2089.62 104 82 84 617 323447 6 10218163 118555 3.0 52 17 1 3 17% 746 203041 18596 25%
c - 2092.30 101 82 84 618 324055 6 10230628 109514 3.0 52 17 1 3 17% 746 203041 18596 25%
c - 2097.57 102 82 84 619 325077 6 10255488 111914 3.1 53 17 1 3 17% 746 203041 18596 25%
c - 2103.04 103 82 84 620 326453 6 10280367 113752 3.1 52 17 1 3 17% 746 203041 18596 25%
c - 2108.91 103 83 84 621 327612 6 10305266 114735 3.1 53 17 1 3 18% 746 203041 18596 25%
c - 2113.66 101 83 84 622 328972 6 10330186 115673 3.1 53 17 1 3 17% 746 203041 18596 25%
c } 2114.58 102 82 85 622 329244 6 10334798 120179 3.1 53 17 1 3 17% 746 203041 18596 25%
c [ 2114.58 102 69 85 622 329244 1 10334798 120179 2.6 74 28 1 6 15% 746 203041 18596 25%
c W 2115.10 83 69 85 622 329244 1 10334798 120179 2.6 74 28 1 6 15% 746 203041 18596 25%
c - 2118.42 83 69 85 623 329256 1 10355126 114884 2.7 73 28 1 6 15% 746 203041 18596 25%
c - 2122.82 101 69 85 624 329265 1 10380086 112307 2.8 74 27 1 6 16% 746 203041 18596 25%
c
c  seconds     switched       rate             size/glue  tier1   binary          remaining
c           MB   reductions      conflicts           size   tier2    irredundant
c            level      restarts         redundant      glue   trail         variables
c
c - 2127.65 101 69 85 625 329274 1 10405065 111054 2.8 73 27 1 6 15% 746 203041 18596 25%
c - 2132.57 102 69 85 626 329282 1 10430065 110733 2.7 73 27 1 6 15% 746 203041 18596 25%
c - 2137.35 103 69 85 627 329293 1 10455085 110765 2.7 74 27 1 6 15% 746 203041 18596 25%
c - 2141.44 97 69 85 628 329304 1 10480127 110368 2.7 72 27 1 6 14% 746 203041 18596 25%
c o 2144.60 99 69 85 628 329306 1 10499783 129704 2.7 73 27 1 6 14% 746 203041 18596 25%
c - 2145.61 99 69 85 629 329306 1 10505186 110385 2.7 73 27 1 6 14% 746 203041 18596 25%
c - 2150.20 101 67 85 630 329306 1 10530266 109868 2.6 73 28 1 6 14% 746 203041 18596 25%
c u 2154.08 103 67 85 630 329317 1 10550156 127408 2.6 73 28 1 6 14% 746 203041 18596 25%
c v 2154.18 103 67 85 630 329317 1 10550156 125286 2.6 73 28 1 6 14% 746 203041 18596 25%
c w 2159.03 107 67 85 630 329317 1 10550156 124794 2.6 73 28 1 6 14% 746 203041 18596 25%
c - 2160.02 92 67 85 631 329320 1 10555366 106556 2.6 72 28 1 6 13% 746 203041 18596 25%
c - 2164.01 95 67 85 632 329331 1 10580488 107626 2.6 71 28 1 6 13% 746 203041 18596 25%
c - 2168.02 96 67 85 633 329337 1 10605629 108088 2.6 72 28 1 6 13% 746 203041 18596 25%
c - 2173.05 99 67 85 634 329347 1 10630789 108682 2.6 72 28 1 6 14% 746 203041 18596 25%
c - 2177.71 100 68 85 635 329358 1 10655968 109588 2.7 72 27 1 6 14% 746 203041 18596 25%
c - 2182.16 101 68 85 636 329367 1 10681167 109441 2.7 73 27 1 6 14% 746 203041 18596 25%
c O 2185.50 101 68 85 636 329368 1 10697870 125992 2.7 73 27 1 6 14% 746 203041 18596 25%
c - 2187.30 101 68 85 637 329369 1 10706388 109577 2.7 73 27 1 6 15% 746 203041 18596 25%
c - 2192.43 102 68 85 638 329370 1 10731626 110318 2.7 74 27 1 6 15% 746 203041 18596 25%
c - 2197.69 103 67 85 639 329370 1 10756885 109931 2.7 77 28 1 6 15% 746 203041 18596 25%
c
c  seconds     switched       rate             size/glue  tier1   binary          remaining
c           MB   reductions      conflicts           size   tier2    irredundant
c            level      restarts         redundant      glue   trail         variables
c
c ] 2198.62 103 67 86 639 329370 1 10762154 115171 2.7 77 28 1 6 15% 746 203041 18596 25%
c { 2198.62 103 82 86 639 329370 6 10762154 115171 3.1 53 17 1 3 17% 746 203041 18596 25%
c - 2202.28 101 83 86 640 329557 5 10782165 111061 3.1 52 17 1 3 18% 748 203041 18596 25%
c - 2206.22 103 83 86 641 329810 5 10807464 114113 3.1 51 16 1 3 18% 752 203041 18596 25%
c - 2208.88 104 81 86 642 329938 4 10832782 115106 3.1 48 16 1 3 18% 752 203041 18596 25%
c - 2212.55 102 80 86 643 330376 4 10858120 116326 3.1 47 15 1 3 18% 753 203041 18596 25%
c s 2214.11 102 79 86 643 330637 4 10870587 128445 3.1 47 15 1 3 18% 753 203039 18596 25%
c e 2214.13 92 79 86 643 330637 4 10870587 128445 3.1 47 15 1 3 18% 753 203067 18593 25%
c s 2214.13 92 79 86 643 330637 4 10870587 128445 3.1 47 15 1 3 18% 753 203041 18593 25%
c e 2214.14 92 79 86 643 330637 4 10870587 128445 3.1 47 15 1 3 18% 753 203050 18592 25%
c - 2215.99 101 79 86 644 331007 4 10883478 116797 3.1 46 15 1 3 18% 755 203050 18592 25%
c u 2217.08 101 79 86 644 331091 4 10887947 119704 3.0 46 15 1 3 17% 756 203050 18592 25%
c v 2217.27 101 79 86 644 331091 4 10887947 115840 3.0 46 15 1 3 17% 759 203050 18592 25%
c w 2218.25 102 79 86 644 331091 4 10887947 111660 3.0 46 15 1 3 17% 759 203050 18592 25%
c - 2226.11 102 77 86 645 331636 4 10908855 110690 3.0 45 15 1 3 17% 760 203050 18592 25%
c - 2229.46 103 76 86 646 332306 4 10934251 113453 3.0 43 15 1 3 16% 761 203050 18592 25%
c - 2233.18 104 76 86 647 333065 4 10959669 114710 3.0 42 14 1 3 15% 764 203050 18592 25%
c o 2233.22 92 76 86 647 333072 4 10959835 114871 3.0 42 14 1 3 15% 764 203050 18592 25%
c - 2236.19 101 74 86 648 333785 4 10985105 115871 2.9 41 14 1 3 15% 766 203050 18592 25%
c - 2239.66 102 73 86 649 334819 4 11010560 116895 2.9 40 14 1 3 14% 772 203050 18592 25%
c
c  seconds     switched       rate             size/glue  tier1   binary          remaining
c           MB   reductions      conflicts           size   tier2    irredundant
c            level      restarts         redundant      glue   trail         variables
c
c - 2243.49 103 73 86 650 336197 5 11036036 116931 2.8 39 14 1 3 14% 772 203050 18592 25%
c - 2246.58 104 72 86 651 337333 5 11061532 117922 2.8 37 13 1 3 13% 775 203050 18592 25%
c - 2250.94 101 72 86 652 338960 5 11087046 118405 2.7 37 14 1 3 13% 775 203050 18592 25%
c - 2254.10 103 70 86 653 340170 5 11112580 117570 2.7 36 13 1 3 12% 776 203050 18592 25%
c } 2257.65 103 70 87 653 341595 6 11135010 139296 2.7 36 13 1 3 12% 777 203050 18592 25%
c [ 2257.65 103 67 87 653 341595 1 11135010 139296 2.7 77 28 1 6 15% 777 203050 18592 25%
c B 2257.65 103 67 87 653 341595 1 11135010 139296 2.7 77 28 1 6 15% 777 203050 18592 25%
c - 2258.17 103 67 87 654 341597 1 11138133 117293 2.7 77 28 1 6 15% 777 203050 18592 25%
c - 2262.79 104 68 87 655 341609 1 11163707 115295 2.7 75 28 1 6 15% 777 203050 18592 25%
c - 2267.08 94 68 87 656 341623 1 11189299 111039 2.6 74 28 1 6 14% 777 203050 18592 25%
c - 2272.03 97 68 87 657 341625 1 11214912 109876 2.6 74 28 1 6 14% 777 203050 18592 25%
c u 2275.47 100 68 87 657 341634 1 11231537 124494 2.6 74 28 1 6 14% 777 203050 18592 25%
c v 2275.56 100 68 87 657 341634 1 11231537 122268 2.6 74 28 1 6 14% 781 203050 18592 25%
c w 2279.45 105 68 87 657 341634 1 11231537 121878 2.6 74 28 1 6 14% 781 203050 18592 25%
c - 2281.80 96 69 87 658 341639 1 11240544 106475 2.7 75 28 1 6 15% 781 203050 18592 25%
c - 2288.44 98 70 87 659 341650 1 11266195 107579 2.8 78 28 1 6 16% 781 203050 18592 25%
c - 2295.92 100 73 87 660 341656 1 11291865 107801 2.8 82 29 1 6 17% 781 203050 18592 25%
c - 2302.47 100 73 87 661 341657 1 11317557 107901 2.8 82 29 1 6 18% 781 203050 18592 25%
c - 2308.28 101 72 87 662 341664 1 11343266 107857 2.8 82 29 1 6 18% 781 203050 18592 25%
c ] 2315.85 101 72 88 662 341674 1 11366916 131316 2.9 85 30 1 6 19% 781 203050 18592 25%
c
c  seconds     switched       rate             size/glue  tier1   binary          remaining
c           MB   reductions      conflicts           size   tier2    irredundant
c            level      restarts         redundant      glue   trail         variables
c
c { 2315.85 101 70 88 662 341674 6 11366916 131316 2.7 36 13 1 3 12% 781 203050 18592 25%
c - 2316.38 104 70 88 663 341941 6 11368995 108632 2.6 36 14 1 3 12% 781 203050 18592 25%
c - 2321.20 102 72 88 664 345800 7 11394743 111630 2.5 36 15 1 3 11% 781 203050 18592 25%
c - 2326.23 103 74 88 665 349137 8 11420512 114827 2.4 37 15 1 3 11% 781 203050 18592 25%
c o 2327.42 104 74 88 665 349576 8 11429867 123791 2.5 38 15 1 3 11% 781 203050 18592 25%
c - 2331.05 105 74 88 666 351452 8 11446302 116905 2.5 39 16 1 3 12% 781 203050 18592 25%
c - 2335.82 103 76 88 667 353846 8 11472110 118825 2.5 40 16 1 3 12% 781 203050 18592 25%
c - 2341.17 104 76 88 668 355464 8 11497936 120137 2.6 43 16 1 3 13% 781 203050 18592 25%
c - 2346.83 105 77 88 669 357651 8 11523782 120929 2.6 44 17 1 3 13% 781 203050 18592 25%
c - 2352.54 104 78 88 670 359699 8 11549647 121723 2.7 45 17 1 3 14% 781 203050 18592 25%
c - 2358.34 105 79 88 671 361254 7 11575531 122942 2.8 47 17 1 3 14% 781 203050 18592 25%
c u 2360.17 105 79 88 671 361562 7 11580978 125255 2.8 47 17 1 3 15% 782 203050 18592 25%
c v 2360.40 105 79 88 671 361562 7 11580978 118824 2.8 47 17 1 3 15% 783 203050 18592 25%
c w 2362.25 105 79 88 671 361562 7 11580978 114955 2.8 47 17 1 3 15% 783 203050 18592 25%
c - 2366.16 102 79 88 672 362657 7 11601435 113757 2.8 48 17 1 3 14% 783 203050 18592 25%
c - 2371.66 104 80 88 673 363481 6 11627357 116780 2.9 50 17 1 3 15% 783 203050 18592 25%
c - 2377.37 105 80 88 674 364970 6 11653299 118747 3.0 51 17 1 3 15% 783 203050 18592 25%
c - 2382.74 105 80 88 675 366302 6 11679262 119886 3.0 51 17 1 3 15% 783 203050 18592 25%
c - 2388.42 103 80 88 676 367314 6 11705242 120878 3.0 52 17 1 3 16% 783 203050 18592 25%
c - 2393.62 104 80 88 677 368718 6 11731242 122023 3.0 52 17 1 3 16% 783 203050 18592 25%
c
c  seconds     switched       rate             size/glue  tier1   binary          remaining
c           MB   reductions      conflicts           size   tier2    irredundant
c            level      restarts         redundant      glue   trail         variables
c
c } 2399.39 105 80 89 677 370307 6 11755854 146051 3.0 52 17 1 3 16% 783 203050 18592 25%
c [ 2399.39 105 72 89 677 370307 1 11755854 146051 2.9 85 30 1 6 19% 783 203050 18592 25%
c W 2400.34 85 72 89 677 370307 1 11755854 146051 2.9 85 30 1 6 19% 783 203050 18592 25%
c - 2400.76 85 73 89 678 370308 1 11757261 123055 2.9 85 29 1 6 19% 783 203050 18592 25%
c - 2406.39 101 72 89 679 370321 1 11783300 121474 2.8 84 30 1 6 18% 783 203050 18592 25%
c s 2408.00 101 72 89 679 370324 1 11790834 128966 2.8 83 30 1 6 18% 783 203041 18592 25%
c e 2408.01 93 72 89 679 370324 1 11790834 128966 2.8 83 30 1 6 18% 783 203087 18585 25%
c s 2408.02 93 72 89 679 370324 1 11790834 128966 2.8 83 30 1 6 18% 783 203073 18585 25%
c - 2414.05 100 72 89 680 370335 1 11809357 117771 2.9 85 29 1 6 19% 783 203073 18585 25%
c - 2420.56 101 72 89 681 370337 1 11835434 116901 2.8 84 30 1 6 19% 783 203073 18585 25%
c - 2425.84 102 72 89 682 370351 1 11861530 116190 2.8 82 29 1 6 18% 783 203073 18585 25%
c - 2432.55 103 72 89 683 370363 1 11887646 117150 2.9 81 28 1 6 19% 783 203073 18585 25%
c - 2437.68 103 72 89 684 370368 1 11913780 117386 2.8 80 28 1 6 18% 783 203073 18585 25%
c o 2438.75 103 71 89 684 370369 1 11920424 123966 2.8 79 29 1 6 17% 783 203073 18585 25%
c u 2443.09 105 71 89 684 370369 1 11936244 136840 2.8 79 29 1 6 18% 783 203073 18585 25%
c v 2443.28 105 71 89 684 370369 1 11936244 133474 2.8 79 29 1 6 18% 783 203073 18585 25%
c w 2449.36 111 71 89 684 370369 1 11936244 132851 2.8 79 29 1 6 18% 783 203073 18585 25%
c - 2450.33 96 71 89 685 370369 1 11939934 111568 2.8 79 29 1 6 18% 783 203073 18585 25%
c - 2456.01 98 71 89 686 370377 1 11966106 112311 2.8 78 28 1 6 17% 783 203073 18585 25%
c - 2461.29 99 71 89 687 370389 1 11992299 112901 2.8 78 28 1 6 17% 783 203073 18585 25%
c
c  seconds     switched       rate             size/glue  tier1   binary          remaining
c           MB   reductions      conflicts           size   tier2    irredundant
c            level      restarts         redundant      glue   trail         variables
c
c - 2467.06 102 70 89 688 370399 1 12018509 113702 2.8 78 28 1 6 17% 783 203073 18585 25%
c - 2473.24 103 70 89 689 370407 1 12044740 114225 2.8 78 28 1 6 17% 783 203073 18585 25%
c - 2478.57 103 69 89 690 370418 1 12070988 114397 2.8 78 28 1 6 16% 783 203073 18585 25%
c - 2483.67 104 70 89 691 370430 1 12097257 114682 2.8 78 28 1 6 16% 783 203073 18585 25%
c - 2488.48 105 68 89 692 370432 1 12123543 113840 2.8 79 29 1 6 16% 783 203073 18585 25%
c ] 2490.62 95 68 90 692 370432 1 12133162 123407 2.8 79 28 1 6 16% 783 203073 18585 25%
c { 2490.62 95 80 90 692 370432 6 12133162 123407 3.0 52 17 1 3 16% 783 203073 18585 25%
c - 2494.30 103 80 90 693 371218 6 12149848 115518 3.0 52 17 1 3 16% 783 203073 18585 25%
c - 2499.15 105 80 90 694 372455 6 12176173 118718 3.0 52 17 1 3 16% 783 203073 18585 25%
c - 2505.37 105 81 90 695 373712 5 12202516 120497 3.1 53 17 1 3 17% 783 203073 18585 25%
c - 2511.05 104 80 90 696 374977 5 12228878 121852 3.1 53 17 1 3 17% 783 203073 18585 25%
c - 2517.14 105 80 90 697 376451 5 12255259 122672 3.0 53 17 1 3 17% 783 203073 18585 25%
c - 2522.88 105 80 90 698 377468 5 12281659 123371 3.1 54 17 1 3 17% 783 203073 18585 25%
c u 2527.09 103 80 90 698 378319 5 12297385 136502 3.1 54 17 1 3 17% 783 203073 18585 25%
c v 2527.27 103 80 90 698 378319 5 12297385 130997 3.1 54 17 1 3 17% 784 203073 18585 25%
c w 2530.75 104 80 90 698 378319 5 12297385 130234 3.1 54 17 1 3 17% 784 203073 18585 25%
c x 2531.29 104 80 90 698 378319 5 12297385 130231 3.1 54 17 1 3 17% 784 203033 18585 25%
c - 2533.42 105 81 90 699 378843 5 12308080 117587 3.1 53 17 1 3 17% 784 203033 18585 25%
c - 2539.16 104 81 90 700 379907 5 12334520 119381 3.1 54 17 1 3 17% 784 203033 18585 25%
c - 2544.57 105 80 90 701 381117 5 12360978 120921 3.1 54 17 1 3 17% 784 203033 18585 25%
c
c  seconds     switched       rate             size/glue  tier1   binary          remaining
c           MB   reductions      conflicts           size   tier2    irredundant
c            level      restarts         redundant      glue   trail         variables
c
c - 2550.21 105 80 90 702 382179 5 12387454 122013 3.2 54 17 1 3 17% 784 203033 18585 25%
c o 2555.03 104 80 90 702 383294 5 12410442 144471 3.2 54 17 1 3 17% 784 203033 18585 25%
c - 2555.77 104 80 90 703 383341 5 12413949 122941 3.2 54 17 1 3 17% 784 203033 18585 25%
c - 2561.44 105 79 90 704 384729 5 12440463 124072 3.2 54 17 1 3 17% 784 203033 18585 25%
c - 2567.25 104 80 90 705 386127 5 12466995 125116 3.2 53 17 1 3 17% 784 203033 18585 25%
c - 2573.18 105 80 90 706 388273 6 12493546 125433 3.1 53 17 1 3 16% 784 203033 18585 25%
c - 2579.20 106 80 90 707 389559 6 12520116 125639 3.1 54 17 1 3 17% 784 203033 18585 25%
c } 2583.10 103 80 91 707 390472 6 12538482 143646 3.1 53 17 1 3 17% 784 203033 18585 25%
c [ 2583.10 103 68 91 707 390472 1 12538482 143646 2.8 79 28 1 6 16% 784 203033 18585 25%
c I 2583.10 103 68 91 707 390472 1 12538482 143646 2.8 79 28 1 6 16% 784 203033 18585 25%
c - 2585.61 104 68 91 708 390477 1 12546706 125930 2.9 80 28 1 6 17% 784 203033 18585 25%
c - 2590.06 105 69 91 709 390488 1 12573314 124065 2.8 78 28 1 6 16% 784 203033 18585 25%
c - 2597.90 105 69 91 710 390501 1 12599941 120663 2.8 79 28 1 6 17% 784 203033 18585 25%
c - 2608.08 99 69 91 711 390507 1 12626587 119951 2.9 82 28 1 6 19% 784 203033 18585 25%
c - 2614.28 100 70 91 712 390517 1 12653252 119664 2.9 81 28 1 6 18% 784 203033 18585 25%
c u 2617.91 103 70 91 712 390524 1 12664398 127587 2.9 82 28 1 6 19% 784 203033 18585 25%
c v 2618.05 103 70 91 712 390524 1 12664398 124298 2.9 82 28 1 6 19% 784 203033 18585 25%
c w 2623.01 105 70 91 712 390524 1 12664398 121442 2.9 82 28 1 6 19% 784 203033 18585 25%
c - 2627.89 105 71 91 713 390532 1 12679936 113258 2.9 82 28 1 6 19% 784 203033 18585 25%
c - 2636.71 106 71 91 714 390534 1 12706640 114900 3.0 84 28 1 6 20% 784 203033 18585 25%
c
c  seconds    switched       rate             size/glue  tier1   binary          remaining
c          MB   reductions      conflicts           size   tier2    irredundant
c           level      restarts         redundant      glue   trail         variables
c
c - 2642.11 98 71 91 715 390534 1 12733361 115374 2.8 82 29 1 6 18% 784 203033 18585 25%
c s 2647.99 99 71 91 715 390547 1 12756485 138307 2.8 82 29 1 6 19% 784 203028 18585 25%
c e 2648.03 101 71 91 715 390547 1 12756485 138307 2.8 82 29 1 6 19% 781 203129 18549 25%
c s 2648.04 101 71 91 715 390547 1 12756485 138307 2.8 82 29 1 6 19% 781 203072 18549 25%
c - 2649.00 101 71 91 716 390548 1 12760102 115793 2.8 82 29 1 6 19% 781 203072 18549 25%
c - 2654.97 102 72 91 717 390561 1 12786860 116361 2.8 81 29 1 6 18% 781 203072 18549 25%
c - 2661.45 103 71 91 718 390565 1 12813636 117109 2.7 81 30 1 6 18% 781 203072 18549 25%
c caught signal 15 (SIGTERM)
c
c ---- [ profiling ] ---------------------------------------------------------
c
c        2429.18   91.26 %  search
c        1223.12   45.95 %  stable
c        1206.07   45.31 %  focused
c         232.26    8.73 %  simplify
c         223.56    8.40 %  probe
c         167.65    6.30 %  vivify
c          47.94    1.80 %  sweep
c           9.85    0.37 %  reduce
c           5.28    0.20 %  walking
c           4.22    0.16 %  substitute
c           3.83    0.14 %  eliminate
c           2.16    0.08 %  factor
c           0.96    0.04 %  congruence
c           0.52    0.02 %  subsume
c           0.45    0.02 %  transitive
c           0.43    0.02 %  preprocess
c           0.19    0.01 %  backbone
c           0.05    0.00 %  parse
c           0.03    0.00 %  lucky
c =============================================
c        2661.95  100.00 %  total
c
c ---- [ statistics ] --------------------------------------------------------
c
c chronological:                         5838                0 %  conflicts
c conflicts:                         12815424             4814.30 per second
c congruent:                            15105               20 %  variables
c decisions:                         48524457                3.79 per conflict
c eliminated:                           36750               50 %  variables
c factored:                                23                0 %  variables
c iterations:                               1                0 %  variables
c propagations:                    8173644626          3070547    per second
c reductions:                             718            17849    interval
c reordered:                               50           256308    interval
c rephased:                                63           203419    interval
c restarts:                            390565               33    interval
c strengthened:                          7287                0 %  checks
c substituted:                          15196               20 %  variables
c subsumed:                              4601                0 %  checks
c switched:                                91           140829    interval
c vivified:                            936583               11 %  checks
c walks:                                   21           610258    interval
c
c ---- [ glue usage ] --------------------------------------------------------
c
c focused glue 1 used 66705820 clauses 85.23% accumulated 85.23% tier1
c focused glue 2 used  3229169 clauses  4.13% accumulated 89.36%
c focused glue 3 used  1508273 clauses  1.93% accumulated 91.29% tier2
c
c stable glue 1   used 97765412 clauses 81.47% accumulated 81.47% tier1
c stable glue 2   used  4247719 clauses  3.54% accumulated 85.01%
c stable glue 3-4 used  4109779 clauses  3.42% accumulated 88.44%
c stable glue 5   used  1460908 clauses  1.22% accumulated 89.65%
c stable glue 6   used  1203159 clauses  1.00% accumulated 90.66% tier2
c
c ---- [ resources ] ---------------------------------------------------------
c
c maximum-resident-set-size:        116559872 bytes        111 MB
c process-time:                        44m 22s            2661.95 seconds
c raising signal 15 (SIGTERM)
