c ---- [ banner ] ------------------------------------------------------------
c
c Kissat SAT Solver
c 
c Copyright (c) 2021-2024 Armin Biere University of Freiburg
c Copyright (c) 2019-2021 Armin Biere Johannes Kepler University Linz
c 
c Version 4.0.4 8af8e56f174b778aef3aa45af9f739b2a5f492c2
c gcc (Ubuntu 13.3.0-6ubuntu2~24.04.1) 13.3.0 -W -Wall -O3 -DNDEBUG
c Sun Sep 27 15:50:37 +04 2026 Linux vm 6.18.44-fc-v37 x86_64
c
c ---- [ parsing ] -----------------------------------------------------------
c
c opened and reading DIMACS file:
c
c   cnf/d8_noperm.cnf
c
c parsed 'p cnf 172802 618560' header
c closing input after reading 12380016 bytes (12 MB)
c finished parsing after 0.11 seconds
c
c ---- [ solving ] -----------------------------------------------------------
c
c seconds switched rate     size/glue tier1   binary            remaining
c        MB reductions conflicts size  tier2      irredundant
c         level restarts redundant glue  trail            variables
c
c *  0.11 48 0 0 0  0 0   0   0 0.0 0 0 0 0 0% 120881 491047 167870 97%
c (  0.14 48 0 0 0  0 0   0   0 0.0 0 0 0 0 0% 120881 491047 167870 97%
c .  0.17 48 0 0 0  0 0   0   0 0.0 0 0 0 0 0% 129235 473933 167870 97%
c c  1.23 154 0 0 0  0 0   0   0 0.0 0 0 0 0 0% 200845 332641 127589 74%
c d  1.26 154 0 0 0  0 0   0   0 0.0 0 0 0 0 0% 119979 332641 127589 74%
c )  1.34 154 0 0 0  0 0   0   0 0.0 0 0 0 0 0% 118971 332641 127589 74%
c {  1.35 154 0 0 0  0 0   0   0 0.0 0 0 2 6 0% 118971 332641 127589 74%
c -  1.53 152 79 0 1 247 25 1001 574 1.9 14 7 3 8 5% 118971 332641 127589 74%
c }  1.53 152 79 1 1 247 25 1001 574 1.9 14 7 3 8 5% 118971 332641 127589 74%
c [  1.53 152 0 1 1 247 0 1001 574 0.0 0 0 2 6 0% 118971 332641 127589 74%
c B  1.53 152 0 1 1 247 0 1001 574 0.0 0 0 2 6 0% 118971 332641 127589 74%
c -  1.56 152 108 1 2 247 1 2004 1005 1.8 12 7 5 8 7% 118971 332641 127589 74%
c W  1.64 152 108 1 2 247 1 2004 1005 1.8 12 7 5 8 7% 118971 332641 127589 74%
c u  2.02 153 108 1 2 248 1 2693 1586 2.2 31 15 5 10 11% 118971 332641 127589 74%
c v  2.04 153 108 1 2 248 1 2693 1242 2.2 31 15 5 10 11% 118971 332641 127589 74%
c w  2.06 153 108 1 2 248 1 2693 1242 2.2 31 15 5 10 11% 118971 332641 127589 74%
c x  2.08 153 108 1 2 248 1 2693 1242 2.2 31 15 5 10 11% 118971 332641 127589 74%
c ]  2.14 153 107 2 2 248 1 2739 1280 2.2 33 15 5 10 11% 118971 332641 127589 74%
c {  2.14 153 79 2 2 248 25 2739 1280 1.9 14 7 3 8 5% 118971 332641 127589 74%
c -  2.24 153 75 2 3 313 19 3421 1310 1.9 14 8 3 10 5% 118971 332641 127589 74%
c
c seconds   switched   rate       size/glue tier1     binary            remaining
c         MB reductions conflicts       size  tier2       irredundant
c          level restarts    redundant    glue   trail            variables
c
c }  2.27 153 74 3 3 331 17 3741 1522 1.9 14 7 3 10 5% 118971 332641 127589 74%
c [  2.27 153 107 3 3 331 1 3741 1522 2.2 33 15 5 10 11% 118971 332641 127589 74%
c I  2.40 153 98 3 3 331 2 4263 2018 2.7 43 16 5 24 11% 118971 332641 127589 74%
c ]  2.40 153 98 4 3 331 2 4282 2037 2.7 43 16 5 24 11% 118971 332641 127589 74%
c {  2.40 153 74 4 3 331 17 4282 2037 1.9 14 7 3 10 5% 118971 332641 127589 74%
c -  2.58 153 83 4 4 504 20 5155 2351 1.9 15 8 3 10 6% 118971 332641 127589 74%
c }  2.90 153 92 5 4 804 24 6634 3445 1.9 16 8 3 10 6% 118971 332641 127589 74%
c [  2.90 153 98 5 4 804 2 6634 3445 2.7 43 16 5 24 11% 118971 332641 127589 74%
c -  3.13 153 91 5 5 804 2 7158 3394 2.9 55 19 4 25 12% 118971 332641 127589 74%
c ]  3.42 153 87 6 5 805 1 7976 4197 3.1 65 21 4 25 13% 118971 332641 127589 74%
c {  3.42 153 92 6 5 805 24 7976 4197 1.9 16 8 3 10 6% 118971 332641 127589 74%
c u  3.53 153 91 6 5 930 25 8295 4107 1.9 17 9 3 10 6% 118971 332641 127589 74%
c v  3.57 153 91 6 5 930 25 8295 3400 1.9 17 9 3 10 6% 118971 332641 127589 74%
c w  3.68 153 91 6 5 930 25 8295 3399 1.9 17 9 3 10 6% 118971 332641 127589 74%
c -  4.11 153 106 6 6 1158 26 9395 3604 1.9 17 9 3 12 6% 118971 332641 127589 74%
c o  4.24 153 107 6 6 1303 26 10001 4138 1.9 18 9 3 12 6% 118971 332641 127589 74%
c -  4.55 153 113 6 7 1513 25 11844 5126 1.9 18 9 4 13 6% 118971 332641 127589 74%
c }  4.58 153 118 7 7 1538 26 12047 5302 1.9 18 9 4 13 6% 118971 332641 127589 74%
c [  4.58 153 87 7 7 1538 1 12047 5302 3.1 65 21 4 25 13% 118971 332641 127589 74%
c B  4.58 153 87 7 7 1538 1 12047 5302 3.1 65 21 4 25 13% 118971 332641 127589 74%
c
c seconds   switched   rate        size/glue  tier1     binary          remaining
c         MB reductions  conflicts       size   tier2      irredundant
c          level  restarts    redundant     glue    trail          variables
c
c e  5.66 172 85 7 7 1539 1 13466 6685 3.0 71 24 4 25 14% 2958 330400 49483 29%
c s  5.74 172 85 7 7 1539 1 13466 6685 3.0 71 24 4 25 14% 2958 330173 49483 29%
c e  5.76 172 85 7 7 1539 1 13466 6685 3.0 71 24 4 25 14% 2946 330121 49446 29%
c ^  5.76 172 85 7 7 1539 1 13466 6685 3.0 71 24 4 25 14% 2946 330121 49446 29%
c -  5.98 169 86 7 8 1540 1 14489 2239 2.9 71 25 3 28 14% 2946 330121 49446 29%
c u  6.19 158 89 7 8 1541 1 16995 4272 2.9 59 20 3 25 15% 2946 330121 49446 29%
c v  6.23 158 89 7 8 1541 1 16995 3674 2.9 59 20 3 25 15% 2946 330121 49446 29%
c w  6.29 158 89 7 8 1541 1 16995 3641 2.9 59 20 3 25 15% 2946 330121 49446 29%
c x  6.33 158 89 7 8 1541 1 16995 3641 2.9 59 20 3 25 15% 2946 330121 49446 29%
c f  6.62 155 89 7 8 1541 1 16995 3641 2.9 59 20 3 25 15% 2968 330087 49451 29%
c u  6.66 155 89 7 8 1541 1 16995 3609 2.9 59 20 3 25 15% 2968 330087 49451 29%
c v  6.70 155 89 7 8 1541 1 16995 3276 2.9 59 20 3 25 15% 2968 330087 49451 29%
c w  6.77 155 89 7 8 1541 1 16995 3177 2.9 59 20 3 25 15% 2968 330087 49451 29%
c -  6.81 155 89 7 9 1541 1 17318 3222 2.9 58 20 3 24 15% 2968 330087 49451 29%
c W  6.86 155 88 7 9 1542 1 17578 3453 2.8 57 20 3 24 15% 2968 330087 49451 29%
c -  6.90 155 87 7 10 1543 1 20319 4716 2.6 50 19 4 25 12% 2968 330087 49451 29%
c ]  6.93 155 88 8 10 1543 1 21094 5439 2.6 49 19 4 25 12% 2968 330087 49451 29%
c {  6.93 155 118 8 10 1543 26 21094 5439 1.9 18 9 4 13 6% 2968 330087 49451 29%
c o  6.95 155 119 8 10 1548 26 21113 5449 1.9 18 9 4 13 6% 2968 330087 49451 29%
c -  7.20 155 127 8 11 1762 24 23481 5976 1.9 18 9 3 12 6% 2968 330087 49451 29%
c
c seconds    switched     rate        size/glue tier1    binary          remaining
c         MB   reductions   conflicts       size  tier2     irredundant
c           level   restarts     redundant    glue   trail          variables
c
c s  7.56 155 130 8 11 2085 22 26580 8247 2.0 18 9 3 12 6% 2968 330053 49451 29%
c e  7.90 155 130 8 11 2085 22 26580 8247 2.0 18 9 3 12 6% 1603 331814 48663 28%
c s  7.91 155 130 8 11 2085 22 26580 8247 2.0 18 9 3 12 6% 1603 331297 48663 28%
c e  7.96 155 130 8 11 2085 22 26580 8247 2.0 18 9 3 12 6% 1603 331295 48657 28%
c ^  7.96 155 130 8 11 2085 22 26580 8247 2.0 18 9 3 12 6% 1603 331295 48657 28%
c -  8.02 155 130 8 12 2113 22 26798 5596 2.0 18 9 3 13 6% 1603 331295 48657 28%
c }  8.10 155 137 9 12 2165 22 27253 5945 1.9 18 9 3 13 6% 1603 331295 48657 28%
c [  8.10 155 88 9 12 2165 1 27253 5945 2.6 49 19 4 25 12% 1603 331295 48657 28%
c O  8.10 155 88 9 12 2165 1 27253 5945 2.6 49 19 4 25 12% 1603 331295 48657 28%
c u  8.26 155 89 9 12 2166 1 28667 6613 2.5 49 19 4 25 11% 1603 331295 48657 28%
c v  8.33 155 89 9 12 2166 1 28667 5344 2.5 49 19 4 25 11% 1603 331295 48657 28%
c w  8.36 155 89 9 12 2166 1 28667 5340 2.5 49 19 4 25 11% 1603 331295 48657 28%
c -  8.91 155 90 9 13 2167 1 30262 5450 2.4 50 21 4 27 11% 1603 331295 48657 28%
c ]  9.16 155 89 10 13 2168 1 31667 6822 2.4 51 22 4 27 11% 1603 331295 48657 28%
c {  9.16 155 137 10 13 2168 22 31667 6822 1.9 18 9 3 13 6% 1603 331295 48657 28%
c -  9.47 155 139 10 14 2416 21 33868 7111 2.0 19 10 3 12 6% 1603 331295 48657 28%
c -  9.88 155 139 10 15 2818 21 37610 8397 1.9 19 10 3 13 6% 1603 331295 48657 28%
c } 10.12 155 135 11 15 3220 21 40295 10441 2.0 19 10 3 13 6% 1603 331295 48657 28%
c [ 10.12 155 89 11 15 3220 1 40295 10441 2.4 51 22 4 27 11% 1603 331295 48657 28%
c B 10.13 155 89 11 15 3220 1 40295 10441 2.4 51 22 4 27 11% 1603 331295 48657 28%
c
c seconds    switched    rate         size/glue  tier1     binary          remaining
c         MB   reductions  conflicts        size   tier2      irredundant
c          level    restarts     redundant     glue    trail          variables
c
c o 10.17 155 90 11 15 3221 1 41389 11440 2.4 50 21 4 27 12% 1603 331295 48657 28%
c - 10.22 155 90 11 16 3221 1 41485 9571 2.4 50 21 4 25 12% 1603 331295 48657 28%
c u 10.79 156 90 11 16 3222 1 43696 10833 2.4 53 22 4 25 12% 1603 331295 48657 28%
c v 10.86 156 90 11 16 3222 1 43696 9158 2.4 53 22 4 25 12% 1603 331295 48657 28%
c w 10.93 156 90 11 16 3222 1 43696 9152 2.4 53 22 4 25 12% 1603 331295 48657 28%
c x 10.98 156 90 11 16 3222 1 43696 9152 2.4 53 22 4 25 12% 1603 331280 48657 28%
c - 11.46 156 89 11 17 3223 1 45486 8519 2.4 54 23 3 26 13% 1603 331280 48657 28%
c ] 11.55 156 89 12 17 3224 1 45979 9000 2.4 55 23 3 26 13% 1603 331280 48657 28%
c { 11.55 156 135 12 17 3224 21 45979 9000 2.0 19 10 3 13 6% 1603 331280 48657 28%
c - 11.95 156 138 12 18 3548 20 49611 9539 2.0 19 10 3 13 6% 1603 331280 48657 28%
c - 12.38 156 138 12 19 4028 20 53853 10590 2.0 19 10 3 13 6% 1603 331280 48657 28%
c e 12.84 156 137 12 19 4177 20 55010 11496 2.0 20 10 3 13 6% 1564 332140 48197 28%
c s 12.84 156 137 12 19 4177 20 55010 11496 2.0 20 10 3 13 6% 1564 331601 48197 28%
c ^ 12.87 156 137 12 19 4177 20 55010 11496 2.0 20 10 3 13 6% 1564 331601 48197 28%
c } 13.25 156 138 13 19 4406 19 57460 13108 2.0 20 10 3 13 6% 1564 331601 48197 28%
c [ 13.25 156 89 13 19 4406 1 57460 13108 2.4 55 23 3 26 13% 1564 331601 48197 28%
c W 13.31 156 89 13 19 4406 1 57460 13108 2.4 55 23 3 26 13% 1564 331601 48197 28%
c - 13.44 156 88 13 20 4406 1 58211 11590 2.4 55 23 3 27 13% 1564 331601 48197 28%
c u 14.16 156 87 13 20 4409 1 62189 14287 2.3 57 24 3 27 13% 1564 331601 48197 28%
c v 14.26 156 87 13 20 4409 1 62189 12331 2.3 57 24 3 27 13% 1564 331601 48197 28%
c
c seconds    switched    rate         size/glue  tier1     binary          remaining
c         MB   reductions  conflicts        size   tier2      irredundant
c          level    restarts     redundant     glue    trail          variables
c
c w 14.39 156 87 13 20 4409 1 62189 12279 2.3 57 24 3 27 13% 1564 331601 48197 28%
c - 14.56 156 86 13 21 4409 1 62684 10092 2.3 57 24 3 28 13% 1564 331601 48197 28%
c ] 14.97 156 86 14 21 4411 1 65206 12529 2.3 58 25 3 28 13% 1564 331601 48197 28%
c { 14.97 156 138 14 21 4411 19 65206 12529 2.0 20 10 3 13 6% 1564 331601 48197 28%
c - 15.24 156 136 14 22 4601 19 67266 11455 2.0 20 10 3 13 6% 1564 331601 48197 28%
c o 15.67 172 136 14 22 5098 19 71411 14624 2.0 20 10 3 13 6% 1564 331601 48197 28%
c - 15.75 172 137 14 23 5142 19 71956 12848 2.0 20 10 3 12 6% 1564 331601 48197 28%
c - 16.29 172 138 14 24 5725 19 76752 13211 2.0 20 10 2 12 6% 1564 331601 48197 28%
c } 16.66 173 138 15 24 6065 18 79922 15628 2.0 20 10 2 12 6% 1564 331601 48197 28%
c [ 16.66 173 86 15 24 6065 1 79922 15628 2.3 58 25 3 28 13% 1564 331601 48197 28%
c I 16.66 173 86 15 24 6065 1 79922 15628 2.3 58 25 3 28 13% 1564 331601 48197 28%
c - 16.98 173 85 15 25 6066 1 81650 14097 2.3 58 25 3 28 13% 1564 331601 48197 28%
c u 17.58 173 85 15 25 6068 1 84276 15869 2.3 59 26 3 28 13% 1564 331601 48197 28%
c v 17.69 173 85 15 25 6068 1 84276 13253 2.3 59 26 3 28 13% 1564 331601 48197 28%
c w 17.88 173 85 15 25 6068 1 84276 13238 2.3 59 26 3 28 13% 1564 331601 48197 28%
c - 18.20 174 85 15 26 6070 1 86651 12076 2.3 59 25 2 26 13% 1564 331601 48197 28%
c ] 18.80 174 85 16 26 6071 1 90069 15389 2.3 60 25 2 26 13% 1564 331601 48197 28%
c { 18.80 174 138 16 26 6071 18 90069 15389 2.0 20 10 2 12 6% 1564 331601 48197 28%
c - 19.02 174 136 16 27 6217 18 91750 13303 2.0 20 10 2 12 6% 1564 331601 48197 28%
c - 19.76 174 139 16 28 6696 18 96946 14624 2.0 20 10 2 12 6% 1564 331601 48197 28%
c
c seconds     switched     rate          size/glue  tier1    binary          remaining
c         MB    reductions   conflicts         size   tier2     irredundant
c           level    restarts       redundant     glue   trail          variables
c
c s 20.24 174 141 16 28 7033 18 100807 17613 2.0 20 10 2 12 6% 1564 331553 48197 28%
c e 20.66 175 141 16 28 7033 18 100807 17613 2.0 20 10 2 12 6% 581 337111 46843 27%
c s 20.68 175 141 16 28 7033 18 100807 17613 2.0 20 10 2 12 6% 581 336644 46843 27%
c e 20.72 175 141 16 28 7033 18 100807 17613 2.0 20 10 2 12 6% 581 336690 46831 27%
c ^ 20.72 175 141 16 28 7033 18 100807 17613 2.0 20 10 2 12 6% 581 336690 46831 27%
c - 20.91 175 140 16 29 7201 18 102237 13959 2.0 21 10 2 11 6% 581 336690 46831 27%
c - 21.62 175 141 16 30 7792 17 107622 15564 2.0 21 10 2 11 6% 581 336690 46831 27%
c } 21.71 175 142 17 30 7849 17 108406 16143 2.0 21 10 2 11 6% 581 336690 46831 27%
c [ 21.71 175 85 17 30 7849 1 108406 16143 2.3 60 25 2 26 13% 581 336690 46831 27%
c B 21.71 175 85 17 30 7849 1 108406 16143 2.3 60 25 2 26 13% 581 336690 46831 27%
c u 22.07 175 84 17 30 7850 1 110086 16832 2.3 60 26 2 26 13% 581 336690 46831 27%
c v 22.17 175 84 17 30 7850 1 110086 14203 2.3 60 26 2 26 13% 581 336690 46831 27%
c w 22.37 175 84 17 30 7850 1 110086 14161 2.3 60 26 2 26 13% 581 336690 46831 27%
c o 23.53 175 84 17 30 7852 1 112562 16597 2.3 61 26 2 26 13% 581 336690 46831 27%
c - 23.69 175 84 17 31 7852 1 113100 13936 2.3 61 26 2 25 14% 581 336690 46831 27%
c - 24.54 176 83 17 32 7855 1 118667 14976 2.4 62 27 2 24 13% 581 336690 46831 27%
c ] 25.20 176 83 18 32 7858 1 123075 19290 2.4 63 27 2 24 13% 581 336690 46831 27%
c { 25.20 176 142 18 32 7858 17 123075 19290 2.0 21 10 2 11 6% 581 336690 46831 27%
c - 25.33 176 141 18 33 7938 17 124323 15755 2.0 21 10 2 11 6% 581 336690 46831 27%
c - 25.78 176 138 18 34 8161 16 130067 17027 2.0 21 10 2 11 6% 581 336690 46831 27%
c
c seconds     switched     rate          size/glue  tier1   binary          remaining
c         MB    reductions   conflicts         size   tier2    irredundant
c           level    restarts       redundant     glue   trail         variables
c
c - 26.34 176 135 18 35 8422 16 135899 18225 2.0 20 10 2 11 6% 581 336690 46831 27%
c u 26.94 156 134 18 35 8585 15 139730 20214 2.0 20 10 2 11 6% 581 336690 46831 27%
c v 27.06 156 134 18 35 8585 15 139730 16920 2.0 20 10 2 11 6% 581 336690 46831 27%
c w 27.18 156 134 18 35 8585 15 139730 16867 2.0 20 10 2 11 6% 581 336690 46831 27%
c x 27.31 156 134 18 35 8585 15 139730 16866 2.0 20 10 2 11 6% 581 336618 46831 27%
c - 27.65 156 133 18 36 8677 15 141816 15906 2.0 20 10 2 11 6% 581 336618 46831 27%
c } 28.03 156 132 19 36 8872 15 145420 18770 2.0 20 10 2 11 6% 581 336618 46831 27%
c [ 28.03 156 83 19 36 8872 1 145420 18770 2.4 63 27 2 24 13% 581 336618 46831 27%
c W 28.15 156 83 19 36 8872 1 145420 18770 2.4 63 27 2 24 13% 581 336618 46831 27%
c - 28.42 156 82 19 37 8874 1 147817 17961 2.3 63 27 2 24 13% 581 336618 46831 27%
c - 29.56 156 82 19 38 8878 1 153900 19129 2.4 64 27 2 23 13% 581 336618 46831 27%
c ] 30.21 156 82 20 38 8878 1 156986 22162 2.4 65 27 2 23 13% 581 336618 46831 27%
c { 30.21 156 132 20 38 8878 15 156986 22162 2.0 20 10 2 11 6% 581 336618 46831 27%
c - 30.71 156 132 20 39 9277 15 160065 19454 2.0 20 10 2 10 6% 581 336618 46831 27%
c o 31.08 156 134 20 39 9503 15 162590 21512 2.0 20 10 2 10 6% 581 336618 46831 27%
c e 32.21 176 133 20 39 9931 15 165944 24233 2.0 21 10 2 10 6% 307 383277 38714 22%
c s 32.29 176 133 20 39 9931 15 165944 24233 2.0 21 10 2 10 6% 307 382971 38714 22%
c e 32.33 176 133 20 39 9931 15 165944 24233 2.0 21 10 2 10 6% 307 382989 38710 22%
c ^ 32.33 176 133 20 39 9931 15 165944 24233 2.0 21 10 2 10 6% 307 382989 38710 22%
c - 32.44 177 132 20 40 9974 15 166311 17809 2.0 21 10 2 10 6% 307 382989 38710 22%
c
c seconds     switched      rate          size/glue  tier1   binary          remaining
c         MB    reductions    conflicts         size   tier2    irredundant
c           level    restarts        redundant     glue   trail         variables
c
c - 33.40 178 133 20 41 10509 15 172635 20371 2.0 21 10 2 10 6% 307 382989 38710 22%
c u 33.58 178 134 20 41 10534 15 173284 19614 2.0 21 10 2 10 6% 307 382989 38710 22%
c v 33.73 178 134 20 41 10534 15 173284 16889 2.0 21 10 2 10 6% 307 382989 38710 22%
c w 33.95 178 134 20 41 10534 15 173284 16524 2.0 21 10 2 10 6% 307 382989 38710 22%
c - 34.83 178 132 20 42 11068 15 179039 19184 2.0 21 10 2 9 6% 307 382989 38710 22%
c } 35.45 178 131 21 42 11614 15 183725 22928 2.0 21 11 2 9 6% 307 382989 38710 22%
c [ 35.45 178 82 21 42 11614 1 183725 22928 2.4 65 27 2 23 13% 307 382989 38710 22%
c O 35.45 178 82 21 42 11614 1 183725 22928 2.4 65 27 2 23 13% 307 382989 38710 22%
c - 35.80 178 82 21 43 11615 1 185519 21557 2.4 65 27 2 22 13% 307 382989 38710 22%
c - 36.68 178 81 21 44 11620 1 192076 21987 2.3 65 28 2 21 13% 307 382989 38710 22%
c - 38.01 179 80 21 45 11623 1 198709 21933 2.3 66 28 2 21 14% 307 382989 38710 22%
c ] 38.94 179 80 22 45 11627 1 204777 27826 2.3 67 29 2 21 14% 307 382989 38710 22%
c { 38.94 179 131 22 45 11627 15 204777 27826 2.0 21 11 2 9 6% 307 382989 38710 22%
c - 39.02 179 131 22 46 11670 15 205418 22616 2.0 21 11 2 9 6% 307 382989 38710 22%
c u 39.76 179 128 22 46 12156 15 211252 26451 2.0 21 11 2 9 6% 307 382989 38710 22%
c v 39.90 179 128 22 46 12156 15 211252 23573 2.0 21 11 2 9 6% 307 382989 38710 22%
c w 40.12 179 128 22 46 12156 15 211252 23373 2.0 21 11 2 9 6% 307 382989 38710 22%
c - 40.60 179 128 22 47 12228 15 212200 20993 2.0 21 11 2 9 6% 307 382989 38710 22%
c - 41.61 180 125 22 48 12931 15 219056 23572 2.0 22 11 2 9 6% 307 382989 38710 22%
c o 42.14 180 124 22 48 13227 15 222618 26493 2.0 22 11 2 9 6% 307 382989 38710 22%
c
c seconds     switched      rate          size/glue  tier1  binary          remaining
c         MB    reductions    conflicts         size   tier2   irredundant
c           level    restarts        redundant     glue  trail         variables
c
c - 42.75 180 123 22 49 13606 15 225984 25792 2.0 22 11 2 9 6% 307 382989 38710 22%
c - 43.97 180 120 22 50 14386 15 232984 27547 2.0 22 11 2 9 6% 307 382989 38710 22%
c } 44.51 180 120 23 50 14794 15 236294 30363 2.0 22 11 2 9 6% 307 382989 38710 22%
c [ 44.51 180 80 23 50 14794 1 236294 30363 2.3 67 29 2 21 14% 307 382989 38710 22%
c B 44.51 180 80 23 50 14794 1 236294 30363 2.3 67 29 2 21 14% 307 382989 38710 22%
c - 45.03 180 80 23 51 14796 1 240057 27888 2.3 67 29 1 19 13% 307 382989 38710 22%
c - 46.26 180 79 23 52 14800 1 247198 26780 2.3 67 29 1 19 13% 307 382989 38710 22%
c s 47.21 180 79 23 52 14804 1 253077 32498 2.3 68 29 1 19 13% 307 382954 38710 22%
c e 47.82 183 79 23 52 14804 1 253077 32498 2.3 68 29 1 19 13% 125 420030 35427 21%
c s 47.93 183 79 23 52 14804 1 253077 32498 2.3 68 29 1 19 13% 125 418865 35427 21%
c e 48.00 183 79 23 52 14804 1 253077 32498 2.3 68 29 1 19 13% 125 418893 35425 21%
c ! 48.00 183 79 23 52 14804 1 253077 32498 2.3 68 29 1 19 13% 125 418893 35425 21%
c u 48.17 168 79 23 52 14804 1 253334 26510 2.3 68 29 1 19 13% 125 418893 35425 21%
c v 48.27 169 79 23 52 14804 1 253334 23894 2.3 68 29 1 19 13% 125 418893 35425 21%
c w 48.76 170 79 23 52 14804 1 253334 23689 2.3 68 29 1 19 13% 125 418893 35425 21%
c - 49.22 172 79 23 53 14805 1 254409 19926 2.3 68 29 1 18 13% 125 418893 35425 21%
c - 50.50 174 81 23 54 14808 1 261691 21506 2.3 68 29 1 18 14% 125 418893 35425 21%
c ] 51.10 174 81 24 54 14808 1 265692 25451 2.3 68 29 1 18 14% 125 418893 35425 21%
c { 51.10 174 120 24 54 14808 15 265692 25451 2.0 22 11 2 9 6% 125 418893 35425 21%
c - 51.75 176 119 24 55 15201 15 269040 21051 2.0 22 11 1 9 7% 125 418893 35425 21%
c
c seconds     switched      rate          size/glue  tier1  binary          remaining
c         MB    reductions    conflicts         size   tier2   irredundant
c           level    restarts        redundant     glue  trail         variables
c
c - 52.82 177 121 24 56 15841 15 276456 23076 2.0 22 11 1 9 7% 125 418893 35425 21%
c - 53.82 178 122 24 57 16447 15 283940 24532 2.0 23 11 1 9 7% 125 418893 35425 21%
c - 54.81 178 119 24 58 17169 14 291489 25600 2.1 23 11 1 8 7% 125 418893 35425 21%
c o 54.95 178 119 24 58 17285 14 292622 26517 2.0 23 11 1 8 7% 125 418893 35425 21%
c - 55.75 178 120 24 59 17917 14 299104 26542 2.0 23 11 1 8 7% 125 418893 35425 21%
c u 55.93 178 119 24 59 18028 14 300000 26615 2.0 23 11 1 8 7% 125 418893 35425 21%
c v 56.04 178 119 24 59 18028 14 300000 22492 2.0 23 11 1 8 7% 125 418893 35425 21%
c w 56.30 178 119 24 59 18028 14 300000 21603 2.0 23 11 1 8 7% 125 418893 35425 21%
c } 57.62 179 119 25 59 18225 14 302371 23564 2.0 23 11 1 8 7% 125 418893 35425 21%
c [ 57.62 179 81 25 59 18225 1 302371 23564 2.3 68 29 1 18 14% 125 418893 35425 21%
c W 57.74 173 81 25 59 18225 1 302371 23564 2.3 68 29 1 18 14% 125 418893 35425 21%
c - 58.47 175 81 25 60 18228 1 306786 22610 2.3 67 29 1 18 14% 125 418893 35425 21%
c - 59.56 175 80 25 61 18231 1 314531 23123 2.3 68 29 1 18 14% 125 418893 35425 21%
c - 60.80 176 80 25 62 18237 1 322342 22372 2.3 68 29 1 17 14% 125 418893 35425 21%
c - 62.13 176 81 25 63 18239 1 330216 22670 2.3 68 29 1 17 14% 125 418893 35425 21%
c ] 62.81 176 81 26 63 18239 1 333468 25896 2.3 68 29 1 17 14% 125 418893 35425 21%
c { 62.81 176 119 26 63 18239 14 333468 25896 2.0 23 11 1 8 7% 125 418893 35425 21%
c - 63.49 178 119 26 64 18649 14 338155 23806 2.1 23 11 1 8 7% 125 418893 35425 21%
c - 64.67 179 118 26 65 19375 14 346155 26391 2.1 23 11 1 8 7% 125 418893 35425 21%
c u 65.59 172 119 26 65 19696 14 350971 29895 2.1 23 11 1 8 7% 125 418893 35425 21%
c
c seconds     switched      rate          size/glue  tier1  binary          remaining
c         MB    reductions    conflicts         size   tier2   irredundant
c           level    restarts        redundant     glue  trail         variables
c
c v 65.74 173 119 26 65 19696 14 350971 25908 2.1 23 11 1 8 7% 125 418893 35425 21%
c w 66.04 174 119 26 65 19696 14 350971 25532 2.1 23 11 1 8 7% 125 418893 35425 21%
c x 66.24 175 119 26 65 19696 14 350971 25532 2.1 23 11 1 8 7% 125 418808 35425 21%
c - 66.78 176 118 26 66 19970 14 354217 24005 2.1 23 11 1 8 7% 125 418808 35425 21%
c - 67.82 177 118 26 67 20689 14 362341 26438 2.1 23 11 1 8 7% 125 418808 35425 21%
c s 68.09 177 118 26 67 20871 14 364031 27852 2.1 23 11 1 8 7% 125 418794 35425 21%
c e 68.15 178 118 26 67 20871 14 364031 27852 2.1 23 11 1 8 7% 125 418785 35401 20%
c s 68.16 178 118 26 67 20871 14 364031 27852 2.1 23 11 1 8 7% 125 418739 35401 20%
c - 69.20 178 119 26 68 21391 14 370529 28443 2.1 23 11 1 8 7% 125 418739 35401 20%
c o 69.45 178 119 26 68 21540 14 372644 30182 2.1 23 11 1 8 7% 125 418739 35401 20%
c } 69.85 179 119 27 68 21769 14 375687 32769 2.1 23 11 1 8 7% 125 418739 35401 20%
c [ 69.85 179 81 27 68 21769 1 375687 32769 2.3 68 29 1 17 14% 125 418739 35401 20%
c I 69.85 179 81 27 68 21769 1 375687 32769 2.3 68 29 1 17 14% 125 418739 35401 20%
c - 70.37 179 81 27 69 21771 1 378776 29512 2.4 68 29 1 17 14% 125 418739 35401 20%
c - 71.53 179 80 27 70 21775 1 387084 28600 2.4 68 29 1 17 14% 125 418739 35401 20%
c - 72.81 179 80 27 71 21781 1 395450 26956 2.4 69 29 1 16 14% 125 418739 35401 20%
c - 74.33 180 80 27 72 21783 1 403877 26117 2.4 69 29 1 16 14% 125 418739 35401 20%
c u 75.15 180 80 27 72 21783 1 406328 27881 2.4 69 29 1 16 14% 125 418739 35401 20%
c v 75.26 180 80 27 72 21783 1 406328 25798 2.4 69 29 1 16 14% 125 418739 35401 20%
c w 75.92 181 80 27 72 21783 1 406328 25574 2.4 69 29 1 16 14% 125 418739 35401 20%
c
c seconds    switched     rate          size/glue  tier1    binary          remaining
c         MB   reductions   conflicts         size   tier2     irredundant
c          level    restarts       redundant     glue    trail         variables
c
c - 76.94 181 80 27 73 21786 1 412362 23814 2.4 69 29 1 15 14% 125 418739 35401 20%
c ] 77.09 181 80 28 73 21787 1 413481 24926 2.4 69 29 1 15 14% 125 418739 35401 20%
c { 77.09 181 119 28 73 21787 14 413481 24926 2.1 23 11 1 8 7% 125 418739 35401 20%
c - 78.10 181 119 28 74 22471 14 420906 26703 2.1 23 11 1 8 7% 125 418739 35401 20%
c - 79.41 181 119 28 75 23191 13 429508 29622 2.1 24 11 1 8 7% 125 418739 35401 20%
c - 80.79 181 119 28 76 24035 13 438168 31086 2.1 24 12 1 7 7% 125 418739 35401 20%
c - 82.25 181 119 28 77 24798 13 446887 32319 2.1 24 12 1 7 7% 125 418739 35401 20%
c - 83.58 181 120 28 78 25628 13 455661 33519 2.1 24 12 1 7 7% 125 418739 35401 20%
c } 84.50 181 120 29 78 26172 13 461619 38629 2.1 24 12 1 7 7% 125 418739 35401 20%
c [ 84.50 181 80 29 78 26172 1 461619 38629 2.4 69 29 1 15 14% 125 418739 35401 20%
c B 84.50 181 80 29 78 26172 1 461619 38629 2.4 69 29 1 15 14% 125 418739 35401 20%
c - 85.10 182 81 29 79 26174 1 464493 33919 2.4 69 29 1 15 14% 125 418739 35401 20%
c o 85.27 182 80 29 79 26175 1 465742 35157 2.4 69 29 1 15 14% 125 418739 35401 20%
c u 85.50 182 81 29 79 26175 1 466122 34401 2.4 69 29 1 15 14% 125 418739 35401 20%
c v 85.62 182 81 29 79 26175 1 466122 29497 2.4 69 29 1 15 14% 125 418739 35401 20%
c w 86.12 182 81 29 79 26175 1 466122 28192 2.4 69 29 1 15 14% 125 418739 35401 20%
c - 87.26 182 80 29 80 26178 1 473382 27704 2.4 69 29 1 15 14% 125 418739 35401 20%
c - 88.72 182 80 29 81 26184 1 482326 27993 2.4 69 29 1 15 14% 125 418739 35401 20%
c - 90.32 182 79 29 82 26186 1 491326 28314 2.4 69 28 1 14 14% 125 418739 35401 20%
c - 91.92 182 80 29 83 26191 1 500381 28117 2.4 69 28 1 14 14% 125 418739 35401 20%
c
c seconds    switched     rate          size/glue  tier1    binary          remaining
c         MB   reductions   conflicts         size   tier2     irredundant
c          level    restarts       redundant     glue    trail         variables
c
c W 92.93 173 80 29 83 26193 1 505330 32975 2.4 69 28 1 14 14% 125 418739 35401 20%
c ] 92.99 174 80 30 83 26193 1 505753 33377 2.4 69 28 1 14 14% 125 418739 35401 20%
c { 92.99 174 120 30 83 26193 13 505753 33377 2.1 24 12 1 7 7% 125 418739 35401 20%
c - 93.54 177 119 30 84 26543 13 509491 29246 2.1 24 12 1 7 7% 125 418739 35401 20%
c - 95.00 178 120 30 85 27338 13 518656 31704 2.1 24 12 1 7 7% 125 418739 35401 20%
c - 96.40 179 120 30 86 28190 13 527876 33661 2.1 25 12 1 7 7% 125 418739 35401 20%
c u 96.96 179 119 30 86 28460 13 530439 35262 2.1 25 12 1 7 7% 125 418739 35401 20%
c v 97.12 179 119 30 86 28460 13 530439 30872 2.1 25 12 1 7 7% 125 418739 35401 20%
c w 97.54 179 119 30 86 28460 13 530439 29490 2.1 25 12 1 7 7% 125 418739 35401 20%
c - 98.62 179 119 30 87 29093 13 537150 30320 2.1 25 12 1 7 7% 125 418739 35401 20%
c - 99.95 179 119 30 88 29887 13 546477 33464 2.1 25 12 1 7 7% 125 418739 35401 20%
c - 101.30 180 119 30 89 30576 13 555858 35554 2.1 25 12 1 7 7% 125 418739 35401 20%
c } 101.92 180 120 31 89 31000 13 560188 39312 2.1 25 12 1 7 7% 125 418739 35401 20%
c [ 101.92 180 80 31 89 31000 1 560188 39312 2.4 69 28 1 14 14% 125 418739 35401 20%
c O 101.92 180 80 31 89 31000 1 560188 39312 2.4 69 28 1 14 14% 125 418739 35401 20%
c - 102.80 180 80 31 90 31003 1 565291 36029 2.4 69 28 1 14 14% 125 418739 35401 20%
c o 103.35 180 80 31 90 31006 1 568507 39165 2.4 69 28 1 14 14% 125 418739 35401 20%
c - 104.63 180 80 31 91 31009 1 574777 34313 2.4 69 29 1 14 14% 125 418739 35401 20%
c - 106.41 180 80 31 92 31013 1 584317 33309 2.5 70 28 1 14 14% 125 418739 35401 20%
c - 108.38 180 79 31 93 31015 1 593908 32753 2.5 70 28 1 13 14% 125 418739 35401 20%
c
c seconds     switched     rate          size/glue  tier1    binary          remaining
c          MB   reductions   conflicts         size   tier2     irredundant
c           level    restarts       redundant     glue    trail         variables
c
c u 110.10 181 80 31 93 31019 1 599325 37251 2.5 70 28 1 13 15% 125 418739 35401 20%
c v 110.22 181 80 31 93 31019 1 599325 34755 2.5 70 28 1 13 15% 125 418739 35401 20%
c w 111.00 182 80 31 93 31019 1 599325 34650 2.5 70 28 1 13 15% 125 418739 35401 20%
c x 111.33 183 80 31 93 31019 1 599325 34650 2.5 70 28 1 13 15% 125 418648 35401 20%
c ] 111.73 183 80 32 93 31020 1 600557 35854 2.5 70 28 1 13 15% 125 418648 35401 20%
c { 111.73 183 120 32 93 31020 13 600557 35854 2.1 25 12 1 7 7% 125 418648 35401 20%
c - 112.43 183 119 32 94 31272 13 603551 30745 2.1 25 12 1 7 7% 125 418648 35401 20%
c - 113.93 174 117 32 95 32172 13 613246 33632 2.1 25 12 1 7 7% 125 418648 35401 20%
c - 115.82 176 117 32 96 33090 13 622992 36468 2.1 26 12 1 7 7% 125 418648 35401 20%
c - 117.37 177 117 32 97 34038 13 632789 38241 2.1 26 12 1 6 7% 125 418648 35401 20%
c - 119.17 178 116 32 98 34951 13 642637 39498 2.1 26 12 1 6 7% 125 418648 35401 20%
c - 120.87 178 115 32 99 35927 13 652536 40740 2.1 26 12 1 6 7% 125 418648 35401 20%
c } 122.36 178 116 33 99 36670 13 661661 48825 2.1 26 12 1 6 7% 125 418648 35401 20%
c [ 122.36 178 80 33 99 36670 1 661661 48825 2.5 70 28 1 13 15% 125 418648 35401 20%
c B 122.36 178 80 33 99 36670 1 661661 48825 2.5 70 28 1 13 15% 125 418648 35401 20%
c s 122.38 178 80 33 99 36670 1 661664 48828 2.5 70 28 1 13 15% 125 418633 35401 20%
c e 122.46 179 80 33 99 36670 1 661664 48828 2.5 70 28 1 13 15% 123 418435 35342 20%
c s 122.47 179 80 33 99 36670 1 661664 48828 2.5 70 28 1 13 15% 123 418379 35342 20%
c e 122.51 179 80 33 99 36670 1 661664 48828 2.5 70 28 1 13 15% 123 418393 35341 20%
c - 122.70 179 79 33 100 36670 1 662486 41597 2.5 71 28 1 13 15% 123 418393 35341 20%
c
c seconds     switched      rate          size/glue  tier1    binary          remaining
c          MB   reductions    conflicts         size   tier2     irredundant
c           level     restarts       redundant     glue    trail         variables
c
c - 125.10 179 80 33 101 36676 1 672487 40470 2.5 71 28 1 13 15% 123 418393 35341 20%
c u 125.35 179 80 33 101 36676 1 672836 39304 2.5 71 28 1 13 15% 123 418393 35341 20%
c v 125.50 179 80 33 101 36676 1 672836 34610 2.5 71 28 1 13 15% 123 418393 35341 20%
c w 125.82 179 80 33 101 36676 1 672836 33144 2.5 71 28 1 13 15% 123 418393 35341 20%
c o 128.96 180 79 33 101 36683 1 682380 42536 2.5 71 28 1 13 15% 123 418393 35341 20%
c - 129.02 180 79 33 102 36683 1 682537 33102 2.5 71 28 1 13 15% 123 418393 35341 20%
c - 131.38 180 80 33 103 36684 1 692637 33371 2.5 72 29 1 12 15% 123 418393 35341 20%
c - 133.04 180 79 33 104 36690 1 702786 33673 2.5 71 28 1 12 15% 123 418393 35341 20%
c ] 134.72 180 79 34 104 36696 1 712901 43640 2.5 72 29 1 12 15% 123 418393 35341 20%
c { 134.72 180 116 34 104 36696 13 712901 43640 2.1 26 12 1 6 7% 123 418393 35341 20%
c - 134.77 180 115 34 105 36708 13 712985 33952 2.1 26 12 1 6 7% 123 418393 35341 20%
c - 136.21 181 113 34 106 37087 12 723233 36483 2.1 26 12 1 6 7% 123 418393 35341 20%
c - 137.65 181 112 34 107 37468 12 733529 39581 2.1 26 12 1 6 7% 123 418393 35341 20%
c - 139.20 181 112 34 108 37953 11 743873 41606 2.1 26 12 1 6 7% 123 418393 35341 20%
c u 140.55 173 111 34 108 38276 11 751024 46615 2.1 26 12 1 6 7% 123 418393 35341 20%
c v 140.71 174 111 34 108 38276 11 751024 41100 2.1 26 12 1 6 7% 123 418393 35341 20%
c w 141.26 175 111 34 108 38276 11 751024 40577 2.1 26 12 1 6 7% 123 418393 35341 20%
c x 141.57 177 111 34 108 38276 11 751024 40576 2.1 26 12 1 6 7% 123 418315 35341 20%
c - 142.16 177 110 34 109 38426 11 754266 37536 2.1 26 12 1 6 7% 123 418315 35341 20%
c - 143.42 178 109 34 110 38856 11 764706 40162 2.1 26 12 1 6 7% 123 418315 35341 20%
c
c seconds      switched       rate          size/glue  tier1  binary          remaining
c          MB    reductions     conflicts         size   tier2   irredundant
c            level     restarts        redundant     glue  trail         variables
c
c - 144.55 179 108 34 111 39274 10 775195 42507 2.1 26 12 1 6 7% 123 418315 35341 20%
c } 145.35 179 107 35 111 39539 10 781048 47460 2.1 26 12 1 6 7% 123 418315 35341 20%
c [ 145.35 179 79 35 111 39539 1 781048 47460 2.5 72 29 1 12 15% 123 418315 35341 20%
c W 145.57 173 79 35 111 39539 1 781048 47460 2.5 72 29 1 12 15% 123 418315 35341 20%
c - 146.53 175 79 35 112 39542 1 785730 42864 2.5 72 29 1 12 15% 123 418315 35341 20%
c - 149.09 176 79 35 113 39548 1 796315 41175 2.5 73 29 1 12 15% 123 418315 35341 20%
c - 151.89 177 79 35 114 39553 1 806945 39167 2.6 74 29 1 11 15% 123 418315 35341 20%
c ] 154.58 177 80 36 114 39556 1 817279 49438 2.6 75 29 1 11 15% 123 418315 35341 20%
c { 154.58 177 107 36 114 39556 10 817279 49438 2.1 26 12 1 6 7% 123 418315 35341 20%
c o 154.61 178 107 36 114 39559 10 817307 49466 2.1 26 12 1 6 7% 123 418315 35341 20%
c - 154.69 178 107 36 115 39615 10 817625 38529 2.1 26 12 1 6 7% 123 418315 35341 20%
c - 156.57 179 107 36 116 40792 11 828349 40640 2.1 26 12 1 6 7% 123 418315 35341 20%
c u 157.53 180 107 36 116 41376 11 833942 44153 2.1 26 12 1 6 7% 123 418315 35341 20%
c v 157.66 180 107 36 116 41376 11 833942 40179 2.1 26 12 1 6 7% 123 418315 35341 20%
c w 158.39 180 107 36 116 41376 11 833942 38427 2.1 26 12 1 6 7% 123 418315 35341 20%
c - 159.34 180 107 36 117 41823 11 839120 37921 2.1 26 12 1 6 7% 123 418315 35341 20%
c - 161.05 180 107 36 118 42887 11 849938 41596 2.1 26 12 1 6 7% 123 418315 35341 20%
c s 161.33 180 107 36 118 43025 11 851247 42746 2.1 26 12 1 6 7% 123 418313 35341 20%
c e 161.37 180 107 36 118 43025 11 851247 42746 2.1 26 12 1 6 7% 123 418347 35334 20%
c s 161.37 180 107 36 118 43025 11 851247 42746 2.1 26 12 1 6 7% 123 418328 35334 20%
c
c seconds      switched       rate          size/glue  tier1  binary          remaining
c          MB    reductions     conflicts         size   tier2   irredundant
c            level     restarts        redundant     glue  trail         variables
c
c - 162.99 181 108 36 119 43907 11 860800 44329 2.1 26 12 1 6 7% 123 418328 35334 20%
c - 164.80 181 108 36 120 44924 11 871708 45822 2.1 27 13 1 6 7% 123 418328 35334 20%
c - 166.91 181 109 36 121 45911 11 882662 47321 2.1 27 13 1 6 7% 123 418328 35334 20%
c } 168.92 181 110 37 121 46845 11 892835 56273 2.1 27 13 1 6 7% 123 418328 35334 20%
c [ 168.92 181 80 37 121 46845 1 892835 56273 2.6 75 29 1 11 15% 123 418328 35334 20%
c I 168.92 181 80 37 121 46845 1 892835 56273 2.6 75 29 1 11 15% 123 418328 35334 20%
c - 169.13 181 80 37 122 46845 1 893663 48387 2.6 75 29 1 11 15% 123 418328 35334 20%
c - 171.32 181 80 37 123 46851 1 904708 47114 2.6 75 29 1 11 15% 123 418328 35334 20%
c - 173.27 182 80 37 124 46858 1 915798 44105 2.6 75 29 1 11 15% 123 418328 35334 20%
c u 174.36 182 80 37 124 46859 1 921646 48361 2.6 74 28 1 11 15% 123 418328 35334 20%
c v 174.47 182 80 37 124 46859 1 921646 44977 2.6 74 28 1 11 15% 123 418328 35334 20%
c w 175.49 183 80 37 124 46859 1 921646 44878 2.6 74 28 1 11 15% 123 418328 35334 20%
c - 176.55 183 80 37 125 46860 1 926933 39759 2.6 75 28 1 11 15% 123 418328 35334 20%
c - 178.98 183 79 37 126 46866 1 938114 40377 2.6 75 29 1 11 15% 123 418328 35334 20%
c - 180.87 183 79 37 127 46873 1 949338 40851 2.6 74 29 1 11 15% 123 418328 35334 20%
c o 182.34 183 79 37 127 46875 1 959076 50406 2.6 74 29 1 11 15% 123 418328 35334 20%
c B 182.63 183 79 37 127 46875 1 960520 51826 2.6 74 29 1 11 15% 123 418328 35334 20%
c - 182.66 183 79 37 128 46875 1 960608 40828 2.6 74 29 1 11 15% 123 418328 35334 20%
c ] 183.79 184 78 38 128 46875 1 968532 48594 2.6 74 28 1 11 15% 123 418328 35334 20%
c { 183.79 184 110 38 128 46875 11 968532 48594 2.1 27 13 1 6 7% 123 418328 35334 20%
c
c seconds      switched       rate          size/glue  tier1  binary          remaining
c          MB    reductions     conflicts         size   tier2   irredundant
c            level     restarts        redundant     glue  trail         variables
c
c - 184.37 184 110 38 129 47044 11 971921 42036 2.1 27 13 1 6 7% 123 418328 35334 20%
c - 186.36 184 109 38 130 47774 11 983278 44869 2.2 27 13 1 6 7% 123 418328 35334 20%
c - 188.73 184 108 38 131 48584 11 994680 47559 2.2 28 13 1 6 7% 123 418328 35334 20%
c - 191.29 184 106 38 132 49576 12 1006126 49085 2.2 28 13 1 6 8% 123 418328 35334 20%
c u 193.19 184 106 38 132 50365 12 1014190 55593 2.2 28 13 1 6 8% 123 418328 35334 20%
c v 193.38 184 106 38 132 50365 12 1014190 50894 2.2 28 13 1 6 8% 123 418328 35334 20%
c w 194.17 184 106 38 132 50365 12 1014190 50410 2.2 28 13 1 6 8% 123 418328 35334 20%
c x 194.61 185 106 38 132 50365 12 1014190 50409 2.2 28 13 1 6 8% 123 418257 35334 20%
c - 195.50 175 106 38 133 50662 12 1017616 45324 2.2 28 13 1 6 8% 123 418257 35334 20%
c - 198.28 178 105 38 134 51763 12 1029148 47680 2.2 29 13 1 6 8% 123 418257 35334 20%
c - 200.84 178 104 38 135 52907 12 1040723 49692 2.2 29 13 1 6 8% 123 418257 35334 20%
c } 203.35 179 104 39 135 53986 12 1051866 59778 2.2 29 13 1 6 8% 123 418257 35334 20%
c [ 203.35 179 78 39 135 53986 1 1051866 59778 2.6 74 28 1 11 15% 123 418257 35334 20%
c W 203.79 174 78 39 135 53986 1 1051866 59778 2.6 74 28 1 11 15% 123 418257 35334 20%
c - 203.86 174 78 39 136 53986 1 1052342 51040 2.6 74 28 1 11 15% 123 418257 35334 20%
c - 206.00 176 78 39 137 53992 1 1064003 49110 2.6 74 29 1 11 15% 123 418257 35334 20%
c s 207.50 177 79 39 137 53997 1 1069865 54888 2.6 74 29 1 11 15% 123 418256 35334 20%
c e 207.56 177 79 39 137 53997 1 1069865 54888 2.6 74 29 1 11 15% 123 418411 35315 20%
c s 207.56 177 79 39 137 53997 1 1069865 54888 2.6 74 29 1 11 15% 123 418389 35315 20%
c - 209.05 177 79 39 138 53999 1 1075708 44497 2.6 74 29 1 10 15% 123 418389 35315 20%
c
c seconds     switched      rate           size/glue  tier1    binary          remaining
c          MB   reductions     conflicts         size   tier2     irredundant
c           level     restarts        redundant     glue    trail         variables
c
c - 211.26 178 79 39 139 54003 1 1087455 43879 2.6 75 29 1 10 15% 123 418389 35315 20%
c - 213.22 178 79 39 140 54009 1 1099244 43540 2.6 75 29 1 10 15% 123 418389 35315 20%
c o 213.61 178 79 39 140 54011 1 1101501 45784 2.6 75 29 1 10 15% 123 418389 35315 20%
c - 215.26 179 79 39 141 54015 1 1111078 43327 2.6 75 29 1 10 15% 123 418389 35315 20%
c u 215.53 179 79 39 141 54015 1 1111626 43154 2.6 75 29 1 10 15% 123 418389 35315 20%
c v 215.66 179 79 39 141 54015 1 1111626 41218 2.6 75 29 1 10 15% 123 418389 35315 20%
c w 215.86 179 79 39 141 54015 1 1111626 40139 2.6 75 29 1 10 15% 123 418389 35315 20%
c - 218.04 180 78 39 142 54016 1 1122952 41489 2.6 75 28 1 10 15% 123 418389 35315 20%
c O 219.52 180 77 39 142 54016 1 1130296 48726 2.7 75 28 1 10 15% 123 418389 35315 20%
c - 220.31 180 77 39 143 54017 1 1134868 43191 2.7 75 28 1 10 15% 123 418389 35315 20%
c ] 221.17 180 77 40 143 54021 1 1139895 48081 2.7 75 28 1 10 15% 123 418389 35315 20%
c { 221.17 180 104 40 143 54021 12 1139895 48081 2.2 29 13 1 6 8% 123 418389 35315 20%
c - 222.41 181 104 40 144 54592 12 1146828 44901 2.2 29 13 1 6 8% 123 418389 35315 20%
c - 224.29 181 104 40 145 55572 12 1158829 47684 2.2 29 13 1 6 8% 123 418389 35315 20%
c - 226.43 182 104 40 146 56472 12 1170870 50201 2.2 29 13 1 6 8% 123 418389 35315 20%
c - 228.77 182 105 40 147 57325 12 1182953 52029 2.2 29 13 1 6 8% 123 418389 35315 20%
c - 231.02 182 105 40 148 58329 12 1195077 53375 2.2 29 13 1 6 8% 123 418389 35315 20%
c - 233.12 182 106 40 149 59353 12 1207243 54324 2.2 30 13 1 6 8% 123 418389 35315 20%
c u 234.87 183 106 40 149 60005 12 1213986 58906 2.2 30 13 1 6 8% 123 418389 35315 20%
c v 235.10 183 106 40 149 60005 12 1213986 52062 2.2 30 13 1 6 8% 123 418389 35315 20%
c
c seconds      switched       rate           size/glue  tier1  binary          remaining
c          MB    reductions      conflicts         size   tier2   irredundant
c            level     restarts         redundant     glue  trail         variables
c
c w 236.49 183 106 40 149 60005 12 1213986 50070 2.2 30 13 1 6 8% 123 418389 35315 20%
c - 237.64 183 107 40 150 60419 12 1219451 47647 2.2 30 13 1 6 8% 123 418389 35315 20%
c } 239.77 183 107 41 150 61397 12 1231368 58542 2.2 30 13 1 6 8% 123 418389 35315 20%
c [ 239.77 183 77 41 150 61397 1 1231368 58542 2.7 75 28 1 10 15% 123 418389 35315 20%
c B 239.77 183 77 41 150 61397 1 1231368 58542 2.7 75 28 1 10 15% 123 418389 35315 20%
c - 239.86 183 77 41 151 61397 1 1231698 51169 2.7 75 28 1 10 15% 123 418389 35315 20%
c - 242.06 183 77 41 152 61404 1 1243986 51041 2.6 75 28 1 10 14% 123 418389 35315 20%
c - 244.34 183 77 41 153 61411 1 1256315 47930 2.6 75 29 1 10 14% 123 418389 35315 20%
c - 246.35 184 77 41 154 61415 1 1268684 46684 2.6 75 29 1 10 14% 123 418389 35315 20%
c o 246.52 184 77 41 154 61416 1 1269665 47647 2.6 75 29 1 10 14% 123 418389 35315 20%
c - 248.53 184 77 41 155 61422 1 1281093 46537 2.6 75 29 1 10 14% 123 418389 35315 20%
c - 250.84 184 77 41 156 61426 1 1293544 47271 2.6 75 29 1 10 14% 123 418389 35315 20%
c - 253.46 184 77 41 157 61427 1 1306033 47984 2.7 75 28 1 10 14% 123 418389 35315 20%
c ] 255.02 184 77 42 157 61427 1 1312964 54875 2.7 75 28 1 10 14% 123 418389 35315 20%
c { 255.02 184 107 42 157 61427 12 1312964 54875 2.2 30 13 1 6 8% 123 418389 35315 20%
c - 255.80 184 107 42 158 61877 12 1318563 49770 2.2 30 13 1 6 8% 123 418389 35315 20%
c u 256.58 184 106 42 158 62105 12 1321318 51405 2.2 30 14 1 6 8% 123 418389 35315 20%
c v 256.71 184 106 42 158 62105 12 1321318 48524 2.2 30 14 1 6 8% 123 418389 35315 20%
c w 257.47 184 106 42 158 62105 12 1321318 46856 2.2 30 14 1 6 8% 123 418389 35315 20%
c - 261.40 174 107 42 159 62780 11 1331132 48542 2.2 30 14 1 6 8% 123 418389 35315 20%
c
c seconds      switched       rate           size/glue  tier1  binary          remaining
c          MB    reductions      conflicts         size   tier2   irredundant
c            level     restarts         redundant     glue  trail         variables
c
c - 263.84 176 107 42 160 63795 11 1343744 52470 2.2 30 14 1 5 8% 123 418389 35315 20%
c - 265.76 177 108 42 161 64626 11 1356394 55058 2.2 30 14 1 5 8% 123 418389 35315 20%
c - 268.23 178 108 42 162 65648 11 1369083 56759 2.2 31 14 1 5 8% 123 418389 35315 20%
c - 270.49 178 108 42 163 66768 11 1381811 57750 2.2 31 14 1 5 8% 123 418389 35315 20%
c - 273.06 178 108 42 164 67832 11 1394578 58813 2.2 31 14 1 5 8% 123 418389 35315 20%
c - 275.26 179 110 42 165 68709 11 1407384 60266 2.2 31 14 1 5 8% 123 418389 35315 20%
c } 276.19 179 110 43 165 69135 11 1412937 65277 2.2 31 14 1 5 8% 123 418389 35315 20%
c [ 276.19 179 77 43 165 69135 1 1412937 65277 2.7 75 28 1 10 14% 123 418389 35315 20%
c W 276.40 174 77 43 165 69135 1 1412937 65277 2.7 75 28 1 10 14% 123 418389 35315 20%
c - 277.77 175 77 43 166 69140 1 1420229 59610 2.7 75 28 1 10 14% 123 418389 35315 20%
c - 280.15 176 77 43 167 69147 1 1433113 56588 2.7 75 28 1 10 14% 123 418389 35315 20%
c u 280.60 174 77 43 167 69148 1 1433677 55059 2.7 75 28 1 10 14% 123 418389 35315 20%
c v 280.73 174 77 43 167 69148 1 1433677 50848 2.7 75 28 1 10 14% 123 418389 35315 20%
c w 280.99 175 77 43 167 69148 1 1433677 49272 2.7 75 28 1 10 14% 123 418389 35315 20%
c x 281.88 179 77 43 167 69148 1 1433677 49272 2.7 75 28 1 10 14% 123 418342 35315 20%
c o 282.01 179 77 43 167 69148 1 1433677 49272 2.7 75 28 1 10 14% 123 418342 35315 20%
c - 284.70 181 77 43 168 69150 1 1446036 49481 2.7 76 28 1 10 15% 123 418342 35315 20%
c - 286.97 181 77 43 169 69157 1 1458997 50070 2.6 75 29 1 10 14% 123 418342 35315 20%
c - 289.28 181 77 43 170 69164 1 1471997 49492 2.6 75 29 1 10 14% 123 418342 35315 20%
c - 291.44 182 77 43 171 69165 1 1485035 49520 2.5 75 30 1 10 14% 123 418342 35315 20%
c
c seconds     switched      rate           size/glue  tier1    binary          remaining
c          MB   reductions     conflicts         size   tier2     irredundant
c           level     restarts        redundant     glue    trail         variables
c
c - 293.76 182 77 43 172 69168 1 1498112 50345 2.5 75 30 1 10 14% 123 418342 35315 20%
c ] 295.28 182 77 44 172 69172 1 1507286 59360 2.5 75 30 1 10 14% 123 418342 35315 20%
c { 295.28 182 110 44 172 69172 11 1507286 59360 2.2 31 14 1 5 8% 123 418342 35315 20%
c - 296.07 183 109 44 173 69462 11 1511228 51941 2.2 31 14 1 5 8% 123 418342 35315 20%
c - 298.46 184 109 44 174 70531 11 1524381 55376 2.3 31 14 1 5 8% 123 418342 35315 20%
c - 301.15 184 109 44 175 71585 11 1537571 58303 2.3 32 14 1 5 8% 123 418342 35315 20%
c - 303.66 184 109 44 176 72554 11 1550799 60058 2.3 32 14 1 5 8% 123 418342 35315 20%
c u 303.97 184 109 44 176 72569 11 1551063 59235 2.3 32 14 1 5 8% 123 418342 35315 20%
c v 304.13 184 109 44 176 72569 11 1551063 54561 2.3 32 14 1 5 8% 123 418342 35315 20%
c w 304.38 184 109 44 176 72569 11 1551063 52414 2.3 32 14 1 5 8% 123 418342 35315 20%
c - 306.71 185 109 44 177 73610 11 1564066 55810 2.3 32 14 1 5 8% 123 418342 35315 20%
c - 309.11 185 110 44 178 74599 11 1577370 59345 2.3 32 14 1 5 8% 123 418342 35315 20%
c - 311.33 185 109 44 179 75456 11 1590711 61355 2.3 32 14 1 5 8% 123 418342 35315 20%
c s 313.05 185 111 44 179 76087 11 1599253 69048 2.3 32 14 1 5 8% 123 418332 35315 20%
c e 313.11 185 111 44 179 76087 11 1599253 69048 2.3 32 14 1 5 8% 123 418355 35300 20%
c s 313.11 185 111 44 179 76087 11 1599253 69048 2.3 32 14 1 5 8% 123 418319 35300 20%
c o 314.13 185 110 44 179 76386 10 1603710 73056 2.3 33 14 1 5 8% 123 418319 35300 20%
c - 314.23 185 110 44 180 76446 10 1604090 62775 2.3 33 14 1 5 8% 123 418319 35300 20%
c } 316.52 176 109 45 180 77374 10 1616119 73820 2.3 33 14 1 5 8% 123 418319 35300 20%
c [ 316.52 176 77 45 180 77374 1 1616119 73820 2.5 75 30 1 10 14% 123 418319 35300 20%
c
c seconds     switched      rate           size/glue  tier1    binary          remaining
c          MB   reductions     conflicts         size   tier2     irredundant
c           level     restarts        redundant     glue    trail         variables
c
c I 316.52 176 77 45 180 77374 1 1616119 73820 2.5 75 30 1 10 14% 123 418319 35300 20%
c - 316.72 176 77 45 181 77375 1 1617506 63834 2.5 75 30 1 10 14% 123 418319 35300 20%
c - 319.35 177 78 45 182 77383 1 1630960 62463 2.5 74 30 1 10 14% 123 418319 35300 20%
c - 322.21 177 78 45 183 77388 1 1644452 59803 2.5 74 29 1 10 14% 123 418319 35300 20%
c - 324.38 178 78 45 184 77395 1 1657979 58951 2.6 74 29 1 10 14% 123 418319 35300 20%
c - 326.61 178 78 45 185 77402 1 1671544 58047 2.6 73 28 1 9 14% 123 418319 35300 20%
c u 327.22 178 78 45 185 77402 1 1673556 58406 2.6 73 28 1 9 14% 123 418319 35300 20%
c v 327.31 178 78 45 185 77402 1 1673556 55457 2.6 73 28 1 9 14% 123 418319 35300 20%
c w 328.11 179 78 45 185 77402 1 1673556 53640 2.6 73 28 1 9 14% 123 418319 35300 20%
c - 330.29 179 78 45 186 77404 1 1685146 53437 2.6 73 28 1 9 14% 123 418319 35300 20%
c - 332.70 180 77 45 187 77404 1 1698786 53941 2.6 72 28 1 9 14% 123 418319 35300 20%
c - 335.18 180 77 45 188 77412 1 1712461 54847 2.6 72 27 1 9 14% 123 418319 35300 20%
c B 336.22 180 77 45 188 77417 1 1717896 60206 2.6 72 27 1 9 14% 123 418319 35300 20%
c ] 337.01 180 78 46 188 77418 1 1721892 64130 2.6 72 27 1 9 14% 123 418319 35300 20%
c { 337.01 180 109 46 188 77418 10 1721892 64130 2.3 33 14 1 5 8% 123 418319 35300 20%
c - 337.84 180 109 46 189 77670 10 1726172 56548 2.3 33 14 1 5 8% 123 418319 35300 20%
c - 340.75 181 109 46 190 78766 10 1739921 59167 2.3 33 14 1 5 8% 123 418319 35300 20%
c - 343.03 181 109 46 191 79772 10 1753706 62048 2.3 33 14 1 5 8% 123 418319 35300 20%
c - 345.73 182 108 46 192 80874 10 1767526 63792 2.3 33 14 1 5 8% 123 418319 35300 20%
c - 348.50 182 108 46 193 81861 10 1781382 65250 2.3 33 15 1 5 8% 123 418319 35300 20%
c
c seconds      switched       rate           size/glue  tier1  binary          remaining
c          MB    reductions      conflicts         size   tier2   irredundant
c            level     restarts         redundant     glue  trail         variables
c
c o 349.14 182 108 46 193 82102 10 1783715 67412 2.3 34 15 1 5 8% 123 418319 35300 20%
c - 351.62 182 109 46 194 83027 10 1795275 66708 2.3 34 15 1 5 8% 123 418319 35300 20%
c u 352.89 182 109 46 194 83372 10 1801182 70544 2.3 34 15 1 5 8% 123 418319 35300 20%
c v 353.17 182 109 46 194 83372 10 1801182 63983 2.3 34 15 1 5 8% 123 418319 35300 20%
c w 354.76 182 109 46 194 83372 10 1801182 61439 2.3 34 15 1 5 8% 123 418319 35300 20%
c - 356.30 182 109 46 195 83880 10 1809204 59599 2.3 34 15 1 5 8% 123 418319 35300 20%
c - 359.06 182 110 46 196 84857 10 1823169 62953 2.3 34 15 1 5 8% 123 418319 35300 20%
c - 361.60 183 110 46 197 85893 10 1837170 65288 2.4 35 15 1 5 8% 123 418319 35300 20%
c } 362.08 183 110 47 197 86088 10 1839936 67846 2.4 35 15 1 5 8% 123 418319 35300 20%
c [ 362.08 183 78 47 197 86088 1 1839936 67846 2.6 72 27 1 9 14% 123 418319 35300 20%
c W 362.72 174 78 47 197 86088 1 1839936 67846 2.6 72 27 1 9 14% 123 418319 35300 20%
c - 365.57 177 78 47 198 86094 1 1851205 64398 2.6 73 28 1 9 14% 123 418319 35300 20%
c - 369.33 177 78 47 199 86102 1 1865277 61433 2.6 74 28 1 9 15% 123 418319 35300 20%
c - 372.62 178 78 47 200 86108 1 1879383 59766 2.6 74 29 1 9 14% 123 418319 35300 20%
c - 376.27 179 78 47 201 86115 1 1893525 59172 2.6 75 29 1 9 14% 123 418319 35300 20%
c - 379.45 179 78 47 202 86118 1 1907703 59605 2.6 76 29 1 9 14% 123 418319 35300 20%
c - 383.27 180 77 47 203 86118 1 1921916 59387 2.6 76 29 1 9 14% 123 418319 35300 20%
c ] 384.34 180 77 48 203 86122 1 1927386 64801 2.6 76 29 1 9 14% 123 418319 35300 20%
c { 384.34 180 110 48 203 86122 10 1927386 64801 2.4 35 15 1 5 8% 123 418319 35300 20%
c u 385.75 182 110 48 203 86674 10 1933968 69613 2.3 35 15 1 5 8% 123 418319 35300 20%
c
c seconds      switched       rate           size/glue  tier1  binary          remaining
c          MB    reductions      conflicts         size   tier2   irredundant
c            level     restarts         redundant     glue  trail         variables
c
c v 385.87 182 110 48 203 86674 10 1933968 66733 2.3 35 15 1 5 8% 123 418319 35300 20%
c w 388.24 183 110 48 203 86674 10 1933968 65900 2.3 35 15 1 5 8% 123 418319 35300 20%
c - 388.61 183 109 48 204 86811 10 1936163 57609 2.3 35 15 1 5 8% 123 418319 35300 20%
c - 391.51 184 110 48 205 87961 10 1950446 61557 2.3 35 15 1 5 8% 123 418319 35300 20%
c - 394.59 185 109 48 206 89180 10 1964764 64728 2.4 36 15 1 5 8% 123 418319 35300 20%
c o 396.16 185 110 48 206 89848 10 1973716 73084 2.4 36 15 1 5 8% 123 418319 35300 20%
c - 397.42 185 109 48 207 90320 10 1979118 66863 2.4 36 15 1 5 8% 123 418319 35300 20%
c - 400.42 185 109 48 208 91442 10 1993507 68410 2.4 36 15 1 5 8% 123 418319 35300 20%
c - 403.65 185 110 48 209 92572 10 2007929 69665 2.4 36 15 1 5 8% 123 418319 35300 20%
c - 407.38 186 110 48 210 93962 10 2022386 70641 2.4 37 15 1 5 8% 123 418319 35300 20%
c - 410.95 177 111 48 211 95171 10 2036877 71422 2.4 38 15 1 4 9% 123 418319 35300 20%
c - 414.00 178 110 48 212 96422 10 2051402 72303 2.4 38 16 1 4 9% 123 418319 35300 20%
c } 414.73 178 111 49 212 96723 10 2054997 75639 2.4 38 16 1 4 9% 123 418319 35300 20%
c [ 414.73 178 77 49 212 96723 1 2054997 75639 2.6 76 29 1 9 14% 123 418319 35300 20%
c O 414.73 178 77 49 212 96723 1 2054997 75639 2.6 76 29 1 9 14% 123 418319 35300 20%
c - 416.85 179 77 49 213 96729 1 2065964 70966 2.6 75 29 1 9 14% 123 418319 35300 20%
c u 418.30 179 77 49 213 96733 1 2071944 74560 2.6 75 29 1 9 14% 123 418319 35300 20%
c v 418.44 179 77 49 213 96733 1 2071944 69520 2.6 75 29 1 9 14% 123 418319 35300 20%
c w 419.74 180 77 49 213 96733 1 2071944 69452 2.6 75 29 1 9 14% 123 418319 35300 20%
c x 420.40 183 77 49 213 96733 1 2071944 69451 2.6 75 29 1 9 14% 123 418287 35300 20%
c
c seconds     switched      rate           size/glue  tier1   binary          remaining
c          MB   reductions     conflicts         size   tier2    irredundant
c           level     restarts        redundant     glue   trail         variables
c
c - 422.71 184 77 49 214 96737 1 2080558 63120 2.6 75 29 1 9 14% 123 418287 35300 20%
c - 426.66 184 77 49 215 96743 1 2095187 63087 2.7 76 29 1 9 14% 123 418287 35300 20%
c - 430.83 185 76 49 216 96751 1 2109850 62631 2.6 77 29 1 9 14% 123 418287 35300 20%
c - 434.71 185 76 49 217 96753 1 2124546 62329 2.6 77 29 1 9 15% 123 418287 35300 20%
c - 438.64 185 76 49 218 96755 1 2139276 62474 2.7 79 30 1 9 15% 123 418287 35300 20%
c ] 440.90 167 76 50 218 96760 1 2148537 71654 2.7 79 30 1 9 14% 123 418287 35300 20%
c { 440.90 167 111 50 218 96760 10 2148537 71654 2.4 38 16 1 4 9% 123 418287 35300 20%
c - 441.97 176 109 50 219 96980 10 2154041 63556 2.5 38 16 1 4 9% 123 418287 35300 20%
c - 444.85 180 109 50 220 97446 9 2168839 67019 2.5 38 15 1 4 9% 123 418287 35300 20%
c o 445.88 180 108 50 220 97616 9 2173717 71515 2.5 39 15 1 4 9% 123 418287 35300 20%
c - 447.81 180 107 50 221 98036 9 2183672 70157 2.5 38 15 1 4 9% 123 418287 35300 20%
c - 450.78 181 107 50 222 98635 9 2198538 71899 2.5 39 15 1 4 9% 123 418287 35300 20%
c - 453.67 182 105 50 223 99349 8 2213437 73148 2.6 39 15 1 4 9% 123 418287 35300 20%
c u 454.19 182 105 50 223 99432 8 2215159 72984 2.6 39 15 1 4 9% 123 418287 35300 20%
c v 454.32 182 105 50 223 99432 8 2215159 68566 2.6 39 15 1 4 9% 123 418287 35300 20%
c w 454.81 182 105 50 223 99432 8 2215159 65438 2.6 39 15 1 4 9% 123 418287 35300 20%
c - 457.31 182 105 50 224 99964 8 2228372 67567 2.6 39 15 1 4 9% 123 418287 35300 20%
c - 460.25 182 105 50 225 100651 8 2243339 71089 2.6 39 15 1 4 9% 123 418287 35300 20%
c - 463.30 182 104 50 226 101478 8 2258340 72980 2.5 39 15 1 4 9% 123 418287 35300 20%
c - 466.58 183 103 50 227 102324 8 2273374 74619 2.5 39 15 1 4 9% 123 418287 35300 20%
c
c seconds      switched       rate           size/glue  tier1  binary          remaining
c          MB    reductions      conflicts         size   tier2   irredundant
c            level      restarts        redundant     glue  trail         variables
c
c } 469.30 183 102 51 227 102956 8 2286062 86278 2.5 39 15 1 4 9% 123 418287 35300 20%
c [ 469.30 183 76 51 227 102956 1 2286062 86278 2.7 79 30 1 9 14% 123 418287 35300 20%
c B 469.30 183 76 51 227 102956 1 2286062 86278 2.7 79 30 1 9 14% 123 418287 35300 20%
c - 469.90 183 76 51 228 102958 1 2288440 74759 2.6 79 30 1 8 14% 123 418287 35300 20%
c s 472.99 183 76 51 228 102963 1 2299258 85413 2.7 80 30 1 8 15% 123 418286 35300 20%
c e 473.04 184 76 51 228 102963 1 2299258 85413 2.7 80 30 1 8 15% 123 418306 35296 20%
c s 473.05 184 76 51 228 102963 1 2299258 85413 2.7 80 30 1 8 15% 123 418286 35296 20%
c - 474.01 184 76 51 229 102966 1 2303540 72848 2.7 80 30 1 8 15% 123 418286 35296 20%
c - 477.39 184 76 51 230 102970 1 2318673 69451 2.7 80 29 1 8 15% 123 418286 35296 20%
c - 480.72 184 76 51 231 102980 1 2333838 68784 2.7 80 30 1 8 15% 123 418286 35296 20%
c - 483.81 185 76 51 232 102985 1 2349037 68072 2.7 80 30 1 8 14% 123 418286 35296 20%
c u 487.18 185 75 51 232 102986 1 2363641 80811 2.7 82 30 1 8 14% 123 418286 35296 20%
c v 487.28 185 75 51 232 102986 1 2363641 78288 2.7 82 30 1 8 14% 123 418286 35296 20%
c w 490.02 190 75 51 232 102986 1 2363641 78240 2.7 82 30 1 8 14% 123 418286 35296 20%
c - 493.89 166 75 51 233 102986 1 2364270 63483 2.7 82 30 1 8 14% 123 418286 35296 20%
c - 497.65 171 76 51 234 102993 1 2379535 65037 2.7 81 30 1 8 15% 123 418286 35296 20%
c o 498.92 171 76 51 234 102998 1 2386202 71608 2.7 80 30 1 8 15% 123 418286 35296 20%
c - 500.69 174 76 51 235 103001 1 2394833 65950 2.7 80 30 1 8 14% 123 418286 35296 20%
c ] 503.05 175 76 52 235 103004 1 2405100 76147 2.7 80 30 1 8 14% 123 418286 35296 20%
c { 503.05 175 102 52 235 103004 8 2405100 76147 2.5 39 15 1 4 9% 123 418286 35296 20%
c
c seconds      switched       rate           size/glue  tier1  binary          remaining
c          MB    reductions      conflicts         size   tier2   irredundant
c            level      restarts        redundant     glue  trail         variables
c
c - 504.28 179 103 52 236 103532 8 2410164 66750 2.5 39 15 1 4 9% 123 418286 35296 20%
c - 507.43 181 104 52 237 105020 8 2425526 69769 2.5 39 16 1 4 9% 123 418286 35296 20%
c - 510.68 181 103 52 238 106496 9 2440921 72463 2.5 39 16 1 4 9% 123 418286 35296 20%
c - 514.17 182 104 52 239 108075 9 2456348 74011 2.5 40 16 1 4 9% 123 418286 35296 20%
c - 517.95 182 103 52 240 109426 9 2471807 75353 2.5 41 16 1 4 10% 123 418286 35296 20%
c - 522.03 183 104 52 241 111013 9 2487298 76280 2.5 41 17 1 4 10% 123 418286 35296 20%
c - 525.80 183 105 52 242 112335 9 2502822 77116 2.5 42 17 1 4 10% 123 418286 35296 20%
c u 529.68 176 105 52 242 113293 9 2517444 89485 2.5 43 17 1 4 10% 123 418286 35296 20%
c v 529.86 176 105 52 242 113293 9 2517444 83534 2.5 43 17 1 4 10% 123 418286 35296 20%
c w 532.81 179 105 52 242 113293 9 2517444 83098 2.5 43 17 1 4 10% 123 418286 35296 20%
c - 533.11 179 105 52 243 113350 9 2518378 71557 2.5 43 17 1 4 10% 123 418286 35296 20%
c - 536.41 181 105 52 244 114336 9 2533966 73488 2.6 44 17 1 4 10% 123 418286 35296 20%
c - 540.33 182 104 52 245 115618 9 2549588 74985 2.6 45 17 1 4 10% 123 418286 35296 20%
c } 541.01 182 105 53 245 115739 9 2552888 78170 2.6 45 17 1 4 11% 123 418286 35296 20%
c [ 541.01 182 76 53 245 115739 1 2552888 78170 2.7 80 30 1 8 14% 123 418286 35296 20%
c W 541.49 174 76 53 245 115739 1 2552888 78170 2.7 80 30 1 8 14% 123 418286 35296 20%
c - 545.00 178 76 53 246 115746 1 2565240 74793 2.7 81 30 1 8 14% 123 418286 35296 20%
c - 548.66 178 76 53 247 115753 1 2580924 72847 2.7 80 29 1 8 14% 123 418286 35296 20%
c - 552.68 179 76 53 248 115760 1 2596641 71714 2.8 80 29 1 8 15% 123 418286 35296 20%
c o 555.49 179 76 53 248 115768 1 2610658 85568 2.7 79 29 1 8 15% 123 418286 35296 20%
c
c seconds     switched       rate           size/glue  tier1   binary          remaining
c          MB   reductions      conflicts         size   tier2    irredundant
c           level      restarts        redundant     glue   trail         variables
c
c - 555.84 179 76 53 249 115768 1 2612390 71621 2.7 79 29 1 8 15% 123 418286 35296 20%
c - 559.00 180 76 53 250 115769 1 2628171 71259 2.8 80 29 1 8 15% 123 418286 35296 20%
c - 561.81 180 76 53 251 115776 1 2643982 71002 2.8 80 29 1 8 14% 123 418286 35296 20%
c - 564.51 180 75 53 252 115783 1 2659824 71121 2.7 79 29 1 8 14% 123 418286 35296 20%
c - 568.17 181 75 53 253 115790 1 2675699 71602 2.8 78 28 1 8 14% 123 418286 35296 20%
c u 568.59 181 75 53 253 115790 1 2676567 71317 2.8 78 28 1 8 14% 123 418286 35296 20%
c v 568.69 181 75 53 253 115790 1 2676567 69033 2.8 78 28 1 8 14% 123 418286 35296 20%
c w 568.97 182 75 53 253 115790 1 2676567 67292 2.8 78 28 1 8 14% 123 418286 35296 20%
c I 571.36 182 75 53 253 115797 1 2687128 77730 2.8 78 28 1 8 14% 123 418286 35296 20%
c - 572.34 182 75 53 254 115798 1 2691605 68087 2.8 78 28 1 8 15% 123 418286 35296 20%
c ] 575.34 182 76 54 254 115799 1 2701176 77526 2.9 79 28 1 8 15% 123 418286 35296 20%
c { 575.34 182 105 54 254 115799 9 2701176 77526 2.6 45 17 1 4 11% 123 418286 35296 20%
c - 576.58 183 104 54 255 115896 8 2707544 70306 2.6 45 17 1 4 11% 123 418286 35296 20%
c - 579.18 183 102 54 256 116081 8 2723514 72973 2.7 46 17 1 4 11% 123 418286 35296 20%
c - 582.27 184 101 54 257 116399 7 2739514 74664 2.7 46 17 1 4 12% 123 418286 35296 20%
c - 585.48 184 99 54 258 116760 7 2755545 75467 2.8 47 17 1 4 12% 123 418286 35296 20%
c - 588.49 185 98 54 259 117128 7 2771607 76291 2.8 47 17 1 4 12% 123 418286 35296 20%
c - 591.48 185 97 54 260 117538 7 2787701 77064 2.8 47 17 1 4 13% 123 418286 35296 20%
c - 594.75 185 97 54 261 118060 7 2803828 77315 2.8 47 17 1 4 13% 123 418286 35296 20%
c - 597.41 185 95 54 262 118403 6 2819985 77787 2.9 47 16 1 4 13% 123 418286 35296 20%
c
c seconds     switched       rate           size/glue  tier1   binary          remaining
c          MB   reductions      conflicts         size   tier2    irredundant
c           level      restarts        redundant     glue   trail         variables
c
c - 600.20 185 94 54 263 118831 6 2836171 78377 2.9 46 16 1 4 13% 123 418286 35296 20%
c o 601.20 186 94 54 263 118962 6 2840702 82804 2.9 46 16 1 4 13% 123 418286 35296 20%
c u 601.57 186 94 54 263 118992 6 2841068 82212 2.9 46 16 1 4 13% 123 418286 35296 20%
c v 601.71 186 94 54 263 118992 6 2841068 77854 2.9 46 16 1 4 13% 123 418286 35296 20%
c w 603.24 186 94 54 263 118992 6 2841068 73937 2.9 46 16 1 4 13% 123 418286 35296 20%
c - 605.70 186 94 54 264 119349 6 2852388 71995 2.9 47 16 1 4 13% 123 418286 35296 20%
c } 606.98 175 94 55 264 119552 6 2859570 78993 2.9 46 16 1 4 13% 123 418286 35296 20%
c [ 606.98 175 76 55 264 119552 1 2859570 78993 2.9 79 28 1 8 15% 123 418286 35296 20%
c B 606.98 175 76 55 264 119552 1 2859570 78993 2.9 79 28 1 8 15% 123 418286 35296 20%
c - 608.63 176 76 55 265 119558 1 2868636 73630 2.8 78 28 1 8 15% 123 418286 35296 20%
c - 611.79 176 76 55 266 119566 1 2884915 72383 2.8 79 28 1 8 15% 123 418286 35296 20%
c - 615.16 177 76 55 267 119573 1 2901225 70652 2.8 79 29 1 8 15% 123 418286 35296 20%
c - 619.30 178 77 55 268 119581 1 2917565 70789 2.8 80 29 1 8 15% 123 418286 35296 20%
c - 623.08 178 76 55 269 119582 1 2933935 70637 2.7 81 29 1 8 14% 123 418286 35296 20%
c - 626.78 179 76 55 270 119589 1 2950336 70497 2.7 80 29 1 8 14% 123 418286 35296 20%
c - 629.98 179 76 55 271 119596 1 2966767 71005 2.7 79 29 1 8 14% 123 418286 35296 20%
c - 633.53 179 76 55 272 119603 1 2983230 71044 2.7 80 30 1 8 14% 123 418286 35296 20%
c ] 633.87 179 76 56 272 119604 1 2985347 73140 2.7 79 29 1 8 14% 123 418286 35296 20%
c { 633.87 179 94 56 272 119604 6 2985347 73140 2.9 46 16 1 4 13% 123 418286 35296 20%
c - 636.98 181 95 56 273 121074 7 2999723 73659 2.8 46 16 1 4 13% 123 418286 35296 20%
c
c seconds     switched       rate           size/glue  tier1   binary          remaining
c          MB   reductions      conflicts         size   tier2    irredundant
c           level      restarts        redundant     glue   trail         variables
c
c u 639.73 181 95 56 273 121887 7 3010940 83692 2.8 47 16 1 4 13% 123 418286 35296 20%
c v 639.84 181 95 56 273 121887 7 3010940 80785 2.8 47 16 1 4 13% 123 418286 35296 20%
c w 641.69 182 95 56 273 121887 7 3010940 80453 2.8 47 16 1 4 13% 123 418286 35296 20%
c x 642.51 186 95 56 273 121887 7 3010940 80452 2.8 47 16 1 4 13% 123 418244 35296 20%
c - 644.02 186 95 56 274 122314 7 3016246 72693 2.8 47 16 1 4 13% 123 418244 35296 20%
c - 647.85 179 97 56 275 123718 7 3032799 74990 2.8 47 17 1 4 13% 123 418244 35296 20%
c - 651.53 180 98 56 276 125200 8 3049382 76639 2.7 47 17 1 4 12% 123 418244 35296 20%
c - 654.98 180 98 56 277 126498 8 3065995 77922 2.7 47 17 1 4 12% 123 418244 35296 20%
c o 658.46 181 99 56 277 127407 8 3080702 92052 2.7 47 17 1 4 12% 123 418244 35296 20%
c - 658.95 181 100 56 278 127559 8 3082640 79281 2.7 47 17 1 4 12% 123 418244 35296 20%
c - 662.70 181 100 56 279 128734 8 3099315 80459 2.7 47 17 1 4 12% 123 418244 35296 20%
c - 666.54 182 100 56 280 129543 8 3116018 81033 2.8 49 17 1 4 12% 123 418244 35296 20%
c - 670.03 182 101 56 281 130459 8 3132751 81357 2.8 49 18 1 4 12% 123 418244 35296 20%
c s 672.37 182 101 56 281 131051 7 3144296 92546 2.8 49 18 1 4 12% 123 418237 35296 20%
c e 672.42 183 101 56 281 131051 7 3144296 92546 2.8 49 18 1 4 12% 123 418210 35289 20%
c - 673.68 183 102 56 282 131347 7 3149514 82243 2.8 49 18 1 4 12% 123 418210 35289 20%
c } 674.78 183 101 57 282 131628 7 3154690 87306 2.8 50 18 1 4 12% 123 418210 35289 20%
c [ 674.78 183 76 57 282 131628 1 3154690 87306 2.7 79 29 1 8 14% 123 418210 35289 20%
c W 674.87 174 76 57 282 131628 1 3154690 87306 2.7 79 29 1 8 14% 123 418210 35289 20%
c - 677.26 178 76 57 283 131634 1 3166306 81477 2.7 79 30 1 8 14% 123 418210 35289 20%
c
c seconds     switched       rate           size/glue  tier1   binary          remaining
c          MB   reductions      conflicts         size   tier2    irredundant
c           level      restarts        redundant     glue   trail         variables
c
c - 680.67 178 77 57 284 131642 1 3183128 78751 2.7 79 30 1 8 14% 123 418210 35289 20%
c u 681.74 179 77 57 284 131642 1 3186238 79940 2.7 79 30 1 8 14% 123 418210 35289 20%
c v 681.90 179 77 57 284 131642 1 3186238 75596 2.7 79 30 1 8 14% 123 418210 35289 20%
c w 683.00 180 77 57 284 131642 1 3186238 73767 2.7 79 30 1 8 14% 123 418210 35289 20%
c - 686.31 181 76 57 285 131649 1 3199981 71634 2.7 79 30 1 8 14% 123 418210 35289 20%
c - 689.78 181 76 57 286 131657 1 3216862 72760 2.7 79 29 1 8 14% 123 418210 35289 20%
c - 693.89 182 76 57 287 131658 1 3233775 73171 2.7 79 29 1 8 14% 123 418210 35289 20%
c - 697.52 183 76 57 288 131666 1 3250716 73444 2.7 78 29 1 8 14% 123 418210 35289 20%
c - 700.63 183 76 57 289 131673 1 3267687 74399 2.7 77 29 1 8 14% 123 418210 35289 20%
c - 704.19 183 76 57 290 131682 1 3284688 73218 2.7 77 29 1 7 14% 123 418210 35289 20%
c - 707.47 183 76 57 291 131688 1 3301718 72960 2.7 77 29 1 7 14% 123 418210 35289 20%
c O 708.68 184 76 57 291 131689 1 3310051 81199 2.7 77 29 1 7 14% 123 418210 35289 20%
c - 710.09 184 76 57 292 131689 1 3318777 72545 2.7 77 28 1 7 14% 123 418210 35289 20%
c - 713.03 184 75 57 293 131690 1 3335865 72259 2.7 77 28 1 8 13% 123 418210 35289 20%
c ] 713.72 184 75 58 293 131690 1 3339985 76324 2.7 77 28 1 8 13% 123 418210 35289 20%
c { 713.72 184 101 58 293 131690 7 3339985 76324 2.8 50 18 1 4 12% 123 418210 35289 20%
c o 713.77 184 101 58 293 131698 7 3340032 76370 2.8 50 18 1 4 12% 123 418210 35289 20%
c - 716.42 185 102 58 294 132221 7 3352982 74770 2.8 50 18 1 4 12% 123 418210 35289 20%
c u 719.81 185 104 58 294 132857 7 3366990 87281 2.8 50 18 1 4 12% 123 418210 35289 20%
c v 719.98 185 104 58 294 132857 7 3366990 84794 2.8 50 18 1 4 12% 123 418210 35289 20%
c
c seconds      switched       rate           size/glue  tier1   binary          remaining
c          MB    reductions      conflicts         size   tier2    irredundant
c            level      restarts        redundant     glue   trail         variables
c
c w 722.73 186 104 58 294 132857 7 3366990 84230 2.8 50 18 1 4 12% 123 418210 35289 20%
c - 723.40 186 104 58 295 132986 7 3370129 74881 2.9 50 18 1 4 12% 123 418210 35289 20%
c - 726.81 178 104 58 296 133896 7 3387306 77282 2.9 50 18 1 4 12% 123 418210 35289 20%
c - 730.36 179 103 58 297 134774 7 3404511 78969 2.9 51 18 1 4 12% 123 418210 35289 20%
c - 734.08 180 103 58 298 135765 7 3421744 80177 2.9 51 18 1 4 12% 123 418210 35289 20%
c - 737.85 181 102 58 299 136480 7 3439007 81515 2.9 51 18 1 4 12% 123 418210 35289 20%
c - 741.52 181 102 58 300 137319 7 3456299 82748 2.9 52 18 1 4 12% 123 418210 35289 20%
c - 745.54 182 103 58 301 138201 7 3473620 83486 2.9 52 18 1 4 12% 123 418210 35289 20%
c - 749.54 182 104 58 302 139077 7 3490969 83848 2.9 52 18 1 4 13% 123 418210 35289 20%
c - 753.68 182 104 58 303 140050 7 3508348 84946 2.9 52 18 1 4 13% 123 418210 35289 20%
c } 756.19 182 105 59 303 140615 7 3520614 96587 2.9 52 18 1 4 12% 123 418210 35289 20%
c [ 756.19 182 75 59 303 140615 1 3520614 96587 2.7 77 28 1 8 13% 123 418210 35289 20%
c B 756.19 182 75 59 303 140615 1 3520614 96587 2.7 77 28 1 8 13% 123 418210 35289 20%
c - 757.09 182 75 59 304 140618 1 3525756 85156 2.7 76 28 1 8 13% 123 418210 35289 20%
c - 760.25 183 75 59 305 140628 1 3543191 82726 2.6 76 29 1 8 13% 123 418210 35289 20%
c u 762.16 183 75 59 305 140629 1 3553224 90667 2.6 75 29 1 8 13% 123 418210 35289 20%
c v 762.34 183 75 59 305 140629 1 3553224 85864 2.6 75 29 1 8 13% 123 418210 35289 20%
c w 765.35 185 75 59 305 140629 1 3553224 84185 2.6 75 29 1 8 13% 123 418210 35289 20%
c - 766.73 186 75 59 306 140635 1 3560657 73768 2.6 75 29 1 8 13% 123 418210 35289 20%
c - 769.73 186 75 59 307 140643 1 3578150 74191 2.6 75 29 1 8 13% 123 418210 35289 20%
c
c seconds     switched       rate           size/glue  tier1   binary          remaining
c          MB   reductions      conflicts         size   tier2    irredundant
c           level      restarts        redundant     glue   trail         variables
c
c - 772.70 186 75 59 308 140645 1 3595671 74960 2.5 75 30 1 8 12% 123 418210 35289 20%
c o 773.92 166 74 59 308 140647 1 3604495 83642 2.5 75 30 1 8 12% 123 418210 35289 20%
c - 775.17 172 74 59 309 140652 1 3613221 75679 2.6 75 29 1 8 13% 123 418210 35289 20%
c - 777.95 173 74 59 310 140660 1 3630799 76477 2.6 74 29 1 8 12% 123 418210 35289 20%
c - 781.39 174 74 59 311 140667 1 3648405 75685 2.6 74 29 1 8 12% 123 418210 35289 20%
c - 785.34 175 74 59 312 140675 1 3666041 76244 2.6 75 29 1 8 13% 123 418210 35289 20%
c - 789.02 176 75 59 313 140676 1 3683704 76451 2.6 75 29 1 8 13% 123 418210 35289 20%
c W 791.40 174 75 59 313 140677 1 3690708 83389 2.6 76 29 1 8 13% 123 418210 35289 20%
c - 794.55 178 75 59 314 140677 1 3701396 75365 2.6 76 29 1 7 13% 123 418210 35289 20%
c - 798.38 179 75 59 315 140678 1 3719116 75001 2.6 76 29 1 7 13% 123 418210 35289 20%
c ] 798.82 179 75 60 315 140680 1 3721387 77255 2.6 76 29 1 7 13% 123 418210 35289 20%
c { 798.82 179 105 60 315 140680 7 3721387 77255 2.9 52 18 1 4 12% 123 418210 35289 20%
c - 801.94 182 103 60 316 141137 6 3736864 76920 3.0 53 18 1 4 13% 123 418210 35289 20%
c u 803.70 182 102 60 316 141288 6 3744965 84141 3.1 53 17 1 4 13% 123 418210 35289 20%
c v 803.82 182 102 60 316 141288 6 3744965 81786 3.1 53 17 1 4 13% 123 418210 35289 20%
c w 806.43 183 102 60 316 141288 6 3744965 80574 3.1 53 17 1 4 13% 123 418210 35289 20%
c - 808.47 183 102 60 317 141683 6 3754640 76175 3.0 53 17 1 4 13% 123 418210 35289 20%
c - 812.40 184 102 60 318 142667 6 3772444 78660 3.0 53 18 1 4 13% 123 418210 35289 20%
c - 817.16 184 103 60 319 143618 6 3790276 80699 3.1 54 18 1 4 13% 123 418210 35289 20%
c - 821.48 185 103 60 320 144537 6 3808137 82091 3.0 53 18 1 4 13% 123 418210 35289 20%
c
c seconds      switched       rate           size/glue  tier1   binary          remaining
c          MB    reductions      conflicts         size   tier2    irredundant
c            level      restarts        redundant     glue   trail         variables
c
c - 825.03 185 102 60 321 145254 6 3826025 82803 3.1 54 18 1 4 13% 123 418210 35289 20%
c - 828.62 185 103 60 322 146172 6 3843944 83695 3.0 54 18 1 4 13% 123 418210 35289 20%
c - 832.64 185 102 60 323 146877 6 3861888 84661 3.1 54 18 1 4 13% 123 418210 35289 20%
c o 835.43 185 101 60 323 147662 6 3874498 96810 3.1 54 18 1 4 13% 123 418210 35289 20%
c - 836.64 186 101 60 324 147909 6 3879860 85282 3.1 54 18 1 4 13% 123 418210 35289 20%
c - 840.98 186 102 60 325 148902 6 3897860 86010 3.0 54 18 1 4 13% 123 418210 35289 20%
c } 845.00 186 103 61 325 149697 6 3913640 101351 3.0 54 18 1 4 13% 123 418210 35289 20%
c [ 845.00 186 75 61 325 149697 1 3913640 101351 2.6 76 29 1 7 13% 123 418210 35289 20%
c I 845.01 186 75 61 325 149697 1 3913640 101351 2.6 76 29 1 7 13% 123 418210 35289 20%
c - 845.63 186 75 61 326 149699 1 3915888 86587 2.6 77 29 1 7 13% 123 418210 35289 20%
c - 850.41 186 77 61 327 149709 1 3933944 85016 2.6 77 29 1 7 14% 123 418210 35289 20%
c u 852.46 186 76 61 327 149711 1 3942241 91143 2.7 78 29 1 7 14% 123 418210 35289 20%
c v 852.72 186 76 61 327 149711 1 3942241 85956 2.7 78 29 1 7 14% 123 418210 35289 20%
c w 855.47 188 76 61 327 149711 1 3942241 83409 2.7 78 29 1 7 14% 123 418210 35289 20%
c - 857.71 169 76 61 328 149716 1 3952027 75812 2.7 78 29 1 7 14% 123 418210 35289 20%
c - 862.64 174 77 61 329 149725 1 3970139 76333 2.7 79 29 1 7 15% 123 418210 35289 20%
c - 867.53 175 77 61 330 149727 1 3988277 76749 2.7 80 30 1 7 15% 123 418210 35289 20%
c - 872.05 176 77 61 331 149734 1 4006442 76941 2.7 80 29 1 7 15% 123 418210 35289 20%
c - 876.36 176 77 61 332 149742 1 4024637 77731 2.8 81 29 1 7 15% 123 418210 35289 20%
c - 881.65 177 79 61 333 149751 1 4042859 78455 2.8 82 29 1 7 15% 123 418210 35289 20%
c
c seconds     switched       rate           size/glue  tier1   binary          remaining
c          MB   reductions      conflicts         size   tier2    irredundant
c           level      restarts        redundant     glue   trail         variables
c
c - 885.48 177 78 61 334 149757 1 4061107 78602 2.8 81 29 1 7 15% 123 418210 35289 20%
c ] 889.09 177 78 62 334 149758 1 4077327 94663 2.8 81 29 1 7 15% 123 418210 35289 20%
c { 889.09 177 103 62 334 149758 6 4077327 94663 3.0 54 18 1 4 13% 123 418210 35289 20%
c - 889.54 178 103 62 335 149872 6 4079382 78508 3.0 54 18 1 4 13% 123 418210 35289 20%
c - 893.66 182 102 62 336 150945 6 4097685 81342 3.0 53 18 1 4 13% 123 418210 35289 20%
c - 897.46 182 102 62 337 152045 7 4116015 84072 2.9 53 18 1 4 12% 123 418210 35289 20%
c - 901.73 183 103 62 338 152952 7 4134372 85355 3.0 54 18 1 4 13% 123 418210 35289 20%
c u 903.86 176 103 62 338 153242 6 4145079 94560 3.0 54 18 1 4 12% 123 418210 35289 20%
c v 904.05 176 103 62 338 153242 6 4145079 89752 3.0 54 18 1 4 12% 123 418210 35289 20%
c w 907.16 180 103 62 338 153242 6 4145079 86479 3.0 54 18 1 4 12% 123 418210 35289 20%
c - 908.84 181 103 62 339 153681 6 4152757 79091 3.0 54 18 1 4 12% 123 418210 35289 20%
c o 909.22 181 102 62 339 153814 6 4154510 80750 3.0 54 18 1 4 12% 123 418210 35289 20%
c - 913.03 182 102 62 340 154281 6 4171169 81552 3.1 55 18 1 4 13% 123 418210 35289 20%
c - 917.40 183 102 62 341 155251 6 4189608 83729 3.1 55 18 1 4 13% 123 418210 35289 20%
c - 921.60 184 103 62 342 155942 6 4208075 85272 3.1 55 18 1 4 13% 123 418210 35289 20%
c - 925.92 184 102 62 343 156838 6 4226570 86071 3.1 55 18 1 4 13% 123 418210 35289 20%
c - 930.27 184 102 62 344 157756 6 4245090 86968 3.1 55 18 1 4 13% 123 418210 35289 20%
c - 934.79 185 104 62 345 158766 6 4263637 88227 3.1 55 18 1 4 13% 123 418210 35289 20%
c } 938.79 185 104 63 345 159789 6 4281537 105559 3.0 54 18 1 4 13% 123 418210 35289 20%
c [ 938.79 185 78 63 345 159789 1 4281537 105559 2.8 81 29 1 7 15% 123 418210 35289 20%
c
c seconds     switched       rate            size/glue  tier1   binary          remaining
c          MB   reductions      conflicts          size   tier2    irredundant
c           level      restarts        redundant      glue   trail         variables
c
c B 938.79 185 78 63 345 159789 1 4281537 105559 2.8 81 29 1 7 15% 123 418210 35289 20%
c - 939.09 185 78 63 346 159789 1 4282214 88791 2.8 81 29 1 7 15% 123 418210 35289 20%
c - 943.62 186 79 63 347 159801 1 4300816 87419 2.8 82 30 1 7 15% 123 418210 35289 20%
c - 947.29 186 78 63 348 159807 1 4319443 83399 2.7 81 30 1 7 15% 123 418210 35289 20%
c - 952.26 187 79 63 349 159817 1 4338097 82586 2.7 83 31 1 7 15% 123 418210 35289 20%
c u 955.67 173 79 63 349 159819 1 4353505 96037 2.7 83 31 1 7 15% 123 418210 35289 20%
c v 955.80 173 79 63 349 159819 1 4353505 92766 2.7 83 31 1 7 15% 123 418210 35289 20%
c w 958.52 179 79 63 349 159819 1 4353505 92685 2.7 83 31 1 7 15% 123 418210 35289 20%
c x 959.34 186 79 63 349 159819 1 4353505 92685 2.7 83 31 1 7 15% 123 418194 35289 20%
c - 960.48 186 79 63 350 159819 1 4356778 78755 2.7 83 31 1 7 15% 123 418194 35289 20%
c - 964.96 174 79 63 351 159826 1 4375486 79132 2.7 83 30 1 7 15% 123 418194 35289 20%
c - 968.79 175 79 63 352 159834 1 4394222 79779 2.7 83 31 1 7 15% 123 418194 35289 20%
c - 972.84 177 80 63 353 159844 1 4412984 79589 2.6 82 31 1 7 15% 123 418194 35289 20%
c - 977.93 177 80 63 354 159850 1 4431773 79726 2.6 84 32 1 7 15% 123 418194 35289 20%
c o 981.94 178 79 63 354 159851 1 4446311 94226 2.7 86 32 1 7 15% 123 418194 35289 20%
c - 982.78 180 79 63 355 159851 1 4450589 79393 2.7 87 33 1 7 15% 123 418194 35289 20%
c ] 986.38 181 80 64 355 159851 1 4468155 96881 2.8 91 33 1 7 15% 123 418194 35289 20%
c { 986.38 181 104 64 355 159851 6 4468155 96881 3.0 54 18 1 4 13% 123 418194 35289 20%
c - 986.68 182 104 64 356 159888 6 4469430 78778 3.0 54 18 1 4 13% 123 418194 35289 20%
c - 991.01 184 104 64 357 160788 6 4488297 81765 3.0 54 18 1 4 13% 123 418194 35289 20%
c
c seconds      switched       rate           size/glue  tier1   binary          remaining
c          MB    reductions      conflicts         size   tier2    irredundant
c            level      restarts        redundant     glue   trail         variables
c
c - 995.20 185 104 64 358 161797 6 4507193 84975 3.0 53 18 1 3 13% 123 418194 35289 20%
c - 999.90 185 105 64 359 162894 6 4526113 86829 2.9 53 18 1 3 12% 123 418194 35289 20%
c - 1004.35 185 105 64 360 163586 6 4545061 88319 3.0 54 18 1 3 13% 123 418194 35289 20%
c - 1008.61 186 106 64 361 164514 6 4564035 89480 3.0 53 18 1 3 13% 123 418194 35289 20%
c u 1009.75 186 106 64 361 164578 6 4567547 91335 3.0 54 18 1 3 13% 123 418194 35289 20%
c v 1009.96 186 106 64 361 164578 6 4567547 87064 3.0 54 18 1 3 13% 123 418194 35289 20%
c w 1011.42 186 106 64 361 164578 6 4567547 83832 3.0 54 18 1 3 13% 123 418194 35289 20%
c - 1015.14 186 107 64 362 165379 6 4583036 83685 3.0 53 18 1 3 13% 123 418194 35289 20%
c - 1019.27 186 106 64 363 166213 6 4602063 86390 3.0 54 18 1 3 13% 123 418194 35289 20%
c - 1023.48 187 105 64 364 167190 6 4621115 88079 3.0 54 18 1 3 13% 123 418194 35289 20%
c - 1027.87 187 106 64 365 168194 6 4640193 89490 3.0 53 18 1 3 12% 123 418194 35289 20%
c - 1031.96 179 104 64 366 169132 6 4659297 90519 3.0 53 18 1 3 12% 123 418194 35289 20%
c - 1036.48 180 103 64 367 169981 6 4678428 91059 3.1 54 18 1 3 13% 123 418194 35289 20%
c } 1038.06 180 103 65 367 170362 6 4684653 97147 3.1 54 18 1 3 13% 123 418194 35289 20%
c [ 1038.06 180 80 65 367 170362 1 4684653 97147 2.8 91 33 1 7 15% 123 418194 35289 20%
c W 1038.82 175 80 65 367 170362 1 4684653 97147 2.8 91 33 1 7 15% 123 418194 35289 20%
c - 1042.21 178 80 65 368 170369 1 4697585 90300 2.8 90 33 1 7 15% 123 418194 35289 20%
c - 1046.17 179 79 65 369 170376 1 4716769 87702 2.7 88 32 1 7 15% 123 418194 35289 20%
c - 1050.17 180 79 65 370 170388 1 4735978 85952 2.7 85 31 1 7 15% 123 418194 35289 20%
c o 1053.15 180 78 65 370 170392 1 4750682 100496 2.7 83 31 1 7 14% 123 418194 35289 20%
c
c  seconds     switched       rate           size/glue  tier1   binary          remaining
c           MB   reductions      conflicts         size   tier2    irredundant
c            level      restarts        redundant     glue   trail         variables
c
c - 1054.03 181 79 65 371 170392 1 4755213 85625 2.7 84 31 1 7 14% 123 418194 35289 20%
c e 1057.57 181 79 65 371 170395 1 4770033 100328 2.7 86 32 1 7 14% 123 418186 35287 20%
c - 1058.87 182 78 65 372 170398 1 4774475 84722 2.7 86 32 1 7 14% 123 418186 35287 20%
c u 1062.22 182 78 65 372 170405 1 4787230 95433 2.7 85 31 1 7 14% 123 418186 35287 20%
c v 1062.37 182 78 65 372 170405 1 4787230 92755 2.7 85 31 1 7 14% 123 418186 35287 20%
c w 1066.61 184 78 65 372 170405 1 4787230 92289 2.7 85 31 1 7 14% 123 418186 35287 20%
c - 1068.33 185 78 65 373 170407 1 4793764 81429 2.7 85 31 1 7 14% 123 418186 35287 20%
c - 1072.69 186 78 65 374 170415 1 4813077 81550 2.7 85 31 1 7 14% 123 418186 35287 20%
c - 1076.83 186 78 65 375 170422 1 4832416 82080 2.7 84 31 1 7 14% 123 418186 35287 20%
c - 1080.90 187 78 65 376 170424 1 4851780 82425 2.7 82 31 1 7 14% 123 418186 35287 20%
c - 1084.83 167 77 65 377 170424 1 4871170 82144 2.6 81 31 1 7 13% 123 418186 35287 20%
c O 1087.85 171 77 65 377 170427 1 4885722 96532 2.6 81 31 1 7 14% 123 418186 35287 20%
c - 1089.06 173 77 65 378 170430 1 4890587 82267 2.6 81 31 1 7 14% 123 418186 35287 20%
c ] 1090.49 173 78 66 378 170433 1 4896031 87679 2.6 81 31 1 7 14% 123 418186 35287 20%
c { 1090.49 173 103 66 378 170433 6 4896031 87679 3.1 54 18 1 3 13% 123 418186 35287 20%
c - 1093.45 181 103 66 379 170553 6 4910029 85252 3.1 54 18 1 3 13% 123 418186 35287 20%
c - 1097.39 182 102 66 380 170844 5 4929496 88116 3.1 54 17 1 3 13% 123 418186 35287 20%
c - 1101.15 183 99 66 381 171100 5 4948990 89767 3.2 54 17 1 3 13% 123 418186 35287 20%
c - 1105.12 184 99 66 382 171685 5 4968509 91431 3.1 53 17 1 3 13% 123 418186 35287 20%
c - 1109.26 184 99 66 383 172332 5 4988053 92880 3.1 52 17 1 3 12% 123 418186 35287 20%
c
c  seconds     switched       rate           size/glue  tier1   binary          remaining
c           MB   reductions      conflicts         size   tier2    irredundant
c            level      restarts        redundant     glue   trail         variables
c
c - 1113.32 184 98 66 384 172945 5 5007623 94168 3.1 51 17 1 3 12% 123 418186 35287 20%
c u 1114.86 185 99 66 384 173172 5 5012584 96576 3.0 51 17 1 3 12% 123 418186 35287 20%
c v 1115.03 185 99 66 384 173172 5 5012584 91780 3.0 51 17 1 3 12% 123 418186 35287 20%
c w 1116.55 185 99 66 384 173172 5 5012584 87755 3.0 51 17 1 3 12% 123 418186 35287 20%
c - 1119.62 185 97 66 385 173464 5 5027220 87174 3.1 51 16 1 3 12% 123 418186 35287 20%
c - 1123.68 185 96 66 386 174170 5 5046841 90492 3.1 50 16 1 3 12% 123 418186 35287 20%
c o 1126.78 185 96 66 386 174786 5 5060731 103553 3.1 50 16 1 3 12% 123 418186 35287 20%
c - 1128.39 185 96 66 387 175053 5 5066488 92448 3.0 50 16 1 3 12% 123 418186 35287 20%
c - 1133.01 186 96 66 388 175991 5 5086161 94185 3.0 49 16 1 3 12% 123 418186 35287 20%
c - 1137.15 186 96 66 389 176880 5 5105858 96120 2.9 48 16 1 3 11% 123 418186 35287 20%
c } 1141.04 186 95 67 389 177769 6 5125146 114123 2.9 47 16 1 3 11% 123 418186 35287 20%
c [ 1141.04 186 78 67 389 177769 1 5125146 114123 2.6 81 31 1 7 14% 123 418186 35287 20%
c B 1141.04 186 78 67 389 177769 1 5125146 114123 2.6 81 31 1 7 14% 123 418186 35287 20%
c - 1141.14 186 78 67 390 177769 1 5125581 97357 2.6 81 31 1 7 14% 123 418186 35287 20%
c - 1145.07 186 78 67 391 177781 1 5145330 95047 2.6 81 31 1 7 14% 123 418186 35287 20%
c - 1149.61 186 78 67 392 177789 1 5165103 91186 2.6 81 30 1 7 14% 123 418186 35287 20%
c - 1153.91 187 78 67 393 177798 1 5184903 90167 2.7 81 30 1 7 14% 123 418186 35287 20%
c - 1158.25 172 77 67 394 177799 1 5204727 89091 2.7 81 31 1 7 14% 123 418186 35287 20%
c - 1161.95 175 77 67 395 177810 1 5224576 88990 2.6 80 30 1 7 14% 123 418186 35287 20%
c u 1166.72 178 78 67 395 177817 1 5243603 105245 2.6 81 31 1 7 14% 123 418186 35287 20%
c
c  seconds     switched       rate            size/glue  tier1   binary          remaining
c           MB   reductions      conflicts          size   tier2    irredundant
c            level      restarts        redundant      glue   trail         variables
c
c v 1166.84 178 78 67 395 177817 1 5243603 102609 2.6 81 31 1 7 14% 123 418186 35287 20%
c w 1171.23 183 78 67 395 177817 1 5243603 102453 2.6 81 31 1 7 14% 123 418186 35287 20%
c - 1171.48 183 78 67 396 177817 1 5244451 84894 2.6 81 31 1 7 14% 123 418186 35287 20%
c - 1175.87 183 78 67 397 177828 1 5264350 85415 2.6 81 31 1 7 14% 123 418186 35287 20%
c - 1180.85 184 78 67 398 177830 1 5284275 85395 2.7 84 31 1 7 14% 123 418186 35287 20%
c - 1185.90 185 77 67 399 177831 1 5304225 84538 2.8 87 31 1 7 14% 123 418186 35287 20%
c - 1191.36 186 76 67 400 177833 1 5324200 84868 2.8 89 31 1 7 14% 123 418186 35287 20%
c ] 1192.39 186 76 68 400 177836 1 5328490 89130 2.8 89 31 1 7 14% 123 418186 35287 20%
c { 1192.39 186 95 68 400 177836 6 5328490 89130 2.9 47 16 1 3 11% 123 418186 35287 20%
c - 1195.90 171 96 68 401 179298 6 5344200 88066 2.9 47 16 1 3 11% 123 418186 35287 20%
c - 1200.51 179 96 68 402 180936 7 5364225 91170 2.8 47 17 1 3 11% 123 418186 35287 20%
c o 1204.35 180 97 68 402 182493 7 5380732 106901 2.8 47 17 1 3 11% 123 418186 35287 20%
c - 1205.22 180 97 68 403 182863 7 5384275 93400 2.8 47 17 1 3 11% 123 418186 35287 20%
c - 1209.92 181 98 68 404 184618 8 5404349 94948 2.7 47 17 1 3 11% 123 418186 35287 20%
c - 1214.91 182 100 68 405 185884 8 5424450 96197 2.7 48 18 1 3 11% 123 418186 35287 20%
c - 1219.96 182 100 68 406 187039 8 5444574 97244 2.8 50 18 1 3 11% 123 418186 35287 20%
c - 1224.92 183 100 68 407 188119 7 5464724 98212 2.9 51 18 1 3 12% 123 418186 35287 20%
c u 1229.39 183 99 68 407 188940 7 5480348 111137 2.9 52 18 1 3 12% 123 418186 35287 20%
c v 1229.59 183 99 68 407 188940 7 5480348 105441 2.9 52 18 1 3 12% 123 418186 35287 20%
c w 1234.26 184 99 68 407 188940 7 5480348 104584 2.9 52 18 1 3 12% 123 418186 35287 20%
c
c  seconds      switched       rate           size/glue  tier1   binary          remaining
c           MB    reductions      conflicts         size   tier2    irredundant
c             level      restarts        redundant     glue   trail         variables
c
c - 1235.46 184 100 68 408 189162 7 5484898 92290 2.9 52 18 1 3 12% 123 418186 35287 20%
c - 1239.76 184 99 68 409 190348 7 5505098 94057 2.9 52 18 1 3 12% 123 418186 35287 20%
c - 1245.17 184 100 68 410 191114 7 5525323 95508 3.0 54 18 1 3 13% 123 418186 35287 20%
c - 1250.16 185 102 68 411 192301 7 5545571 96588 3.0 54 18 1 3 13% 123 418186 35287 20%
c - 1254.94 185 101 68 412 192890 6 5565845 97570 3.1 55 18 1 3 13% 123 418186 35287 20%
c } 1255.96 185 101 69 412 193157 6 5570549 102128 3.1 55 18 1 3 13% 123 418186 35287 20%
c [ 1255.96 185 76 69 412 193157 1 5570549 102128 2.8 89 31 1 7 14% 123 418186 35287 20%
c W 1257.27 175 76 69 412 193157 1 5570549 102128 2.8 89 31 1 7 14% 123 418186 35287 20%
c - 1260.93 179 77 69 413 193166 1 5586144 97299 2.8 87 31 1 7 14% 123 418186 35287 20%
c - 1265.69 179 76 69 414 193174 1 5606466 94441 2.8 86 31 1 7 14% 123 418186 35287 20%
c - 1269.56 180 77 69 415 193185 1 5626813 92168 2.7 83 31 1 7 14% 123 418186 35287 20%
c - 1274.53 181 77 69 416 193187 1 5647184 91910 2.8 83 30 1 7 14% 123 418186 35287 20%
c - 1279.20 181 77 69 417 193197 1 5667581 92094 2.8 83 30 1 7 14% 123 418186 35287 20%
c - 1284.62 182 78 69 418 193204 1 5688003 92608 2.8 83 30 1 7 14% 123 418186 35287 20%
c - 1289.38 182 78 69 419 193216 1 5708450 93073 2.8 82 30 1 7 15% 123 418186 35287 20%
c o 1289.91 182 78 69 419 193217 1 5710740 95349 2.8 82 30 1 7 15% 123 418186 35287 20%
c u 1293.03 183 78 69 419 193218 1 5722814 105536 2.8 83 30 1 7 15% 123 418186 35287 20%
c v 1293.17 183 78 69 419 193218 1 5722814 102788 2.8 83 30 1 7 15% 123 418186 35287 20%
c w 1298.14 188 78 69 419 193218 1 5722814 102440 2.8 83 30 1 7 15% 123 418186 35287 20%
c - 1299.23 167 78 69 420 193218 1 5728919 89030 2.8 83 30 1 7 15% 123 418186 35287 20%
c
c  seconds     switched       rate           size/glue  tier1   binary          remaining
c           MB   reductions      conflicts         size   tier2    irredundant
c            level      restarts        redundant     glue   trail         variables
c
c - 1303.65 172 77 69 421 193219 1 5749412 88631 2.8 83 29 1 7 15% 123 418186 35287 20%
c - 1309.38 174 77 69 422 193221 1 5769931 88524 2.9 84 29 1 7 15% 123 418186 35287 20%
c - 1313.70 175 77 69 423 193233 1 5790474 89569 2.8 82 29 1 7 15% 123 418186 35287 20%
c I 1314.71 175 76 69 423 193234 1 5796116 95145 2.8 82 29 1 7 15% 123 418186 35287 20%
c ] 1317.79 178 77 70 423 193240 1 5808981 107892 2.8 82 29 1 7 15% 123 418186 35287 20%
c { 1317.79 178 101 70 423 193240 6 5808981 107892 3.1 55 18 1 3 13% 123 418186 35287 20%
c - 1318.20 179 101 70 424 193268 6 5811040 90225 3.1 55 18 1 3 13% 123 418186 35287 20%
c - 1322.52 182 100 70 425 193531 6 5831631 92620 3.1 55 18 1 3 14% 123 418186 35287 20%
c - 1326.34 183 98 70 426 193760 6 5852246 95586 3.1 54 17 1 3 14% 123 418186 35287 20%
c - 1330.50 183 98 70 427 194153 5 5872885 96619 3.1 53 17 1 3 14% 123 418186 35287 20%
c - 1334.62 184 97 70 428 194550 5 5893549 97278 3.1 52 17 1 3 14% 123 418186 35287 20%
c - 1338.55 184 95 70 429 195020 5 5914237 98176 3.1 51 17 1 3 14% 123 418186 35287 20%
c - 1343.03 184 95 70 430 195653 5 5934950 98468 3.1 51 16 1 3 14% 123 418186 35287 20%
c - 1346.92 185 93 70 431 196220 5 5955689 99182 3.1 50 16 1 3 14% 123 418186 35287 20%
c u 1350.74 185 93 70 431 196669 6 5971026 112777 3.1 49 16 1 3 14% 123 418186 35287 20%
c v 1350.91 185 93 70 431 196669 6 5971026 108304 3.1 49 16 1 3 14% 123 418186 35287 20%
c w 1355.19 186 93 70 431 196669 6 5971026 106860 3.1 49 16 1 3 14% 123 418186 35287 20%
c - 1356.54 186 93 70 432 196833 6 5976449 94647 3.1 49 16 1 3 14% 123 418186 35287 20%
c - 1361.08 187 93 70 433 197602 6 5997234 95915 3.0 48 16 1 3 14% 123 418186 35287 20%
c - 1364.73 187 91 70 434 198214 6 6018042 96830 3.0 47 16 1 3 14% 123 418186 35287 20%
c
c  seconds     switched       rate           size/glue  tier1   binary          remaining
c           MB   reductions      conflicts         size   tier2    irredundant
c            level      restarts        redundant     glue   trail         variables
c
c - 1368.68 187 90 70 435 198884 6 6038875 97709 3.0 47 16 1 3 13% 123 418186 35287 20%
c o 1370.92 187 89 70 435 199301 6 6050856 109233 3.0 46 16 1 3 13% 123 418186 35287 20%
c - 1373.12 187 89 70 436 199737 6 6059733 98330 3.0 46 16 1 3 13% 123 418186 35287 20%
c } 1374.06 187 89 71 436 199945 6 6064309 102824 3.0 46 16 1 3 13% 123 418186 35287 20%
c [ 1374.06 187 77 71 436 199945 1 6064309 102824 2.8 82 29 1 7 15% 123 418186 35287 20%
c B 1374.06 187 77 71 436 199945 1 6064309 102824 2.8 82 29 1 7 15% 123 418186 35287 20%
c - 1377.06 188 77 71 437 199954 1 6080615 96976 2.8 81 29 1 7 15% 123 418186 35287 20%
c - 1381.38 169 77 71 438 199963 1 6101520 92892 2.8 81 29 1 7 14% 123 418186 35287 20%
c - 1385.56 174 78 71 439 199974 1 6122449 91232 2.8 81 29 1 7 14% 123 418186 35287 20%
c - 1389.40 175 78 71 440 199975 1 6143401 90824 2.7 81 30 1 7 14% 123 418186 35287 20%
c - 1393.96 178 78 71 441 199986 1 6164377 90057 2.7 81 30 1 7 14% 123 418186 35287 20%
c - 1398.70 179 78 71 442 199995 1 6185377 90419 2.7 81 30 1 7 14% 123 418186 35287 20%
c - 1403.24 179 78 71 443 200005 1 6206400 90406 2.7 81 30 1 7 14% 123 418186 35287 20%
c u 1408.26 182 78 71 443 200006 1 6225014 107759 2.7 81 30 1 7 15% 123 418186 35287 20%
c v 1408.36 182 78 71 443 200006 1 6225014 105973 2.7 81 30 1 7 15% 123 418186 35287 20%
c w 1411.35 186 78 71 443 200006 1 6225014 105838 2.7 81 30 1 7 15% 123 418186 35287 20%
c x 1412.20 191 78 71 443 200006 1 6225014 105838 2.7 81 30 1 7 15% 123 418180 35287 20%
c - 1418.59 173 78 71 444 200006 1 6227447 88042 2.7 81 30 1 7 15% 123 418180 35287 20%
c - 1422.68 176 78 71 445 200007 1 6248519 89279 2.8 80 28 1 7 15% 123 418180 35287 20%
c - 1427.75 180 77 71 446 200013 1 6269615 89832 2.7 80 29 1 7 15% 123 418180 35287 20%
c
c  seconds     switched       rate            size/glue  tier1   binary          remaining
c           MB   reductions      conflicts          size   tier2    irredundant
c            level      restarts        redundant      glue   trail         variables
c
c ] 1430.50 181 78 72 446 200020 1 6281791 101907 2.7 80 29 1 7 15% 123 418180 35287 20%
c { 1430.50 181 89 72 446 200020 6 6281791 101907 3.0 46 16 1 3 13% 123 418180 35287 20%
c - 1432.59 183 90 72 447 200954 7 6290734 90958 2.9 46 16 1 3 13% 123 418180 35287 20%
c - 1436.97 184 92 72 448 203247 7 6311877 93604 2.8 46 16 1 3 12% 123 418180 35287 20%
c - 1441.80 185 94 72 449 205581 8 6333043 96519 2.7 45 17 1 3 12% 123 418180 35287 20%
c - 1446.91 185 96 72 450 207419 8 6354234 98192 2.7 46 17 1 3 11% 123 418180 35287 20%
c - 1451.28 186 97 72 451 208590 8 6375447 99676 2.7 47 17 1 3 11% 123 418180 35287 20%
c - 1455.96 186 99 72 452 210441 8 6396685 101037 2.7 47 17 1 3 11% 123 418180 35287 20%
c o 1457.12 186 98 72 452 210872 8 6400859 105095 2.7 47 18 1 3 11% 123 418180 35287 20%
c - 1460.83 186 98 72 453 211744 8 6417945 101637 2.8 49 18 1 3 11% 123 418180 35287 20%
c - 1465.58 186 99 72 454 213312 8 6439228 102208 2.7 49 18 1 3 11% 123 418180 35287 20%
c - 1470.46 187 98 72 455 214595 8 6460536 103096 2.8 50 18 1 3 11% 123 418180 35287 20%
c - 1475.65 187 98 72 456 215775 8 6481867 103715 2.8 51 18 1 3 12% 123 418180 35287 20%
c u 1476.94 177 97 72 456 215913 8 6484803 104029 2.8 51 18 1 3 12% 123 418180 35287 20%
c v 1477.14 177 97 72 456 215913 8 6484803 98602 2.8 51 18 1 3 12% 123 418180 35287 20%
c w 1478.35 178 97 72 456 215913 8 6484803 94887 2.8 51 18 1 3 12% 123 418180 35287 20%
c - 1482.65 181 98 72 457 216755 7 6503222 95384 2.9 52 18 1 3 12% 123 418180 35287 20%
c - 1488.03 182 100 72 458 218223 7 6524599 98197 2.8 52 18 1 3 12% 123 418180 35287 20%
c e 1490.44 183 100 72 458 218638 7 6533869 107246 2.9 52 18 1 3 12% 123 418156 35281 20%
c - 1493.26 183 100 72 459 218938 7 6545999 99868 2.9 53 18 1 3 12% 123 418156 35281 20%
c
c  seconds      switched       rate            size/glue  tier1   binary          remaining
c           MB    reductions      conflicts          size   tier2    irredundant
c             level      restarts        redundant      glue   trail         variables
c
c } 1494.49 183 101 73 459 219157 7 6550708 104456 2.9 53 18 1 3 12% 123 418156 35281 20%
c [ 1494.49 183 78 73 459 219157 1 6550708 104456 2.7 80 29 1 7 15% 123 418156 35281 20%
c W 1494.60 175 78 73 459 219157 1 6550708 104456 2.7 80 29 1 7 15% 123 418156 35281 20%
c - 1499.02 179 78 73 460 219167 1 6567425 99979 2.7 80 29 1 7 15% 123 418156 35281 20%
c - 1504.65 180 77 73 461 219176 1 6588875 98288 2.8 81 29 1 7 15% 123 418156 35281 20%
c - 1510.20 181 78 73 462 219186 1 6610345 96936 2.8 82 29 1 7 16% 123 418156 35281 20%
c - 1514.84 181 77 73 463 219187 1 6631840 96319 2.8 81 29 1 7 15% 123 418156 35281 20%
c - 1519.75 182 78 73 464 219200 1 6653358 96536 2.8 81 29 1 7 15% 123 418156 35281 20%
c - 1525.68 182 79 73 465 219209 1 6674898 97414 2.8 81 29 1 7 16% 123 418156 35281 20%
c - 1531.12 183 79 73 466 219217 1 6696462 97029 2.8 81 29 1 7 17% 123 418156 35281 20%
c - 1538.38 183 80 73 467 219219 1 6718050 96859 2.8 84 29 1 7 17% 123 418156 35281 20%
c - 1544.33 184 79 73 468 219219 1 6739661 95910 2.8 84 30 1 7 16% 123 418156 35281 20%
c u 1547.91 184 78 73 468 219221 1 6750395 105022 2.7 84 31 1 7 16% 123 418156 35281 20%
c v 1548.09 184 78 73 468 219221 1 6750395 102580 2.7 84 31 1 7 16% 123 418156 35281 20%
c w 1554.28 188 78 73 468 219221 1 6750395 99689 2.7 84 31 1 7 16% 123 418156 35281 20%
c - 1557.32 171 78 73 469 219227 1 6761295 90740 2.8 84 30 1 7 16% 123 418156 35281 20%
c o 1557.81 172 78 73 469 219229 1 6762881 92307 2.8 84 30 1 7 16% 123 418156 35281 20%
c ] 1561.76 175 78 74 469 219234 1 6779551 108860 2.7 83 30 1 7 16% 123 418156 35281 20%
c { 1561.76 175 101 74 469 219234 7 6779551 108860 2.9 53 18 1 3 12% 123 418156 35281 20%
c - 1562.55 178 101 74 470 219401 7 6782952 92979 2.9 53 18 1 3 12% 123 418156 35281 20%
c
c  seconds      switched       rate           size/glue  tier1   binary          remaining
c           MB    reductions      conflicts         size   tier2    irredundant
c             level      restarts        redundant     glue   trail         variables
c
c - 1567.36 181 101 74 471 220368 7 6804632 95955 3.0 54 18 1 3 12% 123 418156 35281 20%
c - 1572.86 182 101 74 472 221138 6 6826334 99003 3.0 54 18 1 3 12% 123 418156 35281 20%
c - 1577.57 182 100 74 473 221870 6 6848060 100715 3.1 55 18 1 3 13% 123 418156 35281 20%
c - 1582.75 183 99 74 474 222880 6 6869808 101726 3.1 55 18 1 3 13% 123 418156 35281 20%
c - 1588.82 183 100 74 475 223698 6 6891579 102925 3.2 56 18 1 3 13% 123 418156 35281 20%
c - 1594.50 184 100 74 476 224825 6 6913374 103944 3.2 56 18 1 3 13% 123 418156 35281 20%
c - 1600.30 184 100 74 477 226175 6 6935192 104953 3.1 56 18 1 3 13% 123 418156 35281 20%
c - 1606.03 184 100 74 478 227846 7 6957032 105718 3.0 55 18 1 3 13% 123 418156 35281 20%
c - 1611.06 185 99 74 479 229082 7 6978897 106504 3.0 54 18 1 3 13% 123 418156 35281 20%
c - 1616.09 185 98 74 480 229887 6 7000783 107336 3.1 55 18 1 3 13% 123 418156 35281 20%
c u 1621.67 185 99 74 480 230928 6 7021842 125101 3.0 55 18 1 3 13% 123 418156 35281 20%
c v 1621.90 185 99 74 480 230928 6 7021842 119151 3.0 55 18 1 3 13% 123 418156 35281 20%
c w 1627.33 186 99 74 480 230928 6 7021842 118403 3.0 55 18 1 3 13% 123 418156 35281 20%
c - 1627.69 186 99 74 481 230971 6 7022693 100336 3.0 55 18 1 3 13% 123 418156 35281 20%
c - 1632.48 186 99 74 482 231845 6 7044624 102208 3.1 56 18 1 3 13% 123 418156 35281 20%
c } 1636.55 186 98 75 482 232655 6 7062375 119515 3.1 56 18 1 3 13% 123 418156 35281 20%
c [ 1636.55 186 78 75 482 232655 1 7062375 119515 2.7 83 30 1 7 16% 123 418156 35281 20%
c O 1636.55 186 78 75 482 232655 1 7062375 119515 2.7 83 30 1 7 16% 123 418156 35281 20%
c - 1637.67 186 78 75 483 232658 1 7066578 103304 2.7 83 30 1 7 15% 123 418156 35281 20%
c - 1642.97 187 77 75 484 232669 1 7088555 101605 2.7 83 31 1 7 15% 123 418156 35281 20%
c
c  seconds     switched       rate           size/glue  tier1   binary          remaining
c           MB   reductions      conflicts         size   tier2    irredundant
c            level      restarts        redundant     glue   trail         variables
c
c - 1647.38 187 77 75 485 232679 1 7110555 98182 2.6 81 31 1 7 14% 123 418156 35281 20%
c - 1651.54 187 76 75 486 232685 1 7132578 96889 2.6 78 30 1 7 14% 123 418156 35281 20%
c o 1653.97 167 76 75 486 232686 1 7144925 109153 2.6 78 30 1 7 13% 123 418156 35281 20%
c - 1655.91 174 76 75 487 232692 1 7154623 96751 2.6 78 30 1 7 13% 123 418156 35281 20%
c - 1661.57 175 76 75 488 232700 1 7176691 97065 2.6 79 30 1 7 13% 123 418156 35281 20%
c - 1666.22 176 76 75 489 232714 1 7198782 97176 2.6 79 30 1 7 13% 123 418156 35281 20%
c - 1671.02 178 75 75 490 232716 1 7220896 97218 2.6 78 30 1 7 13% 123 418156 35281 20%
c - 1675.66 178 76 75 491 232717 1 7243032 96594 2.6 78 30 1 7 13% 123 418156 35281 20%
c - 1680.26 179 76 75 492 232721 1 7265191 96599 2.6 78 30 1 7 13% 123 418156 35281 20%
c - 1684.57 180 76 75 493 232732 1 7287372 97372 2.6 77 29 1 7 13% 123 418156 35281 20%
c u 1688.52 181 76 75 493 232737 1 7299143 107787 2.7 78 29 1 7 14% 123 418156 35281 20%
c v 1688.65 181 76 75 493 232737 1 7299143 105973 2.7 78 29 1 7 14% 123 418156 35281 20%
c w 1694.02 183 76 75 493 232737 1 7299143 105522 2.7 78 29 1 7 14% 123 418156 35281 20%
c - 1695.94 183 76 75 494 232742 1 7309575 95415 2.7 77 29 1 7 14% 123 418156 35281 20%
c B 1699.16 183 77 75 494 232747 1 7322225 107910 2.7 78 29 1 7 14% 123 418156 35281 20%
c - 1701.21 183 77 75 495 232748 1 7331803 96297 2.7 78 29 1 7 14% 123 418156 35281 20%
c ] 1705.86 184 77 76 495 232753 1 7349181 113251 2.7 79 29 1 7 14% 123 418156 35281 20%
c { 1705.86 184 98 76 495 232753 6 7349181 113251 3.1 56 18 1 3 13% 123 418156 35281 20%
c - 1707.00 185 99 76 496 233039 6 7354051 96841 3.1 56 18 1 3 13% 123 418156 35281 20%
c - 1711.77 187 99 76 497 233975 6 7376322 99478 3.1 56 18 1 3 13% 123 418156 35281 20%
c
c  seconds     switched       rate            size/glue  tier1   binary          remaining
c           MB   reductions      conflicts          size   tier2    irredundant
c            level      restarts        redundant      glue   trail         variables
c
c - 1717.49 187 98 76 498 234858 6 7398615 102209 3.2 57 18 1 3 13% 123 418156 35281 20%
c - 1722.91 188 98 76 499 236177 6 7420932 104016 3.1 56 18 1 3 13% 123 418156 35281 20%
c - 1728.89 180 99 76 500 237248 6 7443270 105181 3.1 56 18 1 3 13% 123 418156 35281 20%
c - 1733.99 181 99 76 501 238452 6 7465631 106310 3.1 56 18 1 3 13% 123 418156 35281 20%
c - 1740.51 182 98 76 502 240133 7 7488015 107253 3.0 55 18 1 3 12% 123 418156 35281 20%
c - 1746.12 182 98 76 503 240884 6 7510421 107906 3.1 56 18 1 3 13% 123 418156 35281 20%
c o 1749.61 183 98 76 503 241652 6 7524931 122012 3.1 56 18 1 3 13% 123 418156 35281 20%
c - 1751.58 183 97 76 504 242008 6 7532849 108666 3.1 56 18 1 3 13% 123 418156 35281 20%
c - 1757.52 183 97 76 505 242990 6 7555299 108876 3.1 56 18 1 3 13% 123 418156 35281 20%
c - 1763.02 184 98 76 506 244001 6 7577772 109886 3.1 56 18 1 3 13% 123 418156 35281 20%
c u 1764.73 184 98 76 506 244130 6 7582326 111716 3.1 57 18 1 3 13% 123 418156 35281 20%
c v 1764.94 184 98 76 506 244130 6 7582326 106204 3.1 57 18 1 3 13% 123 418156 35281 20%
c w 1767.11 184 98 76 506 244130 6 7582326 102276 3.1 57 18 1 3 13% 123 418156 35281 20%
c - 1772.18 184 98 76 507 245025 6 7600266 101380 3.1 56 18 1 3 13% 123 418156 35281 20%
c - 1777.43 184 97 76 508 246142 6 7622782 104378 3.1 56 18 1 3 13% 123 418156 35281 20%
c - 1782.69 184 96 76 509 247166 6 7645323 105895 3.1 56 18 1 3 13% 123 418156 35281 20%
c } 1782.97 184 96 77 509 247280 6 7646231 106779 3.1 56 18 1 3 13% 123 418156 35281 20%
c [ 1782.97 184 77 77 509 247280 1 7646231 106779 2.7 79 29 1 7 14% 123 418156 35281 20%
c W 1784.94 175 77 77 509 247280 1 7646231 106779 2.7 79 29 1 7 14% 123 418156 35281 20%
c - 1790.50 179 77 77 510 247293 1 7667884 104754 2.7 79 29 1 7 15% 123 418156 35281 20%
c
c  seconds     switched       rate            size/glue  tier1   binary          remaining
c           MB   reductions      conflicts          size   tier2    irredundant
c            level      restarts        redundant      glue   trail         variables
c
c - 1795.51 180 78 77 511 247301 1 7690467 101879 2.7 80 30 1 7 15% 123 418156 35281 20%
c - 1800.80 181 78 77 512 247310 1 7713072 100478 2.7 80 30 1 7 14% 123 418156 35281 20%
c - 1806.44 182 77 77 513 247316 1 7735699 100257 2.6 80 30 1 7 14% 123 418156 35281 20%
c - 1811.79 182 77 77 514 247325 1 7758350 100756 2.7 79 30 1 7 14% 123 418156 35281 20%
c - 1817.46 183 77 77 515 247338 1 7781021 100748 2.6 80 30 1 7 14% 123 418156 35281 20%
c - 1823.36 183 77 77 516 247341 1 7803714 100405 2.7 81 30 1 7 14% 123 418156 35281 20%
c - 1829.20 184 77 77 517 247342 1 7826429 100408 2.7 80 30 1 7 15% 123 418156 35281 20%
c - 1835.06 184 76 77 518 247346 1 7849167 99874 2.7 80 30 1 7 14% 123 418156 35281 20%
c u 1840.17 185 76 77 518 247357 1 7871393 120382 2.6 80 30 1 7 14% 123 418156 35281 20%
c v 1840.33 185 76 77 518 247357 1 7871393 118274 2.6 80 30 1 7 14% 123 418156 35281 20%
c w 1847.43 190 76 77 518 247357 1 7871393 117887 2.6 80 30 1 7 14% 123 418156 35281 20%
c - 1847.67 172 76 77 519 247357 1 7871930 97427 2.6 80 30 1 7 14% 123 418156 35281 20%
c - 1852.86 172 76 77 520 247369 1 7894713 98279 2.6 80 31 1 7 14% 123 418156 35281 20%
c - 1858.67 173 75 77 521 247373 1 7917516 98652 2.6 80 31 1 7 14% 123 418156 35281 20%
c ] 1859.29 173 75 78 521 247373 1 7920259 101356 2.6 80 31 1 7 14% 123 418156 35281 20%
c { 1859.29 173 96 78 521 247373 6 7920259 101356 3.1 56 18 1 3 13% 123 418156 35281 20%
c o 1859.35 176 96 78 521 247381 6 7920301 101398 3.1 56 18 1 3 13% 123 418156 35281 20%
c - 1863.95 181 95 78 522 248377 6 7940342 101439 3.1 56 18 1 3 13% 123 418156 35281 20%
c - 1869.65 182 96 78 523 249452 6 7963190 104667 3.1 56 18 1 3 13% 123 418156 35281 20%
c - 1875.49 183 96 78 524 250500 6 7986060 106275 3.1 56 18 1 3 13% 123 418156 35281 20%
c
c  seconds     switched       rate            size/glue  tier1   binary          remaining
c           MB   reductions      conflicts          size   tier2    irredundant
c            level      restarts        redundant      glue   trail         variables
c
c - 1881.18 184 98 78 525 251534 6 8008951 107691 3.1 56 18 1 3 13% 123 418156 35281 20%
c - 1887.17 184 98 78 526 252967 6 8031866 108918 3.1 55 18 1 3 13% 123 418156 35281 20%
c - 1892.68 185 96 78 527 254116 6 8054803 109309 3.1 55 18 1 3 13% 123 418156 35281 20%
c - 1898.10 185 96 78 528 255101 6 8077759 110235 3.1 55 18 1 3 13% 123 418156 35281 20%
c - 1904.41 185 97 78 529 256780 7 8100738 111034 3.0 55 18 1 3 12% 123 418156 35281 20%
c - 1910.47 186 97 78 530 257628 6 8123738 111626 3.1 55 18 1 3 13% 123 418156 35281 20%
c - 1915.55 186 96 78 531 258432 6 8146759 112488 3.1 56 18 1 3 13% 123 418156 35281 20%
c u 1920.92 186 96 78 531 259530 6 8166394 128964 3.1 56 18 1 3 13% 123 418156 35281 20%
c v 1921.16 186 96 78 531 259530 6 8166394 123007 3.1 56 18 1 3 13% 123 418156 35281 20%
c w 1927.10 187 96 78 531 259530 6 8166394 122030 3.1 56 18 1 3 13% 123 418156 35281 20%
c - 1927.86 187 95 78 532 259572 6 8169803 105160 3.1 56 18 1 3 13% 123 418156 35281 20%
c - 1933.49 187 96 78 533 260576 6 8192870 106812 3.1 56 18 1 3 13% 123 418156 35281 20%
c - 1939.12 187 96 78 534 261983 6 8215956 108497 3.1 56 18 1 3 13% 123 418156 35281 20%
c } 1943.09 187 95 79 534 262833 6 8231850 124009 3.1 56 18 1 3 13% 123 418156 35281 20%
c [ 1943.09 187 75 79 534 262833 1 8231850 124009 2.6 80 31 1 7 14% 123 418156 35281 20%
c I 1943.09 187 75 79 534 262833 1 8231850 124009 2.6 80 31 1 7 14% 123 418156 35281 20%
c - 1944.84 187 76 79 535 262838 1 8239064 109073 2.6 80 31 1 7 14% 123 418156 35281 20%
c - 1949.51 188 76 79 536 262847 1 8262194 106998 2.6 79 30 1 7 14% 123 418156 35281 20%
c - 1955.04 188 76 79 537 262860 1 8285346 103383 2.6 79 30 1 7 14% 123 418156 35281 20%
c - 1961.15 171 76 79 538 262863 1 8308520 103180 2.7 80 30 1 7 14% 123 418156 35281 20%
c
c  seconds     switched       rate            size/glue  tier1   binary          remaining
c           MB   reductions      conflicts          size   tier2    irredundant
c            level      restarts        redundant      glue   trail         variables
c
c o 1963.54 172 76 79 538 262869 1 8320435 114983 2.7 80 30 1 7 14% 123 418156 35281 20%
c - 1966.06 176 76 79 539 262874 1 8331715 102909 2.7 80 30 1 7 14% 123 418156 35281 20%
c - 1972.80 178 76 79 540 262884 1 8354932 102713 2.8 81 29 1 7 14% 123 418156 35281 20%
c - 1978.86 179 76 79 541 262893 1 8378170 102565 2.8 81 29 1 7 14% 123 418156 35281 20%
c - 1983.78 181 76 79 542 262895 1 8401430 102253 2.8 82 29 1 7 14% 123 418156 35281 20%
c - 1989.19 182 75 79 543 262895 1 8424712 101493 2.7 83 30 1 7 14% 123 418156 35281 20%
c - 1995.36 182 76 79 544 262907 1 8448015 101872 2.8 83 30 1 7 14% 123 418156 35281 20%
c u 2000.84 183 76 79 544 262914 1 8467331 119445 2.8 83 30 1 7 14% 123 418156 35281 20%
c v 2001.00 183 76 79 544 262914 1 8467331 117597 2.8 83 30 1 7 14% 123 418156 35281 20%
c w 2007.92 187 76 79 544 262914 1 8467331 117204 2.8 83 30 1 7 14% 123 418156 35281 20%
c - 2008.74 187 76 79 545 262917 1 8471339 99776 2.8 83 30 1 7 14% 123 418156 35281 20%
c - 2013.61 187 76 79 546 262925 1 8494684 100406 2.7 82 30 1 7 14% 123 418156 35281 20%
c - 2017.97 188 76 79 547 262931 1 8518050 101074 2.6 80 30 1 7 13% 123 418156 35281 20%
c B 2018.06 166 76 79 547 262932 1 8518583 101604 2.6 80 30 1 7 13% 123 418156 35281 20%
c - 2023.87 172 76 79 548 262941 1 8541438 102064 2.7 80 30 1 7 14% 123 418156 35281 20%
c ] 2024.34 172 76 80 548 262941 1 8542859 103479 2.7 80 30 1 7 14% 123 418156 35281 20%
c { 2024.34 172 95 80 548 262941 6 8542859 103479 3.1 56 18 1 3 13% 123 418156 35281 20%
c - 2029.68 180 95 80 549 263968 6 8564848 104627 3.1 56 18 1 3 13% 123 418156 35281 20%
c - 2034.82 181 95 80 550 264958 6 8588280 107515 3.1 55 18 1 3 13% 123 418156 35281 20%
c - 2040.45 182 95 80 551 266097 6 8611733 108965 3.1 56 18 1 3 13% 123 418156 35281 20%
c
c  seconds     switched       rate            size/glue  tier1   binary          remaining
c           MB   reductions      conflicts          size   tier2    irredundant
c            level      restarts        redundant      glue   trail         variables
c
c - 2046.03 183 95 80 552 266913 6 8635207 110053 3.1 56 18 1 3 13% 123 418156 35281 20%
c - 2051.38 183 95 80 553 268195 6 8658701 111095 3.1 55 18 1 3 13% 123 418156 35281 20%
c - 2057.78 184 95 80 554 269429 6 8682216 111982 3.1 56 18 1 3 13% 123 418156 35281 20%
c - 2064.12 184 96 80 555 270336 6 8705755 113335 3.1 56 18 1 3 13% 123 418156 35281 20%
c - 2069.75 184 95 80 556 271234 6 8729313 113947 3.2 57 18 1 3 14% 123 418156 35281 20%
c o 2069.99 184 95 80 556 271259 6 8730436 115042 3.2 57 18 1 3 14% 123 418156 35281 20%
c - 2075.75 185 96 80 557 272720 6 8752894 113926 3.2 57 18 1 3 13% 123 418156 35281 20%
c u 2081.68 185 95 80 557 274040 6 8774206 132263 3.1 57 18 1 3 13% 123 418156 35281 20%
c v 2081.97 185 95 80 557 274040 6 8774206 126398 3.1 57 18 1 3 13% 123 418156 35281 20%
c w 2085.85 186 95 80 557 274040 6 8774206 126005 3.1 57 18 1 3 13% 123 418156 35281 20%
c x 2086.81 189 95 80 557 274040 6 8774206 126004 3.1 57 18 1 3 13% 123 418154 35281 20%
c e 2087.00 164 95 80 557 274040 6 8774206 126004 3.1 57 18 1 3 13% 123 418155 35278 20%
c s 2087.01 164 95 80 557 274040 6 8774206 126004 3.1 57 18 1 3 13% 123 418137 35278 20%
c - 2087.62 179 95 80 558 274156 6 8776496 107164 3.1 57 18 1 3 13% 123 418137 35278 20%
c - 2092.19 183 93 80 559 274682 6 8800118 108759 3.2 58 18 1 3 13% 123 418137 35278 20%
c - 2098.00 184 94 80 560 275789 6 8823762 110435 3.2 57 18 1 3 13% 123 418137 35278 20%
c - 2104.05 185 95 80 561 277010 6 8847427 111700 3.1 57 18 1 3 13% 123 418137 35278 20%
c } 2109.50 185 95 81 561 277959 6 8869302 133197 3.2 57 18 1 3 13% 123 418137 35278 20%
c [ 2109.50 185 76 81 561 277959 1 8869302 133197 2.7 80 30 1 7 14% 123 418137 35278 20%
c W 2109.76 176 76 81 561 277959 1 8869302 133197 2.7 80 30 1 7 14% 123 418137 35278 20%
c
c  seconds     switched       rate            size/glue  tier1   binary          remaining
c           MB   reductions      conflicts          size   tier2    irredundant
c            level      restarts        redundant      glue   trail         variables
c
c - 2110.33 178 76 81 562 277960 1 8871112 112879 2.7 81 30 1 7 14% 123 418137 35278 20%
c - 2116.04 180 76 81 563 277973 1 8894818 111133 2.7 81 30 1 7 14% 123 418137 35278 20%
c - 2121.65 182 76 81 564 277983 1 8918547 107275 2.7 81 30 1 7 14% 123 418137 35278 20%
c - 2128.18 182 77 81 565 277989 1 8942295 106291 2.7 81 30 1 7 14% 123 418137 35278 20%
c - 2135.09 184 77 81 566 277998 1 8966064 105931 2.7 81 30 1 7 14% 123 418137 35278 20%
c - 2141.06 185 77 81 567 278009 1 8989854 105958 2.8 81 29 1 7 15% 123 418137 35278 20%
c - 2147.04 186 77 81 568 278019 1 9013665 106387 2.7 80 30 1 7 15% 123 418137 35278 20%
c - 2152.85 186 77 81 569 278021 1 9037498 106022 2.7 80 29 1 7 15% 123 418137 35278 20%
c - 2160.31 187 76 81 570 278021 1 9061351 106242 2.9 82 28 1 7 16% 123 418137 35278 20%
c - 2166.29 187 76 81 571 278033 1 9085226 107529 3.0 80 27 1 7 16% 123 418137 35278 20%
c u 2167.24 187 76 81 571 278034 1 9087069 107485 2.9 80 27 1 7 16% 123 418137 35278 20%
c v 2167.38 187 76 81 571 278034 1 9087069 105408 2.9 80 27 1 7 16% 123 418137 35278 20%
c w 2168.19 187 76 81 571 278034 1 9087069 102531 2.9 80 27 1 7 16% 123 418137 35278 20%
c - 2174.35 188 76 81 572 278043 1 9109121 102656 2.9 81 28 1 7 16% 123 418137 35278 20%
c - 2179.83 188 77 81 573 278052 1 9133038 103383 2.9 81 28 1 7 16% 123 418137 35278 20%
c o 2184.29 170 76 81 573 278055 1 9151548 121557 2.9 83 28 1 7 16% 123 418137 35278 20%
c ] 2184.49 174 76 82 573 278055 1 9152667 122670 2.9 83 28 1 7 16% 123 418137 35278 20%
c { 2184.49 174 95 82 573 278055 6 9152667 122670 3.2 57 18 1 3 13% 123 418137 35278 20%
c - 2185.52 178 95 82 574 278079 6 9156975 104431 3.2 58 18 1 3 13% 123 418137 35278 20%
c - 2191.89 182 94 82 575 278361 5 9180934 107929 3.3 58 18 1 3 14% 123 418137 35278 20%
c
c  seconds     switched       rate            size/glue  tier1   binary          remaining
c           MB   reductions      conflicts          size   tier2    irredundant
c            level      restarts        redundant      glue   trail         variables
c
c - 2197.66 183 94 82 576 278934 5 9204913 111265 3.3 56 17 1 3 14% 123 418137 35278 20%
c - 2202.77 184 93 82 577 279562 5 9228914 113159 3.2 55 17 1 3 13% 123 418137 35278 20%
c - 2208.27 185 93 82 578 280274 5 9252934 114574 3.2 54 17 1 3 13% 123 418137 35278 20%
c - 2212.95 186 92 82 579 280946 5 9276977 116142 3.2 53 17 1 3 12% 123 418137 35278 20%
c - 2218.64 186 92 82 580 281843 5 9301039 117122 3.1 52 17 1 3 12% 123 418137 35278 20%
c - 2226.18 187 91 82 581 282758 5 9325122 118534 3.3 54 16 1 3 12% 123 418137 35278 20%
c - 2232.13 187 91 82 582 283968 5 9349225 119825 3.2 52 16 1 3 12% 123 418137 35278 20%
c - 2237.83 187 91 82 583 285346 5 9373349 120451 3.1 50 17 1 3 11% 123 418137 35278 20%
c - 2243.65 187 90 82 584 286336 5 9397494 121699 3.0 50 16 1 3 11% 123 418137 35278 20%
c u 2246.40 187 91 82 584 286773 6 9405919 125743 3.0 50 16 1 3 11% 123 418137 35278 20%
c v 2246.69 187 91 82 584 286773 6 9405919 119261 3.0 50 16 1 3 11% 123 418137 35278 20%
c w 2250.24 188 91 82 584 286773 6 9405919 113988 3.0 50 16 1 3 11% 123 418137 35278 20%
c - 2262.30 188 90 82 585 287447 6 9421660 111163 3.0 49 16 1 3 11% 123 418137 35278 20%
c - 2267.55 188 90 82 586 288249 5 9445846 115059 3.0 49 16 1 3 11% 123 418137 35278 20%
c - 2272.71 188 90 82 587 289625 6 9470054 117493 2.9 48 16 1 3 11% 123 418137 35278 20%
c } 2278.82 189 90 83 587 290530 6 9494274 140684 3.0 49 16 1 3 11% 123 418137 35278 20%
c [ 2278.82 189 76 83 587 290530 1 9494274 140684 2.9 83 28 1 7 16% 123 418137 35278 20%
c O 2278.82 189 76 83 587 290530 1 9494274 140684 2.9 83 28 1 7 16% 123 418137 35278 20%
c - 2278.85 189 76 83 588 290530 1 9494282 119338 2.9 83 28 1 7 16% 123 418137 35278 20%
c - 2284.34 189 77 83 589 290543 1 9518531 118053 2.9 81 28 1 7 16% 123 418137 35278 20%
c
c  seconds     switched       rate            size/glue  tier1   binary          remaining
c           MB   reductions      conflicts          size   tier2    irredundant
c            level      restarts        redundant      glue   trail         variables
c
c - 2289.39 172 76 83 590 290554 1 9542802 113777 2.8 80 28 1 7 15% 123 418137 35278 20%
c - 2294.50 175 76 83 591 290560 1 9567092 112485 2.8 80 28 1 7 15% 123 418137 35278 20%
c o 2300.93 176 76 83 591 290568 1 9589188 134370 2.9 81 28 1 7 15% 123 418137 35278 20%
c - 2301.41 177 76 83 592 290570 1 9591402 112500 2.9 81 28 1 7 15% 123 418137 35278 20%
c - 2307.01 178 76 83 593 290580 1 9615734 112485 2.9 81 28 1 7 15% 123 418137 35278 20%
c - 2313.29 179 77 83 594 290590 1 9640085 111973 2.8 81 29 1 7 15% 123 418137 35278 20%
c - 2321.48 180 78 83 595 290592 1 9664457 112086 2.8 82 29 1 7 15% 123 418137 35278 20%
c - 2329.32 182 79 83 596 290592 1 9688849 111721 2.7 85 31 1 7 15% 123 418137 35278 20%
c - 2335.53 182 79 83 597 290606 1 9713265 112181 2.7 85 31 1 7 15% 123 418137 35278 20%
c u 2340.74 179 78 83 597 290612 1 9730785 127050 2.8 84 31 1 7 15% 123 418137 35278 20%
c v 2340.86 179 78 83 597 290612 1 9730785 124637 2.8 84 31 1 7 15% 123 418137 35278 20%
c w 2347.24 186 78 83 597 290612 1 9730785 123906 2.8 84 31 1 7 15% 123 418137 35278 20%
c - 2349.00 186 78 83 598 290615 1 9737698 108304 2.8 84 30 1 7 15% 123 418137 35278 20%
c - 2353.34 187 77 83 599 290623 1 9762156 108246 2.7 82 31 1 7 14% 123 418137 35278 20%
c - 2358.65 187 77 83 600 290630 1 9786631 108264 2.6 81 31 1 7 14% 123 418137 35278 20%
c B 2364.12 188 77 83 600 290640 1 9808857 130222 2.6 81 31 1 7 14% 123 418137 35278 20%
c - 2364.58 188 77 83 601 290641 1 9811126 109133 2.6 81 31 1 7 14% 123 418137 35278 20%
c ] 2367.45 188 77 84 601 290649 1 9824539 122404 2.6 80 31 1 7 14% 123 418137 35278 20%
c { 2367.45 188 90 84 601 290649 6 9824539 122404 3.0 49 16 1 3 11% 123 418137 35278 20%
c - 2370.22 190 90 84 602 291862 6 9835641 111075 2.9 48 16 1 3 11% 123 418137 35278 20%
c
c  seconds     switched       rate            size/glue  tier1   binary          remaining
c           MB   reductions      conflicts          size   tier2    irredundant
c            level      restarts        redundant      glue   trail         variables
c
c - 2376.09 182 91 84 603 294085 7 9860178 114072 2.9 48 17 1 3 11% 123 418137 35278 20%
c - 2382.04 183 92 84 604 295953 7 9884736 117242 2.9 49 17 1 3 11% 123 418137 35278 20%
c - 2387.85 184 93 84 605 297857 7 9909312 118970 2.8 50 18 1 3 11% 123 418137 35278 20%
c - 2393.89 185 94 84 606 299166 7 9933908 120009 2.9 51 18 1 3 11% 123 418137 35278 20%
c - 2399.99 185 94 84 607 300900 7 9958525 120956 2.9 52 18 1 3 11% 123 418137 35278 20%
c - 2405.42 186 94 84 608 302099 7 9983162 121503 3.0 53 18 1 3 12% 123 418137 35278 20%
c - 2411.44 186 95 84 609 303441 7 10007819 122396 3.0 54 18 1 3 12% 123 418137 35278 20%
c o 2416.72 186 95 84 609 304523 7 10029189 143390 3.0 54 18 1 3 12% 123 418137 35278 20%
c - 2417.44 186 95 84 610 304610 7 10032497 123330 3.0 54 18 1 3 12% 123 418137 35278 20%
c - 2423.56 187 95 84 611 305977 7 10057195 123829 3.0 55 18 1 3 13% 123 418137 35278 20%
c u 2425.16 187 95 84 611 306131 7 10061668 125325 3.0 55 18 1 3 13% 123 418137 35278 20%
c v 2425.38 187 95 84 611 306131 7 10061668 119018 3.0 55 18 1 3 13% 123 418137 35278 20%
c w 2427.20 187 95 84 611 306131 7 10061668 114697 3.0 55 18 1 3 13% 123 418137 35278 20%
c - 2431.57 187 94 84 612 307215 6 10081913 113776 3.0 55 18 1 3 12% 123 418137 35278 20%
c - 2436.85 187 94 84 613 308414 6 10106652 116490 3.1 56 18 1 3 12% 123 418137 35278 20%
c - 2442.74 187 95 84 614 309717 6 10131411 118715 3.1 56 18 1 3 12% 123 418137 35278 20%
c - 2449.30 187 94 84 615 310767 6 10156190 120467 3.2 57 18 1 3 13% 123 418137 35278 20%
c - 2455.43 188 93 84 616 312152 6 10180990 121160 3.1 57 18 1 3 13% 123 418137 35278 20%
c } 2455.57 188 93 85 616 312180 6 10181618 121782 3.2 57 18 1 3 13% 123 418137 35278 20%
c [ 2455.57 188 77 85 616 312180 1 10181618 121782 2.6 80 31 1 7 14% 123 418137 35278 20%
c
c  seconds     switched       rate             size/glue  tier1   binary          remaining
c           MB   reductions      conflicts           size   tier2    irredundant
c            level      restarts         redundant      glue   trail         variables
c
c W 2457.77 177 77 85 616 312180 1 10181618 121782 2.6 80 31 1 7 14% 123 418137 35278 20%
c - 2463.03 181 77 85 617 312193 1 10205809 119870 2.7 79 30 1 7 14% 123 418137 35278 20%
c - 2469.06 183 78 85 618 312204 1 10230650 116801 2.7 79 29 1 7 14% 123 418137 35278 20%
c - 2474.93 183 78 85 619 312210 1 10255509 115143 2.7 80 30 1 7 14% 123 418137 35278 20%
c - 2480.20 184 78 85 620 312220 1 10280388 114040 2.7 81 30 1 7 14% 123 418137 35278 20%
c - 2487.66 186 78 85 621 312232 1 10305288 114283 2.7 84 31 1 7 15% 123 418137 35278 20%
c - 2494.14 187 78 85 622 312241 1 10330208 114777 2.8 83 30 1 7 15% 123 418137 35278 20%
c - 2499.30 187 77 85 623 312242 1 10355147 114724 2.8 82 30 1 7 15% 123 418137 35278 20%
c - 2504.47 188 76 85 624 312243 1 10380106 113718 2.7 81 30 1 7 15% 123 418137 35278 20%
c u 2508.51 189 76 85 624 312255 1 10398594 130026 2.7 80 30 1 7 14% 123 418137 35278 20%
c v 2508.64 189 76 85 624 312255 1 10398594 127652 2.7 80 30 1 7 14% 123 418137 35278 20%
c w 2515.75 193 76 85 624 312255 1 10398594 126779 2.7 80 30 1 7 14% 123 418137 35278 20%
c - 2517.05 173 76 85 625 312257 1 10405085 110237 2.7 80 30 1 7 14% 123 418137 35278 20%
c - 2522.21 176 76 85 626 312269 1 10430085 111008 2.7 81 30 1 7 14% 123 418137 35278 20%
c - 2528.38 177 75 85 627 312273 1 10455104 111136 2.7 82 30 1 7 13% 123 418137 35278 20%
c - 2534.20 180 76 85 628 312285 1 10480144 112297 2.8 82 29 1 7 14% 123 418137 35278 20%
c o 2537.85 180 75 85 628 312289 1 10494644 126715 2.8 82 30 1 7 14% 123 418137 35278 20%
c - 2540.40 181 75 85 629 312295 1 10505203 113048 2.8 83 30 1 7 14% 123 418137 35278 20%
c I 2542.83 181 75 85 629 312302 1 10515291 123077 2.8 83 30 1 7 14% 123 418137 35278 20%
c - 2547.13 181 76 85 630 312304 1 10530282 113103 2.9 85 29 1 7 14% 123 418137 35278 20%
c
c  seconds     switched       rate             size/glue  tier1   binary          remaining
c           MB   reductions      conflicts           size   tier2    irredundant
c            level      restarts         redundant      glue   trail         variables
c
c ] 2548.36 181 76 86 630 312304 1 10534534 117333 2.9 86 30 1 7 14% 123 418137 35278 20%
c { 2548.36 181 93 86 630 312304 6 10534534 117333 3.2 57 18 1 3 13% 123 418137 35278 20%
c - 2552.82 186 93 86 631 312617 6 10555381 116020 3.2 56 18 1 3 14% 123 418137 35278 20%
c - 2558.57 187 93 86 632 312912 5 10580500 118911 3.2 56 17 1 3 15% 123 418137 35278 20%
c - 2564.37 188 93 86 633 313389 5 10605640 120162 3.2 55 17 1 3 15% 123 418137 35278 20%
c - 2569.55 188 92 86 634 313928 5 10630799 121048 3.2 54 17 1 3 15% 123 418137 35278 20%
c - 2575.25 189 91 86 635 314565 5 10655979 122012 3.2 53 17 1 3 14% 123 418137 35278 20%
c - 2580.65 189 91 86 636 315301 5 10681178 122745 3.1 52 16 1 3 14% 123 418137 35278 20%
c - 2586.75 189 91 86 637 316181 6 10706397 123059 3.1 51 16 1 3 14% 123 418137 35278 20%
c - 2592.32 189 90 86 638 316926 6 10731635 123633 3.1 50 16 1 3 14% 123 418137 35278 20%
c u 2594.48 190 88 86 638 317094 5 10741590 131688 3.1 49 16 1 3 14% 123 418137 35278 20%
c v 2594.70 190 88 86 638 317094 5 10741590 126536 3.1 49 16 1 3 14% 123 418137 35278 20%
c w 2597.35 191 88 86 638 317094 5 10741590 120185 3.1 49 16 1 3 14% 123 418137 35278 20%
c - 2600.91 180 88 86 639 317674 6 10756894 114578 3.1 49 16 1 3 14% 123 418137 35278 20%
c - 2606.37 182 89 86 640 318599 6 10782172 117725 3.1 48 16 1 3 14% 123 418137 35278 20%
c - 2612.05 183 89 86 641 319531 6 10807470 119750 3.0 48 16 1 3 14% 123 418137 35278 20%
c - 2618.47 184 89 86 642 320602 6 10832788 120778 3.0 47 16 1 3 13% 123 418137 35278 20%
c - 2624.60 184 88 86 643 321648 6 10858125 121646 3.0 46 16 1 3 13% 123 418137 35278 20%
c - 2631.59 184 88 86 644 322913 7 10883483 122253 2.9 46 16 1 3 13% 123 418137 35278 20%
c } 2637.10 185 88 87 644 323923 7 10907391 145492 2.9 46 16 1 3 13% 123 418137 35278 20%
c
c  seconds     switched       rate             size/glue  tier1   binary          remaining
c           MB   reductions      conflicts           size   tier2    irredundant
c            level      restarts         redundant      glue   trail         variables
c
c [ 2637.10 185 76 87 644 323923 1 10907391 145492 2.9 86 30 1 7 14% 123 418137 35278 20%
c B 2637.10 185 76 87 644 323923 1 10907391 145492 2.9 86 30 1 7 14% 123 418137 35278 20%
c - 2637.53 185 76 87 645 323924 1 10908860 122486 2.9 86 30 1 7 14% 123 418137 35278 20%
c - 2643.66 186 76 87 646 323937 1 10934256 120280 2.9 85 29 1 7 14% 123 418137 35278 20%
c o 2649.00 186 76 87 646 323947 1 10954772 140630 2.8 85 30 1 7 14% 123 418137 35278 20%
c - 2649.93 186 76 87 647 323950 1 10959672 115405 2.8 85 30 1 7 14% 123 418137 35278 20%
c - 2657.72 187 76 87 648 323953 1 10985108 114843 2.9 84 29 1 7 15% 123 418137 35278 20%
c - 2663.78 187 77 87 649 323967 1 11010564 114214 2.9 83 29 1 7 15% 123 418137 35278 20%
c - 2669.85 188 77 87 650 323976 1 11036039 114662 2.9 82 29 1 7 15% 123 418137 35278 20%
c - 2675.85 188 77 87 651 323984 1 11061534 115080 2.8 82 29 1 7 15% 123 418137 35278 20%
c - 2683.41 189 75 87 652 323985 1 11087048 114742 2.9 83 29 1 7 15% 123 418137 35278 20%
c u 2684.75 189 75 87 652 323985 1 11090654 116820 2.9 83 29 1 7 15% 123 418137 35278 20%
c v 2684.88 189 75 87 652 323985 1 11090654 114806 2.9 83 29 1 7 15% 123 418137 35278 20%
c w 2686.23 189 75 87 652 323985 1 11090654 111994 2.9 83 29 1 7 15% 123 418137 35278 20%
c - 2691.34 175 76 87 653 323991 1 11112583 110105 2.8 82 29 1 7 15% 123 418137 35278 20%
c - 2697.88 176 76 87 654 324001 1 11138137 111449 2.8 82 29 1 7 15% 123 418137 35278 20%
c - 2704.14 177 76 87 655 324015 1 11163711 112668 2.8 81 29 1 7 14% 123 418137 35278 20%
c - 2712.05 178 76 87 656 324018 1 11189303 113288 2.8 81 29 1 7 15% 123 418137 35278 20%
c - 2717.79 179 76 87 657 324031 1 11214918 113780 2.8 80 29 1 7 14% 123 418137 35278 20%
c ] 2719.66 179 76 88 657 324033 1 11222546 121355 2.7 80 29 1 7 14% 123 418137 35278 20%
c
c  seconds     switched       rate             size/glue  tier1   binary          remaining
c           MB   reductions      conflicts           size   tier2    irredundant
c            level      restarts         redundant      glue   trail         variables
c
c { 2719.67 179 88 88 657 324033 7 11222546 121355 2.9 46 16 1 3 13% 123 418137 35278 20%
c - 2723.99 185 89 88 658 326055 8 11240550 116306 2.8 46 16 1 3 12% 123 418137 35278 20%
c - 2731.25 187 91 88 659 328774 8 11266201 119532 2.7 46 17 1 3 12% 123 418137 35278 20%
c - 2738.62 187 92 88 660 331166 9 11291872 121748 2.7 47 17 1 3 12% 123 418137 35278 20%
c - 2746.06 188 93 88 661 333163 9 11317564 123328 2.7 48 18 1 3 11% 123 418137 35278 20%
c - 2752.41 188 93 88 662 334575 8 11343273 124757 2.8 50 18 1 3 12% 123 418137 35278 20%
c - 2759.01 189 92 88 663 335625 8 11369002 125871 2.9 51 18 1 3 12% 123 418137 35278 20%
c - 2765.82 189 93 88 664 337349 8 11394750 126749 2.9 51 18 1 3 12% 123 418137 35278 20%
c - 2772.58 189 93 88 665 338727 7 11420518 127858 2.9 52 18 1 3 12% 123 418137 35278 20%
c o 2773.81 189 94 88 665 338965 7 11424775 131994 2.9 52 18 1 3 12% 123 418137 35278 20%
c u 2781.18 189 95 88 665 340507 7 11445815 149818 2.9 52 18 1 3 12% 123 418137 35278 20%
c v 2781.50 189 95 88 665 340507 7 11445815 143143 2.9 52 18 1 3 12% 123 418137 35278 20%
c w 2790.33 191 95 88 665 340507 7 11445815 142090 2.9 52 18 1 3 12% 123 418137 35278 20%
c - 2790.60 191 95 88 666 340547 7 11446305 120434 2.9 52 18 1 3 12% 123 418137 35278 20%
c - 2797.15 182 94 88 667 341677 7 11472112 122419 3.0 54 18 1 3 12% 123 418137 35278 20%
c - 2803.33 183 94 88 668 342744 7 11497938 124113 3.0 54 18 1 3 12% 123 418137 35278 20%
c - 2810.89 184 94 88 669 344117 7 11523785 125008 3.0 55 18 1 3 13% 123 418137 35278 20%
c - 2817.65 185 94 88 670 345203 6 11549651 126169 3.1 56 18 1 3 13% 123 418137 35278 20%
c - 2825.34 185 95 88 671 346997 7 11575536 126862 3.1 55 18 1 3 12% 123 418137 35278 20%
c - 2832.52 186 95 88 672 348484 7 11601439 127594 3.1 56 18 1 3 12% 123 418137 35278 20%
c
c  seconds     switched       rate             size/glue  tier1   binary          remaining
c           MB   reductions      conflicts           size   tier2    irredundant
c            level      restarts         redundant      glue   trail         variables
c
c } 2835.25 186 95 89 672 349223 7 11611484 137404 3.0 56 18 1 3 12% 123 418137 35278 20%
c [ 2835.25 186 76 89 672 349223 1 11611484 137404 2.7 80 29 1 7 14% 123 418137 35278 20%
c W 2836.20 177 76 89 672 349223 1 11611484 137404 2.7 80 29 1 7 14% 123 418137 35278 20%
c - 2840.15 181 77 89 673 349232 1 11627363 126711 2.7 80 29 1 7 14% 123 418137 35278 20%
c - 2845.74 184 77 89 674 349244 1 11653306 123613 2.7 78 29 1 7 14% 123 418137 35278 20%
c - 2851.86 185 76 89 675 349253 1 11679269 120497 2.6 77 29 1 7 14% 123 418137 35278 20%
c - 2858.75 186 76 89 676 349260 1 11705249 119129 2.6 78 30 1 7 14% 123 418137 35278 20%
c - 2867.25 187 75 89 677 349272 1 11731249 118605 2.6 80 31 1 7 13% 123 418137 35278 20%
c - 2873.97 187 76 89 678 349283 1 11757269 118432 2.5 79 31 1 7 13% 123 418137 35278 20%
c - 2881.12 188 75 89 679 349285 1 11783307 118835 2.5 78 31 1 7 13% 123 418137 35278 20%
c u 2887.58 189 74 89 679 349285 1 11807072 140205 2.5 78 31 1 7 13% 123 418137 35278 20%
c v 2887.75 189 74 89 679 349285 1 11807072 137760 2.5 78 31 1 7 13% 123 418137 35278 20%
c w 2897.07 196 74 89 679 349285 1 11807072 137517 2.5 78 31 1 7 13% 123 418137 35278 20%
c - 2898.00 173 75 89 680 349286 1 11809365 114773 2.5 78 31 1 7 13% 123 418137 35278 20%
c - 2904.26 176 75 89 681 349300 1 11835441 116020 2.6 79 31 1 7 13% 123 418137 35278 20%
c - 2910.04 177 75 89 682 349313 1 11861537 116744 2.6 79 30 1 7 13% 123 418137 35278 20%
c - 2916.30 178 76 89 683 349316 1 11887653 117330 2.6 79 30 1 7 13% 123 418137 35278 20%
c o 2919.80 178 76 89 683 349325 1 11905166 134652 2.6 78 30 1 7 13% 123 418137 35278 20%
c - 2921.78 180 76 89 684 349330 1 11913787 117858 2.6 78 30 1 7 13% 123 418137 35278 20%
c - 2928.53 181 77 89 685 349341 1 11939940 118465 2.6 79 30 1 7 14% 123 418137 35278 20%
c
c  seconds     switched       rate             size/glue  tier1   binary          remaining
c           MB   reductions      conflicts           size   tier2    irredundant
c            level      restarts         redundant      glue   trail         variables
c
c - 2936.17 181 77 89 686 349347 1 11966112 118113 2.6 80 31 1 7 14% 123 418137 35278 20%
c O 2938.04 182 77 89 686 349348 1 11974555 126502 2.6 80 31 1 7 13% 123 418137 35278 20%
c - 2942.28 184 76 89 687 349348 1 11992303 117421 2.6 80 31 1 7 13% 123 418137 35278 20%
c ] 2944.29 184 76 90 687 349348 1 12001093 126156 2.5 80 31 1 7 13% 123 418137 35278 20%
c { 2944.29 184 95 90 687 349348 7 12001093 126156 3.0 56 18 1 3 12% 123 418137 35278 20%
c - 2948.73 187 93 90 688 349720 6 12018514 119219 3.1 57 18 1 3 13% 123 418137 35278 20%
c - 2956.27 188 94 90 689 350917 6 12044744 122647 3.1 57 18 1 3 13% 123 418137 35278 20%
c - 2963.32 189 94 90 690 352399 6 12070992 125031 3.1 56 18 1 3 13% 123 418137 35278 20%
c - 2970.10 190 93 90 691 353164 6 12097260 126765 3.2 57 18 1 3 13% 123 418137 35278 20%
c - 2977.80 190 93 90 692 354979 6 12123546 127790 3.1 56 18 1 3 13% 123 418137 35278 20%
c - 2984.86 190 93 90 693 356267 6 12149852 128190 3.1 57 18 1 3 13% 123 418137 35278 20%
c u 2992.45 191 92 90 693 357260 6 12174480 150388 3.2 57 18 1 3 13% 123 418137 35278 20%
c v 2992.77 191 92 90 693 357260 6 12174480 144797 3.2 57 18 1 3 13% 123 418137 35278 20%
c w 2998.52 192 92 90 693 357260 6 12174480 144322 3.2 57 18 1 3 13% 123 418137 35278 20%
c x 2999.58 194 92 90 693 357260 6 12174480 144321 3.2 57 18 1 3 13% 123 418134 35278 20%
c - 3000.40 181 93 90 694 357385 6 12176177 122356 3.1 57 18 1 3 13% 123 418134 35278 20%
c - 3006.79 185 93 90 695 358515 6 12202521 124315 3.1 56 18 1 3 13% 123 418134 35278 20%
c - 3014.48 186 93 90 696 359848 6 12228883 125902 3.1 57 18 1 3 13% 123 418134 35278 20%
c - 3021.93 187 93 90 697 361300 6 12255264 127124 3.1 57 18 1 3 13% 123 418134 35278 20%
c - 3029.06 187 94 90 698 362165 6 12281664 128110 3.2 57 18 1 3 14% 123 418134 35278 20%
c
c  seconds     switched       rate             size/glue  tier1   binary          remaining
c           MB   reductions      conflicts           size   tier2    irredundant
c            level      restarts         redundant      glue   trail         variables
c
c - 3035.61 188 93 90 699 363579 6 12308084 128738 3.2 57 18 1 3 13% 123 418134 35278 20%
c - 3042.31 188 93 90 700 364679 6 12334522 129542 3.2 58 18 1 3 13% 123 418134 35278 20%
c - 3049.23 188 93 90 701 365983 6 12360980 130426 3.2 58 18 1 3 13% 123 418134 35278 20%
c - 3056.68 189 93 90 702 367389 6 12387458 130895 3.2 57 18 1 3 13% 123 418134 35278 20%
c o 3059.09 189 93 90 702 367694 6 12395178 138513 3.2 57 18 1 3 13% 123 418134 35278 20%
c } 3062.22 189 93 91 702 368308 6 12406413 149523 3.2 57 18 1 3 13% 123 418134 35278 20%
c [ 3062.22 189 76 91 702 368308 1 12406413 149523 2.5 80 31 1 7 13% 123 418134 35278 20%
c B 3062.22 189 76 91 702 368308 1 12406413 149523 2.5 80 31 1 7 13% 123 418134 35278 20%
c - 3063.80 189 76 91 703 368313 1 12413954 130965 2.5 80 32 1 7 13% 123 418134 35278 20%
c - 3070.54 189 76 91 704 368324 1 12440469 129440 2.5 79 31 1 7 13% 123 418134 35278 20%
c - 3078.39 190 77 91 705 368337 1 12467002 125950 2.6 81 31 1 7 14% 123 418134 35278 20%
c - 3085.98 191 78 91 706 368342 1 12493553 124734 2.7 84 31 1 7 14% 123 418134 35278 20%
c - 3092.47 176 78 91 707 368353 1 12520126 124587 2.7 83 31 1 7 14% 123 418134 35278 20%
c - 3098.97 177 78 91 708 368368 1 12546715 123920 2.7 82 31 1 7 14% 123 418134 35278 20%
c u 3099.96 180 78 91 708 368368 1 12548009 122346 2.7 82 31 1 7 14% 123 418134 35278 20%
c v 3100.12 180 78 91 708 368368 1 12548009 118861 2.7 82 31 1 7 14% 123 418134 35278 20%
c w 3100.59 181 78 91 708 368368 1 12548009 116681 2.7 82 31 1 7 14% 123 418134 35278 20%
c - 3106.15 181 77 91 709 368370 1 12573323 117268 2.6 80 31 1 7 14% 123 418134 35278 20%
c - 3111.52 182 76 91 710 368370 1 12599951 117626 2.6 78 31 1 7 13% 123 418134 35278 20%
c - 3117.81 183 76 91 711 368384 1 12626596 118667 2.6 78 30 1 7 13% 123 418134 35278 20%
c
c  seconds     switched       rate             size/glue  tier1   binary          remaining
c           MB   reductions      conflicts           size   tier2    irredundant
c            level      restarts         redundant      glue   trail         variables
c
c - 3124.69 183 76 91 712 368395 1 12653260 119975 2.7 79 30 1 7 14% 123 418134 35278 20%
c - 3132.32 184 77 91 713 368401 1 12679944 120637 2.7 80 29 1 7 14% 123 418134 35278 20%
c - 3139.70 184 77 91 714 368414 1 12706646 121419 2.7 79 29 1 7 15% 123 418134 35278 20%
c - 3147.89 185 77 91 715 368425 1 12733366 122034 2.7 80 29 1 7 15% 123 418134 35278 20%
c - 3154.72 185 77 91 716 368432 1 12760106 122048 2.6 79 30 1 7 14% 123 418134 35278 20%
c e 3157.35 188 76 91 716 368433 1 12770293 132168 2.6 78 30 1 7 14% 123 418127 35264 20%
c s 3157.36 188 76 91 716 368433 1 12770293 132168 2.6 78 30 1 7 14% 123 418123 35264 20%
c - 3162.58 188 77 91 717 368433 1 12786865 121990 2.6 80 31 1 7 15% 123 418123 35264 20%
c W 3163.38 178 77 91 717 368433 1 12789581 124682 2.6 80 30 1 7 15% 123 418123 35264 20%
c ] 3165.06 180 77 92 717 368433 1 12798121 133158 2.7 81 30 1 7 14% 123 418123 35264 20%
c { 3165.06 180 93 92 717 368433 6 12798121 133158 3.2 57 18 1 3 13% 123 418123 35264 20%
c - 3168.79 187 94 92 718 369162 6 12813641 123981 3.1 57 18 1 3 13% 123 418123 35264 20%
c - 3175.67 188 93 92 719 370849 6 12840437 126069 3.1 57 18 1 3 13% 123 418123 35264 20%
c - 3181.98 189 93 92 720 371643 6 12867252 128257 3.2 58 18 1 3 13% 123 418123 35264 20%
c - 3188.83 190 93 92 721 373044 6 12894084 129893 3.2 57 18 1 3 13% 123 418123 35264 20%
c o 3189.20 190 93 92 721 373200 6 12895188 130950 3.2 57 18 1 3 13% 123 418123 35264 20%
c - 3196.25 190 93 92 722 374692 6 12920935 130458 3.1 57 18 1 3 13% 123 418123 35264 20%
c u 3198.88 190 94 92 722 374985 6 12927716 135135 3.1 57 18 1 3 13% 123 418123 35264 20%
c v 3199.13 190 94 92 722 374985 6 12927716 129856 3.1 57 18 1 3 13% 123 418123 35264 20%
c w 3202.90 190 94 92 722 374985 6 12927716 124949 3.1 57 18 1 3 13% 123 418123 35264 20%
c
c  seconds     switched       rate             size/glue  tier1   binary          remaining
c           MB   reductions      conflicts           size   tier2    irredundant
c            level      restarts         redundant      glue   trail         variables
c
c - 3207.81 190 94 92 723 375849 6 12947805 122310 3.1 57 18 1 3 13% 123 418123 35264 20%
c - 3214.60 191 94 92 724 377066 6 12974694 125848 3.1 57 18 1 3 13% 123 418123 35264 20%
c - 3221.25 191 93 92 725 378432 6 13001601 127602 3.1 57 18 1 3 13% 123 418123 35264 20%
c - 3228.09 191 93 92 726 379740 6 13028527 129099 3.1 57 18 1 3 13% 123 418123 35264 20%
c - 3235.09 192 93 92 727 380906 6 13055472 130321 3.2 58 18 1 3 13% 123 418123 35264 20%
c - 3241.09 183 93 92 728 381930 6 13082435 131380 3.2 57 18 1 3 13% 123 418123 35264 20%
c - 3247.55 185 93 92 729 382903 5 13109416 131947 3.2 58 18 1 3 13% 123 418123 35264 20%
c - 3254.46 186 93 92 730 383981 5 13136417 132816 3.2 58 18 1 3 13% 123 418123 35264 20%
c - 3261.42 186 93 92 731 385563 6 13163436 133401 3.2 57 18 1 3 13% 123 418123 35264 20%
c - 3269.52 187 93 92 732 386961 6 13190474 134188 3.2 58 18 1 3 13% 123 418123 35264 20%
c - 3276.41 187 93 92 733 388563 6 13217531 134966 3.2 57 18 1 3 13% 123 418123 35264 20%
c } 3277.22 187 93 93 733 388687 6 13220125 137547 3.2 57 18 1 3 13% 123 418123 35264 20%
c [ 3277.22 187 77 93 733 388687 1 13220125 137547 2.7 81 30 1 7 14% 123 418123 35264 20%
c I 3277.22 187 77 93 733 388687 1 13220125 137547 2.7 81 30 1 7 14% 123 418123 35264 20%
c - 3283.56 188 77 93 734 388700 1 13244604 133316 2.7 81 30 1 7 14% 123 418123 35264 20%
c - 3290.07 188 77 93 735 388714 1 13271699 129155 2.7 81 30 1 7 14% 123 418123 35264 20%
c - 3295.95 189 77 93 736 388717 1 13298809 127530 2.7 80 29 1 7 15% 123 418123 35264 20%
c u 3300.50 189 77 93 736 388724 1 13313597 139146 2.8 80 29 1 7 15% 123 418123 35264 20%
c v 3300.77 189 77 93 736 388724 1 13313597 135375 2.8 80 29 1 7 15% 123 418123 35264 20%
c w 3309.09 191 77 93 736 388724 1 13313597 132522 2.8 80 29 1 7 15% 123 418123 35264 20%
c
c  seconds     switched       rate             size/glue  tier1   binary          remaining
c           MB   reductions      conflicts           size   tier2    irredundant
c            level      restarts         redundant      glue   trail         variables
c
c - 3311.83 191 77 93 737 388731 1 13325938 120490 2.7 79 29 1 7 15% 123 418123 35264 20%
c - 3318.29 176 78 93 738 388743 1 13353086 122071 2.8 79 29 1 7 15% 123 418123 35264 20%
c - 3326.04 178 78 93 739 388748 1 13380252 123545 2.8 79 28 1 7 16% 123 418123 35264 20%
c - 3334.78 180 78 93 740 388749 1 13407437 123187 2.9 84 30 1 7 17% 123 418123 35264 20%
c o 3338.84 180 78 93 740 388752 1 13420106 135769 2.9 86 30 1 7 17% 123 418123 35264 20%
c - 3342.39 184 79 93 741 388760 1 13434639 123074 2.9 85 29 1 7 17% 123 418123 35264 20%
c - 3348.19 185 79 93 742 388771 1 13461861 123788 2.9 84 29 1 7 17% 123 418123 35264 20%
c - 3354.58 186 78 93 743 388780 1 13489101 123268 2.9 83 29 1 7 16% 123 418123 35264 20%
c - 3360.83 187 77 93 744 388790 1 13516359 123704 2.8 82 29 1 7 16% 123 418123 35264 20%
c - 3369.13 187 77 93 745 388802 1 13543635 124599 2.9 84 29 1 7 16% 123 418123 35264 20%
c - 3375.49 187 77 93 746 388811 1 13570929 125344 2.9 83 28 1 7 16% 123 418123 35264 20%
c - 3382.26 188 77 93 747 388812 1 13598243 125849 3.0 84 28 1 7 16% 123 418123 35264 20%
c B 3390.44 189 78 93 747 388813 1 13623780 150924 2.9 84 29 1 7 16% 123 418123 35264 20%
c - 3391.03 189 78 93 748 388813 1 13625575 125198 2.9 84 29 1 7 16% 123 418123 35264 20%
c ] 3392.56 189 78 94 748 388813 1 13632453 132027 2.9 84 29 1 7 16% 123 418123 35264 20%
c { 3392.56 189 93 94 748 388813 6 13632453 132027 3.2 57 18 1 3 13% 123 418123 35264 20%
c - 3397.74 191 92 94 749 389674 6 13652925 127095 3.2 58 18 1 3 13% 123 418123 35264 20%
c - 3404.75 192 93 94 750 390746 6 13680293 130548 3.2 58 18 1 3 13% 123 418123 35264 20%
c u 3412.06 193 94 94 750 391836 6 13705658 153754 3.2 58 18 1 3 13% 123 418123 35264 20%
c v 3412.33 193 94 94 750 391836 6 13705658 149639 3.2 58 18 1 3 13% 123 418123 35264 20%
c
c  seconds     switched       rate             size/glue  tier1   binary          remaining
c           MB   reductions      conflicts           size   tier2    irredundant
c            level      restarts         redundant      glue   trail         variables
c
c w 3422.65 194 94 94 750 391836 6 13705658 148516 3.2 58 18 1 3 13% 123 418123 35264 20%
c - 3434.07 181 94 94 751 392005 6 13707679 126672 3.2 58 18 1 3 13% 123 418123 35264 20%
c - 3440.63 186 93 94 752 393299 6 13735084 128705 3.2 58 18 1 3 13% 123 418123 35264 20%
c - 3447.34 188 94 94 753 394595 6 13762506 130315 3.2 57 18 1 3 13% 123 418123 35264 20%
c - 3454.08 188 94 94 754 395974 6 13789946 131713 3.1 57 18 1 3 13% 123 418123 35264 20%
c - 3460.66 188 92 94 755 396964 5 13817405 133000 3.2 58 18 1 3 13% 123 418123 35264 20%
c - 3468.01 189 92 94 756 398947 6 13844882 133796 3.2 58 18 1 3 12% 123 418123 35264 20%
c - 3475.62 189 93 94 757 400568 6 13872378 134862 3.2 57 18 1 3 12% 123 418123 35264 20%
c - 3482.85 190 92 94 758 402149 6 13899891 135508 3.2 57 18 1 3 12% 123 418123 35264 20%
c - 3491.89 190 93 94 759 403896 7 13927422 136376 3.1 57 18 1 3 12% 123 418123 35264 20%
c o 3496.46 190 93 94 759 404373 6 13941008 149763 3.2 58 18 1 3 13% 123 418123 35264 20%
c - 3500.15 190 93 94 760 404848 6 13954971 137174 3.2 58 18 1 3 13% 123 418123 35264 20%
c - 3508.44 191 92 94 761 406277 6 13982539 137643 3.2 58 18 1 3 13% 123 418123 35264 20%
c - 3515.85 191 93 94 762 407498 6 14010126 138134 3.2 58 18 1 3 13% 123 418123 35264 20%
c - 3523.57 191 93 94 763 408884 6 14037730 138538 3.2 58 18 1 3 13% 123 418123 35264 20%
c - 3531.36 191 92 94 764 409870 6 14065352 138504 3.2 59 18 1 3 13% 123 418123 35264 20%
c } 3533.15 191 92 95 764 409985 5 14071440 144550 3.3 59 18 1 3 13% 123 418123 35264 20%
c [ 3533.15 191 78 95 764 409985 1 14071440 144550 2.9 84 29 1 7 16% 123 418123 35264 20%
c W 3534.00 180 78 95 764 409985 1 14071440 144550 2.9 84 29 1 7 16% 123 418123 35264 20%
c - 3539.32 184 78 95 765 409998 1 14092992 137127 2.9 84 29 1 7 15% 123 418123 35264 20%
c
c  seconds     switched       rate             size/glue  tier1   binary          remaining
c           MB   reductions      conflicts           size   tier2    irredundant
c            level      restarts         redundant      glue   trail         variables
c
c u 3543.55 182 77 95 765 409999 1 14103922 144351 2.9 83 29 1 7 15% 123 418123 35264 20%
c v 3543.85 183 77 95 765 409999 1 14103922 138254 2.9 83 29 1 7 15% 123 418123 35264 20%
c w 3550.21 186 77 95 765 409999 1 14103922 133445 2.9 83 29 1 7 15% 123 418123 35264 20%
c - 3554.78 187 77 95 766 410009 1 14120652 123753 2.9 83 29 1 7 15% 123 418123 35264 20%
c - 3562.66 188 77 95 767 410015 1 14148333 124607 2.8 83 30 1 7 15% 123 418123 35264 20%
c - 3570.03 188 77 95 768 410029 1 14176027 126178 2.8 82 29 1 7 15% 123 418123 35264 20%
c - 3577.04 189 77 95 769 410041 1 14203739 126809 2.7 81 30 1 7 15% 123 418123 35264 20%
c - 3584.15 190 77 95 770 410046 1 14231469 126084 2.7 83 31 1 7 14% 123 418123 35264 20%
c - 3591.83 190 77 95 771 410047 1 14259217 126100 2.7 83 30 1 7 15% 123 418123 35264 20%
c - 3599.63 191 76 95 772 410059 1 14286983 127183 2.7 82 30 1 7 15% 123 418123 35264 20%
c - 3607.44 191 76 95 773 410070 1 14314769 127246 2.7 82 31 1 7 14% 123 418123 35264 20%
c - 3614.59 192 77 95 774 410078 1 14342571 126676 2.6 81 31 1 7 14% 123 418123 35264 20%
c - 3621.87 192 77 95 775 410091 1 14370391 127275 2.6 80 30 1 7 15% 123 418123 35264 20%
c - 3628.94 192 78 95 776 410102 1 14398231 128126 2.7 80 30 1 7 15% 123 418123 35264 20%
c - 3636.00 192 77 95 777 410109 1 14426088 127651 2.6 80 30 1 7 14% 123 418123 35264 20%
c - 3644.21 193 76 95 778 410110 1 14453965 127153 2.6 82 31 1 7 14% 123 418123 35264 20%
c - 3653.10 176 76 95 779 410111 1 14481857 127601 2.8 87 31 1 7 15% 123 418123 35264 20%
c O 3657.23 176 76 95 779 410111 1 14495965 141638 2.8 88 31 1 7 15% 123 418123 35264 20%
c o 3657.25 176 76 95 779 410111 1 14495965 141638 2.8 88 31 1 7 15% 123 418123 35264 20%
c ] 3659.22 181 77 96 779 410111 1 14505947 151569 2.9 90 31 1 7 16% 123 418123 35264 20%
c
c  seconds     switched       rate             size/glue  tier1   binary          remaining
c           MB   reductions      conflicts           size   tier2    irredundant
c            level      restarts         redundant      glue   trail         variables
c
c { 3659.22 181 92 96 779 410111 5 14505947 151569 3.3 59 18 1 3 13% 123 418123 35264 20%
c u 3661.00 184 91 96 779 410150 5 14508413 152677 3.3 59 18 1 3 13% 123 418123 35264 20%
c v 3661.41 184 91 96 779 410150 5 14508413 150343 3.3 59 18 1 3 13% 123 418123 35264 20%
c w 3672.24 191 91 96 779 410150 5 14508413 149767 3.3 59 18 1 3 13% 123 418123 35264 20%
c - 3672.69 192 92 96 780 410158 5 14509767 125142 3.3 59 18 1 3 13% 123 418123 35264 20%
c - 3679.80 183 92 96 781 411356 5 14537695 128277 3.3 59 18 1 3 13% 123 418123 35264 20%
c - 3688.64 187 94 96 782 412850 6 14565641 131063 3.3 58 18 1 3 13% 123 418123 35264 20%
c - 3695.83 188 93 96 783 414212 6 14593607 132672 3.2 58 18 1 3 13% 123 418123 35264 20%
c - 3703.90 189 92 96 784 415363 6 14621589 133553 3.2 59 18 1 3 14% 123 418123 35264 20%
c - 3712.26 189 93 96 785 416872 6 14649589 134626 3.2 58 18 1 3 13% 123 418123 35264 20%
c - 3720.32 190 92 96 786 418040 6 14677607 135934 3.2 58 18 1 3 14% 123 418123 35264 20%
c - 3727.95 190 93 96 787 419304 6 14705642 136527 3.2 58 18 1 3 13% 123 418123 35264 20%
c - 3735.55 190 93 96 788 420811 6 14733695 137197 3.2 57 18 1 3 13% 123 418123 35264 20%
c - 3743.52 191 93 96 789 422202 6 14761767 137919 3.2 57 18 1 3 13% 123 418123 35264 20%
c - 3752.02 191 93 96 790 423950 6 14789857 138409 3.1 57 18 1 3 13% 123 418123 35264 20%
c - 3759.60 191 93 96 791 425329 6 14817963 139174 3.1 57 18 1 3 13% 123 418123 35264 20%
c - 3767.03 192 92 96 792 426454 6 14846087 140102 3.2 58 18 1 3 13% 123 418123 35264 20%
c - 3775.54 192 90 96 793 427699 6 14874229 140475 3.3 59 18 1 3 14% 123 418123 35264 20%
c - 3782.96 192 89 96 794 429240 6 14902389 140678 3.2 59 18 1 3 13% 123 418123 35264 20%
c u 3788.24 192 89 96 794 429955 6 14919134 153464 3.2 59 18 1 3 13% 123 418123 35264 20%
c
c  seconds     switched       rate             size/glue  tier1   binary          remaining
c           MB   reductions      conflicts           size   tier2    irredundant
c            level      restarts         redundant      glue   trail         variables
c
c v 3788.53 192 89 96 794 429955 6 14919134 147149 3.2 59 18 1 3 13% 123 418123 35264 20%
c w 3798.72 193 89 96 794 429955 6 14919134 144175 3.2 59 18 1 3 13% 123 418123 35264 20%
c - 3802.07 193 90 96 795 430496 6 14930568 130815 3.2 59 18 1 3 13% 123 418123 35264 20%
c - 3809.75 193 90 96 796 431845 6 14958763 133459 3.2 59 18 1 3 13% 123 418123 35264 20%
c } 3810.55 193 90 97 796 431970 6 14962210 136871 3.2 59 18 1 3 13% 123 418123 35264 20%
c [ 3810.55 193 77 97 796 431970 1 14962210 136871 2.9 90 31 1 7 16% 123 418123 35264 20%
c B 3810.55 193 77 97 796 431970 1 14962210 136871 2.9 90 31 1 7 16% 123 418123 35264 20%
c - 3818.24 193 78 97 797 431984 1 14986976 133619 2.9 88 30 1 7 16% 123 418123 35264 20%
c - 3825.49 194 78 97 798 431997 1 15015207 131198 2.9 87 30 1 7 16% 123 418123 35264 20%
c - 3834.34 177 77 97 799 432000 1 15043456 130206 2.9 86 30 1 7 16% 123 418123 35264 20%
c o 3836.04 177 77 97 799 432005 1 15049662 136297 2.8 86 30 1 7 16% 123 418123 35264 20%
c - 3842.17 183 78 97 800 432015 1 15071723 130231 2.8 85 30 1 7 16% 123 418123 35264 20%
c - 3849.49 184 78 97 801 432029 1 15100007 130360 2.8 84 30 1 7 15% 123 418123 35264 20%
c - 3856.20 185 77 97 802 432032 1 15128309 129791 2.7 82 30 1 7 14% 123 418123 35264 20%
c - 3863.25 187 77 97 803 432032 1 15156629 128752 2.8 81 30 1 7 15% 123 418123 35264 20%
c - 3870.81 187 77 97 804 432047 1 15184967 129389 2.7 82 30 1 7 14% 123 418123 35264 20%
c - 3877.74 188 76 97 805 432060 1 15213321 130598 2.8 82 30 1 7 14% 123 418123 35264 20%
c - 3885.14 189 76 97 806 432063 1 15241694 130830 2.8 82 29 1 7 14% 123 418123 35264 20%
c - 3891.88 189 76 97 807 432078 1 15270084 131021 2.8 82 29 1 7 14% 123 418123 35264 20%
c - 3899.24 190 76 97 808 432092 1 15298493 130360 2.7 81 30 1 7 14% 123 418123 35264 20%
c
c  seconds     switched       rate             size/glue  tier1   binary          remaining
c           MB   reductions      conflicts           size   tier2    irredundant
c            level      restarts         redundant      glue   trail         variables
c
c - 3907.79 191 76 97 809 432095 1 15326918 130835 2.7 81 30 1 7 14% 123 418123 35264 20%
c u 3910.98 191 75 97 809 432095 1 15336113 138211 2.7 82 30 1 7 14% 123 418123 35264 20%
c v 3911.16 191 75 97 809 432095 1 15336113 135726 2.7 82 30 1 7 14% 123 418123 35264 20%
c w 3915.51 194 75 97 809 432095 1 15336113 132378 2.7 82 30 1 7 14% 123 418123 35264 20%
c - 3921.22 178 75 97 810 432095 1 15355361 126138 2.8 83 30 1 7 15% 123 418123 35264 20%
c ] 3928.14 179 74 98 810 432096 1 15378951 149631 2.8 85 30 1 7 15% 123 418123 35264 20%
c { 3928.14 179 90 98 810 432096 6 15378951 149631 3.2 59 18 1 3 13% 123 418123 35264 20%
c - 3929.69 185 90 98 811 432154 6 15383821 127701 3.2 59 18 1 3 13% 123 418123 35264 20%
c - 3936.01 189 89 98 812 432470 5 15412301 132019 3.3 58 17 1 3 13% 123 418123 35264 20%
c - 3942.94 190 88 98 813 433048 4 15440796 135451 3.4 58 17 1 3 13% 123 418123 35264 20%
c - 3949.75 191 88 98 814 433923 4 15469309 137155 3.3 56 17 1 3 13% 123 418123 35264 20%
c - 3957.09 192 89 98 815 435021 5 15497839 138811 3.2 54 17 1 3 12% 123 418123 35264 20%
c - 3964.09 193 88 98 816 435981 5 15526388 140337 3.2 53 17 1 3 12% 123 418123 35264 20%
c - 3971.63 193 89 98 817 437252 5 15554954 141814 3.1 52 17 1 3 12% 123 418123 35264 20%
c - 3978.75 193 88 98 818 438516 5 15583538 142739 3.1 51 17 1 3 11% 123 418123 35264 20%
c o 3982.67 193 88 98 818 439451 5 15599662 157956 3.0 51 17 1 3 11% 123 418123 35264 20%
c - 3985.67 194 89 98 819 440163 5 15612139 144167 3.0 50 17 1 3 11% 123 418123 35264 20%
c - 3993.40 194 88 98 820 441479 5 15640757 145056 3.0 50 17 1 3 11% 123 418123 35264 20%
c - 4000.72 194 89 98 821 443048 6 15669392 146248 2.9 49 17 1 3 11% 123 418123 35264 20%
c - 4007.58 195 88 98 822 444142 5 15698045 147119 3.0 50 17 1 3 11% 123 418123 35264 20%
c
c  seconds     switched       rate             size/glue  tier1   binary          remaining
c           MB   reductions      conflicts           size   tier2    irredundant
c            level      restarts         redundant      glue   trail         variables
c
c - 4015.21 188 89 98 823 445443 6 15726716 147976 3.0 50 17 1 3 11% 123 418123 35264 20%
c - 4023.64 190 88 98 824 446809 6 15755403 149209 3.0 50 17 1 3 11% 123 418123 35264 20%
c u 4025.50 190 88 98 824 446993 6 15759350 148004 3.0 50 17 1 3 11% 123 418123 35264 20%
c v 4025.84 190 88 98 824 446993 6 15759350 140710 3.0 50 17 1 3 11% 123 418123 35264 20%
c w 4027.70 190 88 98 824 446993 6 15759350 135497 3.0 50 17 1 3 11% 123 418123 35264 20%
c - 4034.94 191 88 98 825 447896 5 15784109 136570 3.0 51 17 1 3 11% 123 418123 35264 20%
c - 4042.17 191 87 98 826 448972 5 15812831 140705 3.1 51 17 1 3 11% 123 418123 35264 20%
c - 4049.55 192 87 98 827 450254 5 15841571 143228 3.1 50 16 1 3 11% 123 418123 35264 20%
c } 4052.30 192 88 99 827 450763 5 15852785 153985 3.0 50 16 1 3 11% 123 418123 35264 20%
c [ 4052.30 192 74 99 827 450763 1 15852785 153985 2.8 85 30 1 7 15% 123 418123 35264 20%
c W 4056.05 180 74 99 827 450763 1 15852785 153985 2.8 85 30 1 7 15% 123 418123 35264 20%
c - 4060.55 185 75 99 828 450774 1 15870330 143214 2.8 85 30 1 7 15% 123 418123 35264 20%
c - 4070.57 186 76 99 829 450785 1 15899104 140196 2.8 86 30 1 7 16% 123 418123 35264 20%
c - 4077.30 188 77 99 830 450793 1 15927897 137029 2.8 85 30 1 7 15% 123 418123 35264 20%
c - 4084.90 188 77 99 831 450807 1 15956707 135754 2.8 84 30 1 7 15% 123 418123 35264 20%
c - 4094.23 189 77 99 832 450819 1 15985537 135823 2.7 83 31 1 7 15% 123 418123 35264 20%
c - 4102.01 190 77 99 833 450824 1 16014383 135845 2.7 82 30 1 7 15% 123 418123 35264 20%
c - 4109.72 191 76 99 834 450825 1 16043244 135057 2.7 82 31 1 7 15% 123 418123 35264 20%
c - 4117.54 191 76 99 835 450839 1 16072124 135239 2.6 81 31 1 7 15% 123 418123 35264 20%
c - 4125.57 192 76 99 836 450852 1 16101021 136262 2.7 81 31 1 7 15% 123 418123 35264 20%
c
c  seconds     switched       rate             size/glue  tier1   binary          remaining
c           MB   reductions      conflicts           size   tier2    irredundant
c            level      restarts         redundant      glue   trail         variables
c
c - 4132.56 192 75 99 837 450856 1 16129935 136226 2.6 81 31 1 7 15% 123 418123 35264 20%
c - 4140.75 192 76 99 838 450871 1 16158865 136757 2.7 80 30 1 7 15% 123 418123 35264 20%
c o 4143.78 192 75 99 838 450872 1 16165666 143472 2.8 80 29 1 7 16% 123 418123 35264 20%
c - 4149.29 194 76 99 839 450885 1 16187815 138477 2.8 80 29 1 7 16% 123 418123 35264 20%
c u 4150.42 194 76 99 839 450885 1 16188867 136982 2.8 80 29 1 7 16% 123 418123 35264 20%
c v 4150.61 194 76 99 839 450885 1 16188867 134150 2.8 80 29 1 7 16% 123 418123 35264 20%
c w 4151.31 194 76 99 839 450885 1 16188867 130512 2.8 80 29 1 7 16% 123 418123 35264 20%
c - 4157.91 176 76 99 840 450888 1 16216782 130566 2.7 81 30 1 7 15% 123 418123 35264 20%
c - 4165.59 179 75 99 841 450888 1 16245764 130707 2.7 83 31 1 7 14% 123 418123 35264 20%
c - 4173.20 180 74 99 842 450889 1 16274766 130817 2.7 86 32 1 7 14% 123 418123 35264 20%
c ] 4174.77 182 74 100 842 450889 1 16280751 136784 2.7 86 32 1 7 14% 123 418123 35264 20%
c { 4174.77 182 88 100 842 450889 5 16280751 136784 3.0 50 16 1 3 11% 123 418123 35264 20%
c - 4180.98 188 88 100 843 453079 6 16303785 134407 3.0 50 17 1 3 11% 123 418123 35264 20%
c - 4188.62 190 89 100 844 455804 7 16332819 138787 2.9 50 17 1 3 11% 123 418123 35264 20%
c - 4195.77 191 90 100 845 457829 7 16361870 141225 2.8 51 18 1 3 11% 123 418123 35264 20%
c - 4203.32 191 89 100 846 459344 7 16390938 143234 2.9 52 18 1 3 11% 123 418123 35264 20%
c - 4210.39 192 90 100 847 461119 7 16420024 144241 2.9 52 18 1 3 11% 123 418123 35264 20%
c - 4218.05 192 90 100 848 462771 7 16449127 144922 2.9 53 18 1 3 11% 123 418123 35264 20%
c - 4226.19 193 90 100 849 463963 6 16478248 146033 3.0 55 18 1 3 12% 123 418123 35264 20%
c - 4234.49 193 90 100 850 465784 6 16507385 146674 3.0 55 18 1 3 12% 123 418123 35264 20%
c
c  seconds     switched        rate             size/glue  tier1   binary          remaining
c           MB    reductions      conflicts           size   tier2    irredundant
c            level       restarts         redundant      glue   trail         variables
c
c - 4241.89 193 91 100 851 467241 6 16536539 147118 3.1 56 18 1 3 12% 123 418123 35264 20%
c - 4249.89 194 91 100 852 468903 6 16565710 147927 3.1 56 18 1 3 12% 123 418123 35264 20%
c - 4257.71 194 92 100 853 470532 6 16594899 148661 3.1 57 18 1 3 12% 123 418123 35264 20%
c - 4265.17 194 91 100 854 471660 6 16624106 149283 3.1 57 18 1 3 12% 123 418123 35264 20%
c u 4266.33 194 91 100 854 471745 6 16624668 146330 3.1 57 18 1 3 12% 123 418123 35264 20%
c v 4266.56 194 91 100 854 471745 6 16624668 139733 3.1 57 18 1 3 12% 123 418123 35264 20%
c w 4267.16 194 91 100 854 471745 6 16624668 135445 3.1 57 18 1 3 12% 123 418123 35264 20%
c x 4268.19 197 91 100 854 471745 6 16624668 135445 3.1 57 18 1 3 12% 123 418111 35264 20%
c - 4276.15 188 91 100 855 472711 6 16653329 139011 3.2 57 18 1 3 13% 123 418111 35264 20%
c - 4283.64 190 91 100 856 474141 6 16682570 142420 3.2 58 18 1 3 13% 123 418111 35264 20%
c - 4291.63 191 92 100 857 475494 6 16711827 143652 3.2 58 18 1 3 13% 123 418111 35264 20%
c o 4298.13 191 92 100 857 476727 6 16735671 167108 3.2 58 18 1 3 13% 123 418111 35264 20%
c - 4299.73 191 92 100 858 477041 6 16741101 145005 3.2 58 18 1 3 13% 123 418111 35264 20%
c - 4307.67 192 92 100 859 478464 6 16770393 146200 3.2 58 18 1 3 13% 123 418111 35264 20%
c } 4308.34 192 92 101 859 478527 6 16772449 148225 3.2 58 18 1 3 13% 123 418111 35264 20%
c [ 4308.34 192 74 101 859 478527 1 16772449 148225 2.7 86 32 1 7 14% 123 418111 35264 20%
c I 4308.34 192 74 101 859 478527 1 16772449 148225 2.7 86 32 1 7 14% 123 418111 35264 20%
c - 4315.66 192 74 101 860 478541 1 16799703 144477 2.7 84 32 1 7 14% 123 418111 35264 20%
c s 4320.28 193 74 101 860 478549 1 16817846 162456 2.6 83 32 1 7 13% 123 418107 35264 20%
c e 4320.33 168 74 101 860 478549 1 16817846 162456 2.6 83 32 1 7 13% 123 418106 35259 20%
c
c  seconds     switched        rate             size/glue  tier1   binary          remaining
c           MB    reductions      conflicts           size   tier2    irredundant
c            level       restarts         redundant      glue   trail         variables
c
c s 4320.34 168 74 101 860 478549 1 16817846 162456 2.6 83 32 1 7 13% 123 418105 35259 20%
c - 4323.14 182 75 101 861 478555 1 16829028 140018 2.6 83 32 1 7 13% 123 418105 35259 20%
c - 4331.30 184 76 101 862 478560 1 16858371 138902 2.7 82 31 1 7 14% 123 418105 35259 20%
c - 4339.12 185 76 101 863 478572 1 16887732 138369 2.6 82 31 1 7 14% 123 418105 35259 20%
c - 4347.01 186 76 101 864 478587 1 16917108 138129 2.6 81 30 1 7 14% 123 418105 35259 20%
c - 4354.01 188 76 101 865 478589 1 16946501 139217 2.7 81 30 1 7 14% 123 418105 35259 20%
c - 4362.61 191 75 101 866 478594 1 16975911 139305 2.6 81 31 1 7 14% 123 418105 35259 20%
c - 4371.66 192 77 101 867 478606 1 17005338 139455 2.7 81 30 1 7 14% 123 418105 35259 20%
c - 4379.23 193 78 101 868 478619 1 17034782 138523 2.7 82 31 1 7 14% 123 418105 35259 20%
c - 4387.11 194 78 101 869 478627 1 17064244 138929 2.8 81 29 1 7 15% 123 418105 35259 20%
c u 4388.88 194 78 101 869 478629 1 17066778 139027 2.8 81 29 1 7 15% 123 418105 35259 20%
c v 4389.08 194 78 101 869 478629 1 17066778 136426 2.8 81 29 1 7 15% 123 418105 35259 20%
c w 4390.29 194 78 101 869 478629 1 17066778 133763 2.8 81 29 1 7 15% 123 418105 35259 20%
c - 4396.10 177 78 101 870 478641 1 17093723 133900 2.7 80 29 1 7 15% 123 418105 35259 20%
c - 4402.66 179 78 101 871 478651 1 17123218 135138 2.7 79 30 1 7 14% 123 418105 35259 20%
c - 4410.09 181 78 101 872 478652 1 17152731 135253 2.7 81 30 1 7 14% 123 418105 35259 20%
c - 4417.91 183 77 101 873 478653 1 17182260 135132 2.7 83 31 1 7 14% 123 418105 35259 20%
c - 4430.78 185 77 101 874 478653 1 17211807 135984 2.5 84 34 1 7 14% 123 418105 35259 20%
c ] 4436.55 185 77 102 874 478653 1 17226455 150140 2.4 85 35 1 7 14% 123 418105 35259 20%
c { 4436.55 185 92 102 874 478653 6 17226455 150140 3.2 58 18 1 3 13% 123 418105 35259 20%
c
c  seconds     switched        rate             size/glue  tier1   binary          remaining
c           MB    reductions      conflicts           size   tier2    irredundant
c            level       restarts         redundant      glue   trail         variables
c
c - 4440.15 190 92 102 875 478855 6 17241370 137768 3.2 57 18 1 3 13% 123 418105 35259 20%
c - 4448.08 192 92 102 876 479281 5 17270950 141747 3.2 57 18 1 3 14% 123 418105 35259 20%
c - 4455.06 193 91 102 877 479718 5 17300548 143664 3.2 56 17 1 3 15% 123 418105 35259 20%
c o 4459.04 194 91 102 877 480004 5 17315735 158573 3.2 56 17 1 3 15% 123 418105 35259 20%
c - 4463.16 194 91 102 878 480287 5 17330163 145043 3.2 55 17 1 3 15% 123 418105 35259 20%
c - 4472.01 195 90 102 879 481097 5 17359796 146120 3.2 53 17 1 3 15% 123 418105 35259 20%
c - 4479.31 187 89 102 880 481931 5 17389443 146653 3.1 52 17 1 3 14% 123 418105 35259 20%
c - 4486.58 188 87 102 881 482868 5 17419108 146901 3.1 50 16 1 3 14% 123 418105 35259 20%
c - 4493.57 189 86 102 882 483650 5 17448789 147519 3.1 50 16 1 3 14% 123 418105 35259 20%
c - 4502.24 189 86 102 883 485000 6 17478487 147843 3.0 49 16 1 3 14% 123 418105 35259 20%
c - 4509.55 190 86 102 884 485978 6 17508203 147977 3.0 48 16 1 3 13% 123 418105 35259 20%
c u 4512.46 190 86 102 884 486354 6 17515197 152905 3.0 48 16 1 3 13% 123 418105 35259 20%
c v 4512.71 190 86 102 884 486354 6 17515197 147679 3.0 48 16 1 3 13% 123 418105 35259 20%
c w 4516.12 190 86 102 884 486354 6 17515197 141458 3.0 48 16 1 3 13% 123 418105 35259 20%
c - 4523.23 191 87 102 885 487389 6 17537935 138635 3.0 48 16 1 3 14% 123 418105 35259 20%
c - 4530.68 191 86 102 886 488565 6 17567684 142010 3.0 47 16 1 3 13% 123 418105 35259 20%
c - 4537.70 191 86 102 887 489743 6 17597450 144128 3.0 47 16 1 3 13% 123 418105 35259 20%
c - 4543.38 192 84 102 888 490661 6 17627232 144598 3.0 45 15 1 3 13% 123 418105 35259 20%
c - 4551.35 193 83 102 889 492131 7 17657032 144876 2.9 45 15 1 3 13% 123 418105 35259 20%
c - 4560.19 193 84 102 890 493708 7 17686849 145506 2.9 44 15 1 3 13% 123 418105 35259 20%
c
c  seconds     switched        rate             size/glue  tier1   binary          remaining
c           MB    reductions      conflicts           size   tier2    irredundant
c            level       restarts         redundant      glue   trail         variables
c
c - 4568.57 193 84 102 891 495221 7 17716682 145991 2.9 44 15 1 3 13% 123 418105 35259 20%
c } 4574.65 193 85 103 891 496458 7 17736309 165114 2.8 44 16 1 3 13% 123 418105 35259 20%
c [ 4574.65 193 77 103 891 496458 1 17736309 165114 2.4 85 35 1 7 14% 123 418105 35259 20%
c B 4574.65 193 77 103 891 496458 1 17736309 165114 2.4 85 35 1 7 14% 123 418105 35259 20%
c - 4576.69 193 77 103 892 496464 1 17746531 146010 2.4 84 34 1 7 14% 123 418105 35259 20%
c - 4583.51 194 77 103 893 496478 1 17776397 143177 2.5 82 33 1 7 14% 123 418105 35259 20%
c - 4589.99 195 77 103 894 496488 1 17806281 138604 2.5 81 32 1 7 13% 123 418105 35259 20%
c - 4596.27 180 78 103 895 496499 1 17836180 137861 2.6 80 30 1 7 14% 123 418105 35259 20%
c - 4602.78 181 77 103 896 496512 1 17866096 137843 2.6 79 30 1 7 13% 123 418105 35259 20%
c - 4609.72 183 78 103 897 496519 1 17896031 137579 2.6 80 31 1 7 13% 123 418105 35259 20%
c - 4619.21 184 78 103 898 496520 1 17925980 138040 2.7 81 29 1 7 15% 123 418105 35259 20%
c o 4622.43 184 78 103 898 496522 1 17935276 147289 2.8 83 30 1 7 15% 123 418105 35259 20%
c - 4627.71 187 78 103 899 496534 1 17955946 138780 2.7 83 30 1 7 15% 123 418105 35259 20%
c u 4631.94 188 77 103 899 496538 1 17969954 150866 2.7 83 30 1 7 14% 123 418105 35259 20%
c v 4632.11 188 77 103 899 496538 1 17969954 148457 2.7 83 30 1 7 14% 123 418105 35259 20%
c w 4640.06 191 77 103 899 496538 1 17969954 144170 2.7 83 30 1 7 14% 123 418105 35259 20%
c - 4644.53 192 77 103 900 496548 1 17985929 132948 2.7 82 30 1 7 14% 123 418105 35259 20%
c - 4653.55 193 77 103 901 496551 1 18015929 134488 2.7 82 31 1 7 14% 123 418105 35259 20%
c - 4662.31 193 78 103 902 496566 1 18045945 135818 2.7 82 30 1 7 14% 123 418105 35259 20%
c - 4670.18 194 77 103 903 496581 1 18075980 136269 2.6 82 31 1 7 14% 123 418105 35259 20%
c
c  seconds     switched        rate             size/glue  tier1   binary          remaining
c           MB    reductions      conflicts           size   tier2    irredundant
c            level       restarts         redundant      glue   trail         variables
c
c - 4678.83 178 76 103 904 496583 1 18106029 136288 2.7 83 31 1 7 14% 123 418105 35259 20%
c - 4689.10 180 75 103 905 496584 1 18136095 137765 2.9 84 29 1 7 15% 123 418105 35259 20%
c - 4697.15 181 75 103 906 496584 1 18166178 138684 2.9 83 29 1 7 15% 123 418105 35259 20%
c ] 4703.51 182 74 104 906 496584 1 18190641 162901 2.9 83 29 1 7 15% 123 418105 35259 20%
c { 4703.51 182 85 104 906 496584 7 18190641 162901 2.8 44 16 1 3 13% 123 418105 35259 20%
c - 4705.10 188 85 104 907 497224 8 18196279 138670 2.8 44 16 1 3 12% 123 418105 35259 20%
c - 4715.16 190 86 104 908 501083 9 18226396 142245 2.7 45 17 1 3 12% 123 418105 35259 20%
c - 4724.79 191 87 104 909 503982 9 18256529 144642 2.7 46 17 1 3 11% 123 418105 35259 20%
c - 4733.70 192 88 104 910 506462 9 18286680 146860 2.7 48 18 1 3 11% 123 418105 35259 20%
c - 4741.48 192 88 104 911 508045 8 18316847 148630 2.8 50 18 1 3 11% 123 418105 35259 20%
c - 4750.08 193 89 104 912 509773 8 18347031 149822 2.9 52 18 1 3 12% 123 418105 35259 20%
c - 4758.38 193 90 104 913 511572 8 18377232 150977 2.9 53 18 1 3 12% 123 418105 35259 20%
c - 4767.83 194 90 104 914 513317 7 18407448 151840 2.9 54 18 1 3 12% 123 418105 35259 20%
c u 4775.43 194 90 104 914 514071 7 18431047 172251 3.0 55 18 1 3 12% 123 418105 35259 20%
c v 4775.75 194 90 104 914 514071 7 18431047 165212 3.0 55 18 1 3 12% 123 418105 35259 20%
c w 4789.70 195 90 104 914 514071 7 18431047 163524 3.0 55 18 1 3 12% 123 418105 35259 20%
c - 4791.61 195 90 104 915 514244 7 18437681 143532 3.1 55 18 1 3 13% 123 418105 35259 20%
c - 4799.57 186 90 104 916 515395 6 18467929 145518 3.2 57 18 1 3 13% 123 418105 35259 20%
c - 4807.76 188 89 104 917 516885 6 18498196 147167 3.2 57 18 1 3 13% 123 418105 35259 20%
c - 4817.12 189 91 104 918 518733 6 18528478 148664 3.1 56 18 1 3 13% 123 418105 35259 20%
c
c  seconds     switched        rate             size/glue  tier1   binary          remaining
c           MB    reductions      conflicts           size   tier2    irredundant
c            level       restarts         redundant      glue   trail         variables
c
c o 4819.29 189 91 104 918 519053 6 18535372 155449 3.1 57 18 1 3 13% 123 418105 35259 20%
c - 4826.53 189 91 104 919 520551 6 18558777 149728 3.1 57 18 1 3 13% 123 418105 35259 20%
c - 4834.57 190 91 104 920 522149 6 18589092 150621 3.1 57 18 1 3 13% 123 418105 35259 20%
c - 4843.04 190 93 104 921 523687 6 18619424 151795 3.1 57 19 1 3 13% 123 418105 35259 20%
c - 4851.61 191 92 104 922 525012 6 18649773 152736 3.1 58 18 1 3 13% 123 418105 35259 20%
c - 4860.74 191 91 104 923 526668 6 18680139 153255 3.1 58 19 1 3 13% 123 418105 35259 20%
c - 4870.42 191 91 104 924 528109 6 18710520 153800 3.2 59 19 1 3 13% 123 418105 35259 20%
c } 4872.67 191 90 105 924 528340 6 18718936 162151 3.2 59 18 1 3 13% 123 418105 35259 20%
c [ 4872.67 191 74 105 924 528340 1 18718936 162151 2.9 83 29 1 7 15% 123 418105 35259 20%
c W 4874.91 181 74 105 924 528340 1 18718936 162151 2.9 83 29 1 7 15% 123 418105 35259 20%
c - 4881.44 186 75 105 925 528353 1 18740917 153109 2.9 82 29 1 7 16% 123 418105 35259 20%
c - 4890.60 187 76 105 926 528367 1 18771331 149592 2.8 81 29 1 7 16% 123 418105 35259 20%
c - 4901.17 188 76 105 927 528371 1 18801762 147646 2.9 80 28 1 7 17% 123 418105 35259 20%
c - 4911.41 189 76 105 928 528385 1 18832208 146928 3.0 83 28 1 7 16% 123 418105 35259 20%
c - 4919.83 190 75 105 929 528400 1 18862671 145258 2.9 84 29 1 7 16% 123 418105 35259 20%
c - 4929.39 190 75 105 930 528402 1 18893152 144739 2.9 83 29 1 7 16% 123 418105 35259 20%
c u 4932.78 191 75 105 930 528402 1 18898505 146692 2.9 84 29 1 7 16% 123 418105 35259 20%
c v 4932.99 191 75 105 930 528402 1 18898505 142980 2.9 84 29 1 7 16% 123 418105 35259 20%
c w 4936.74 192 75 105 930 528402 1 18898505 140099 2.9 84 29 1 7 16% 123 418105 35259 20%
c - 4943.17 192 75 105 931 528408 1 18923648 137614 2.9 84 29 1 7 15% 123 418105 35259 20%
c
c  seconds     switched        rate             size/glue  tier1   binary          remaining
c           MB    reductions      conflicts           size   tier2    irredundant
c            level       restarts         redundant      glue   trail         variables
c
c - 4952.06 193 75 105 932 528421 1 18954160 139275 2.8 83 29 1 7 15% 123 418105 35259 20%
c - 4959.81 193 75 105 933 528433 1 18984688 140441 2.8 82 29 1 7 15% 123 418105 35259 20%
c - 4967.44 194 75 105 934 528443 1 19015234 140590 2.8 81 29 1 7 14% 123 418105 35259 20%
c - 4976.62 194 75 105 935 528457 1 19045796 141127 2.8 82 30 1 7 14% 123 418105 35259 20%
c - 4983.62 176 75 105 936 528464 1 19076373 141367 2.6 80 30 1 7 14% 123 418105 35259 20%
c - 4991.27 178 74 105 937 528465 1 19106967 140669 2.6 79 30 1 7 14% 123 418105 35259 20%
c - 4999.34 179 74 105 938 528466 1 19137577 140359 2.6 78 31 1 7 13% 123 418105 35259 20%
c - 5007.48 180 73 105 939 528466 1 19168203 140585 2.6 79 31 1 7 14% 123 418105 35259 20%
c o 5010.49 180 73 105 939 528467 1 19180046 152378 2.6 79 31 1 7 14% 123 418105 35259 20%
c - 5016.27 186 74 105 940 528479 1 19198847 141994 2.6 79 30 1 7 14% 123 418105 35259 20%
c ] 5017.44 186 75 106 940 528480 1 19202536 145655 2.6 79 30 1 7 14% 123 418105 35259 20%
c { 5017.44 186 90 106 940 528480 6 19202536 145655 3.2 59 18 1 3 13% 123 418105 35259 20%
c - 5024.30 190 90 106 941 529207 5 19229507 145151 3.3 59 18 1 3 13% 123 418105 35259 20%
c - 5031.98 192 89 106 942 530421 5 19260182 147693 3.3 59 18 1 3 13% 123 418105 35259 20%
c - 5040.58 193 91 106 943 532331 6 19290874 149243 3.2 58 18 1 3 13% 123 418105 35259 20%
c - 5047.62 193 90 106 944 533332 5 19321582 150571 3.3 59 18 1 3 13% 123 418105 35259 20%
c - 5056.14 194 89 106 945 535030 6 19352307 151535 3.3 59 18 1 3 13% 123 418105 35259 20%
c u 5062.80 194 89 106 945 535801 5 19372325 169108 3.3 59 18 1 3 13% 123 418105 35259 20%
c v 5063.22 194 89 106 945 535801 5 19372325 163705 3.3 59 18 1 3 13% 123 418105 35259 20%
c w 5075.97 195 89 106 945 535801 5 19372325 161406 3.3 59 18 1 3 13% 123 418105 35259 20%
c
c  seconds     switched        rate             size/glue  tier1   binary          remaining
c           MB    reductions      conflicts           size   tier2    irredundant
c            level       restarts         redundant      glue   trail         variables
c
c - 5088.28 185 89 106 946 536377 6 19383049 144805 3.3 59 18 1 3 13% 123 418105 35259 20%
c - 5095.69 187 89 106 947 537544 5 19413806 147102 3.3 59 18 1 3 13% 123 418105 35259 20%
c - 5104.47 189 90 106 948 539582 6 19444579 149436 3.2 58 18 1 3 13% 123 418105 35259 20%
c - 5112.71 190 90 106 949 541229 6 19475368 150782 3.2 58 18 1 3 12% 123 418104 35259 20%
c - 5120.93 190 90 106 950 542561 6 19506173 152326 3.2 58 18 1 3 13% 123 418104 35259 20%
c - 5129.70 191 90 106 951 544530 6 19536996 153261 3.1 57 18 1 3 13% 123 418104 35259 20%
c - 5138.46 191 90 106 952 546192 6 19567835 153941 3.1 56 18 1 3 12% 123 418104 35259 20%
c - 5147.63 191 90 106 953 547811 6 19598690 154803 3.1 57 18 1 3 13% 123 418104 35259 20%
c - 5155.88 192 91 106 954 549812 6 19629560 155450 3.1 57 19 1 3 12% 123 418104 35259 20%
c - 5164.61 192 91 106 955 551197 6 19660447 156367 3.1 58 18 1 3 13% 123 418104 35259 20%
c - 5172.98 192 91 106 956 552746 6 19691350 157171 3.1 58 19 1 3 13% 123 418104 35259 20%
c - 5181.25 192 91 106 957 553933 6 19722269 157831 3.2 58 18 1 3 13% 123 418104 35259 20%
c } 5188.79 193 91 107 957 554990 6 19749562 184712 3.2 59 18 1 3 13% 123 418104 35259 20%
c [ 5188.79 193 75 107 957 554990 1 19749562 184712 2.6 79 30 1 7 14% 123 418104 35259 20%
c O 5188.79 193 75 107 957 554990 1 19749562 184712 2.6 79 30 1 7 14% 123 418104 35259 20%
c - 5189.52 193 75 107 958 554992 1 19753204 158483 2.6 79 30 1 7 14% 123 418104 35259 20%
c - 5197.85 194 74 107 959 555006 1 19784155 155495 2.7 82 31 1 7 13% 123 418104 35259 20%
c o 5202.59 194 75 107 959 555018 1 19803037 174213 2.7 81 30 1 7 13% 123 418104 35259 20%
c - 5205.30 194 75 107 960 555019 1 19815123 149861 2.7 82 30 1 7 13% 123 418104 35259 20%
c - 5213.02 196 75 107 961 555029 1 19846108 148684 2.7 81 30 1 7 13% 123 418104 35259 20%
c
c  seconds     switched        rate             size/glue  tier1   binary          remaining
c           MB    reductions      conflicts           size   tier2    irredundant
c            level       restarts         redundant      glue   trail         variables
c
c u 5215.21 184 75 107 961 555034 1 19852538 151297 2.7 81 30 1 7 13% 123 418104 35259 20%
c v 5215.40 185 75 107 961 555034 1 19852538 146948 2.7 81 30 1 7 13% 123 418104 35259 20%
c w 5217.51 187 75 107 961 555034 1 19852538 144033 2.7 81 30 1 7 13% 123 418104 35259 20%
c - 5223.45 189 75 107 962 555042 1 19877108 140963 2.7 79 29 1 7 13% 123 418104 35259 20%
c - 5230.33 190 75 107 963 555051 1 19908125 142543 2.6 79 30 1 7 13% 123 418104 35259 20%
c - 5238.08 191 74 107 964 555052 1 19939158 142032 2.6 81 31 1 7 13% 123 418104 35259 20%
c - 5246.94 192 75 107 965 555066 1 19970207 143547 2.6 81 31 1 7 13% 123 418104 35259 20%
c - 5254.54 193 75 107 966 555081 1 20001274 144507 2.6 80 31 1 7 12% 123 418104 35259 20%
c - 5263.25 194 77 107 967 555086 1 20032354 143727 2.6 84 32 1 7 13% 123 418104 35259 20%
c - 5272.87 194 77 107 968 555100 1 20063450 144887 2.7 84 31 1 7 14% 123 418104 35259 20%
c - 5280.15 194 76 107 969 555113 1 20094563 145987 2.7 83 31 1 7 13% 123 418104 35259 20%
c - 5288.38 195 76 107 970 555115 1 20125692 146312 2.7 81 31 1 7 13% 123 418104 35259 20%
c - 5296.52 195 75 107 971 555116 1 20156837 145319 2.6 81 31 1 7 13% 123 418104 35259 20%
c - 5305.03 178 74 107 972 555116 1 20187997 144110 2.7 82 31 1 7 13% 123 418104 35259 20%
c - 5312.42 180 73 107 973 555123 1 20219173 143932 2.7 83 31 1 7 13% 123 418104 35259 20%
c B 5319.70 182 73 107 973 555137 1 20250056 174508 2.7 83 31 1 7 13% 123 418104 35259 20%
c - 5319.83 182 73 107 974 555137 1 20250367 144082 2.7 83 31 1 7 13% 123 418104 35259 20%
c - 5327.96 183 74 107 975 555147 1 20281576 144463 2.6 83 32 1 7 12% 123 418104 35259 20%
c ] 5332.70 183 75 108 975 555148 1 20294001 156852 2.6 84 32 1 7 13% 123 418104 35259 20%
c { 5332.70 183 91 108 975 555148 6 20294001 156852 3.2 59 18 1 3 13% 123 418104 35259 20%
c
c  seconds     switched        rate             size/glue  tier1   binary          remaining
c           MB    reductions      conflicts           size   tier2    irredundant
c            level       restarts         redundant      glue   trail         variables
c
c - 5338.52 191 90 108 976 556105 6 20312800 146095 3.2 59 18 1 3 14% 123 418104 35259 20%
c u 5347.21 192 89 108 976 557375 6 20339166 170401 3.2 59 18 1 3 14% 123 418104 35259 20%
c v 5347.43 192 89 108 976 557375 6 20339166 167184 3.2 59 18 1 3 14% 123 418104 35259 20%
c w 5360.69 194 89 108 976 557375 6 20339166 165582 3.2 59 18 1 3 14% 123 418104 35259 20%
c - 5362.29 195 89 108 977 557463 5 20344040 144493 3.3 59 18 1 3 14% 123 418104 35259 20%
c - 5370.37 195 89 108 978 559153 6 20375297 147731 3.2 58 18 1 3 13% 123 418104 35259 20%
c - 5378.97 188 89 108 979 560684 6 20406569 150081 3.2 58 18 1 3 13% 123 418104 35259 20%
c - 5387.87 189 88 108 980 561880 5 20437858 151768 3.3 59 18 1 3 14% 123 418104 35259 20%
c o 5388.65 189 88 108 980 561881 5 20441004 154909 3.3 59 18 1 3 14% 123 418104 35259 20%
c - 5397.34 190 90 108 981 563534 6 20469163 152926 3.3 59 18 1 3 14% 123 418104 35259 20%
c - 5405.50 191 90 108 982 565012 6 20500484 153820 3.3 59 18 1 3 13% 123 418104 35259 20%
c - 5413.86 191 90 108 983 566704 6 20531820 154645 3.2 59 18 1 3 13% 123 418104 35259 20%
c - 5422.91 192 90 108 984 568342 6 20563174 155366 3.2 58 18 1 3 13% 123 418104 35259 20%
c - 5431.25 192 91 108 985 569959 6 20594542 155920 3.1 58 18 1 3 13% 123 418104 35259 20%
c - 5441.07 192 91 108 986 571399 6 20625926 156611 3.2 58 18 1 3 13% 123 418104 35259 20%
c - 5450.80 193 89 108 987 572707 6 20657328 157491 3.2 59 18 1 3 14% 123 418104 35259 20%
c - 5460.75 193 89 108 988 574227 6 20688745 158085 3.2 59 18 1 3 14% 123 418104 35259 20%
c - 5469.71 193 88 108 989 575815 6 20720178 158852 3.2 59 18 1 3 13% 123 418104 35259 20%
c - 5479.13 193 88 108 990 577736 6 20751626 159622 3.2 58 18 1 3 13% 123 418104 35259 20%
c - 5487.97 194 89 108 991 579073 6 20783090 160621 3.2 58 18 1 3 13% 123 418104 35259 20%
c
c  seconds     switched        rate             size/glue  tier1   binary          remaining
c           MB    reductions      conflicts           size   tier2    irredundant
c            level       restarts         redundant      glue   trail         variables
c
c - 5497.11 194 89 108 992 580578 6 20814571 161362 3.2 58 18 1 3 13% 123 418104 35259 20%
c u 5504.13 194 88 108 992 581540 6 20832184 174797 3.2 59 18 1 3 14% 123 418104 35259 20%
c v 5504.49 194 88 108 992 581540 6 20832184 167563 3.2 59 18 1 3 14% 123 418104 35259 20%
c w 5518.48 195 88 108 992 581540 6 20832184 164716 3.2 59 18 1 3 14% 123 418104 35259 20%
c - 5522.98 195 88 108 993 582165 6 20846068 150307 3.2 59 18 1 3 14% 123 418104 35259 20%
c } 5526.71 195 89 109 993 582775 6 20860042 164050 3.3 60 18 1 3 14% 123 418104 35259 20%
c [ 5526.71 195 75 109 993 582775 1 20860042 164050 2.6 84 32 1 7 13% 123 418104 35259 20%
c W 5528.96 182 75 109 993 582775 1 20860042 164050 2.6 84 32 1 7 13% 123 418104 35259 20%
c - 5534.04 186 75 109 994 582786 1 20877580 151467 2.7 84 32 1 7 13% 123 418104 35259 20%
c - 5541.28 188 76 109 995 582799 1 20909108 149890 2.6 82 31 1 7 13% 123 418104 35259 20%
c - 5549.46 190 76 109 996 582805 1 20940651 148357 2.6 82 31 1 7 13% 123 418104 35259 20%
c - 5557.89 191 76 109 997 582820 1 20972211 148331 2.6 82 31 1 7 13% 123 418104 35259 20%
c - 5566.06 191 76 109 998 582835 1 21003792 148969 2.7 81 30 1 7 14% 123 418104 35259 20%
c - 5574.95 192 75 109 999 582837 1 21035383 149100 2.7 80 30 1 7 14% 123 418104 35259 20%
c - 5584.10 193 76 109 1000 582844 1 21066991 148488 2.6 80 30 1 7 14% 123 418104 35259 20%
c o 5589.56 193 76 109 1000 582852 1 21082505 163933 2.7 80 30 1 7 15% 123 418104 35259 20%
c - 5593.86 194 77 109 1001 582858 1 21098613 149286 2.7 82 30 1 7 15% 123 418104 35259 20%
c - 5602.26 195 77 109 1002 582868 1 21130253 149409 2.7 81 30 1 7 14% 123 418104 35259 20%
c - 5610.49 196 77 109 1003 582882 1 21161908 148909 2.7 80 30 1 7 14% 123 418104 35259 20%
c - 5618.53 181 77 109 1004 582896 1 21193579 149456 2.7 81 30 1 7 14% 123 418104 35259 20%
c
c  seconds     switched         rate             size/glue  tier1   binary          remaining
c           MB     reductions      conflicts           size   tier2    irredundant
c            level        restarts         redundant      glue   trail         variables
c
c - 5626.36 183 76 109 1005 582900 1 21225266 148829 2.7 80 30 1 7 14% 123 418104 35259 20%
c - 5635.88 184 74 109 1006 582901 1 21256968 148783 2.7 79 29 1 7 14% 123 418104 35259 20%
c - 5645.15 185 73 109 1007 582901 1 21288686 148638 2.8 79 29 1 7 14% 123 418104 35259 20%
c - 5655.19 185 73 109 1008 582901 1 21320420 149177 2.8 80 29 1 7 14% 123 418104 35259 20%
c u 5660.38 188 73 109 1008 582908 1 21331619 158489 2.8 80 29 1 7 14% 123 418104 35259 20%
c v 5660.64 188 73 109 1008 582908 1 21331619 155893 2.8 80 29 1 7 14% 123 418104 35259 20%
c w 5668.92 189 73 109 1008 582908 1 21331619 151544 2.8 80 29 1 7 14% 123 418104 35259 20%
c - 5675.52 190 74 109 1009 582916 1 21352170 143502 2.7 80 29 1 7 14% 123 418104 35259 20%
c I 5684.72 192 75 109 1009 582931 1 21383054 174143 2.7 81 30 1 7 14% 123 418104 35259 20%
c - 5684.99 192 75 109 1010 582931 1 21383934 144753 2.7 81 29 1 7 14% 123 418104 35259 20%
c - 5695.25 193 78 109 1011 582939 1 21415716 145613 2.7 81 30 1 7 14% 123 418104 35259 20%
c ] 5698.23 194 78 110 1011 582946 1 21425615 155424 2.7 81 30 1 7 14% 123 418104 35259 20%
c { 5698.23 194 89 110 1011 582946 6 21425615 155424 3.3 60 18 1 3 14% 123 418104 35259 20%
c - 5706.05 196 89 110 1012 583430 5 21447513 148029 3.3 60 18 1 3 14% 123 418104 35259 20%
c - 5714.59 188 91 110 1013 585497 6 21479325 151682 3.2 59 18 1 3 13% 123 418104 35259 20%
c - 5723.13 189 90 110 1014 586506 5 21511152 153611 3.3 59 18 1 3 13% 123 418104 35259 20%
c - 5732.21 190 90 110 1015 587990 5 21542996 155215 3.3 59 18 1 3 13% 123 418104 35259 20%
c - 5740.99 191 89 110 1016 589667 6 21574856 156463 3.3 59 18 1 3 13% 123 418104 35259 20%
c - 5750.34 192 89 110 1017 591655 6 21606731 157136 3.2 58 18 1 3 13% 123 418104 35259 20%
c - 5759.89 192 89 110 1018 593007 6 21638621 158153 3.3 59 18 1 3 13% 123 418104 35259 20%
c
c  seconds     switched         rate             size/glue  tier1   binary          remaining
c           MB     reductions      conflicts           size   tier2    irredundant
c            level        restarts         redundant      glue   trail         variables
c
c - 5769.10 192 89 110 1019 594926 6 21670527 158940 3.2 58 18 1 3 13% 123 418104 35259 20%
c - 5779.53 193 89 110 1020 596432 6 21702448 159519 3.2 59 18 1 3 13% 123 418104 35259 20%
c - 5789.87 193 89 110 1021 597833 6 21734386 160311 3.3 59 18 1 3 13% 123 418104 35259 20%
c o 5790.03 193 89 110 1021 597834 6 21735258 161147 3.3 59 18 1 3 13% 123 418104 35259 20%
c - 5800.31 193 89 110 1022 599836 6 21766339 160768 3.2 59 18 1 3 13% 123 418104 35259 20%
c - 5810.92 194 90 110 1023 601791 6 21798307 161433 3.1 58 18 1 3 13% 123 418104 35259 20%
c - 5821.38 194 90 110 1024 603546 6 21830291 162147 3.1 58 19 1 3 13% 123 418104 35259 20%
c u 5825.02 194 90 110 1024 603998 6 21837498 165682 3.1 58 19 1 3 13% 123 418104 35259 20%
c v 5825.39 194 90 110 1024 603998 6 21837498 159049 3.1 58 19 1 3 13% 123 418104 35259 20%
c w 5830.41 194 90 110 1024 603998 6 21837498 153367 3.1 58 19 1 3 13% 123 418104 35259 20%
c - 5838.60 194 90 110 1025 604846 6 21862291 150516 3.2 59 18 1 3 13% 123 418104 35259 20%
c - 5848.18 194 89 110 1026 606134 6 21894306 154269 3.2 58 18 1 3 13% 123 418104 35259 20%
c - 5858.29 195 89 110 1027 607781 6 21926337 156521 3.2 58 18 1 3 13% 123 418104 35259 20%
c - 5868.49 195 89 110 1028 609042 5 21958383 157905 3.2 59 18 1 3 13% 123 418104 35259 20%
c - 5878.61 195 89 110 1029 610546 5 21990445 159328 3.3 59 18 1 3 13% 123 418104 35259 20%
c } 5884.45 195 89 111 1029 611520 5 22010953 179514 3.3 59 18 1 3 13% 123 418104 35259 20%
c [ 5884.45 195 78 111 1029 611520 1 22010953 179514 2.7 81 30 1 7 14% 123 418104 35259 20%
c B 5884.45 195 78 111 1029 611520 1 22010953 179514 2.7 81 30 1 7 14% 123 418104 35259 20%
c - 5887.94 195 78 111 1030 611526 1 22022525 159606 2.7 81 30 1 7 14% 123 418104 35259 20%
c - 5899.30 196 78 111 1031 611541 1 22054618 156848 2.7 82 30 1 7 15% 123 418104 35259 20%
c
c  seconds     switched         rate             size/glue  tier1   binary          remaining
c           MB     reductions      conflicts           size   tier2    irredundant
c            level        restarts         redundant      glue   trail         variables
c
c - 5913.04 196 78 111 1032 611550 1 22086727 153591 2.7 83 30 1 7 15% 123 418104 35259 20%
c - 5921.85 179 78 111 1033 611565 1 22118851 152295 2.7 83 31 1 7 14% 123 418104 35259 20%
c - 5930.25 186 78 111 1034 611580 1 22150992 151812 2.6 83 31 1 7 14% 123 418104 35259 20%
c - 5940.00 187 78 111 1035 611582 1 22183147 151341 2.7 83 31 1 7 14% 123 418104 35259 20%
c - 5949.37 189 77 111 1036 611588 1 22215318 150953 2.6 84 32 1 7 14% 123 418104 35259 20%
c - 5959.14 189 77 111 1037 611602 1 22247505 151205 2.6 84 32 1 7 14% 123 418104 35259 20%
c - 5969.08 190 77 111 1038 611613 1 22279707 151355 2.6 85 33 1 7 13% 123 418104 35259 20%
c - 5978.79 192 77 111 1039 611627 1 22311925 151286 2.6 84 32 1 7 13% 123 418104 35259 20%
c - 5987.86 193 76 111 1040 611641 1 22344158 151765 2.6 82 32 1 7 13% 123 418104 35259 20%
c u 5990.89 193 76 111 1040 611643 1 22349820 154964 2.6 82 32 1 7 13% 123 418104 35259 20%
c v 5991.11 193 76 111 1040 611643 1 22349820 152001 2.6 82 32 1 7 13% 123 418104 35259 20%
c w 5994.97 194 76 111 1040 611643 1 22349820 148807 2.6 82 32 1 7 13% 123 418104 35259 20%
c x 5996.18 198 76 111 1040 611643 1 22349820 148807 2.6 82 32 1 7 13% 123 418100 35259 20%
c - 6005.12 184 76 111 1041 611645 1 22376409 146148 2.7 84 31 1 7 13% 123 418100 35259 20%
c - 6016.95 186 76 111 1042 611646 1 22408674 146600 2.7 87 32 1 7 13% 123 418100 35259 20%
c - 6028.59 190 76 111 1043 611646 1 22440954 146190 2.8 89 31 1 7 15% 123 418100 35259 20%
c o 6040.21 190 76 111 1043 611647 1 22471867 176971 2.9 89 30 1 7 16% 123 418100 35259 20%
c - 6040.63 192 76 111 1044 611648 1 22473251 146402 2.9 89 30 1 6 16% 123 418100 35259 20%
c - 6048.71 193 76 111 1045 611662 1 22505563 147532 2.9 85 30 1 6 15% 123 418100 35259 20%
c ] 6056.30 194 75 112 1045 611676 1 22536604 178216 2.8 84 30 1 6 14% 123 418100 35259 20%
c
c  seconds     switched         rate             size/glue  tier1   binary          remaining
c           MB     reductions      conflicts           size   tier2    irredundant
c            level        restarts         redundant      glue   trail         variables
c
c { 6056.30 194 89 112 1045 611676 5 22536604 178216 3.3 59 18 1 3 13% 123 418100 35259 20%
c - 6056.84 195 89 112 1046 611761 5 22537890 147016 3.3 59 18 1 3 13% 123 418100 35259 20%
c - 6065.78 197 89 112 1047 612824 5 22570231 149727 3.3 60 18 1 3 13% 123 418100 35259 20%
c - 6077.43 189 90 112 1048 614632 6 22602588 153034 3.3 59 18 1 3 13% 123 418100 35259 20%
c - 6087.45 191 90 112 1049 616213 6 22634960 155168 3.2 59 18 1 3 13% 123 418100 35259 20%
c - 6096.09 192 90 112 1050 617355 5 22667349 156149 3.3 59 18 1 3 13% 123 418100 35259 20%
c - 6106.32 193 90 112 1051 619203 6 22699752 156799 3.2 58 18 1 3 13% 123 418100 35259 20%
c - 6116.15 193 89 112 1052 620900 6 22732171 157621 3.2 58 18 1 3 12% 123 418100 35259 20%
c - 6126.11 194 90 112 1053 622588 6 22764605 158504 3.2 58 18 1 3 13% 123 418100 35259 20%
c - 6136.60 194 89 112 1054 623834 6 22797054 159299 3.2 59 18 1 3 13% 123 418100 35259 20%
c - 6147.81 195 90 112 1055 625835 6 22829519 160142 3.1 58 18 1 3 13% 123 418100 35259 20%
c - 6157.64 195 90 112 1056 627757 6 22861999 160782 3.1 57 18 1 3 13% 123 418100 35259 20%
c u 6160.97 195 91 112 1056 628080 6 22868613 164165 3.1 57 18 1 3 13% 123 418100 35259 20%
c v 6161.30 195 91 112 1056 628080 6 22868613 157887 3.1 57 18 1 3 13% 123 418100 35259 20%
c w 6164.77 195 91 112 1056 628080 6 22868613 153445 3.1 57 18 1 3 13% 123 418100 35259 20%
c - 6171.18 195 89 112 1057 628712 6 22894496 150607 3.3 59 18 1 3 13% 123 418100 35259 20%
c - 6180.35 196 89 112 1058 629974 5 22927008 153357 3.3 60 18 1 3 13% 123 418100 35259 20%
c - 6188.88 196 89 112 1059 631422 5 22959534 155467 3.3 60 18 1 3 13% 123 418100 35259 20%
c - 6201.26 196 90 112 1060 633558 6 22992077 156794 3.2 59 18 1 3 13% 123 418100 35259 20%
c - 6211.60 196 90 112 1061 634720 6 23024634 158008 3.3 60 18 1 3 13% 123 418100 35259 20%
c
c  seconds     switched         rate             size/glue  tier1   binary          remaining
c           MB     reductions      conflicts           size   tier2    irredundant
c            level        restarts         redundant      glue   trail         variables
c
c - 6221.31 196 88 112 1062 636167 5 23057206 159237 3.3 60 18 1 3 13% 123 418100 35259 20%
c - 6232.41 197 88 112 1063 638126 6 23089794 160042 3.2 59 18 1 3 13% 123 418100 35259 20%
c - 6244.01 189 88 112 1064 639834 6 23122397 160994 3.3 59 18 1 3 13% 123 418100 35259 20%
c } 6249.36 190 88 113 1064 640837 6 23141522 179805 3.2 59 18 1 3 13% 123 418100 35259 20%
c [ 6249.36 190 75 113 1064 640837 1 23141522 179805 2.8 84 30 1 6 14% 123 418100 35259 20%
c W 6252.59 183 75 113 1064 640837 1 23141522 179805 2.8 84 30 1 6 14% 123 418100 35259 20%
c o 6253.00 184 75 113 1064 640838 1 23142547 180828 2.8 84 30 1 6 14% 123 418100 35259 20%
c - 6256.13 188 75 113 1065 640845 1 23155016 161151 2.8 82 30 1 6 14% 123 418100 35259 20%
c - 6267.16 189 75 113 1066 640859 1 23187650 158802 2.7 82 30 1 6 14% 123 418100 35259 20%
c - 6279.22 191 75 113 1067 640867 1 23220300 155769 2.8 83 30 1 6 14% 123 418100 35259 20%
c - 6289.71 192 76 113 1068 640882 1 23252964 155245 2.8 83 30 1 6 15% 123 418100 35259 20%
c - 6300.19 193 76 113 1069 640897 1 23285644 155550 2.7 81 30 1 6 15% 123 418100 35259 20%
c - 6311.69 194 76 113 1070 640899 1 23318339 154993 2.7 82 30 1 6 15% 123 418100 35259 20%
c - 6322.35 195 75 113 1071 640906 1 23351049 153861 2.6 80 30 1 6 14% 123 418100 35259 20%
c e 6322.85 169 75 113 1071 640907 1 23352364 155168 2.6 80 30 1 6 14% 123 418115 35234 20%
c s 6322.86 169 75 113 1071 640907 1 23352364 155168 2.6 80 30 1 6 14% 123 418100 35234 20%
c - 6333.49 185 76 113 1072 640921 1 23383776 154984 2.7 79 30 1 6 14% 123 418100 35234 20%
c u 6337.93 187 76 113 1072 640928 1 23393877 161826 2.7 79 30 1 6 14% 123 418100 35234 20%
c v 6338.23 187 76 113 1072 640928 1 23393877 158272 2.7 79 30 1 6 14% 123 418100 35234 20%
c w 6346.75 189 76 113 1072 640928 1 23393877 154673 2.7 79 30 1 6 14% 123 418100 35234 20%
c
c  seconds     switched         rate             size/glue  tier1   binary          remaining
c           MB     reductions      conflicts           size   tier2    irredundant
c            level        restarts         redundant      glue   trail         variables
c
c - 6354.68 189 75 113 1073 640930 1 23416517 148078 2.7 79 30 1 6 15% 123 418100 35234 20%
c - 6364.62 190 76 113 1074 640945 1 23449274 149454 2.7 79 30 1 6 14% 123 418100 35234 20%
c - 6374.06 190 76 113 1075 640960 1 23482047 150288 2.7 80 30 1 6 14% 123 418100 35234 20%
c - 6388.07 191 76 113 1076 640962 1 23514835 150604 2.7 83 31 1 6 15% 123 418100 35234 20%
c - 6401.44 192 75 113 1077 640963 1 23547637 150021 2.7 86 32 1 6 15% 123 418100 35234 20%
c - 6413.71 192 74 113 1078 640963 1 23580456 149933 2.7 87 32 1 6 15% 123 418100 35234 20%
c - 6424.82 193 74 113 1079 640970 1 23613289 150126 2.7 88 32 1 6 15% 123 418100 35234 20%
c - 6434.83 193 74 113 1080 640985 1 23646139 150345 2.7 84 32 1 6 14% 123 418100 35234 20%
c - 6442.62 194 74 113 1081 640994 1 23679002 150718 2.6 81 31 1 6 14% 123 418100 35234 20%
c ] 6447.69 194 74 114 1081 641003 1 23698688 170233 2.6 80 31 1 6 14% 123 418100 35234 20%
c { 6447.69 194 88 114 1081 641003 6 23698688 170233 3.2 59 18 1 3 13% 123 418100 35234 20%
c - 6452.77 196 88 114 1082 641191 5 23711880 152146 3.3 59 18 1 2 14% 123 418100 35234 20%
c - 6461.74 198 86 114 1083 641624 5 23744773 155273 3.4 59 17 1 2 14% 123 418100 35234 20%
c - 6470.48 190 86 114 1084 642726 5 23777682 157635 3.3 58 17 1 2 13% 123 418100 35234 20%
c - 6478.90 191 85 114 1085 643694 5 23810606 159273 3.3 57 17 1 2 13% 123 418100 35234 20%
c o 6481.85 192 86 114 1085 644086 5 23822548 170794 3.3 56 17 1 2 13% 123 418100 35234 20%
c - 6489.06 192 86 114 1086 644954 5 23843545 160806 3.3 56 17 1 2 12% 123 418100 35234 20%
c - 6498.15 193 86 114 1087 646231 5 23876499 162331 3.2 55 17 1 2 12% 123 418100 35234 20%
c - 6506.95 194 85 114 1088 647219 5 23909469 163242 3.3 55 17 1 2 12% 123 418100 35234 20%
c u 6513.30 194 85 114 1088 648070 5 23925613 175616 3.3 55 17 1 2 12% 123 418100 35234 20%
c
c  seconds     switched         rate             size/glue  tier1   binary          remaining
c           MB     reductions      conflicts           size   tier2    irredundant
c            level        restarts         redundant      glue   trail         variables
c
c v 6513.58 194 85 114 1088 648070 5 23925613 171798 3.3 55 17 1 2 12% 123 418100 35234 20%
c w 6524.17 195 85 114 1088 648070 5 23925613 163292 3.3 55 17 1 2 12% 123 418100 35234 20%
c - 6528.23 195 86 114 1089 648864 5 23942454 153195 3.2 53 17 1 2 12% 123 418100 35234 20%
c - 6535.93 195 86 114 1090 650305 5 23975454 157995 3.1 51 16 1 2 11% 123 418100 35234 20%
c - 6545.08 196 85 114 1091 651340 5 24008469 160566 3.2 52 16 1 2 11% 123 418100 35234 20%
c - 6553.48 196 85 114 1092 653059 5 24041499 161918 3.2 51 16 1 2 11% 123 418100 35234 20%
c - 6563.36 196 84 114 1093 655378 6 24074544 163646 3.0 50 16 1 2 11% 123 418100 35234 20%
c - 6572.83 196 85 114 1094 657391 6 24107604 165213 3.0 49 16 1 2 10% 123 418100 35234 20%
c - 6583.09 197 84 114 1095 659027 6 24140679 166316 3.0 50 16 1 2 11% 123 418100 35234 20%
c - 6592.27 197 84 114 1096 660672 6 24173771 166857 3.0 50 16 1 2 11% 123 418100 35234 20%
c - 6602.08 197 84 114 1097 662588 6 24206877 168141 3.0 50 17 1 2 10% 123 418100 35234 20%
c - 6611.30 197 85 114 1098 664020 6 24239999 169251 3.0 50 17 1 2 11% 123 418100 35234 20%
c - 6620.91 191 85 114 1099 665941 6 24273135 170711 3.0 50 17 1 2 11% 123 418100 35234 20%
c - 6629.99 192 86 114 1100 667799 6 24306286 172288 2.9 49 17 1 2 10% 123 418100 35234 20%
c } 6634.81 193 86 115 1100 668691 6 24323465 188901 2.9 49 17 1 2 10% 123 418100 35234 20%
c [ 6634.82 193 74 115 1100 668691 1 24323465 188901 2.6 80 31 1 6 14% 123 418100 35234 20%
c O 6634.82 193 74 115 1100 668691 1 24323465 188901 2.6 80 31 1 6 14% 123 418100 35234 20%
c - 6639.22 193 74 115 1101 668700 1 24339452 171716 2.5 80 32 1 6 14% 123 418100 35234 20%
c - 6649.40 194 75 115 1102 668715 1 24372634 168091 2.6 82 31 1 6 14% 123 418100 35234 20%
c - 6659.63 194 76 115 1103 668721 1 24405830 164237 2.6 82 31 1 6 14% 123 418100 35234 20%
c
c  seconds     switched         rate             size/glue  tier1   binary          remaining
c           MB     reductions      conflicts           size   tier2    irredundant
c            level        restarts         redundant      glue   trail         variables
c
c - 6669.00 195 76 115 1104 668737 1 24439041 163023 2.6 82 31 1 6 14% 123 418100 35234 20%
c u 6677.86 196 77 115 1104 668751 1 24463846 182209 2.6 82 31 1 6 14% 123 418100 35234 20%
c v 6678.09 196 77 115 1104 668751 1 24463846 178253 2.6 82 31 1 6 14% 123 418100 35234 20%
c w 6694.26 200 77 115 1104 668751 1 24463846 177284 2.6 82 31 1 6 14% 123 418100 35234 20%
c - 6696.95 177 76 115 1105 668752 1 24472267 154829 2.6 81 31 1 6 14% 123 418100 35234 20%
c - 6705.22 178 75 115 1106 668753 1 24505508 155308 2.6 80 31 1 6 13% 123 418100 35234 20%
c o 6710.21 184 75 115 1106 668758 1 24526506 175986 2.6 79 31 1 6 13% 123 418100 35234 20%
c - 6712.83 185 75 115 1107 668764 1 24538764 156163 2.6 78 30 1 6 13% 123 418100 35234 20%
c - 6720.54 187 75 115 1108 668780 1 24572037 157400 2.6 79 30 1 6 13% 123 418100 35234 20%
c - 6729.39 189 74 115 1109 668786 1 24605324 157029 2.6 81 31 1 6 13% 123 418100 35234 20%
c - 6740.00 191 75 115 1110 668801 1 24638627 157367 2.6 82 31 1 6 13% 123 418100 35234 20%
c - 6752.71 192 75 115 1111 668815 1 24671943 157252 2.7 86 32 1 6 13% 123 418100 35234 20%
c - 6763.47 193 76 115 1112 668816 1 24705275 156891 2.7 88 33 1 6 13% 123 418100 35234 20%
c - 6772.30 194 75 115 1113 668817 1 24738622 156045 2.7 87 33 1 6 12% 123 418100 35234 20%
c - 6779.94 194 75 115 1114 668817 1 24771983 155986 2.6 83 32 1 6 12% 123 418100 35234 20%
c - 6788.31 195 74 115 1115 668831 1 24805360 156361 2.6 81 32 1 6 12% 123 418100 35234 20%
c - 6796.57 195 74 115 1116 668846 1 24838751 157160 2.6 82 32 1 6 12% 123 418100 35234 20%
c - 6805.20 196 74 115 1117 668852 1 24872157 157253 2.5 83 33 1 6 12% 123 418100 35234 20%
c B 6810.14 197 74 115 1117 668863 1 24892551 177485 2.5 82 32 1 6 12% 123 418100 35234 20%
c - 6814.59 197 74 115 1118 668868 1 24905578 157202 2.6 83 32 1 6 12% 123 418100 35234 20%
c
c  seconds     switched         rate             size/glue  tier1   binary          remaining
c           MB     reductions      conflicts           size   tier2    irredundant
c            level        restarts         redundant      glue   trail         variables
c
c - 6824.60 183 75 115 1119 668879 1 24939015 157177 2.6 83 32 1 6 13% 123 418100 35234 20%
c ] 6825.15 183 75 116 1119 668879 1 24940861 159022 2.6 83 32 1 6 13% 123 418100 35234 20%
c { 6825.15 183 86 116 1119 668879 6 24940861 159022 2.9 49 17 1 2 10% 123 418100 35234 20%
c - 6834.57 191 87 116 1120 671380 7 24972467 159998 2.9 50 17 1 2 11% 123 418100 35234 20%
c s 6841.03 193 87 116 1120 673050 7 24995285 182327 2.9 51 18 1 2 11% 123 418099 35234 20%
c - 6843.86 193 87 116 1121 674227 7 25005933 163314 2.9 51 18 1 2 10% 123 418099 35234 20%
c u 6845.83 193 87 116 1121 674545 7 25008601 164122 2.8 51 18 1 2 10% 123 418099 35234 20%
c v 6846.04 193 87 116 1121 674545 7 25008601 161601 2.8 51 18 1 2 10% 123 418099 35234 20%
c w 6847.56 193 87 116 1121 674545 7 25008601 155880 2.8 51 18 1 2 10% 123 418099 35234 20%
c - 6856.64 194 87 116 1122 675569 7 25039415 157811 3.1 54 18 1 2 12% 123 418099 35234 20%
c - 6865.47 195 87 116 1123 677631 7 25072912 161130 3.1 55 18 1 2 12% 123 418099 35234 20%
c - 6874.91 195 88 116 1124 679534 7 25106424 162826 3.1 55 18 1 2 12% 123 418099 35234 20%
c - 6884.42 196 87 116 1125 681249 6 25139950 164378 3.1 56 18 1 2 13% 123 418099 35234 20%
c - 6894.04 196 87 116 1126 683087 6 25173492 165333 3.2 57 18 1 2 13% 123 418099 35234 20%
c - 6903.87 197 88 116 1127 685207 7 25207048 166233 3.1 57 18 1 2 13% 123 418099 35234 20%
c o 6909.64 197 88 116 1127 686030 6 25227052 185938 3.2 57 18 1 2 13% 123 418099 35234 20%
c - 6914.41 197 88 116 1128 686891 6 25240619 167146 3.1 57 18 1 2 13% 123 418099 35234 20%
c - 6924.05 197 88 116 1129 688199 6 25274204 167848 3.2 58 18 1 2 13% 123 418099 35234 20%
c - 6934.38 198 88 116 1130 690123 6 25307805 168481 3.2 58 18 1 2 13% 123 418099 35234 20%
c - 6945.12 198 88 116 1131 692004 6 25341422 169073 3.2 58 18 1 2 13% 123 418099 35234 20%
c
c  seconds     switched         rate             size/glue  tier1   binary          remaining
c           MB     reductions      conflicts           size   tier2    irredundant
c            level        restarts         redundant      glue   trail         variables
c
c - 6954.76 190 88 116 1132 693532 6 25375052 169788 3.2 58 18 1 2 12% 123 418099 35234 20%
c - 6965.65 192 89 116 1133 694825 6 25408697 170962 3.3 59 18 1 2 13% 123 418099 35234 20%
c - 6978.54 193 90 116 1134 696846 6 25442359 172034 3.2 59 18 1 2 13% 123 418099 35234 20%
c - 6989.13 194 90 116 1135 698613 6 25476034 172736 3.2 59 18 1 2 13% 123 418099 35234 20%
c - 6999.31 194 89 116 1136 700563 6 25509723 173253 3.2 59 18 1 2 13% 123 418099 35234 20%
c - 7011.13 195 89 116 1137 702241 6 25543428 174158 3.2 59 18 1 2 14% 123 418099 35234 20%
c u 7018.13 195 90 116 1137 703349 6 25559880 185825 3.2 59 19 1 2 13% 123 418099 35234 20%
c v 7018.43 195 90 116 1137 703349 6 25559880 180162 3.2 59 19 1 2 13% 123 418099 35234 20%
c w 7032.00 195 90 116 1137 703349 6 25559880 171876 3.2 59 19 1 2 13% 123 418099 35234 20%
c - 7037.54 196 90 116 1138 704098 6 25577150 161290 3.2 59 19 1 2 13% 123 418099 35234 20%
c } 7039.86 196 90 117 1138 704577 6 25585775 169816 3.2 59 19 1 2 13% 123 418099 35234 20%
c [ 7039.86 196 75 117 1138 704577 1 25585775 169816 2.6 83 32 1 6 13% 123 418099 35234 20%
c W 7041.14 183 75 117 1138 704577 1 25585775 169816 2.6 83 32 1 6 13% 123 418099 35234 20%
c - 7047.70 188 75 117 1139 704591 1 25610885 163244 2.6 82 31 1 6 14% 123 418099 35234 20%
c - 7056.42 189 75 117 1140 704606 1 25644634 161954 2.6 81 31 1 6 13% 123 418099 35234 20%
c - 7065.53 192 75 117 1141 704614 1 25678398 160460 2.6 82 31 1 6 13% 123 418099 35234 20%
c - 7076.06 193 75 117 1142 704629 1 25712176 160931 2.7 84 31 1 6 13% 123 418099 35234 20%
c - 7085.59 194 75 117 1143 704638 1 25745969 161093 2.7 83 31 1 6 13% 123 418099 35234 20%
c - 7096.70 195 75 117 1144 704639 1 25779777 161227 2.9 84 29 1 6 15% 123 418099 35234 20%
c - 7106.95 196 76 117 1145 704654 1 25813600 161620 2.9 84 30 1 6 15% 123 418099 35234 20%
c
c  seconds     switched         rate             size/glue  tier1   binary          remaining
c           MB     reductions      conflicts           size   tier2    irredundant
c            level        restarts         redundant      glue   trail         variables
c
c - 7117.26 196 76 117 1146 704669 1 25847438 161941 2.7 84 31 1 6 14% 123 418099 35234 20%
c - 7129.32 197 76 117 1147 704680 1 25881290 162985 2.8 84 30 1 6 15% 123 418099 35234 20%
c - 7139.48 197 76 117 1148 704695 1 25915158 163706 2.8 82 29 1 6 15% 123 418099 35234 20%
c - 7149.44 180 75 117 1149 704702 1 25949040 163617 2.8 82 29 1 6 15% 123 418099 35234 20%
c - 7161.95 182 75 117 1150 704703 1 25982936 163188 2.8 82 29 1 6 15% 123 418099 35234 20%
c - 7173.78 185 74 117 1151 704703 1 26016848 162361 2.8 84 30 1 6 15% 123 418099 35234 20%
c o 7183.91 185 73 117 1151 704704 1 26046750 192159 2.8 85 30 1 6 15% 123 418099 35234 20%
c - 7184.90 187 74 117 1152 704706 1 26050775 162353 2.9 85 30 1 6 15% 123 418099 35234 20%
c - 7195.18 190 74 117 1153 704722 1 26084716 163356 2.8 84 30 1 6 14% 123 418099 35234 20%
c u 7206.03 191 74 117 1153 704734 1 26117684 194133 2.7 84 31 1 6 14% 123 418099 35234 20%
c v 7206.28 191 74 117 1153 704734 1 26117684 191734 2.7 84 31 1 6 14% 123 418099 35234 20%
c w 7226.47 201 74 117 1153 704734 1 26117684 191179 2.7 84 31 1 6 14% 123 418099 35234 20%
c - 7226.92 178 74 117 1154 704734 1 26118671 158812 2.7 84 31 1 6 14% 123 418099 35234 20%
c - 7235.96 185 75 117 1155 704748 1 26152641 159400 2.8 84 30 1 6 14% 123 418099 35234 20%
c ] 7237.28 185 75 118 1155 704749 1 26157552 164260 2.8 84 30 1 6 14% 123 418099 35234 20%
c { 7237.28 185 90 118 1155 704749 6 26157552 164260 3.2 59 19 1 2 13% 123 418099 35234 20%
c - 7244.99 191 90 118 1156 705026 5 26186627 162145 3.3 59 18 1 2 14% 123 418099 35234 20%
c - 7254.35 193 90 118 1157 705464 5 26220627 164917 3.3 58 18 1 2 15% 123 418099 35234 20%
c - 7263.04 194 91 118 1158 705954 5 26254642 166800 3.4 58 17 1 2 15% 123 418099 35234 20%
c - 7274.10 194 91 118 1159 706673 5 26288672 168651 3.3 55 17 1 2 15% 123 418099 35234 20%
c
c  seconds     switched         rate             size/glue  tier1   binary          remaining
c           MB     reductions      conflicts           size   tier2    irredundant
c            level        restarts         redundant      glue   trail         variables
c
c - 7284.07 195 89 118 1160 707512 5 26322716 169458 3.3 53 16 1 2 15% 123 418099 35234 20%
c - 7293.86 196 88 118 1161 708553 5 26356776 169652 3.2 52 16 1 2 14% 123 418099 35234 20%
c - 7304.39 196 88 118 1162 710016 6 26390849 170506 3.1 51 16 1 2 14% 123 418099 35234 20%
c - 7315.04 197 88 118 1163 711189 6 26424937 171214 3.1 50 16 1 2 14% 123 418099 35234 20%
c - 7324.55 197 87 118 1164 712426 6 26459039 171766 3.1 49 16 1 2 14% 123 418099 35234 20%
c - 7334.99 197 87 118 1165 713984 6 26493159 172185 3.0 48 16 1 2 14% 123 418099 35234 20%
c - 7346.50 197 87 118 1166 715466 7 26527292 172310 3.0 47 16 1 2 14% 123 418099 35234 20%
c - 7358.61 198 87 118 1167 717065 7 26561438 172692 3.1 48 16 1 2 14% 123 418099 35234 20%
c - 7370.05 198 88 118 1168 718904 7 26595599 172903 3.0 48 16 1 2 14% 123 418099 35234 20%
c - 7381.35 198 86 118 1169 720354 7 26629775 173113 3.0 47 16 1 2 14% 123 418099 35234 20%
c - 7391.84 190 86 118 1170 722075 7 26663966 173370 3.0 47 16 1 2 13% 123 418099 35234 20%
c u 7399.50 191 86 118 1170 722987 7 26682012 188303 2.9 47 16 1 2 13% 123 418099 35234 20%
c v 7399.74 191 86 118 1170 722987 7 26682012 183910 2.9 47 16 1 2 13% 123 418099 35234 20%
c w 7410.59 192 86 118 1170 722987 7 26682012 173969 2.9 47 16 1 2 13% 123 418099 35234 20%
c - 7430.24 193 87 118 1171 723678 7 26698173 161708 2.9 47 16 1 2 14% 123 418099 35234 20%
c - 7441.01 193 86 118 1172 725300 7 26732393 165342 2.9 46 16 1 2 13% 123 418099 35234 20%
c - 7452.13 194 86 118 1173 726794 7 26766629 167697 2.9 46 16 1 2 14% 123 418099 35234 20%
c o 7452.19 194 86 118 1173 726808 7 26766753 167820 2.9 46 16 1 2 14% 123 418099 35234 20%
c - 7462.95 194 86 118 1174 728342 7 26800880 169155 2.9 46 16 1 2 14% 123 418099 35234 20%
c } 7471.19 194 86 119 1174 729577 7 26822880 190708 2.9 46 16 1 2 14% 123 418099 35234 20%
c
c  seconds     switched         rate             size/glue  tier1   binary          remaining
c           MB     reductions      conflicts           size   tier2    irredundant
c            level        restarts         redundant      glue   trail         variables
c
c [ 7471.19 194 75 119 1174 729577 1 26822880 190708 2.8 84 30 1 6 14% 123 418099 35234 20%
c I 7471.19 194 75 119 1174 729577 1 26822880 190708 2.8 84 30 1 6 14% 123 418099 35234 20%
c - 7474.55 195 76 119 1175 729583 1 26835143 169737 2.8 84 30 1 6 15% 123 418099 35234 20%
c - 7485.01 195 76 119 1176 729600 1 26869421 167930 2.8 83 30 1 6 15% 123 418099 35234 20%
c - 7498.75 196 75 119 1177 729607 1 26903713 164008 2.7 84 31 1 6 14% 123 418099 35234 20%
c - 7509.86 197 73 119 1178 729622 1 26938020 162345 2.7 85 31 1 6 14% 123 418099 35234 20%
c - 7521.04 197 73 119 1179 729638 1 26972343 162036 2.7 85 31 1 6 14% 123 418099 35234 20%
c - 7532.17 198 73 119 1180 729639 1 27006680 162739 2.9 86 30 1 6 15% 123 418099 35234 20%
c - 7542.01 181 74 119 1181 729653 1 27041031 163189 2.9 84 29 1 6 16% 123 418099 35234 20%
c - 7551.86 183 75 119 1182 729668 1 27075398 163365 2.8 82 29 1 6 16% 123 418099 35234 20%
c - 7562.23 185 76 119 1183 729676 1 27109778 163257 2.9 83 29 1 6 15% 123 418099 35234 20%
c - 7572.28 187 76 119 1184 729692 1 27144172 163165 2.8 82 29 1 6 15% 123 418099 35234 20%
c - 7583.54 187 76 119 1185 729701 1 27178581 163565 2.8 82 29 1 6 16% 123 418099 35234 20%
c - 7597.96 189 78 119 1186 729702 1 27213005 163157 2.7 84 31 1 6 16% 123 418099 35234 20%
c - 7613.31 190 79 119 1187 729703 1 27247443 161451 2.6 87 34 1 6 16% 123 418099 35234 20%
c u 7616.76 187 79 119 1187 729703 1 27252916 165176 2.6 87 34 1 6 16% 123 418099 35234 20%
c v 7616.92 187 79 119 1187 729703 1 27252916 163007 2.6 87 34 1 6 16% 123 418099 35234 20%
c w 7620.38 189 79 119 1187 729703 1 27252916 160512 2.6 87 34 1 6 16% 123 418099 35234 20%
c - 7632.64 191 79 119 1188 729703 1 27281896 156445 2.5 89 35 1 6 16% 123 418099 35234 20%
c - 7641.89 192 78 119 1189 729718 1 27316364 158267 2.6 85 33 1 6 16% 123 418099 35234 20%
c
c  seconds     switched         rate             size/glue  tier1   binary          remaining
c           MB     reductions      conflicts           size   tier2    irredundant
c            level        restarts         redundant      glue   trail         variables
c
c ] 7644.09 192 78 120 1189 729724 1 27324936 166758 2.6 85 32 1 6 16% 123 418099 35234 20%
c { 7644.09 192 86 120 1189 729724 7 27324936 166758 2.9 46 16 1 2 14% 123 418099 35234 20%
c - 7652.19 195 87 120 1190 733083 9 27350845 161606 2.7 46 17 1 2 12% 123 418099 35234 20%
c - 7660.51 197 87 120 1191 735996 9 27385341 165229 2.7 47 17 1 2 12% 123 418099 35234 20%
c - 7671.59 197 88 120 1192 739257 9 27419851 167871 2.7 48 18 1 2 11% 123 418099 35234 20%
c - 7682.92 198 88 120 1193 741079 8 27454376 169674 2.8 51 18 1 2 12% 123 418099 35234 20%
c - 7692.08 198 89 120 1194 742748 7 27488916 170638 3.0 53 18 1 2 12% 123 418099 35234 20%
c o 7694.45 186 88 120 1194 743235 7 27499285 180852 3.0 54 18 1 2 12% 123 418099 35234 20%
c - 7701.13 190 88 120 1195 744352 7 27523471 171636 3.1 55 18 1 2 12% 123 418099 35234 20%
c - 7710.65 192 89 120 1196 746180 7 27558039 172839 3.1 56 18 1 2 12% 123 418099 35234 20%
c - 7720.03 193 88 120 1197 747482 6 27592622 173464 3.2 57 18 1 2 13% 123 418099 35234 20%
c - 7730.93 193 89 120 1198 749798 6 27627220 174171 3.1 57 18 1 2 12% 123 418099 35234 20%
c - 7740.49 194 88 120 1199 750813 6 27661832 175138 3.2 58 18 1 2 13% 123 418099 35234 20%
c s 7745.06 194 88 120 1199 751538 6 27678253 191346 3.2 58 18 1 2 13% 123 418098 35234 20%
c - 7750.93 195 88 120 1200 752785 6 27696458 176076 3.2 58 18 1 2 13% 123 418098 35234 20%
c - 7760.89 195 88 120 1201 754618 6 27731099 176788 3.2 59 18 1 2 13% 123 418098 35234 20%
c - 7770.47 196 88 120 1202 756635 6 27765754 177274 3.2 59 18 1 2 13% 123 418098 35234 20%
c - 7779.86 196 87 120 1203 757768 6 27800423 177640 3.3 60 18 1 2 13% 123 418098 35234 20%
c u 7789.60 196 88 120 1203 759222 6 27830371 202815 3.3 60 18 1 2 13% 123 418098 35234 20%
c v 7789.96 196 88 120 1203 759222 6 27830371 197332 3.3 60 18 1 2 13% 123 418098 35234 20%
c
c  seconds     switched         rate             size/glue  tier1   binary          remaining
c           MB     reductions      conflicts           size   tier2    irredundant
c            level        restarts         redundant      glue   trail         variables
c
c w 7806.42 198 88 120 1203 759222 6 27830371 195224 3.3 60 18 1 2 13% 123 418098 35234 20%
c - 7808.52 198 88 120 1204 759354 6 27835108 168981 3.3 60 18 1 2 13% 123 418098 35234 20%
c - 7818.44 190 88 120 1205 760857 5 27869807 171285 3.3 60 18 1 2 13% 123 418098 35234 20%
c - 7829.27 192 89 120 1206 763092 6 27904521 172875 3.2 59 18 1 2 13% 123 418098 35234 20%
c - 7838.40 193 89 120 1207 765371 6 27939248 173915 3.1 58 19 1 2 12% 123 418098 35234 20%
c - 7847.66 193 88 120 1208 766382 6 27973989 175172 3.3 59 18 1 2 13% 123 418098 35234 20%
c - 7857.85 194 88 120 1209 767747 5 28008746 176035 3.3 60 18 1 2 13% 123 418098 35234 20%
c } 7858.45 194 88 121 1209 767826 5 28010955 178239 3.3 60 18 1 2 13% 123 418098 35234 20%
c [ 7858.45 194 78 121 1209 767826 1 28010955 178239 2.6 85 32 1 6 16% 123 418098 35234 20%
c B 7858.45 194 78 121 1209 767826 1 28010955 178239 2.6 85 32 1 6 16% 123 418098 35234 20%
c - 7870.45 194 77 121 1210 767840 1 28043516 174487 2.6 84 32 1 6 16% 123 418098 35234 20%
c - 7883.05 195 76 121 1211 767856 1 28078302 170118 2.7 85 32 1 6 15% 123 418098 35234 20%
c - 7893.61 196 76 121 1212 767869 1 28113101 169656 2.7 82 30 1 6 15% 123 418098 35234 20%
c - 7903.27 196 76 121 1213 767885 1 28147914 169775 2.7 80 30 1 6 15% 123 418098 35234 20%
c - 7911.89 197 76 121 1214 767888 1 28182742 170719 2.8 79 29 1 6 15% 123 418098 35234 20%
c - 7921.81 198 75 121 1215 767895 1 28217585 170141 2.9 79 28 1 6 15% 123 418098 35234 20%
c o 7927.41 198 75 121 1215 767904 1 28241701 194024 2.9 78 27 1 6 15% 123 418098 35234 20%
c - 7930.66 198 75 121 1216 767910 1 28252442 170195 2.9 79 28 1 6 15% 123 418098 35234 20%
c - 7939.26 198 74 121 1217 767919 1 28287314 170101 2.7 78 28 1 6 14% 123 418098 35234 20%
c - 7947.64 179 74 121 1218 767934 1 28322200 168872 2.7 78 29 1 6 13% 123 418098 35234 20%
c
c  seconds     switched         rate             size/glue  tier1   binary          remaining
c           MB     reductions      conflicts           size   tier2    irredundant
c            level        restarts         redundant      glue   trail         variables
c
c - 7956.35 185 75 121 1219 767950 1 28357100 169007 2.7 78 29 1 6 14% 123 418098 35234 20%
c - 7964.12 186 74 121 1220 767951 1 28392016 168554 2.7 79 30 1 6 13% 123 418098 35234 20%
c u 7972.34 190 75 121 1220 767952 1 28414403 187850 2.7 80 30 1 6 14% 123 418098 35234 20%
c v 7972.58 190 75 121 1220 767952 1 28414403 184984 2.7 80 30 1 6 14% 123 418098 35234 20%
c w 7989.29 196 75 121 1220 767952 1 28414403 183224 2.7 80 30 1 6 14% 123 418098 35234 20%
c - 7992.80 196 75 121 1221 767952 1 28426945 162677 2.7 81 30 1 6 14% 123 418098 35234 20%
c - 8000.93 197 75 121 1222 767952 1 28461888 163740 2.6 83 32 1 6 14% 123 418098 35234 20%
c - 8009.67 197 75 121 1223 767966 1 28496847 164757 2.7 82 31 1 6 14% 123 418098 35234 20%
c - 8018.75 198 75 121 1224 767982 1 28531819 165939 2.7 80 30 1 6 14% 123 418098 35234 20%
c - 8028.56 199 76 121 1225 767990 1 28566807 166209 2.9 83 29 1 6 14% 123 418098 35234 20%
c - 8037.77 178 75 121 1226 768007 1 28601807 165555 2.8 81 29 1 6 14% 123 418098 35234 20%
c W 8047.87 184 75 121 1226 768014 1 28627472 190995 2.8 80 29 1 6 14% 123 418098 35234 20%
c - 8050.30 186 75 121 1227 768014 1 28636821 165515 2.7 79 29 1 6 13% 123 418098 35234 20%
c - 8059.10 189 74 121 1228 768017 1 28671849 166136 2.8 78 27 1 6 14% 123 418098 35234 20%
c - 8070.02 191 73 121 1229 768033 1 28706891 166050 2.8 79 28 1 6 14% 123 418098 35234 20%
c ] 8070.62 191 73 122 1229 768035 1 28709511 168647 2.8 78 28 1 6 14% 123 418098 35234 20%
c { 8070.62 191 88 122 1229 768035 5 28709511 168647 3.3 60 18 1 2 13% 123 418098 35234 20%
c - 8080.12 195 87 122 1230 769382 5 28741949 167719 3.3 60 18 1 2 14% 123 418098 35234 20%
c - 8091.38 197 88 122 1231 771642 6 28777020 170200 3.3 59 18 1 2 13% 123 418098 35234 20%
c - 8100.99 197 88 122 1232 773329 6 28812106 171651 3.2 59 18 1 2 13% 123 418098 35234 20%
c
c  seconds     switched         rate             size/glue  tier1   binary          remaining
c           MB     reductions      conflicts           size   tier2    irredundant
c            level        restarts         redundant      glue   trail         variables
c
c - 8110.73 198 88 122 1233 774942 6 28847205 172994 3.2 58 18 1 2 13% 123 418098 35234 20%
c - 8120.54 198 87 122 1234 776704 6 28882319 173909 3.2 58 18 1 2 12% 123 418098 35234 20%
c - 8131.19 199 87 122 1235 778380 6 28917447 174688 3.2 59 18 1 2 12% 123 418098 35234 20%
c - 8142.15 191 87 122 1236 780131 6 28952590 175234 3.2 58 18 1 2 13% 123 418098 35234 20%
c - 8152.38 192 87 122 1237 782095 6 28987747 175956 3.2 58 18 1 2 13% 123 418098 35234 20%
c o 8153.30 192 87 122 1237 782305 6 28991749 179882 3.2 58 18 1 2 13% 123 418098 35234 20%
c u 8158.69 193 87 122 1237 783213 6 29005013 189815 3.2 59 18 1 2 13% 123 418098 35234 20%
c v 8158.90 193 87 122 1237 783213 6 29005013 186089 3.2 59 18 1 2 13% 123 418098 35234 20%
c w 8171.33 194 87 122 1237 783213 6 29005013 178028 3.2 59 18 1 2 13% 123 418098 35234 20%
c - 8175.94 194 87 122 1238 783759 6 29022919 165514 3.2 59 18 1 2 13% 123 418098 35234 20%
c - 8185.25 195 88 122 1239 785279 6 29058105 169005 3.2 59 18 1 2 13% 123 418098 35234 20%
c - 8194.96 195 88 122 1240 787209 6 29093304 171263 3.2 58 18 1 2 13% 123 418098 35234 20%
c - 8204.74 196 89 122 1241 788953 6 29128517 173050 3.2 58 18 1 2 13% 123 418098 35234 20%
c - 8213.79 196 87 122 1242 790463 6 29163745 174062 3.3 59 18 1 2 13% 123 418098 35234 20%
c - 8223.61 197 87 122 1243 792744 6 29198987 175295 3.2 58 18 1 2 12% 123 418098 35234 20%
c - 8233.76 197 87 122 1244 794119 6 29234244 176461 3.2 59 18 1 2 13% 123 418098 35234 20%
c - 8244.68 197 87 122 1245 796136 6 29269514 177205 3.2 59 18 1 2 13% 123 418098 35234 20%
c - 8254.19 198 87 122 1246 797916 6 29304798 178058 3.2 59 18 1 2 13% 123 418098 35234 20%
c - 8263.58 198 87 122 1247 799484 6 29340096 179104 3.2 58 18 1 2 12% 123 418098 35234 20%
c - 8273.33 198 88 122 1248 801084 6 29375410 180077 3.2 58 18 1 2 13% 123 418098 35234 20%
c
c  seconds     switched         rate             size/glue  tier1   binary          remaining
c           MB     reductions      conflicts           size   tier2    irredundant
c            level        restarts         redundant      glue   trail         variables
c
c - 8284.86 198 88 122 1249 803079 6 29410738 180998 3.2 59 18 1 2 13% 123 418098 35234 20%
c } 8286.24 198 87 123 1249 803383 6 29416492 186644 3.2 59 18 1 2 13% 123 418098 35234 20%
c [ 8286.24 198 73 123 1249 803383 1 29416492 186644 2.8 78 28 1 6 14% 123 418098 35234 20%
c O 8286.24 198 73 123 1249 803383 1 29416492 186644 2.8 78 28 1 6 14% 123 418098 35234 20%
c - 8296.41 199 73 123 1250 803397 1 29446081 179431 2.7 80 29 1 6 14% 123 418098 35234 20%
c - 8304.53 199 74 123 1251 803412 1 29481437 175492 2.8 79 28 1 6 14% 123 418098 35234 20%
c - 8312.83 179 75 123 1252 803425 1 29516807 173409 2.7 78 29 1 6 13% 123 418098 35234 20%
c - 8321.27 186 76 123 1253 803441 1 29552190 173445 2.7 78 29 1 6 13% 123 418098 35234 20%
c - 8331.02 189 75 123 1254 803445 1 29587588 174001 2.8 79 28 1 6 14% 123 418098 35234 20%
c u 8336.50 191 75 123 1254 803445 1 29602227 184721 2.8 79 28 1 6 14% 123 418098 35234 20%
c v 8336.72 191 75 123 1254 803445 1 29602227 181348 2.8 79 28 1 6 14% 123 418098 35234 20%
c w 8346.35 195 75 123 1254 803445 1 29602227 176454 2.8 79 28 1 6 14% 123 418098 35234 20%
c x 8347.49 201 75 123 1254 803445 1 29602227 176454 2.8 79 28 1 6 14% 123 418085 35234 20%
c - 8354.20 187 75 123 1255 803452 1 29623000 165097 2.8 80 28 1 6 14% 123 418085 35234 20%
c - 8363.73 190 74 123 1256 803467 1 29658426 167300 2.8 79 29 1 6 14% 123 418085 35234 20%
c - 8373.48 191 74 123 1257 803476 1 29693867 168236 2.8 80 28 1 6 14% 123 418085 35234 20%
c - 8383.03 192 74 123 1258 803491 1 29729322 168945 2.8 79 28 1 6 14% 123 418085 35234 20%
c - 8393.57 194 74 123 1259 803507 1 29764790 169111 2.7 79 29 1 6 13% 123 418085 35234 20%
c - 8406.08 195 74 123 1260 803508 1 29800273 169333 2.6 81 30 1 6 14% 123 418085 35234 20%
c - 8418.87 196 74 123 1261 803509 1 29835769 169410 2.6 84 32 1 6 14% 123 418085 35234 20%
c
c  seconds     switched         rate             size/glue  tier1   binary          remaining
c           MB     reductions      conflicts           size   tier2    irredundant
c            level        restarts         redundant      glue   trail         variables
c
c - 8434.59 199 74 123 1262 803509 1 29871280 170188 2.8 90 33 1 6 15% 123 418085 35234 20%
c o 8437.31 199 74 123 1262 803513 1 29881713 180562 2.8 90 32 1 6 15% 123 418085 35234 20%
c - 8444.57 200 74 123 1263 803524 1 29906805 170774 2.8 89 32 1 6 14% 123 418085 35234 20%
c - 8454.65 201 74 123 1264 803539 1 29942344 170355 2.8 88 31 1 6 14% 123 418085 35234 20%
c - 8465.30 184 74 123 1265 803552 1 29977897 170064 2.8 88 31 1 6 14% 123 418085 35234 20%
c - 8473.73 186 74 123 1266 803568 1 30013465 169971 2.8 84 30 1 6 13% 123 418085 35234 20%
c - 8483.51 189 73 123 1267 803572 1 30049045 169016 2.7 83 30 1 6 13% 123 418085 35234 20%
c B 8486.05 189 73 123 1267 803572 1 30057222 177152 2.7 83 30 1 6 14% 123 418085 35234 20%
c ] 8493.61 190 74 124 1267 803576 1 30080006 199887 2.8 86 31 1 6 14% 123 418085 35234 20%
c { 8493.61 190 87 124 1267 803576 6 30080006 199887 3.2 59 18 1 2 13% 123 418085 35234 20%
c - 8494.77 194 87 124 1268 803745 6 30084640 168655 3.2 59 18 1 2 13% 123 418085 35234 20%
c - 8506.08 198 89 124 1269 805305 6 30120248 171301 3.2 59 18 1 2 13% 123 418085 35234 20%
c - 8516.84 199 88 124 1270 806970 6 30155871 174087 3.2 59 18 1 2 13% 123 418085 35234 20%
c - 8527.30 200 87 124 1271 808871 6 30191511 175289 3.3 60 18 1 2 13% 123 418085 35234 20%
c u 8532.75 200 87 124 1271 809566 6 30206044 187371 3.3 60 18 1 2 13% 123 418085 35234 20%
c v 8532.99 200 87 124 1271 809566 6 30206044 184656 3.3 60 18 1 2 13% 123 418085 35234 20%
c w 8544.61 201 87 124 1271 809566 6 30206044 177354 3.3 60 18 1 2 13% 123 418085 35234 20%
c - 8550.04 191 87 124 1272 810297 6 30227163 167664 3.3 60 18 1 2 13% 123 418085 35234 20%
c - 8559.33 193 87 124 1273 811716 5 30262828 170795 3.3 59 18 1 2 13% 123 418085 35234 20%
c - 8569.83 194 87 124 1274 813548 6 30298507 172922 3.3 59 18 1 2 13% 123 418085 35234 20%
c
c  seconds     switched         rate             size/glue  tier1   binary          remaining
c           MB     reductions      conflicts           size   tier2    irredundant
c            level        restarts         redundant      glue   trail         variables
c
c - 8579.06 195 88 124 1275 815488 6 30334200 174516 3.2 59 18 1 2 13% 123 418085 35234 20%
c - 8588.20 196 85 124 1276 817107 6 30369910 175350 3.3 60 18 1 2 13% 123 418085 35234 20%
c - 8599.56 197 86 124 1277 818757 6 30405631 176034 3.3 60 18 1 2 13% 123 418085 35234 20%
c - 8610.31 197 86 124 1278 820740 6 30441367 176989 3.3 59 18 1 2 13% 123 418085 35234 20%
c - 8619.83 198 88 124 1279 822110 6 30477116 177951 3.3 59 18 1 2 13% 123 418085 35234 20%
c - 8630.61 198 87 124 1280 823709 6 30512879 178968 3.3 59 18 1 2 13% 123 418085 35234 20%
c - 8641.81 198 88 124 1281 825801 6 30548657 179754 3.2 59 18 1 2 13% 123 418085 35234 20%
c e 8648.92 172 88 124 1281 826950 6 30572342 203090 3.2 58 18 1 2 12% 123 418074 35217 20%
c s 8648.93 172 88 124 1281 826950 6 30572342 203090 3.2 58 18 1 2 12% 123 418063 35217 20%
c - 8651.76 191 87 124 1282 827318 6 30584449 180390 3.2 59 18 1 2 12% 123 418063 35217 20%
c - 8662.22 195 87 124 1283 829055 6 30620256 181292 3.2 59 18 1 2 13% 123 418063 35217 20%
c o 8672.87 197 88 124 1283 830558 6 30651719 212276 3.2 59 18 1 2 13% 123 418063 35217 20%
c - 8674.51 197 88 124 1284 830924 6 30656075 182497 3.2 59 18 1 2 13% 123 418063 35217 20%
c - 8686.61 198 88 124 1285 833017 6 30691908 183697 3.2 58 18 1 2 13% 123 418063 35217 20%
c - 8697.88 198 88 124 1286 835023 6 30727755 184579 3.2 58 18 1 2 13% 123 418063 35217 20%
c - 8710.52 199 88 124 1287 837163 6 30763617 185541 3.1 58 19 1 2 13% 123 418063 35217 20%
c - 8722.55 199 87 124 1288 838886 6 30799492 186134 3.2 59 19 1 2 13% 123 418063 35217 20%
c } 8724.30 199 86 125 1288 838914 6 30808221 194830 3.2 59 18 1 2 13% 123 418063 35217 20%
c [ 8724.30 199 74 125 1288 838914 1 30808221 194830 2.8 86 31 1 6 14% 123 418063 35217 20%
c W 8724.97 186 74 125 1288 838914 1 30808221 194830 2.8 86 31 1 6 14% 123 418063 35217 20%
c
c  seconds     switched         rate             size/glue  tier1   binary          remaining
c           MB     reductions      conflicts           size   tier2    irredundant
c            level        restarts         redundant      glue   trail         variables
c
c u 8729.34 192 75 125 1288 838920 1 30816493 198400 2.7 85 31 1 6 13% 123 418063 35217 20%
c v 8729.70 193 75 125 1288 838920 1 30816493 192761 2.7 85 31 1 6 13% 123 418063 35217 20%
c w 8743.33 196 75 125 1288 838920 1 30816493 184717 2.7 85 31 1 6 13% 123 418063 35217 20%
c - 8749.64 196 76 125 1289 838928 1 30835382 171380 2.8 85 30 1 6 14% 123 418063 35217 20%
c - 8759.55 197 76 125 1290 838943 1 30871285 171605 2.8 84 30 1 6 14% 123 418063 35217 20%
c - 8769.60 199 77 125 1291 838955 1 30907201 171661 3.0 83 28 1 6 15% 123 418063 35217 20%
c - 8781.21 200 77 125 1292 838972 1 30943133 172667 2.9 82 28 1 6 15% 123 418063 35217 20%
c - 8791.19 200 77 125 1293 838976 1 30979077 173176 3.0 82 27 1 6 15% 123 418063 35217 20%
c - 8801.60 185 76 125 1294 838983 1 31015036 173306 3.0 85 28 1 6 15% 123 418063 35217 20%
c - 8811.06 186 76 125 1295 838998 1 31051008 173761 2.9 83 29 1 6 15% 123 418063 35217 20%
c - 8824.77 190 77 125 1296 839007 1 31086995 173760 2.9 85 30 1 6 15% 123 418063 35217 20%
c - 8833.81 191 76 125 1297 839024 1 31122996 172597 2.8 83 30 1 6 14% 123 418063 35217 20%
c - 8846.18 194 76 125 1298 839038 1 31159009 172634 2.8 83 29 1 6 15% 123 418063 35217 20%
c - 8856.98 195 76 125 1299 839039 1 31195038 172473 2.8 84 30 1 6 15% 123 418063 35217 20%
c - 8867.84 196 76 125 1300 839040 1 31231080 171086 2.7 85 32 1 6 14% 123 418063 35217 20%
c - 8877.78 197 75 125 1301 839040 1 31267138 171219 2.6 84 32 1 6 14% 123 418063 35217 20%
c - 8888.99 198 76 125 1302 839056 1 31303208 172721 2.7 84 31 1 6 14% 123 418063 35217 20%
c - 8900.47 198 77 125 1303 839071 1 31339291 173496 2.8 83 30 1 6 15% 123 418063 35217 20%
c - 8913.22 199 77 125 1304 839085 1 31375389 174289 2.8 82 29 1 6 15% 123 418063 35217 20%
c - 8925.20 199 77 125 1305 839101 1 31411500 174505 2.8 82 30 1 6 15% 123 418063 35217 20%
c
c  seconds     switched         rate             size/glue  tier1   binary          remaining
c           MB     reductions      conflicts           size   tier2    irredundant
c            level        restarts         redundant      glue   trail         variables
c
c u 8932.05 199 76 125 1305 839102 1 31433545 194404 2.8 81 29 1 6 15% 123 418063 35217 20%
c v 8932.28 199 76 125 1305 839102 1 31433545 192227 2.8 81 29 1 6 15% 123 418063 35217 20%
c w 8947.28 205 76 125 1305 839102 1 31433545 185742 2.8 81 29 1 6 15% 123 418063 35217 20%
c o 8947.39 205 76 125 1305 839102 1 31433545 185742 2.8 81 29 1 6 15% 123 418063 35217 20%
c - 8952.86 185 77 125 1306 839103 1 31447624 167527 2.9 81 28 1 6 16% 123 418063 35217 20%
c I 8961.60 187 77 125 1306 839109 1 31473488 193205 3.0 81 27 1 6 17% 123 418063 35217 20%
c - 8964.93 188 77 125 1307 839114 1 31483762 169361 3.0 82 27 1 6 17% 123 418063 35217 20%
c ] 8969.51 189 77 126 1307 839118 1 31498379 183864 3.0 83 27 1 6 17% 123 418063 35217 20%
c { 8969.51 189 86 126 1307 839118 6 31498379 183864 3.2 59 18 1 2 13% 123 418063 35217 20%
c - 8975.78 194 86 126 1308 840019 6 31519915 171915 3.3 60 18 1 2 13% 123 418063 35217 20%
c - 8987.46 196 87 126 1309 841316 5 31556081 174433 3.4 60 18 1 2 14% 123 418063 35217 20%
c - 8997.99 197 88 126 1310 843256 6 31592263 176299 3.3 60 18 1 2 13% 123 418063 35217 20%
c - 9009.81 198 88 126 1311 845230 6 31628456 177685 3.2 60 18 1 2 13% 123 418063 35217 20%
c - 9020.96 198 89 126 1312 846499 5 31664663 179063 3.3 60 18 1 2 13% 123 418063 35217 20%
c - 9031.58 199 88 126 1313 847990 5 31700885 179851 3.3 60 18 1 2 14% 123 418063 35217 20%
c - 9043.06 199 88 126 1314 850440 6 31737120 180383 3.2 60 18 1 2 13% 123 418063 35217 20%
c - 9054.37 199 88 126 1315 851520 5 31773370 181298 3.3 61 18 1 2 14% 123 418063 35217 20%
c - 9065.45 200 88 126 1316 853299 5 31809634 181949 3.3 60 18 1 2 13% 123 418063 35217 20%
c - 9074.77 200 86 126 1317 854634 5 31845911 182265 3.4 60 18 1 2 13% 123 418063 35217 20%
c - 9086.16 200 86 126 1318 856699 5 31882203 182398 3.3 59 18 1 2 13% 123 418063 35217 20%
c
c  seconds     switched         rate             size/glue  tier1   binary          remaining
c           MB     reductions      conflicts           size   tier2    irredundant
c            level        restarts         redundant      glue   trail         variables
c
c - 9097.61 200 86 126 1319 858610 6 31918508 183088 3.2 59 18 1 2 13% 123 418063 35217 20%
c - 9108.94 201 86 126 1320 860382 6 31954826 184025 3.2 59 18 1 2 13% 123 418063 35217 20%
c - 9120.28 201 87 126 1321 862165 6 31991160 184999 3.2 59 18 1 2 13% 123 418063 35217 20%
c - 9131.00 201 87 126 1322 863770 6 32027506 186229 3.3 59 18 1 2 13% 123 418063 35217 20%
c u 9141.49 201 86 126 1322 864946 5 32057251 211283 3.3 59 18 1 2 13% 123 418063 35217 20%
c v 9141.89 201 86 126 1322 864946 5 32057251 206274 3.3 59 18 1 2 13% 123 418063 35217 20%
c w 9161.79 203 86 126 1322 864946 5 32057251 204427 3.3 59 18 1 2 13% 123 418063 35217 20%
c - 9163.72 189 86 126 1323 865221 5 32063865 178070 3.3 59 18 1 2 13% 123 418063 35217 20%
c - 9175.99 195 88 126 1324 867197 6 32100238 180078 3.2 59 18 1 2 13% 123 418063 35217 20%
c - 9187.81 196 87 126 1325 869156 6 32136626 181808 3.3 59 18 1 2 13% 123 418063 35217 20%
c - 9199.20 197 87 126 1326 870692 6 32173027 183211 3.3 60 18 1 2 13% 123 418063 35217 20%
c - 9210.41 197 88 126 1327 872669 6 32209442 184526 3.3 59 18 1 2 13% 123 418063 35217 20%
c o 9214.60 197 87 126 1327 873291 6 32225924 200822 3.3 59 18 1 2 13% 123 418063 35217 20%
c - 9221.41 198 88 126 1328 874510 6 32245871 185857 3.2 58 18 1 2 13% 123 418063 35217 20%
c } 9222.21 198 88 127 1328 874695 6 32248099 188051 3.2 58 18 1 2 13% 123 418063 35217 20%
c [ 9222.21 198 77 127 1328 874695 1 32248099 188051 3.0 83 27 1 6 17% 123 418063 35217 20%
c B 9222.21 198 77 127 1328 874695 1 32248099 188051 3.0 83 27 1 6 17% 123 418063 35217 20%
c - 9232.25 198 77 127 1329 874711 1 32282314 184251 2.9 82 29 1 6 15% 123 418063 35217 20%
c - 9242.56 199 77 127 1330 874725 1 32318769 179553 2.7 81 30 1 6 14% 123 418063 35217 20%
c - 9253.30 200 77 127 1331 874740 1 32355239 177510 2.7 82 31 1 6 14% 123 418063 35217 20%
c
c  seconds     switched         rate             size/glue  tier1   binary          remaining
c           MB     reductions      conflicts           size   tier2    irredundant
c            level        restarts         redundant      glue   trail         variables
c
c - 9265.37 200 77 127 1332 874755 1 32391721 177476 2.7 82 31 1 6 14% 123 418063 35217 20%
c - 9275.32 201 76 127 1333 874757 1 32428217 177552 2.7 83 30 1 6 14% 123 418063 35217 20%
c - 9285.97 184 77 127 1334 874770 1 32464727 176807 2.8 86 31 1 6 14% 123 418063 35217 20%
c - 9296.65 189 76 127 1335 874786 1 32501251 176907 2.8 85 31 1 6 13% 123 418063 35217 20%
c - 9307.17 190 76 127 1336 874795 1 32537789 175898 2.6 84 32 1 6 13% 123 418063 35217 20%
c - 9317.19 193 76 127 1337 874812 1 32574342 175946 2.6 82 31 1 6 13% 123 418063 35217 20%
c - 9326.15 194 75 127 1338 874820 1 32610910 176414 2.6 82 31 1 6 13% 123 418063 35217 20%
c - 9337.59 196 74 127 1339 874821 1 32647488 175679 2.6 81 31 1 6 13% 123 418063 35217 20%
c - 9348.83 197 73 127 1340 874821 1 32684080 176341 2.7 84 32 1 6 13% 123 418063 35217 20%
c u 9352.04 197 73 127 1340 874821 1 32687589 177061 2.7 84 31 1 6 13% 123 418063 35217 20%
c v 9352.28 197 73 127 1340 874821 1 32687589 174512 2.7 84 31 1 6 13% 123 418063 35217 20%
c w 9355.07 198 73 127 1340 874821 1 32687589 171568 2.7 84 31 1 6 13% 123 418063 35217 20%
c - 9367.83 200 73 127 1341 874828 1 32720688 170742 2.8 87 31 1 6 13% 123 418063 35217 20%
c - 9381.44 201 73 127 1342 874846 1 32757307 171427 2.7 87 32 1 6 13% 123 418063 35217 20%
c - 9392.16 187 74 127 1343 874855 1 32793943 172146 2.7 87 32 1 6 13% 123 418063 35217 20%
c - 9401.34 188 74 127 1344 874873 1 32830590 172766 2.7 85 32 1 6 13% 123 418063 35217 20%
c - 9411.84 189 74 127 1345 874883 1 32867252 172420 2.6 82 31 1 6 13% 123 418063 35217 20%
c - 9425.51 190 75 127 1346 874884 1 32903927 172429 2.7 83 31 1 6 14% 123 418063 35217 20%
c W 9437.44 186 75 127 1346 874899 1 32938223 206423 2.7 82 30 1 6 14% 123 418063 35217 20%
c - 9438.30 189 75 127 1347 874901 1 32940615 172550 2.7 82 30 1 6 14% 123 418063 35217 20%
c
c  seconds     switched         rate             size/glue  tier1   binary          remaining
c           MB     reductions      conflicts           size   tier2    irredundant
c            level        restarts         redundant      glue   trail         variables
c
c ] 9441.85 189 75 128 1347 874908 1 32953730 185589 2.7 82 30 1 6 13% 123 418063 35217 20%
c { 9441.85 189 88 128 1347 874908 6 32953730 185589 3.2 58 18 1 2 13% 123 418063 35217 20%
c - 9448.58 196 87 128 1348 875773 6 32977317 174663 3.2 58 18 1 2 13% 123 418063 35217 20%
c - 9458.99 198 87 128 1349 877521 6 33014032 177401 3.2 58 18 1 2 13% 123 418063 35217 20%
c o 9462.62 198 87 128 1349 878154 6 33027616 190796 3.3 58 18 1 2 13% 123 418063 35217 20%
c - 9468.62 199 88 128 1350 879685 6 33050760 179483 3.2 58 18 1 2 12% 123 418063 35217 20%
c - 9479.58 200 88 128 1351 881443 6 33087503 180895 3.2 58 18 1 2 13% 123 418063 35217 20%
c - 9490.01 200 88 128 1352 883185 6 33124259 181930 3.2 59 18 1 2 13% 123 418063 35217 20%
c - 9500.79 200 86 128 1353 885011 6 33161028 182651 3.3 59 18 1 2 13% 123 418063 35217 20%
c - 9511.88 201 87 128 1354 886709 6 33197812 183449 3.2 59 18 1 2 13% 123 418063 35217 20%
c - 9522.17 201 86 128 1355 888552 6 33234609 184164 3.3 59 18 1 2 13% 123 418063 35217 20%
c - 9533.01 193 87 128 1356 890743 6 33271420 184786 3.2 59 18 1 2 13% 123 418063 35217 20%
c - 9544.36 195 86 128 1357 892209 6 33308244 185505 3.3 60 18 1 2 13% 123 418063 35217 20%
c u 9550.55 195 86 128 1357 893340 6 33324584 198088 3.3 60 18 1 2 13% 123 418063 35217 20%
c v 9550.84 195 86 128 1357 893340 6 33324584 194091 3.3 60 18 1 2 13% 123 418063 35217 20%
c w 9562.88 196 86 128 1357 893340 6 33324584 185820 3.3 60 18 1 2 13% 123 418063 35217 20%
c - 9569.03 197 87 128 1358 894394 6 33345083 174387 3.2 59 18 1 2 13% 123 418063 35217 20%
c - 9579.21 197 87 128 1359 895509 5 33381934 177593 3.4 60 18 1 2 13% 123 418063 35217 20%
c - 9589.45 198 87 128 1360 897629 6 33418799 179764 3.3 59 18 1 2 13% 123 418063 35217 20%
c - 9600.53 198 87 128 1361 899785 6 33455678 181436 3.2 59 18 1 2 13% 123 418063 35217 20%
c
c  seconds     switched         rate             size/glue  tier1   binary          remaining
c           MB     reductions      conflicts           size   tier2    irredundant
c            level        restarts         redundant      glue   trail         variables
c
c - 9611.61 199 86 128 1362 901800 6 33492572 183503 3.2 58 18 1 2 13% 123 418063 35217 20%
c - 9622.01 199 86 128 1363 903160 6 33529477 184971 3.2 58 18 1 2 13% 123 418063 35217 20%
c - 9633.60 199 87 128 1364 904731 5 33566395 185947 3.3 59 18 1 2 13% 123 418063 35217 20%
c - 9645.78 200 87 128 1365 906635 6 33603329 186840 3.3 59 18 1 2 13% 123 418063 35217 20%
c - 9656.90 200 87 128 1366 908772 6 33640276 187305 3.2 59 18 1 2 13% 123 418063 35217 20%
c - 9669.12 200 87 128 1367 910494 6 33677235 187996 3.3 59 18 1 2 13% 123 418063 35217 20%
c - 9681.27 201 87 128 1368 912579 6 33714207 189204 3.2 59 18 1 2 13% 123 418063 35217 20%
c } 9684.15 201 86 129 1368 912844 6 33725225 200167 3.3 60 18 1 2 13% 123 418063 35217 20%
c [ 9684.15 201 75 129 1368 912844 1 33725225 200167 2.7 82 30 1 6 13% 123 418063 35217 20%
c O 9684.15 201 75 129 1368 912844 1 33725225 200167 2.7 82 30 1 6 13% 123 418063 35217 20%
c - 9692.86 201 75 129 1369 912858 1 33751194 188453 2.7 82 30 1 6 14% 123 418063 35217 20%
c - 9704.09 201 75 129 1370 912873 1 33788194 184755 2.7 82 31 1 6 13% 123 418063 35217 20%
c - 9714.37 187 76 129 1371 912886 1 33825207 182746 2.6 82 31 1 6 13% 123 418063 35217 20%
c o 9720.82 188 75 129 1371 912894 1 33845690 203026 2.6 82 32 1 6 13% 123 418063 35217 20%
c - 9725.78 191 75 129 1372 912903 1 33862235 182351 2.6 82 31 1 6 13% 123 418063 35217 20%
c - 9738.12 193 75 129 1373 912906 1 33899276 182022 2.7 84 31 1 6 14% 123 418063 35217 20%
c - 9749.74 195 76 129 1374 912915 1 33936331 180643 2.8 83 30 1 6 14% 123 418063 35217 20%
c u 9761.69 196 76 129 1374 912929 1 33968264 208518 2.7 82 30 1 6 14% 123 418063 35217 20%
c v 9761.99 196 76 129 1374 912929 1 33968264 204855 2.7 82 30 1 6 14% 123 418063 35217 20%
c w 9782.23 202 76 129 1374 912929 1 33968264 203881 2.7 82 30 1 6 14% 123 418063 35217 20%
c
c  seconds     switched         rate             size/glue  tier1   binary          remaining
c           MB     reductions      conflicts           size   tier2    irredundant
c            level        restarts         redundant      glue   trail         variables
c
c - 9783.81 180 76 129 1375 912933 1 33973400 174359 2.7 81 30 1 6 13% 123 418063 35217 20%
c - 9793.07 187 76 129 1376 912942 1 34010481 175481 2.6 81 31 1 6 13% 123 418063 35217 20%
c - 9805.56 189 75 129 1377 912959 1 34047577 176719 2.7 82 31 1 6 13% 123 418063 35217 20%
c - 9819.08 190 76 129 1378 912968 1 34084685 177494 2.6 82 32 1 6 13% 123 418063 35217 20%
c - 9829.94 192 75 129 1379 912970 1 34121806 177197 2.6 82 32 1 6 13% 123 418063 35217 20%
c - 9841.61 193 75 129 1380 912970 1 34158941 176602 2.6 81 31 1 6 13% 123 418063 35217 20%
c - 9853.31 194 74 129 1381 912977 1 34196089 176852 2.7 80 30 1 6 14% 123 418063 35217 20%
c - 9864.42 194 74 129 1382 912994 1 34233250 177709 2.6 79 30 1 6 13% 123 418063 35217 20%
c - 9880.62 195 75 129 1383 913003 1 34270425 177482 2.6 80 30 1 6 14% 123 418063 35217 20%
c - 9891.69 195 75 129 1384 913021 1 34307614 177276 2.6 79 30 1 6 14% 123 418063 35217 20%
c - 9902.94 195 76 129 1385 913032 1 34344818 177054 2.6 82 31 1 6 14% 123 418063 35217 20%
c - 9915.20 196 75 129 1386 913033 1 34382035 176185 2.6 82 32 1 6 13% 123 418063 35217 20%
c - 9926.59 198 75 129 1387 913051 1 34419266 175346 2.6 83 32 1 6 13% 123 418063 35217 20%
c B 9931.94 199 75 129 1387 913062 1 34440523 196381 2.6 82 31 1 6 13% 123 418063 35217 20%
c - 9935.94 199 75 129 1388 913064 1 34456508 175426 2.6 82 31 1 6 13% 123 418063 35217 20%
c ] 9937.21 200 75 130 1388 913064 1 34459627 178522 2.6 82 31 1 6 13% 123 418063 35217 20%
c { 9937.21 200 86 130 1388 913064 6 34459627 178522 3.3 60 18 1 2 13% 123 418063 35217 20%
c - 9947.09 194 86 130 1389 913548 5 34493764 177403 3.4 60 18 1 2 13% 123 418063 35217 20%
c - 9958.02 195 86 130 1390 914471 5 34531034 180927 3.4 59 17 1 2 13% 123 418063 35217 20%
c - 9968.31 197 85 130 1391 915554 4 34568317 182971 3.4 57 17 1 2 13% 123 418063 35217 20%
c
c  seconds     switched         rate             size/glue  tier1   binary          remaining
c           MB     reductions      conflicts           size   tier2    irredundant
c            level        restarts         redundant      glue   trail         variables
c
c - 9977.78 198 84 130 1392 917110 5 34605614 184578 3.3 55 17 1 2 12% 123 418063 35217 20%
c u 9982.60 198 84 130 1392 917611 5 34618628 194778 3.3 55 17 1 2 12% 123 418063 35217 20%
c v 9982.79 198 84 130 1392 917611 5 34618628 192195 3.3 55 17 1 2 12% 123 418063 35217 20%
c w 9990.50 199 84 130 1392 917611 5 34618628 183913 3.3 55 17 1 2 12% 123 418063 35217 20%
c - 9998.26 199 85 130 1393 918537 5 34642925 176297 3.3 55 17 1 2 12% 123 418063 35217 20%
c o 10004.20 199 85 130 1393 919677 5 34665775 198172 3.2 53 17 1 2 11% 123 418063 35217 20%
c - 10008.43 199 85 130 1394 920308 5 34680249 180572 3.2 53 17 1 2 11% 123 418063 35217 20%
c - 10018.86 200 85 130 1395 922084 5 34717586 183348 3.1 52 17 1 2 11% 123 418063 35217 20%
c - 10027.95 200 84 130 1396 923496 5 34754936 185400 3.2 53 17 1 2 11% 123 418063 35217 20%
c - 10038.55 200 84 130 1397 925395 5 34792299 187089 3.1 52 17 1 2 11% 123 418063 35217 20%
c - 10049.99 201 85 130 1398 927068 5 34829675 188626 3.1 52 17 1 2 11% 123 418063 35217 20%
c - 10061.98 201 85 130 1399 929107 5 34867064 189881 3.0 51 17 1 2 11% 123 418063 35217 20%
c - 10072.13 201 85 130 1400 930733 5 34904467 191140 3.1 51 17 1 2 11% 123 418063 35217 20%
c - 10082.60 202 85 130 1401 932610 5 34941885 192328 3.0 51 17 1 2 10% 123 418063 35217 20%
c - 10093.89 202 85 130 1402 934612 6 34979314 193739 3.1 51 17 1 2 11% 123 418063 35217 20%
c - 10103.89 195 84 130 1403 936279 5 35016758 195274 3.1 52 17 1 2 11% 123 418063 35217 20%
c - 10114.57 197 84 130 1404 938479 6 35054215 196600 3.0 51 17 1 2 10% 123 418063 35217 20%
c - 10126.15 198 83 130 1405 939809 5 35091684 197530 3.2 53 17 1 2 11% 123 418063 35217 20%
c - 10137.14 199 81 130 1406 941125 5 35129167 198318 3.3 54 16 1 2 12% 123 418063 35217 20%
c - 10149.21 199 82 130 1407 943335 5 35166664 199580 3.2 53 17 1 2 12% 123 418063 35217 20%
c
c   seconds     switched         rate             size/glue  tier1   binary          remaining
c            MB     reductions      conflicts           size   tier2    irredundant
c             level        restarts         redundant      glue   trail         variables
c
c - 10161.58 200 83 130 1408 945769 6 35204174 200496 3.1 52 17 1 2 11% 123 418063 35217 20%
c - 10174.65 200 83 130 1409 948129 6 35241697 201330 3.0 52 17 1 2 11% 123 418063 35217 20%
c } 10177.84 200 83 131 1409 948351 6 35253161 212608 3.1 52 17 1 2 11% 123 418063 35217 20%
c [ 10177.84 200 75 131 1409 948351 1 35253161 212608 2.6 82 31 1 6 13% 123 418063 35217 20%
c W 10179.37 186 75 131 1409 948351 1 35253161 212608 2.6 82 31 1 6 13% 123 418063 35217 20%
c u 10188.57 194 75 131 1409 948364 1 35275676 228080 2.6 83 31 1 6 13% 123 418063 35217 20%
c v 10188.97 194 75 131 1409 948364 1 35275676 221149 2.6 83 31 1 6 13% 123 418063 35217 20%
c w 10208.19 201 75 131 1409 948364 1 35275676 219742 2.6 83 31 1 6 13% 123 418063 35217 20%
c - 10209.65 201 75 131 1410 948365 1 35279234 188415 2.6 83 31 1 6 13% 123 418063 35217 20%
c - 10223.54 202 75 131 1411 948380 1 35316784 186621 2.7 83 31 1 6 14% 123 418063 35217 20%
c - 10235.54 184 76 131 1412 948394 1 35354347 185347 2.7 83 30 1 6 14% 123 418063 35217 20%
c - 10249.55 190 77 131 1413 948410 1 35391923 184734 2.7 84 31 1 6 15% 123 418063 35217 20%
c - 10265.60 192 77 131 1414 948413 1 35429514 184424 2.7 84 31 1 6 15% 123 418063 35217 20%
c - 10278.58 193 76 131 1415 948423 1 35467117 184111 2.7 84 31 1 6 15% 123 418063 35217 20%
c o 10286.51 193 75 131 1415 948436 1 35495959 212743 2.7 82 31 1 6 15% 123 418063 35217 20%
c - 10288.65 194 75 131 1416 948442 1 35504733 184572 2.7 81 31 1 6 14% 123 418063 35217 20%
c - 10299.35 196 76 131 1417 948451 1 35542364 185016 2.7 81 30 1 6 15% 123 418063 35217 20%
c - 10309.89 197 76 131 1418 948468 1 35580008 184880 2.7 80 30 1 6 14% 123 418063 35217 20%
c - 10319.73 198 75 131 1419 948476 1 35617664 184714 2.7 79 30 1 6 14% 123 418063 35217 20%
c - 10333.47 201 78 131 1420 948477 1 35655333 184107 2.6 85 33 1 6 14% 123 418063 35217 20%
c
c   seconds     switched         rate             size/glue  tier1   binary          remaining
c            MB     reductions      conflicts           size   tier2    irredundant
c             level        restarts         redundant      glue   trail         variables
c
c - 10345.35 202 76 131 1421 948477 1 35693017 182980 2.4 86 35 1 6 13% 123 418063 35217 20%
c - 10355.55 188 76 131 1422 948488 1 35730714 183512 2.5 85 35 1 6 13% 123 418063 35217 20%
c - 10365.71 190 75 131 1423 948506 1 35768424 184176 2.4 81 33 1 6 12% 123 418063 35217 20%
c - 10375.35 191 75 131 1424 948515 1 35806146 183120 2.5 80 32 1 6 12% 123 418063 35217 20%
c - 10385.30 192 74 131 1425 948533 1 35843881 183184 2.5 79 32 1 6 12% 123 418063 35217 20%
c - 10396.64 194 75 131 1426 948540 1 35881630 184028 2.5 80 32 1 6 13% 123 418063 35217 20%
c - 10411.67 195 75 131 1427 948546 1 35919395 184576 2.6 82 31 1 6 14% 123 418063 35217 20%
c u 10418.74 197 75 131 1427 948555 1 35939409 202233 2.7 82 31 1 6 14% 123 418063 35217 20%
c v 10418.93 197 75 131 1427 948555 1 35939409 200482 2.7 82 31 1 6 14% 123 418063 35217 20%
c w 10434.10 200 75 131 1427 948555 1 35939409 194314 2.7 82 31 1 6 14% 123 418063 35217 20%
c - 10459.28 202 75 131 1428 948563 1 35957170 177995 2.7 81 31 1 6 13% 123 418063 35217 20%
c I 10468.84 186 75 131 1428 948571 1 35993943 214462 2.6 80 31 1 6 13% 123 418063 35217 20%
c - 10469.55 189 75 131 1429 948572 1 35994958 178611 2.6 80 31 1 6 13% 123 418063 35217 20%
c ] 10477.94 190 77 132 1429 948585 1 36018833 202230 2.7 81 30 1 6 14% 123 418063 35217 20%
c { 10477.94 190 83 132 1429 948585 6 36018833 202230 3.1 52 17 1 2 11% 123 418063 35217 20%
c - 10482.61 195 84 132 1430 949862 6 36032760 180759 3.1 52 17 1 2 11% 123 418063 35217 20%
c - 10494.23 197 85 132 1431 952553 7 36070575 184786 3.1 54 18 1 2 11% 123 418063 35217 20%
c - 10507.91 198 86 132 1432 954944 7 36108403 187575 3.0 54 18 1 2 12% 123 418063 35217 20%
c - 10519.73 199 87 132 1433 956829 6 36146244 189417 3.1 56 18 1 2 12% 123 418063 35217 20%
c - 10531.34 200 87 132 1434 958927 6 36184100 190512 3.1 56 18 1 2 12% 123 418063 35217 20%
c
c   seconds     switched         rate             size/glue  tier1   binary          remaining
c            MB     reductions      conflicts           size   tier2    irredundant
c             level        restarts         redundant      glue   trail         variables
c
c - 10543.00 201 87 132 1435 960897 6 36221970 191013 3.1 57 18 1 2 12% 123 418063 35217 20%
c - 10554.36 201 86 132 1436 962652 6 36259852 191892 3.2 57 18 1 2 13% 123 418063 35217 20%
c - 10567.76 201 87 132 1437 964999 6 36297748 192674 3.2 58 18 1 2 13% 123 418063 35217 20%
c - 10580.30 202 86 132 1438 966785 6 36335656 193226 3.2 58 18 1 2 13% 123 418063 35217 20%
c o 10580.42 202 86 132 1438 966837 6 36335960 193528 3.2 58 18 1 2 13% 123 418063 35217 20%
c - 10591.47 202 86 132 1439 968681 6 36373576 193881 3.2 58 18 1 2 13% 123 418063 35217 20%
c - 10603.32 195 86 132 1440 970684 6 36411513 194275 3.2 59 18 1 2 13% 123 418063 35217 20%
c - 10616.24 196 87 132 1441 972348 6 36449461 195416 3.2 59 18 1 2 13% 123 418063 35217 20%
c - 10627.73 197 87 132 1442 974611 6 36487421 196647 3.2 59 18 1 2 13% 123 418063 35217 20%
c - 10638.39 198 87 132 1443 976360 6 36525394 197646 3.2 59 18 1 2 13% 123 418063 35217 20%
c - 10649.37 198 87 132 1444 978522 6 36563381 198723 3.2 59 18 1 2 12% 123 418063 35217 20%
c - 10662.07 199 86 132 1445 980406 6 36601382 199682 3.2 59 18 1 2 13% 123 418063 35217 20%
c u 10665.76 191 86 132 1445 980719 6 36609854 203507 3.2 59 18 1 2 13% 123 418063 35217 20%
c v 10666.09 191 86 132 1445 980719 6 36609854 198074 3.2 59 18 1 2 13% 123 418063 35217 20%
c w 10671.57 193 86 132 1445 980719 6 36609854 190621 3.2 59 18 1 2 13% 123 418063 35217 20%
c - 10680.59 197 87 132 1446 982603 6 36639397 187226 3.2 58 18 1 2 13% 123 418063 35217 20%
c - 10691.50 198 87 132 1447 984576 6 36677423 190989 3.2 58 18 1 2 13% 123 418063 35217 20%
c - 10703.12 199 85 132 1448 986256 6 36715462 192930 3.2 59 18 1 2 13% 123 418063 35217 20%
c - 10714.60 199 85 132 1449 988213 6 36753514 194343 3.2 59 18 1 2 13% 123 418063 35217 20%
c - 10729.35 200 85 132 1450 990799 6 36791579 195435 3.2 59 19 1 2 13% 123 418063 35217 20%
c
c   seconds     switched         rate             size/glue  tier1   binary          remaining
c            MB     reductions      conflicts           size   tier2    irredundant
c             level        restarts         redundant      glue   trail         variables
c
c - 10741.11 201 86 132 1451 992230 6 36829657 196682 3.2 60 19 1 2 13% 123 418063 35217 20%
c } 10742.47 201 86 133 1451 992358 6 36834674 201605 3.2 60 18 1 2 13% 123 418063 35217 20%
c [ 10742.47 201 77 133 1451 992358 1 36834674 201605 2.7 81 30 1 6 14% 123 418063 35217 20%
c B 10742.47 201 77 133 1451 992358 1 36834674 201605 2.7 81 30 1 6 14% 123 418063 35217 20%
c - 10758.64 201 78 133 1452 992373 1 36867749 195954 2.8 84 30 1 6 15% 123 418063 35217 20%
c - 10777.04 201 78 133 1453 992388 1 36905854 192513 2.9 87 30 1 6 16% 123 418063 35217 20%
c - 10794.50 202 79 133 1454 992403 1 36943973 190656 2.9 88 31 1 6 16% 123 418063 35217 20%
c - 10812.47 185 79 133 1455 992418 1 36982104 190404 2.8 89 31 1 6 16% 123 418063 35217 20%
c - 10831.50 187 78 133 1456 992420 1 37020248 191037 3.1 91 30 1 6 17% 123 418063 35217 20%
c - 10851.35 188 79 133 1457 992435 1 37058405 191519 3.1 90 29 1 6 18% 123 418063 35217 20%
c - 10873.01 189 80 133 1458 992450 1 37096575 192406 3.1 90 29 1 6 18% 123 418063 35217 20%
c - 10887.63 190 79 133 1459 992464 1 37134759 191599 2.9 91 31 1 6 17% 123 418063 35217 20%
c - 10900.74 196 80 133 1460 992481 1 37172956 190765 2.9 88 31 1 6 16% 123 418063 35217 20%
c o 10910.19 197 79 133 1460 992483 1 37196574 214179 2.8 88 31 1 6 16% 123 418063 35217 20%
c - 10915.48 198 80 133 1461 992483 1 37211165 191373 2.8 90 32 1 6 16% 123 418063 35217 20%
c - 10930.91 200 79 133 1462 992484 1 37249389 191415 2.9 93 32 1 6 16% 123 418063 35217 20%
c u 10946.78 201 77 133 1462 992484 1 37287035 225046 3.0 95 32 1 6 16% 123 418063 35217 20%
c v 10947.08 201 77 133 1462 992484 1 37287035 221293 3.0 95 32 1 6 16% 123 418063 35217 20%
c w 10975.31 218 77 133 1462 992484 1 37287035 220245 3.0 95 32 1 6 16% 123 418063 35217 20%
c - 10975.57 182 77 133 1463 992484 1 37287626 184809 3.0 95 32 1 6 16% 123 418063 35217 20%
c
c   seconds     switched         rate             size/glue  tier1   binary          remaining
c            MB     reductions      conflicts           size   tier2    irredundant
c             level        restarts         redundant      glue   trail         variables
c
c - 10987.41 185 76 133 1464 992499 1 37325875 185730 2.8 91 32 1 6 15% 123 418063 35217 20%
c - 10998.88 190 77 133 1465 992515 1 37364138 186311 2.7 88 32 1 6 14% 123 418063 35217 20%
c - 11010.96 193 77 133 1466 992530 1 37402415 186845 2.7 86 32 1 6 14% 123 418063 35217 20%
c - 11020.99 194 78 133 1467 992545 1 37440704 187004 2.6 84 32 1 6 14% 123 418063 35217 20%
c - 11030.72 195 77 133 1468 992547 1 37479006 185046 2.6 83 32 1 6 13% 123 418063 35217 20%
c - 11040.79 196 77 133 1469 992561 1 37517320 184788 2.5 81 32 1 6 13% 123 418063 35217 20%
c - 11054.18 198 77 133 1470 992577 1 37555647 185680 2.6 82 32 1 6 12% 123 418063 35217 20%
c ] 11056.22 198 77 134 1470 992578 1 37561244 191258 2.6 82 32 1 6 13% 123 418063 35217 20%
c { 11056.22 198 86 134 1470 992578 6 37561244 191258 3.2 60 18 1 2 13% 123 418063 35217 20%
c - 11066.97 201 86 134 1471 992943 5 37593987 188696 3.3 59 18 1 2 14% 123 418063 35217 20%
c - 11079.97 202 87 134 1472 993498 5 37632341 192000 3.3 58 17 1 2 15% 123 418063 35217 20%
c - 11091.21 203 88 134 1473 994152 5 37670708 193635 3.3 56 17 1 2 15% 123 418063 35217 20%
c - 11101.60 203 86 134 1474 995097 5 37709087 194380 3.3 54 16 1 2 15% 123 418063 35217 20%
c - 11112.83 195 86 134 1475 996259 5 37747481 195412 3.2 52 16 1 2 15% 123 418063 35217 20%
c - 11124.40 197 86 134 1476 997745 6 37785886 196348 3.1 50 16 1 2 14% 123 418063 35217 20%
c - 11137.74 197 87 134 1477 999371 6 37824305 197051 3.1 50 16 1 2 14% 123 418063 35217 20%
c - 11151.39 198 87 134 1478 1001000 6 37862737 197476 3.0 49 16 1 2 14% 123 418063 35217 20%
c s 11154.68 198 87 134 1478 1001502 6 37873659 208013 3.0 49 16 1 2 14% 123 418060 35217 20%
c - 11164.52 199 87 134 1479 1002602 6 37901182 197973 3.0 48 16 1 2 14% 123 418060 35217 20%
c - 11176.99 200 87 134 1480 1004044 6 37939640 198547 3.0 48 16 1 2 14% 123 418060 35217 20%
c
c   seconds     switched          rate             size/glue  tier1   binary          remaining
c            MB     reductions       conflicts           size   tier2    irredundant
c             level        restarts          redundant      glue   trail         variables
c
c u 11188.93 200 87 134 1480 1005378 7 37970927 226324 3.0 47 16 1 2 14% 123 418060 35217 20%
c v 11189.23 200 87 134 1480 1005378 7 37970927 222199 3.0 47 16 1 2 14% 123 418060 35217 20%
c w 11209.87 202 87 134 1480 1005378 7 37970927 208869 3.0 47 16 1 2 14% 123 418060 35217 20%
c - 11212.59 202 87 134 1481 1005769 7 37978110 184994 2.9 47 16 1 2 13% 123 418060 35217 20%
c - 11225.85 202 87 134 1482 1007288 7 38016593 188653 2.9 47 16 1 2 14% 123 418060 35217 20%
c - 11236.85 203 85 134 1483 1008592 6 38055089 191992 3.0 46 16 1 2 13% 123 418060 35217 20%
c o 11237.29 203 85 134 1483 1008643 6 38056624 193492 3.0 46 16 1 2 13% 123 418060 35217 20%
c - 11252.24 203 85 134 1484 1010344 6 38093599 193618 2.9 46 16 1 2 13% 123 418060 35217 20%
c - 11265.07 203 85 134 1485 1012031 7 38132121 194512 3.0 46 16 1 2 13% 123 418060 35217 20%
c - 11276.78 195 84 134 1486 1013704 7 38170656 195931 2.9 46 16 1 2 13% 123 418060 35217 20%
c - 11290.51 196 85 134 1487 1015774 7 38209204 197220 2.9 45 16 1 2 13% 123 418060 35217 20%
c - 11304.32 197 85 134 1488 1017578 7 38247767 198021 2.9 46 16 1 2 13% 123 418060 35217 20%
c - 11317.13 198 86 134 1489 1019486 7 38286341 199079 2.9 45 16 1 2 13% 123 418060 35217 20%
c - 11330.66 198 85 134 1490 1021188 7 38324929 199773 2.9 45 16 1 2 13% 123 418060 35217 20%
c - 11343.70 199 85 134 1491 1022979 7 38363529 200134 2.9 45 16 1 2 13% 123 418060 35217 20%
c } 11354.41 200 85 135 1491 1024603 7 38399656 235471 2.8 45 16 1 2 12% 123 418060 35217 20%
c [ 11354.41 200 77 135 1491 1024603 1 38399656 235471 2.6 82 32 1 6 13% 123 418060 35217 20%
c W 11355.69 188 77 135 1491 1024603 1 38399656 235471 2.6 82 32 1 6 13% 123 418060 35217 20%
c - 11356.63 192 77 135 1492 1024605 1 38402142 200150 2.6 82 32 1 6 13% 123 418060 35217 20%
c - 11368.00 195 77 135 1493 1024623 1 38440769 197709 2.6 83 31 1 6 13% 123 418060 35217 20%
c
c   seconds     switched          rate             size/glue  tier1   binary          remaining
c            MB     reductions       conflicts           size   tier2    irredundant
c             level        restarts          redundant      glue   trail         variables
c
c - 11380.55 197 77 135 1494 1024633 1 38479409 192864 2.7 82 31 1 6 13% 123 418060 35217 20%
c - 11391.87 198 77 135 1495 1024651 1 38518061 192004 2.6 81 31 1 6 13% 123 418060 35217 20%
c - 11403.85 199 77 135 1496 1024664 1 38556727 191949 2.7 82 31 1 6 14% 123 418060 35217 20%
c - 11417.45 200 76 135 1497 1024665 1 38595407 191507 2.6 83 32 1 6 13% 123 418060 35217 20%
c - 11428.13 201 76 135 1498 1024683 1 38634098 191262 2.6 82 32 1 6 13% 123 418060 35217 20%
c u 11437.36 201 76 135 1498 1024695 1 38661557 215616 2.6 83 31 1 6 13% 123 418060 35217 20%
c v 11437.58 202 76 135 1498 1024695 1 38661557 212430 2.6 83 31 1 6 13% 123 418060 35217 20%
c w 11451.80 208 76 135 1498 1024695 1 38661557 211786 2.6 83 31 1 6 13% 123 418060 35217 20%
c x 11453.02 211 76 135 1498 1024695 1 38661557 211786 2.6 83 31 1 6 13% 123 418044 35217 20%
c - 11456.21 188 75 135 1499 1024696 1 38672803 186454 2.7 83 31 1 6 13% 123 418044 35217 20%
c - 11467.26 192 75 135 1500 1024711 1 38711519 187039 2.7 84 31 1 6 13% 123 418044 35217 20%
c - 11477.42 193 76 135 1501 1024727 1 38750248 188024 2.7 83 31 1 6 13% 123 418044 35217 20%
c - 11488.69 195 76 135 1502 1024728 1 38788990 188138 2.8 85 30 1 6 14% 123 418044 35217 20%
c - 11498.91 195 75 135 1503 1024729 1 38827745 186995 2.8 83 29 1 6 13% 123 418044 35217 20%
c - 11507.72 197 74 135 1504 1024734 1 38866513 186156 2.7 80 29 1 6 13% 123 418044 35217 20%
c - 11518.50 198 75 135 1505 1024751 1 38905294 186904 2.7 81 30 1 6 13% 123 418044 35217 20%
c o 11524.78 198 75 135 1505 1024760 1 38927095 208498 2.7 81 30 1 6 13% 123 418044 35217 20%
c - 11530.56 199 75 135 1506 1024761 1 38944089 187609 2.8 84 30 1 6 14% 123 418044 35217 20%
c - 11543.88 200 76 135 1507 1024781 1 38982897 188214 2.8 83 30 1 6 14% 123 418044 35217 20%
c - 11555.42 200 75 135 1508 1024791 1 39021719 187959 2.9 86 30 1 6 14% 123 418044 35217 20%
c
c   seconds     switched          rate             size/glue  tier1   binary          remaining
c            MB     reductions       conflicts           size   tier2    irredundant
c             level        restarts          redundant      glue   trail         variables
c
c - 11568.09 201 75 135 1509 1024794 1 39060551 188050 2.9 86 29 1 6 14% 123 418044 35217 20%
c - 11581.08 201 76 135 1510 1024813 1 39099398 188101 3.0 85 28 1 6 15% 123 418044 35217 20%
c - 11592.73 201 76 135 1511 1024823 1 39138256 186973 2.9 84 29 1 6 15% 123 418044 35217 20%
c ] 11600.25 202 75 136 1511 1024838 1 39165636 214177 2.8 83 29 1 6 14% 123 418044 35217 20%
c { 11600.25 202 85 136 1511 1024838 7 39165636 214177 2.8 45 16 1 2 12% 123 418044 35217 20%
c - 11604.25 185 84 136 1512 1026317 8 39177128 186219 2.8 45 16 1 2 12% 123 418044 35217 20%
c - 11616.61 196 86 136 1513 1030582 9 39216012 188810 2.6 46 18 1 2 11% 123 418044 35217 20%
c - 11629.96 198 86 136 1514 1032639 8 39254909 191573 2.8 51 18 1 2 12% 123 418044 35217 20%
c - 11643.10 199 86 136 1515 1034623 7 39293820 193668 3.0 54 18 1 2 12% 123 418044 35217 20%
c - 11653.39 200 87 136 1516 1036292 7 39332743 195316 3.1 57 18 1 2 12% 123 418044 35217 20%
c u 11662.60 200 87 136 1516 1037580 6 39358950 218596 3.1 57 18 1 2 12% 123 418044 35217 20%
c v 11662.80 200 87 136 1516 1037580 6 39358950 215526 3.1 57 18 1 2 12% 123 418044 35217 20%
c w 11683.65 202 87 136 1516 1037580 6 39358950 204922 3.1 57 18 1 2 12% 123 418044 35217 20%
c - 11688.20 202 87 136 1517 1038065 6 39371678 185322 3.1 58 18 1 2 12% 123 418044 35217 20%
c - 11698.81 202 87 136 1518 1039935 6 39410626 189106 3.1 58 18 1 2 12% 123 418044 35217 20%
c - 11709.69 203 87 136 1519 1041268 6 39449587 192171 3.2 59 18 1 2 13% 123 418044 35217 20%
