c ---- [ banner ] ------------------------------------------------------------
c
c Kissat SAT Solver
c 
c Copyright (c) 2021-2024 Armin Biere University of Freiburg
c Copyright (c) 2019-2021 Armin Biere Johannes Kepler University Linz
c 
c Version 4.0.4 8af8e56f174b778aef3aa45af9f739b2a5f492c2
c gcc (Ubuntu 13.3.0-6ubuntu2~24.04.1) 13.3.0 -W -Wall -O3 -DNDEBUG
c Sun Sep 27 15:50:37 +04 2026 Linux vm 6.18.44-fc-v37 x86_64
c
c ---- [ parsing ] -----------------------------------------------------------
c
c opened and reading DIMACS file:
c
c   cnf/d8_B2d4.cnf
c
c parsed 'p cnf 174552 627611' header
c closing input after reading 12551100 bytes (12 MB)
c finished parsing after 0.13 seconds
c
c ---- [ solving ] -----------------------------------------------------------
c
c seconds switched rate     size/glue tier1   binary            remaining
c        MB reductions conflicts size  tier2      irredundant
c         level restarts redundant glue  trail            variables
c
c *  0.13 49 0 0 0  0 0   0   0 0.0 0 0 0 0 0% 125136 495863 168865 97%
c (  0.16 49 0 0 0  0 0   0   0 0.0 0 0 0 0 0% 125136 495863 168865 97%
c .  0.18 49 0 0 0  0 0   0   0 0.0 0 0 0 0 0% 129470 478395 168865 97%
c c  1.28 163 0 0 0  0 0   0   0 0.0 0 0 0 0 0% 213628 311789 122313 70%
c d  1.30 163 0 0 0  0 0   0   0 0.0 0 0 0 0 0% 120220 311789 122313 70%
c =  1.37 163 0 0 0  0 0   0   0 0.0 0 0 0 0 0% 119268 311789 122285 70%
c d  1.39 163 0 0 0  0 0   0   0 0.0 0 0 0 0 0% 119212 311789 122285 70%
c )  1.40 163 0 0 0  0 0   0   0 0.0 0 0 0 0 0% 119212 311789 122285 70%
c {  1.41 163 0 0 0  0 0   0   0 0.0 0 0 2 6 0% 119212 311789 122285 70%
c -  1.58 160 97 0 1 118 10 1003 642 2.2 19 9 4 14 6% 119212 311789 122285 70%
c }  1.58 160 97 1 1 118 10 1003 642 2.2 19 9 4 14 6% 119212 311789 122285 70%
c [  1.58 160 0 1 1 118 0 1003 642 0.0 0 0 2 6 0% 119212 311789 122285 70%
c B  1.58 160 0 1 1 118 0 1003 642 0.0 0 0 2 6 0% 119212 311789 122285 70%
c -  1.60 160 134 1 2 118 1 2003 1079 2.0 11 5 4 8 4% 119212 311789 122285 70%
c W  1.65 161 134 1 2 118 1 2007 1081 2.0 11 5 4 8 4% 119212 311789 122285 70%
c u  1.92 161 99 1 2 118 1 2683 1338 1.8 12 7 5 8 4% 119212 311789 122285 70%
c v  1.93 161 99 1 2 118 1 2683 1171 1.8 12 7 5 8 4% 119212 311789 122285 70%
c w  1.95 161 99 1 2 118 1 2683 1167 1.8 12 7 5 8 4% 119212 311789 122285 70%
c x  1.96 161 99 1 2 118 1 2683 1167 1.8 12 7 5 8 4% 119212 311789 122285 70%
c =  2.00 161 99 1 2 118 1 2683 1167 1.8 12 7 5 8 4% 119266 311789 122258 70%
c
c seconds   switched  rate       size/glue tier1    binary            remaining
c         MB reductions conflicts      size  tier2      irredundant
c          level restarts   redundant    glue  trail            variables
c
c d  2.02 161 99 1 2 118 1 2683 1167 1.8 12 7 5 8 4% 119212 311789 122258 70%
c u  2.08 161 99 1 2 118 1 2683 1025 1.8 12 7 5 8 4% 119212 311789 122258 70%
c v  2.10 161 99 1 2 118 1 2683 881 1.8 12 7 5 8 4% 119212 311789 122258 70%
c w  2.12 161 99 1 2 118 1 2683 872 1.8 12 7 5 8 4% 119212 311789 122258 70%
c =  2.16 161 99 1 2 118 1 2683 872 1.8 12 7 5 8 4% 119272 311789 122228 70%
c d  2.18 161 99 1 2 118 1 2683 872 1.8 12 7 5 8 4% 119212 311789 122228 70%
c ]  2.30 161 105 2 2 119 1 3176 1288 2.2 22 10 5 8 8% 119212 311789 122228 70%
c {  2.30 161 97 2 2 119 10 3176 1288 2.2 19 9 4 14 6% 119212 311789 122228 70%
c -  2.34 161 89 2 3 140 10 3419 1161 2.2 19 9 4 14 6% 119212 311789 122228 70%
c }  2.45 161 82 3 3 173 9 4177 1700 2.2 19 8 4 14 6% 119212 311789 122228 70%
c [  2.45 161 105 3 3 173 1 4177 1700 2.2 22 10 5 8 8% 119212 311789 122228 70%
c I  2.47 161 103 3 3 173 1 4266 1785 2.3 24 10 6 14 8% 119212 311789 122228 70%
c ]  2.61 161 103 4 3 173 2 4621 2129 2.4 32 13 6 14 11% 119212 311789 122228 70%
c {  2.61 161 82 4 3 173 9 4621 2129 2.2 19 8 4 14 6% 119212 311789 122228 70%
c -  2.73 161 83 4 4 252 11 5153 2127 2.2 19 9 4 14 6% 119212 311789 122228 70%
c }  3.10 161 117 5 4 536 15 6975 3486 2.1 19 9 4 14 7% 119212 311789 122228 70%
c [  3.10 161 103 5 4 536 2 6975 3486 2.4 32 13 6 14 11% 119212 311789 122228 70%
c -  3.16 161 101 5 5 536 2 7156 3180 2.5 34 14 6 20 11% 119212 311789 122228 70%
c B  3.42 161 94 5 5 536 1 8037 4027 2.8 48 17 6 20 12% 119212 311789 122228 70%
c u  3.88 161 95 5 5 537 2 8260 3761 2.8 49 18 6 20 14% 119212 311789 122228 70%
c
c seconds   switched  rate       size/glue  tier1      binary            remaining
c         MB reductions conflicts      size   tier2        irredundant
c          level restarts   redundant     glue    trail            variables
c
c v  3.94 161 95 5 5 537 2 8260 3183 2.8 49 18 6 20 14% 119212 311789 122228 70%
c w  3.98 161 95 5 5 537 2 8260 3180 2.8 49 18 6 20 14% 119212 311789 122228 70%
c x  4.01 161 95 5 5 537 2 8260 3180 2.8 49 18 6 20 14% 119212 311789 122228 70%
c ]  4.29 161 94 6 5 537 2 8574 3489 2.9 53 18 6 27 14% 119212 311789 122228 70%
c {  4.29 161 117 6 5 537 15 8574 3489 2.1 19 9 4 14 7% 119212 311789 122228 70%
c -  4.43 161 137 6 6 662 18 9392 3514 2.1 19 9 4 15 7% 119212 311782 122228 70%
c o  4.56 161 136 6 6 848 22 10002 4010 2.0 19 9 4 15 6% 119212 311779 122228 70%
c -  4.82 161 162 6 7 1075 23 11841 5006 2.0 19 9 4 15 6% 119212 311779 122228 70%
c }  4.94 161 162 7 7 1174 22 12643 5722 2.0 19 9 4 15 6% 119212 311779 122228 70%
c [  4.94 161 94 7 7 1174 2 12643 5722 2.9 53 18 6 27 14% 119212 311779 122228 70%
c s  5.30 161 101 7 7 1174 2 13405 6479 3.2 57 18 6 27 16% 119213 311694 122228 70%
c e  5.82 190 101 7 7 1174 2 13405 6479 3.2 57 18 6 27 16% 4197 374463 56390 32%
c s  5.92 190 101 7 7 1174 2 13405 6479 3.2 57 18 6 27 16% 4197 373702 56390 32%
c e  5.96 190 101 7 7 1174 2 13405 6479 3.2 57 18 6 27 16% 4183 373658 56350 32%
c ^  5.96 190 101 7 7 1174 2 13405 6479 3.2 57 18 6 27 16% 4183 373658 56350 32%
c W  6.06 171 101 7 7 1174 2 13567 1888 3.1 57 18 6 27 16% 4183 373658 56350 32%
c -  6.22 166 98 7 8 1175 2 14487 2378 3.0 59 20 6 28 15% 4183 373658 56350 32%
c ]  6.45 166 100 8 8 1176 1 15928 3762 2.9 58 20 6 28 15% 4183 373658 56350 32%
c {  6.45 166 162 8 8 1176 22 15928 3762 2.0 19 9 4 15 6% 4183 373658 56350 32%
c u  6.64 166 156 8 8 1327 23 16922 4171 2.0 19 10 4 15 6% 4183 373658 56350 32%
c
c seconds    switched    rate        size/glue  tier1    binary          remaining
c         MB  reductions   conflicts       size   tier2     irredundant
c           level  restarts     redundant     glue   trail          variables
c
c v  6.69 166 156 8 8 1327 23 16922 3619 2.0 19 10 4 15 6% 4183 373658 56350 32%
c w  6.81 166 156 8 8 1327 23 16922 3614 2.0 19 10 4 15 6% 4183 373658 56350 32%
c f  7.14 163 156 8 8 1327 23 16922 3614 2.0 19 10 4 15 6% 4209 373618 56356 32%
c u  7.20 163 156 8 8 1327 23 16922 3572 2.0 19 10 4 15 6% 4209 373618 56356 32%
c v  7.23 163 156 8 8 1327 23 16922 3371 2.0 19 10 4 15 6% 4209 373618 56356 32%
c w  7.36 163 156 8 8 1327 23 16922 3339 2.0 19 10 4 15 6% 4209 373618 56356 32%
c -  7.63 163 153 8 9 1364 22 17316 3207 2.0 20 10 4 15 6% 4209 373618 56356 32%
c o  8.02 163 166 8 9 1646 21 20004 5165 2.0 19 10 4 15 6% 4209 373618 56356 32%
c -  8.09 163 164 8 10 1689 21 20316 4935 2.0 19 10 4 14 6% 4209 373618 56356 32%
c }  8.29 163 161 9 10 1825 20 22090 6242 2.0 20 10 4 14 6% 4209 373618 56356 32%
c [  8.29 163 100 9 10 1825 1 22090 6242 2.9 58 20 6 28 15% 4209 373618 56356 32%
c O  8.29 163 100 9 10 1825 1 22090 6242 2.9 58 20 6 28 15% 4209 373618 56356 32%
c -  8.49 163 96 9 11 1826 1 23478 6451 2.9 60 21 6 28 14% 4209 373618 56356 32%
c s  8.89 179 90 9 11 1828 1 26655 9550 2.9 62 22 6 28 14% 4209 373456 56356 32%
c e  9.23 179 90 9 11 1828 1 26655 9550 2.9 62 22 6 28 14% 2243 376095 55230 32%
c s  9.25 179 90 9 11 1828 1 26655 9550 2.9 62 22 6 28 14% 2243 375540 55230 32%
c e  9.29 179 90 9 11 1828 1 26655 9550 2.9 62 22 6 28 14% 2243 375543 55223 32%
c ^  9.29 179 90 9 11 1828 1 26655 9550 2.9 62 22 6 28 14% 2243 375543 55223 32%
c -  9.32 179 90 9 12 1828 1 26794 4798 2.9 62 22 5 29 13% 2243 375543 55223 32%
c ]  9.40 179 89 10 12 1828 1 27266 5268 2.9 62 22 5 29 13% 2243 375543 55223 32%
c
c seconds     switched     rate        size/glue  tier1    binary          remaining
c         MB    reductions   conflicts       size   tier2     irredundant
c           level    restarts     redundant     glue   trail          variables
c
c {  9.40 179 161 10 12 1828 20 27266 5268 2.0 20 10 4 14 6% 2243 375543 55223 32%
c u  9.72 163 159 10 12 1973 20 28717 5412 2.0 19 10 4 14 6% 2244 375543 55223 32%
c v  9.79 163 159 10 12 1973 20 28717 4644 2.0 19 10 4 14 6% 2244 375543 55223 32%
c w  9.83 163 159 10 12 1973 20 28717 4644 2.0 19 10 4 14 6% 2244 375543 55223 32%
c x  9.88 163 159 10 12 1973 20 28717 4644 2.0 19 10 4 14 6% 2244 375543 55223 32%
c - 10.23 163 157 10 13 2136 20 30260 5078 2.0 20 10 4 14 6% 2244 375543 55223 32%
c - 10.70 163 167 10 14 2453 19 33866 7175 2.0 20 10 4 14 6% 2244 375543 55223 32%
c } 10.93 163 163 11 14 2637 19 35894 8711 2.0 20 10 4 14 6% 2244 375543 55223 32%
c [ 10.93 163 89 11 14 2637 1 35894 8711 2.9 62 22 5 29 13% 2244 375543 55223 32%
c B 10.93 163 89 11 14 2637 1 35894 8711 2.9 62 22 5 29 13% 2244 375543 55223 32%
c - 11.22 163 88 11 15 2638 1 37609 8891 2.8 63 23 4 29 13% 2244 375543 55223 32%
c - 11.81 179 85 11 16 2641 1 41482 10104 2.6 63 25 4 31 13% 2244 375543 55223 32%
c ] 12.09 179 85 12 16 2642 1 43217 11794 2.5 64 26 4 31 12% 2244 375543 55223 32%
c { 12.09 179 163 12 16 2642 19 43217 11794 2.0 20 10 4 14 6% 2244 375543 55223 32%
c o 12.12 179 163 12 16 2647 19 43236 11813 2.0 20 10 4 14 6% 2244 375543 55223 32%
c u 12.28 179 161 12 16 2752 19 43903 11195 2.0 20 10 4 14 6% 2244 375543 55223 32%
c v 12.39 179 161 12 16 2752 19 43903 9564 2.0 20 10 4 14 6% 2244 375543 55223 32%
c w 12.46 180 161 12 16 2752 19 43903 9555 2.0 20 10 4 14 6% 2244 375543 55223 32%
c - 12.77 180 164 12 17 2941 19 45484 8389 2.0 20 10 3 14 6% 2244 375543 55223 32%
c - 13.38 180 168 12 18 3266 18 49607 9722 2.0 20 10 3 14 6% 2244 375543 55223 32%
c
c seconds     switched     rate         size/glue  tier1    binary          remaining
c         MB    reductions   conflicts        size   tier2     irredundant
c           level    restarts      redundant     glue   trail          variables
c
c - 13.98 181 166 12 19 3670 18 53850 10884 2.0 20 10 3 13 6% 2244 375543 55223 32%
c } 14.07 181 166 13 19 3760 18 54700 11510 2.0 20 10 3 13 6% 2244 375543 55223 32%
c [ 14.07 181 85 13 19 3760 1 54700 11510 2.5 64 26 4 31 12% 2244 375543 55223 32%
c W 14.17 163 85 13 19 3760 1 54700 11510 2.5 64 26 4 31 12% 2244 375543 55223 32%
c s 14.27 163 84 13 19 3760 1 55381 12179 2.5 64 26 4 31 12% 2244 375517 55223 32%
c e 14.65 163 84 13 19 3760 1 55381 12179 2.5 64 26 4 31 12% 2200 376396 54785 31%
c s 14.66 163 84 13 19 3760 1 55381 12179 2.5 64 26 4 31 12% 2200 375786 54785 31%
c ^ 14.69 163 84 13 19 3760 1 55381 12179 2.5 64 26 4 31 12% 2200 375786 54785 31%
c - 15.18 163 84 13 20 3762 1 58209 11752 2.4 63 26 3 30 12% 2200 375786 54785 31%
c u 16.02 163 83 13 20 3765 1 62588 14963 2.3 64 27 3 30 12% 2200 375786 54785 31%
c v 16.13 163 83 13 20 3765 1 62588 12841 2.3 64 27 3 30 12% 2200 375786 54785 31%
c w 16.26 179 83 13 20 3765 1 62588 12838 2.3 64 27 3 30 12% 2200 375786 54785 31%
c - 16.69 179 83 13 21 3765 1 62681 10045 2.3 64 27 3 28 12% 2200 375786 54785 31%
c ] 16.86 179 83 14 21 3766 1 63760 11094 2.3 64 28 3 28 12% 2200 375786 54785 31%
c { 16.86 179 166 14 21 3766 18 63760 11094 2.0 20 10 3 13 6% 2200 375786 54785 31%
c - 17.30 180 160 14 22 4161 18 67263 11492 2.0 20 10 3 13 6% 2200 375786 54785 31%
c - 17.91 180 160 14 23 4692 18 71953 12789 2.0 21 10 3 13 6% 2200 375786 54785 31%
c o 18.10 181 164 14 23 4795 18 73236 13776 2.0 21 10 3 13 6% 2200 375786 54785 31%
c - 18.59 181 163 14 24 5180 18 76752 13987 2.0 21 10 3 12 6% 2200 375786 54785 31%
c } 18.76 181 162 15 24 5341 17 78475 15331 2.0 21 10 3 12 6% 2200 375786 54785 31%
c
c seconds    switched    rate         size/glue  tier1     binary          remaining
c         MB   reductions  conflicts        size   tier2      irredundant
c          level    restarts     redundant     glue    trail          variables
c
c [ 18.76 181 83 15 24 5341 1 78475 15331 2.3 64 28 3 28 12% 2200 375786 54785 31%
c I 18.76 181 83 15 24 5341 1 78475 15331 2.3 64 28 3 28 12% 2200 375786 54785 31%
c - 19.12 181 83 15 25 5343 1 81651 15399 2.3 63 27 2 27 12% 2200 375786 54785 31%
c u 19.91 181 83 15 25 5346 1 84902 16970 2.3 64 27 2 27 12% 2200 375786 54785 31%
c v 20.05 181 83 15 25 5346 1 84902 14666 2.3 64 27 2 27 12% 2200 375786 54785 31%
c w 20.21 182 83 15 25 5346 1 84902 14649 2.3 64 27 2 27 12% 2200 375786 54785 31%
c - 20.52 182 82 15 26 5346 1 86652 13130 2.3 64 27 2 26 12% 2200 375786 54785 31%
c ] 21.24 182 82 16 26 5347 1 89782 16217 2.4 65 28 2 26 12% 2200 375786 54785 31%
c { 21.24 182 162 16 26 5347 17 89782 16217 2.0 21 10 3 12 6% 2200 375786 54785 31%
c - 21.49 182 161 16 27 5591 17 91751 13534 2.0 21 10 2 12 6% 2200 375786 54785 31%
c - 22.05 183 160 16 28 6061 17 96948 14354 2.0 21 10 2 12 5% 2200 375786 54785 31%
c s 22.61 183 157 16 28 6619 17 101652 18055 2.0 21 10 2 12 5% 2200 375749 54785 31%
c e 23.03 184 157 16 28 6619 17 101652 18055 2.0 21 10 2 12 5% 740 386168 52348 30%
c s 23.07 184 157 16 28 6619 17 101652 18055 2.0 21 10 2 12 5% 740 385871 52348 30%
c e 23.11 184 157 16 28 6619 17 101652 18055 2.0 21 10 2 12 5% 740 385898 52341 30%
c ^ 23.11 184 157 16 28 6619 17 101652 18055 2.0 21 10 2 12 5% 740 385898 52341 30%
c - 23.17 184 156 16 29 6667 17 102241 12678 2.0 21 10 2 12 5% 740 385898 52341 30%
c - 23.83 184 156 16 30 7109 17 107626 14582 2.0 21 10 2 12 5% 740 385898 52341 30%
c } 23.88 184 156 17 30 7174 17 108120 14952 2.0 21 10 2 12 5% 740 385898 52341 30%
c [ 23.88 184 82 17 30 7174 1 108120 14952 2.4 65 28 2 26 12% 740 385898 52341 30%
c
c seconds    switched    rate          size/glue  tier1    binary          remaining
c         MB   reductions  conflicts         size   tier2     irredundant
c          level    restarts      redundant     glue    trail         variables
c
c B 23.88 184 82 17 30 7174 1 108120 14952 2.4 65 28 2 26 12% 740 385898 52341 30%
c u 24.69 163 82 17 30 7176 1 110979 16912 2.4 65 27 2 26 12% 740 385898 52341 30%
c v 24.78 163 82 17 30 7176 1 110979 14245 2.4 65 27 2 26 12% 740 385898 52341 30%
c w 24.90 163 82 17 30 7176 1 110979 14234 2.4 65 27 2 26 12% 740 385898 52341 30%
c x 25.00 179 82 17 30 7176 1 110979 14234 2.4 65 27 2 26 12% 740 385627 52341 30%
c - 25.53 179 82 17 31 7177 1 113104 13362 2.4 66 28 2 26 12% 740 385627 52341 30%
c - 26.56 180 82 17 32 7180 1 118671 14427 2.3 66 29 2 26 12% 740 385627 52341 30%
c ] 26.85 180 81 18 32 7180 1 120583 16312 2.3 67 29 2 26 12% 740 385627 52341 30%
c { 26.85 180 156 18 32 7180 17 120583 16312 2.0 21 10 2 12 5% 740 385627 52341 30%
c o 26.87 180 156 18 32 7186 17 120604 16332 2.0 21 10 2 12 5% 740 385627 52341 30%
c - 27.33 181 154 18 33 7328 16 124327 15475 2.0 21 10 2 12 5% 740 385627 52341 30%
c - 27.92 181 151 18 34 7541 16 130071 17054 2.0 21 10 2 12 5% 740 385627 52341 30%
c - 28.52 182 147 18 35 7834 15 135904 18204 2.0 21 10 2 11 5% 740 385627 52341 30%
c u 29.09 182 145 18 35 8067 15 140956 21083 2.0 21 10 2 11 5% 740 385627 52341 30%
c v 29.28 182 145 18 35 8067 15 140956 17342 2.0 21 10 2 11 5% 740 385627 52341 30%
c w 29.48 182 145 18 35 8067 15 140956 17280 2.0 21 10 2 11 5% 740 385627 52341 30%
c - 29.70 182 145 18 36 8122 15 141820 15491 2.0 21 10 2 11 5% 740 385627 52341 30%
c } 29.79 182 144 19 36 8175 14 142929 16352 2.0 21 10 2 11 5% 740 385627 52341 30%
c [ 29.79 182 81 19 36 8175 1 142929 16352 2.3 67 29 2 26 12% 740 385627 52341 30%
c W 29.90 163 81 19 36 8175 1 142929 16352 2.3 67 29 2 26 12% 740 385627 52341 30%
c
c seconds    switched    rate          size/glue  tier1    binary          remaining
c         MB   reductions  conflicts         size   tier2     irredundant
c          level    restarts      redundant     glue    trail         variables
c
c - 30.62 163 81 19 37 8178 1 147820 17610 2.3 66 28 2 25 12% 740 385627 52341 30%
c - 31.55 163 81 19 38 8181 1 153903 19075 2.4 66 28 2 24 12% 740 385627 52341 30%
c ] 32.36 163 80 20 38 8184 1 158787 23831 2.4 67 28 2 24 12% 740 385627 52341 30%
c { 32.36 163 144 20 38 8184 14 158787 23831 2.0 21 10 2 11 5% 740 385627 52341 30%
c - 32.64 179 145 20 39 8346 15 160067 19619 2.0 21 10 2 11 5% 740 385627 52341 30%
c - 33.58 181 145 20 40 9046 15 166313 20584 2.0 21 10 2 11 5% 740 385627 52341 30%
c e 34.32 186 145 20 40 9124 15 167528 21578 2.0 21 10 2 11 5% 279 438042 43358 25%
c s 34.42 186 145 20 40 9124 15 167528 21578 2.0 21 10 2 11 5% 279 437718 43358 25%
c e 34.46 186 145 20 40 9124 15 167528 21578 2.0 21 10 2 11 5% 279 437729 43356 25%
c ^ 34.46 186 145 20 40 9124 15 167528 21578 2.0 21 10 2 11 5% 279 437729 43356 25%
c o 34.85 187 145 20 40 9420 15 170604 21097 2.0 21 10 2 11 5% 279 437729 43356 25%
c - 35.09 187 144 20 41 9574 15 172639 19736 2.0 21 10 2 11 5% 279 437729 43356 25%
c u 35.50 187 144 20 41 9783 15 174891 20539 2.0 21 10 2 11 5% 279 437729 43356 25%
c v 35.62 187 144 20 41 9783 15 174891 17474 2.0 21 10 2 11 5% 279 437729 43356 25%
c w 35.76 187 144 20 41 9783 15 174891 17417 2.0 21 10 2 11 5% 279 437729 43356 25%
c x 35.88 188 144 20 41 9783 15 174891 17417 2.0 21 10 2 11 5% 279 437569 43356 25%
c - 37.16 188 143 20 42 10168 15 179043 18517 2.0 21 10 2 10 5% 279 437569 43356 25%
c - 38.04 188 141 20 43 10766 14 185523 21362 2.0 21 11 2 10 6% 279 437569 43356 25%
c } 38.04 188 141 21 43 10766 14 185527 21366 2.0 21 11 2 10 6% 279 437569 43356 25%
c [ 38.04 188 80 21 43 10766 1 185527 21366 2.4 67 28 2 24 12% 279 437569 43356 25%
c
c seconds    switched     rate          size/glue  tier1    binary          remaining
c         MB   reductions   conflicts         size   tier2     irredundant
c          level    restarts       redundant     glue    trail         variables
c
c O 38.05 188 80 21 43 10766 1 185527 21366 2.4 67 28 2 24 12% 279 437569 43356 25%
c - 39.13 188 80 21 44 10771 1 192080 22426 2.4 68 28 2 22 12% 279 437569 43356 25%
c - 40.41 188 80 21 45 10773 1 198713 22360 2.4 67 28 2 21 12% 279 437569 43356 25%
c - 41.82 189 80 21 46 10778 1 205421 22439 2.4 68 28 1 20 13% 279 437569 43356 25%
c ] 41.87 189 80 22 46 10778 1 205726 22737 2.4 68 28 1 20 13% 279 437569 43356 25%
c { 41.87 189 141 22 46 10778 14 205726 22737 2.0 21 11 2 10 6% 279 437569 43356 25%
c - 42.60 189 139 22 47 11189 14 212204 23675 2.0 21 11 2 10 6% 279 437569 43356 25%
c u 42.85 189 138 22 47 11273 14 213319 23403 2.0 21 11 2 10 6% 279 437569 43356 25%
c v 43.00 189 138 22 47 11273 14 213319 20773 2.0 21 11 2 10 6% 279 437569 43356 25%
c w 43.34 189 138 22 47 11273 14 213319 20196 2.0 21 11 2 10 6% 279 437569 43356 25%
c - 44.42 189 140 22 48 11705 14 219059 22204 2.0 22 11 2 10 6% 279 437569 43356 25%
c - 45.16 189 139 22 49 12081 14 225988 25010 2.1 22 11 2 10 6% 279 437569 43356 25%
c o 45.83 189 138 22 49 12473 13 230618 28857 2.1 22 11 2 10 6% 279 437569 43356 25%
c - 46.19 190 138 22 50 12625 13 232988 26837 2.1 22 11 2 9 6% 279 437569 43356 25%
c } 46.79 190 138 23 50 12959 13 237242 30505 2.1 22 11 2 9 6% 279 437569 43356 25%
c [ 46.79 190 80 23 50 12959 1 237242 30505 2.4 68 28 1 20 13% 279 437569 43356 25%
c B 46.79 190 80 23 50 12959 1 237242 30505 2.4 68 28 1 20 13% 279 437569 43356 25%
c - 47.43 190 80 23 51 12961 1 240060 27703 2.4 67 28 1 19 13% 279 437569 43356 25%
c - 49.33 190 80 23 52 12965 1 247203 27098 2.5 68 27 1 19 13% 279 437569 43356 25%
c - 50.67 190 79 23 53 12969 1 254414 26346 2.5 67 27 1 18 13% 279 437569 43356 25%
c
c seconds    switched     rate          size/glue  tier1    binary          remaining
c         MB   reductions   conflicts         size   tier2     irredundant
c          level    restarts       redundant     glue    trail         variables
c
c s 50.95 190 79 23 53 12970 1 255709 27611 2.5 68 27 1 18 13% 279 437564 43356 25%
c e 51.64 193 79 23 53 12970 1 255709 27611 2.5 68 27 1 18 13% 124 487246 39202 22%
c s 51.79 193 79 23 53 12970 1 255709 27611 2.5 68 27 1 18 13% 124 483059 39202 22%
c e 51.91 193 79 23 53 12970 1 255709 27611 2.5 68 27 1 18 13% 124 483525 39163 22%
c ! 51.91 193 79 23 53 12970 1 255709 27611 2.5 68 27 1 18 13% 124 483525 39163 22%
c u 52.12 194 79 23 53 12970 1 255906 23699 2.5 67 27 1 18 13% 124 483525 39163 22%
c v 52.25 194 79 23 53 12970 1 255906 21284 2.5 67 27 1 18 13% 124 483525 39163 22%
c w 52.70 194 79 23 53 12970 1 255906 20865 2.5 67 27 1 18 13% 124 483525 39163 22%
c ] 53.39 172 79 24 53 12972 1 258702 23578 2.5 67 27 1 18 13% 124 483525 39163 22%
c { 53.39 172 138 24 53 12972 13 258702 23578 2.1 22 11 2 9 6% 124 483525 39163 22%
c - 53.86 181 137 24 54 13236 13 261694 21789 2.1 22 11 2 9 6% 124 483525 39163 22%
c - 54.95 183 136 24 55 14036 13 269042 24408 2.1 22 11 2 9 6% 124 483525 39163 22%
c - 56.07 184 136 24 56 14710 13 276458 24899 2.1 22 11 1 9 6% 124 483525 39163 22%
c - 57.27 185 135 24 57 15469 14 283941 26009 2.1 23 11 1 9 6% 124 483525 39163 22%
c - 58.42 185 134 24 58 16226 14 291490 26946 2.1 23 11 1 9 6% 124 483525 39163 22%
c } 58.85 185 133 25 58 16556 14 295379 30156 2.1 23 11 1 9 6% 124 483525 39163 22%
c [ 58.85 185 79 25 58 16556 1 295379 30156 2.5 67 27 1 18 13% 124 483525 39163 22%
c W 58.98 183 79 25 58 16556 1 295379 30156 2.5 67 27 1 18 13% 124 483525 39163 22%
c - 59.96 185 79 25 59 16558 1 299105 27146 2.5 67 27 1 18 14% 124 483525 39163 22%
c u 60.90 181 79 25 59 16561 1 303213 30352 2.5 67 27 1 18 14% 124 483525 39163 22%
c
c seconds    switched     rate          size/glue  tier1    binary          remaining
c         MB   reductions   conflicts         size   tier2     irredundant
c          level    restarts       redundant     glue    trail         variables
c
c v 61.04 182 79 25 59 16561 1 303213 26225 2.5 67 27 1 18 14% 124 483525 39163 22%
c w 61.36 183 79 25 59 16561 1 303213 26209 2.5 67 27 1 18 14% 124 483525 39163 22%
c x 61.52 185 79 25 59 16561 1 303213 26209 2.5 67 27 1 18 14% 124 483376 39163 22%
c o 61.78 185 79 25 59 16561 1 303213 26209 2.5 67 27 1 18 14% 124 483376 39163 22%
c - 62.47 185 79 25 60 16562 1 306787 22697 2.5 67 27 1 17 14% 124 483376 39163 22%
c - 63.89 186 79 25 61 16568 1 314532 22671 2.5 68 27 1 17 13% 124 483376 39163 22%
c - 64.95 186 78 25 62 16570 1 322342 22599 2.5 69 27 1 17 13% 124 483376 39163 22%
c ] 65.83 186 77 26 62 16570 1 328152 28219 2.5 69 27 1 17 13% 124 483376 39163 22%
c { 65.83 186 133 26 62 16570 14 328152 28219 2.1 23 11 1 9 6% 124 483376 39163 22%
c - 66.15 187 133 26 63 16739 14 330216 23256 2.1 23 11 1 9 6% 124 483376 39163 22%
c - 67.43 188 133 26 64 17484 14 338153 25514 2.1 23 11 1 8 6% 124 483376 39163 22%
c - 68.74 189 131 26 65 18280 14 346155 27367 2.1 23 11 1 8 6% 124 483376 39163 22%
c - 69.84 189 130 26 66 18995 14 354219 28657 2.1 23 11 1 8 6% 124 483376 39163 22%
c u 70.02 189 130 26 66 19041 13 354881 28521 2.1 23 11 1 8 6% 124 483376 39163 22%
c v 70.14 189 130 26 66 19041 13 354881 24458 2.1 23 11 1 8 6% 124 483376 39163 22%
c w 70.37 189 130 26 66 19041 13 354881 23563 2.1 23 11 1 8 6% 124 483376 39163 22%
c - 71.32 189 129 26 67 19594 13 362345 25371 2.1 23 11 1 8 6% 124 483376 39163 22%
c s 72.19 189 128 26 67 20091 13 368183 30323 2.1 23 11 1 8 6% 124 483018 39163 22%
c e 72.25 190 128 26 67 20091 13 368183 30323 2.1 23 11 1 8 6% 124 483065 39159 22%
c s 72.26 190 128 26 67 20091 13 368183 30323 2.1 23 11 1 8 6% 124 483040 39159 22%
c
c seconds     switched      rate          size/glue  tier1  binary          remaining
c         MB    reductions    conflicts         size   tier2   irredundant
c           level    restarts        redundant     glue  trail         variables
c
c } 72.78 190 128 27 67 20307 13 370370 32193 2.1 23 11 1 8 6% 124 483040 39159 22%
c [ 72.78 190 77 27 67 20307 1 370370 32193 2.5 69 27 1 17 13% 124 483040 39159 22%
c I 72.78 190 77 27 67 20307 1 370370 32193 2.5 69 27 1 17 13% 124 483040 39159 22%
c - 72.83 190 77 27 68 20307 1 370531 28269 2.5 69 27 1 17 13% 124 483040 39159 22%
c - 74.33 190 77 27 69 20313 1 378777 28096 2.5 69 27 1 16 13% 124 483040 39159 22%
c - 76.04 191 76 27 70 20317 1 387084 25435 2.5 70 28 1 16 13% 124 483040 39159 22%
c - 77.69 191 77 27 71 20321 1 395451 25593 2.5 70 28 1 16 13% 124 483040 39159 22%
c - 79.24 191 77 27 72 20322 1 403878 25846 2.5 70 28 1 16 13% 124 483040 39159 22%
c ] 79.44 191 77 28 72 20323 1 405354 27291 2.5 70 28 1 16 13% 124 483040 39159 22%
c { 79.44 191 128 28 72 20323 13 405354 27291 2.1 23 11 1 8 6% 124 483040 39159 22%
c o 79.48 191 128 28 72 20329 13 405381 27313 2.1 23 11 1 8 6% 124 483040 39159 22%
c u 80.58 191 127 28 72 20935 13 410995 31547 2.1 23 11 1 8 6% 124 483040 39159 22%
c v 80.70 191 127 28 72 20935 13 410995 28586 2.1 23 11 1 8 6% 124 483040 39159 22%
c w 81.33 192 127 28 72 20935 13 410995 27792 2.1 23 11 1 8 6% 124 483040 39159 22%
c - 82.76 192 127 28 73 21086 13 412363 23934 2.1 23 11 1 8 6% 124 483040 39159 22%
c - 84.14 192 127 28 74 21946 13 420909 27420 2.1 23 11 1 8 6% 124 483040 39159 22%
c - 85.39 192 127 28 75 22746 13 429511 30150 2.1 24 11 1 8 6% 124 483040 39159 22%
c - 86.68 192 126 28 76 23555 13 438171 31618 2.1 24 11 1 8 6% 124 483040 39159 22%
c - 88.06 192 125 28 77 24386 13 446889 32805 2.1 24 11 1 7 6% 124 483040 39159 22%
c } 89.07 192 126 29 77 24996 13 453492 38386 2.1 24 12 1 7 6% 124 483040 39159 22%
c
c seconds    switched     rate          size/glue  tier1    binary          remaining
c         MB   reductions   conflicts         size   tier2     irredundant
c          level    restarts       redundant     glue    trail         variables
c
c [ 89.07 192 77 29 77 24996 1 453492 38386 2.5 70 28 1 16 13% 124 483040 39159 22%
c B 89.07 192 77 29 77 24996 1 453492 38386 2.5 70 28 1 16 13% 124 483040 39159 22%
c - 89.57 192 77 29 78 24998 1 455663 33655 2.5 70 28 1 15 13% 124 483040 39159 22%
c - 91.02 192 77 29 79 25002 1 464495 32761 2.5 70 28 1 15 13% 124 483040 39159 22%
c u 92.58 192 77 29 79 25007 1 471604 38625 2.5 70 28 1 15 13% 124 483040 39159 22%
c v 92.71 192 77 29 79 25007 1 471604 34372 2.5 70 28 1 15 13% 124 483040 39159 22%
c w 93.54 194 77 29 79 25007 1 471604 34313 2.5 70 28 1 15 13% 124 483040 39159 22%
c - 93.97 194 77 29 80 25008 1 473385 26818 2.5 70 28 1 15 13% 124 483040 39159 22%
c - 95.49 173 77 29 81 25010 1 482329 27087 2.5 70 29 1 15 13% 124 483040 39159 22%
c - 97.12 174 77 29 82 25014 1 491330 27128 2.4 71 29 1 15 13% 124 483040 39159 22%
c W 98.36 183 77 29 82 25017 1 497204 32879 2.4 70 29 1 15 13% 124 483040 39159 22%
c o 98.38 183 77 29 82 25017 1 497204 32879 2.4 70 29 1 15 13% 124 483040 39159 22%
c - 98.88 184 77 29 83 25019 1 500385 27949 2.4 71 29 1 14 13% 124 483040 39159 22%
c ] 98.98 185 77 30 83 25020 1 501167 28704 2.4 70 29 1 14 13% 124 483040 39159 22%
c { 98.98 185 126 30 83 25020 13 501167 28704 2.1 24 12 1 7 6% 124 483040 39159 22%
c s 99.65 186 125 30 83 25393 13 505719 32633 2.1 24 12 1 7 6% 124 483039 39159 22%
c s 99.68 186 125 30 83 25393 13 505719 32633 2.1 24 12 1 7 6% 124 483038 39159 22%
c - 100.32 187 125 30 84 25728 13 509496 30335 2.1 24 12 1 7 6% 124 483038 39159 22%
c - 101.64 188 124 30 85 26564 13 518662 32894 2.1 24 12 1 7 6% 124 483038 39159 22%
c - 103.02 188 124 30 86 27459 13 527883 34365 2.1 24 12 1 7 6% 124 483038 39159 22%
c
c seconds      switched      rate          size/glue  tier1  binary          remaining
c          MB    reductions    conflicts         size   tier2   irredundant
c            level    restarts        redundant     glue  trail         variables
c
c u 104.57 189 125 30 86 28266 13 536795 41053 2.1 24 12 1 7 6% 124 483038 39159 22%
c v 104.74 189 125 30 86 28266 13 536795 35361 2.1 24 12 1 7 6% 124 483038 39159 22%
c w 105.08 189 125 30 86 28266 13 536795 35169 2.1 24 12 1 7 6% 124 483038 39159 22%
c x 105.30 189 125 30 86 28266 13 536795 35169 2.1 24 12 1 7 6% 124 483001 39159 22%
c - 105.48 189 124 30 87 28303 13 537156 30009 2.1 24 12 1 7 6% 124 483001 39159 22%
c - 106.80 190 125 30 88 29076 13 546483 32562 2.1 25 12 1 7 6% 124 483001 39159 22%
c } 108.18 190 124 31 88 29897 13 555603 40336 2.1 25 12 1 7 6% 124 483001 39159 22%
c [ 108.18 190 77 31 88 29897 1 555603 40336 2.4 70 29 1 14 13% 124 483001 39159 22%
c O 108.18 190 77 31 88 29897 1 555603 40336 2.4 70 29 1 14 13% 124 483001 39159 22%
c - 108.26 190 77 31 89 29897 1 555863 34966 2.4 70 29 1 14 13% 124 483001 39159 22%
c - 109.90 190 77 31 90 29903 1 565296 34711 2.5 70 29 1 14 13% 124 483001 39159 22%
c - 111.74 190 77 31 91 29909 1 574785 32173 2.4 70 29 1 14 13% 124 483001 39159 22%
c - 114.07 190 77 31 92 29911 1 584324 31337 2.4 71 29 1 14 13% 124 483001 39159 22%
c - 115.63 191 77 31 93 29915 1 593915 31544 2.4 71 29 1 14 12% 124 483001 39159 22%
c o 117.50 191 77 31 93 29919 1 601238 38729 2.4 71 29 1 14 13% 124 483001 39159 22%
c ] 117.52 191 77 32 93 29919 1 601279 38769 2.4 71 29 1 14 13% 124 483001 39159 22%
c { 117.52 191 124 32 93 29919 13 601279 38769 2.1 25 12 1 7 6% 124 483001 39159 22%
c - 117.97 191 124 32 94 30100 13 603559 33091 2.1 25 12 1 7 6% 124 483001 39159 22%
c u 118.63 191 125 32 94 30303 13 606621 34982 2.1 25 12 1 7 6% 124 483001 39159 22%
c v 118.75 191 125 32 94 30303 13 606621 32348 2.1 25 12 1 7 6% 124 483001 39159 22%
c
c seconds      switched      rate          size/glue  tier1  binary          remaining
c          MB    reductions    conflicts         size   tier2   irredundant
c            level    restarts        redundant     glue  trail         variables
c
c w 119.26 191 125 32 94 30303 13 606621 30736 2.1 25 12 1 7 6% 124 483001 39159 22%
c - 120.30 191 124 32 95 30881 13 613254 31402 2.1 25 12 1 7 6% 124 483001 39159 22%
c - 121.92 191 126 32 96 31764 13 623001 35034 2.1 25 12 1 7 6% 124 483001 39159 22%
c - 123.48 191 125 32 97 32565 13 632798 37644 2.1 25 12 1 7 7% 124 483001 39159 22%
c - 125.14 191 124 32 98 33555 13 642646 39155 2.1 25 12 1 7 7% 124 483001 39159 22%
c - 126.98 191 123 32 99 34532 13 652545 40254 2.1 26 12 1 6 6% 124 483001 39159 22%
c } 128.69 192 124 33 99 35315 13 662384 48738 2.1 26 12 1 6 6% 124 483001 39159 22%
c [ 128.69 192 77 33 99 35315 1 662384 48738 2.4 71 29 1 14 13% 124 483001 39159 22%
c B 128.69 192 77 33 99 35315 1 662384 48738 2.4 71 29 1 14 13% 124 483001 39159 22%
c - 128.74 192 77 33 100 35315 1 662495 41328 2.4 71 29 1 13 13% 124 483001 39159 22%
c s 130.08 192 78 33 100 35320 1 669873 48574 2.4 71 29 1 13 13% 124 482989 39159 22%
c e 130.17 192 78 33 100 35320 1 669873 48574 2.4 71 29 1 13 13% 124 482997 39147 22%
c s 130.18 192 78 33 100 35320 1 669873 48574 2.4 71 29 1 13 13% 124 482965 39147 22%
c - 130.83 192 78 33 101 35321 1 672496 40110 2.4 71 29 1 13 13% 124 482965 39147 22%
c u 132.83 182 77 33 101 35327 1 681135 47236 2.4 71 29 1 13 13% 124 482965 39147 22%
c v 132.97 183 77 33 101 35327 1 681135 42488 2.4 71 29 1 13 13% 124 482965 39147 22%
c w 133.86 185 77 33 101 35327 1 681135 42402 2.4 71 29 1 13 13% 124 482965 39147 22%
c - 134.24 185 77 33 102 35327 1 682546 32989 2.4 71 29 1 13 13% 124 482965 39147 22%
c - 136.18 186 77 33 103 35329 1 692645 33363 2.4 71 29 1 13 13% 124 482965 39147 22%
c - 137.87 186 77 33 104 35335 1 702794 34155 2.5 71 29 1 13 12% 124 482965 39147 22%
c
c seconds     switched      rate          size/glue  tier1    binary          remaining
c          MB   reductions    conflicts         size   tier2     irredundant
c           level     restarts       redundant     glue    trail         variables
c
c - 139.82 186 77 33 105 35340 1 712993 34349 2.5 71 29 1 13 12% 124 482965 39147 22%
c o 140.53 186 77 33 105 35343 1 716321 37611 2.5 72 29 1 13 12% 124 482965 39147 22%
c W 141.65 183 77 33 105 35343 1 719968 41235 2.5 72 29 1 13 13% 124 482965 39147 22%
c ] 141.95 184 77 34 105 35344 1 721418 42671 2.5 72 29 1 13 13% 124 482965 39147 22%
c { 141.95 184 124 34 105 35344 13 721418 42671 2.1 26 12 1 6 6% 124 482965 39147 22%
c - 142.29 186 123 34 106 35420 13 723240 34683 2.1 26 12 1 6 6% 124 482965 39147 22%
c - 143.64 188 121 34 107 35768 12 733537 37397 2.1 26 12 1 6 6% 124 482965 39147 22%
c - 145.15 188 118 34 108 36214 12 743881 40225 2.1 25 12 1 6 6% 124 482965 39147 22%
c - 146.34 189 116 34 109 36724 11 754275 41869 2.1 25 12 1 6 6% 124 482965 39147 22%
c u 147.36 189 115 34 109 37000 11 760392 46153 2.1 25 12 1 6 6% 124 482965 39147 22%
c v 147.51 189 115 34 109 37000 11 760392 40966 2.1 25 12 1 6 6% 124 482965 39147 22%
c w 148.24 189 115 34 109 37000 11 760392 38513 2.1 25 12 1 6 6% 124 482965 39147 22%
c - 149.01 189 115 34 110 37134 11 764715 36946 2.1 25 12 1 6 6% 124 482965 39147 22%
c - 150.66 190 114 34 111 37604 11 775203 40515 2.1 25 12 1 6 6% 124 482965 39147 22%
c - 152.10 190 112 34 112 38133 11 785740 43081 2.1 25 12 1 6 6% 124 482965 39147 22%
c } 152.62 190 112 35 112 38280 10 789565 46447 2.1 25 12 1 6 6% 124 482965 39147 22%
c [ 152.62 190 77 35 112 38280 1 789565 46447 2.5 72 29 1 13 13% 124 482965 39147 22%
c I 152.62 190 77 35 112 38280 1 789565 46447 2.5 72 29 1 13 13% 124 482965 39147 22%
c - 153.56 190 78 35 113 38285 1 796323 43470 2.5 71 29 1 12 13% 124 482965 39147 22%
c - 155.95 190 78 35 114 38290 1 806955 41619 2.5 72 29 1 12 13% 124 482965 39147 22%
c
c seconds     switched      rate          size/glue  tier1    binary          remaining
c          MB   reductions    conflicts         size   tier2     irredundant
c           level     restarts       redundant     glue    trail         variables
c
c - 158.01 191 78 35 115 38294 1 817633 40063 2.5 71 28 1 12 13% 124 482965 39147 22%
c - 159.59 191 77 35 116 38299 1 828356 39633 2.6 71 28 1 12 13% 124 482965 39147 22%
c - 162.28 191 78 35 117 38304 1 839128 39568 2.6 72 28 1 12 13% 124 482965 39147 22%
c o 162.48 191 78 35 117 38306 1 840241 40665 2.6 72 28 1 12 13% 124 482965 39147 22%
c u 163.44 191 78 35 117 38308 1 844447 43778 2.6 72 28 1 12 13% 124 482965 39147 22%
c v 163.54 191 78 35 117 38308 1 844447 41400 2.6 72 28 1 12 13% 124 482965 39147 22%
c w 164.75 193 78 35 117 38308 1 844447 41173 2.6 72 28 1 12 13% 124 482965 39147 22%
c ] 166.30 193 78 36 117 38308 1 844601 41326 2.6 72 28 1 12 13% 124 482965 39147 22%
c { 166.30 193 112 36 117 38308 10 844601 41326 2.1 25 12 1 6 6% 124 482965 39147 22%
c - 167.15 193 112 36 118 38757 11 849945 37762 2.1 25 12 1 6 6% 124 482965 39147 22%
c - 169.00 193 113 36 119 39770 11 860809 40959 2.1 25 12 1 6 6% 124 482965 39147 22%
c s 169.14 193 113 36 119 39847 11 862051 42053 2.1 25 12 1 6 6% 124 482964 39147 22%
c - 170.78 193 112 36 120 40882 11 871718 43716 2.1 25 12 1 6 6% 124 482964 39147 22%
c - 172.69 193 112 36 121 41987 11 882673 45625 2.1 26 12 1 6 6% 124 482964 39147 22%
c - 174.56 193 112 36 122 43092 11 893673 46985 2.1 26 12 1 6 6% 124 482964 39147 22%
c - 176.36 193 112 36 123 44117 11 904719 47833 2.1 26 12 1 6 6% 124 482964 39147 22%
c - 178.48 194 112 36 124 45263 12 915810 49081 2.1 26 12 1 6 6% 124 482964 39147 22%
c } 179.13 194 112 37 124 45592 12 920159 52916 2.1 26 12 1 6 6% 124 482964 39147 22%
c [ 179.13 194 78 37 124 45592 1 920159 52916 2.6 72 28 1 12 13% 124 482964 39147 22%
c B 179.13 194 78 37 124 45592 1 920159 52916 2.6 72 28 1 12 13% 124 482964 39147 22%
c
c seconds     switched      rate          size/glue  tier1    binary          remaining
c          MB   reductions    conflicts         size   tier2     irredundant
c           level     restarts       redundant     glue    trail         variables
c
c - 180.62 194 78 37 125 45597 1 926947 48613 2.6 72 28 1 12 13% 124 482964 39147 22%
c u 182.40 194 78 37 125 45599 1 933354 53239 2.6 72 28 1 12 13% 124 482964 39147 22%
c v 182.56 194 78 37 125 45599 1 933354 47819 2.6 72 28 1 12 13% 124 482964 39147 22%
c w 183.34 195 78 37 125 45599 1 933354 47743 2.6 72 28 1 12 13% 124 482964 39147 22%
c x 183.72 196 78 37 125 45599 1 933354 47740 2.6 72 28 1 12 13% 124 482819 39147 22%
c - 185.62 180 78 37 126 45603 1 938127 41067 2.6 72 28 1 12 13% 124 482819 39147 22%
c - 188.77 181 78 37 127 45606 1 949352 40760 2.6 73 29 1 12 13% 124 482819 39147 22%
c - 191.82 182 78 37 128 45612 1 960621 40423 2.6 74 29 1 11 13% 124 482819 39147 22%
c - 194.91 183 79 37 129 45619 1 971934 40914 2.6 75 29 1 11 13% 124 482819 39147 22%
c o 195.47 183 79 37 129 45620 1 973920 42862 2.6 75 29 1 11 13% 124 482819 39147 22%
c ] 196.26 184 79 38 129 45620 1 977987 46897 2.6 75 29 1 11 13% 124 482819 39147 22%
c { 196.26 184 112 38 129 45620 12 977987 46897 2.1 26 12 1 6 6% 124 482819 39147 22%
c - 197.13 187 112 38 130 45884 11 983292 42589 2.1 27 12 1 6 6% 124 482819 39147 22%
c - 198.99 188 113 38 131 46357 11 994694 45897 2.2 27 12 1 6 7% 124 482819 39147 22%
c - 201.42 188 112 38 132 47182 11 1006140 48727 2.2 27 12 1 6 7% 124 482819 39147 22%
c - 203.58 189 111 38 133 47980 11 1017630 50195 2.2 28 12 1 6 7% 124 482819 39147 22%
c u 205.46 189 113 38 133 48563 11 1027167 58001 2.2 28 12 1 6 7% 124 482819 39147 22%
c v 205.70 189 113 38 133 48563 11 1027167 52587 2.2 28 12 1 6 7% 124 482819 39147 22%
c w 207.08 190 113 38 133 48563 11 1027167 51313 2.2 28 12 1 6 7% 124 482819 39147 22%
c - 207.61 190 113 38 134 48719 11 1029162 45704 2.2 28 12 1 6 7% 124 482819 39147 22%
c
c seconds      switched       rate           size/glue  tier1  binary          remaining
c          MB    reductions      conflicts         size   tier2   irredundant
c            level     restarts         redundant     glue  trail         variables
c
c - 209.81 190 113 38 135 49635 11 1040737 48135 2.2 28 12 1 6 7% 124 482819 39147 22%
c - 212.07 190 113 38 136 50460 11 1052357 50478 2.3 28 12 1 6 8% 124 482819 39147 22%
c } 213.71 190 113 39 136 51115 11 1061320 58512 2.3 28 12 1 6 8% 124 482819 39147 22%
c [ 213.71 190 79 39 136 51115 1 1061320 58512 2.6 75 29 1 11 13% 124 482819 39147 22%
c W 214.15 183 79 39 136 51115 1 1061320 58512 2.6 75 29 1 11 13% 124 482819 39147 22%
c - 214.72 184 79 39 137 51117 1 1064019 51264 2.6 75 29 1 11 13% 124 482819 39147 22%
c - 217.82 185 79 39 138 51123 1 1075724 48456 2.6 76 29 1 11 13% 124 482819 39147 22%
c s 219.84 186 78 39 138 51128 1 1083666 56259 2.6 76 29 1 11 13% 124 482804 39147 22%
c e 219.97 186 78 39 138 51128 1 1083666 56259 2.6 76 29 1 11 13% 124 482584 39065 22%
c s 219.98 186 78 39 138 51128 1 1083666 56259 2.6 76 29 1 11 13% 124 482483 39065 22%
c - 221.09 186 78 39 139 51129 1 1087471 44340 2.6 76 30 1 11 13% 124 482483 39065 22%
c - 224.49 186 78 39 140 51133 1 1099261 43415 2.6 77 30 1 11 13% 124 482483 39065 22%
c - 227.80 187 79 39 141 51140 1 1111093 43622 2.6 78 30 1 11 13% 124 482483 39065 22%
c - 230.71 188 79 39 142 51144 1 1122967 43282 2.6 78 30 1 10 13% 124 482483 39065 22%
c ] 230.94 188 79 40 142 51144 1 1124263 44543 2.6 78 30 1 10 13% 124 482483 39065 22%
c { 230.94 188 113 40 142 51144 11 1124263 44543 2.3 28 12 1 6 8% 124 482483 39065 22%
c o 230.99 188 113 40 142 51149 11 1124291 44569 2.3 28 12 1 6 8% 124 482483 39065 22%
c u 231.52 188 113 40 142 51320 11 1125938 45159 2.3 28 12 1 6 8% 124 482483 39065 22%
c v 231.67 188 113 40 142 51320 11 1125938 42784 2.3 28 12 1 6 8% 124 482483 39065 22%
c w 232.49 189 113 40 142 51320 11 1125938 41617 2.3 28 12 1 6 8% 124 482483 39065 22%
c
c seconds      switched       rate           size/glue  tier1  binary          remaining
c          MB    reductions      conflicts         size   tier2   irredundant
c            level     restarts         redundant     glue  trail         variables
c
c - 234.20 190 112 40 143 52076 11 1134885 42577 2.3 28 13 1 6 8% 124 482483 39065 22%
c - 236.10 190 113 40 144 53026 11 1146843 47164 2.2 28 13 1 6 7% 124 482483 39065 22%
c - 238.04 191 113 40 145 54161 11 1158844 49917 2.2 28 13 1 6 7% 124 482483 39065 22%
c - 240.42 191 113 40 146 55239 11 1170885 51587 2.2 28 13 1 6 7% 124 482483 39065 22%
c - 242.56 191 113 40 147 56462 11 1182968 52927 2.2 29 13 1 6 7% 124 482483 39065 22%
c - 244.79 192 113 40 148 57626 11 1195092 54062 2.2 29 13 1 6 7% 124 482483 39065 22%
c - 247.00 192 113 40 149 58692 12 1207259 55271 2.2 29 13 1 6 7% 124 482483 39065 22%
c } 248.69 192 112 41 149 59645 12 1215735 62957 2.2 29 13 1 6 7% 124 482483 39065 22%
c [ 248.69 192 79 41 149 59645 1 1215735 62957 2.6 78 30 1 10 13% 124 482483 39065 22%
c O 248.69 192 79 41 149 59645 1 1215735 62957 2.6 78 30 1 10 13% 124 482483 39065 22%
c - 249.48 192 79 41 150 59647 1 1219465 55604 2.6 78 30 1 10 13% 124 482483 39065 22%
c u 252.09 192 79 41 150 59653 1 1229688 63550 2.6 77 29 1 10 13% 124 482483 39065 22%
c v 252.29 192 79 41 150 59653 1 1229688 57184 2.6 77 29 1 10 13% 124 482483 39065 22%
c w 253.20 194 79 41 150 59653 1 1229688 57032 2.6 77 29 1 10 13% 124 482483 39065 22%
c x 253.66 195 79 41 150 59653 1 1229688 57032 2.6 77 29 1 10 13% 124 482480 39065 22%
c - 254.13 195 79 41 151 59654 1 1231712 47351 2.6 77 29 1 10 13% 124 482480 39065 22%
c - 256.19 179 78 41 152 59659 1 1244002 46146 2.6 76 29 1 10 13% 124 482480 39065 22%
c - 258.26 179 78 41 153 59665 1 1256330 45917 2.6 76 29 1 10 13% 124 482480 39065 22%
c - 260.50 179 78 41 154 59672 1 1268699 45947 2.6 75 29 1 10 13% 124 482480 39065 22%
c - 263.04 179 77 41 155 59674 1 1281109 45748 2.6 76 29 1 10 12% 124 482480 39065 22%
c
c seconds     switched      rate           size/glue  tier1    binary          remaining
c          MB   reductions     conflicts         size   tier2     irredundant
c           level     restarts        redundant     glue    trail         variables
c
c - 265.59 181 76 41 156 59675 1 1293564 45885 2.6 76 29 1 10 12% 124 482480 39065 22%
c B 266.65 181 76 41 156 59677 1 1299773 52026 2.6 76 29 1 10 12% 124 482480 39065 22%
c o 266.67 181 76 41 156 59677 1 1299773 52026 2.6 76 29 1 10 12% 124 482480 39065 22%
c ] 267.75 185 76 42 156 59679 1 1303117 55348 2.6 76 29 1 10 13% 124 482480 39065 22%
c { 267.75 185 112 42 156 59679 12 1303117 55348 2.2 29 13 1 6 7% 124 482480 39065 22%
c - 268.22 186 112 42 157 59945 12 1306053 47319 2.2 29 13 1 6 7% 124 482480 39065 22%
c - 270.56 188 112 42 158 60908 12 1318582 50938 2.2 29 13 1 6 7% 124 482480 39065 22%
c - 272.88 189 112 42 159 62031 12 1331153 53673 2.2 29 13 1 6 7% 124 482480 39065 22%
c u 274.63 183 112 42 159 62676 12 1338480 59189 2.2 30 13 1 6 7% 124 482480 39065 22%
c v 274.80 184 112 42 159 62676 12 1338480 53452 2.2 30 13 1 6 7% 124 482480 39065 22%
c w 275.89 185 112 42 159 62676 12 1338480 51288 2.2 30 13 1 6 7% 124 482480 39065 22%
c - 276.87 186 112 42 160 63081 12 1343764 48753 2.2 30 13 1 6 7% 124 482480 39065 22%
c - 279.33 187 112 42 161 64172 12 1356414 52194 2.2 30 13 1 6 7% 124 482480 39065 22%
c - 281.65 188 112 42 162 65211 12 1369102 55063 2.2 30 13 1 6 7% 124 482480 39065 22%
c - 284.21 189 113 42 163 66166 11 1381829 56934 2.2 30 13 1 5 7% 124 482480 39065 22%
c - 286.42 189 113 42 164 67321 11 1394597 58417 2.2 30 14 1 5 7% 124 482480 39065 22%
c } 287.84 189 112 43 164 68011 11 1403090 66108 2.2 30 14 1 5 7% 124 482480 39065 22%
c [ 287.84 189 76 43 164 68011 1 1403090 66108 2.6 76 29 1 10 13% 124 482480 39065 22%
c W 288.08 184 76 43 164 68011 1 1403090 66108 2.6 76 29 1 10 13% 124 482480 39065 22%
c - 289.11 186 76 43 165 68014 1 1407404 58808 2.6 76 29 1 10 13% 124 482480 39065 22%
c
c seconds     switched      rate           size/glue  tier1    binary          remaining
c          MB   reductions     conflicts         size   tier2     irredundant
c           level     restarts        redundant     glue    trail         variables
c
c - 291.54 187 76 43 166 68021 1 1420249 56328 2.6 76 29 1 10 12% 124 482480 39065 22%
c - 294.96 188 77 43 167 68025 1 1433134 53032 2.6 76 29 1 10 13% 124 482480 39065 22%
c - 298.97 189 77 43 168 68032 1 1446057 52715 2.7 77 29 1 10 13% 124 482480 39065 22%
c u 300.65 189 77 43 168 68035 1 1452367 57201 2.6 78 29 1 10 13% 124 482480 39065 22%
c v 300.79 189 77 43 168 68035 1 1452367 54706 2.6 78 29 1 10 13% 124 482480 39065 22%
c w 302.75 191 77 43 168 68035 1 1452367 54288 2.6 78 29 1 10 13% 124 482480 39065 22%
c - 304.56 191 77 43 169 68039 1 1459018 49246 2.6 78 29 1 10 13% 124 482480 39065 22%
c o 305.00 191 77 43 169 68040 1 1461050 51243 2.7 78 29 1 10 13% 124 482480 39065 22%
c - 307.27 191 78 43 170 68041 1 1472018 48931 2.7 79 29 1 9 13% 124 482480 39065 22%
c - 309.85 192 77 43 171 68041 1 1485057 50037 2.7 77 28 1 9 13% 124 482480 39065 22%
c ] 310.10 192 77 44 171 68041 1 1485821 50796 2.7 77 28 1 9 13% 124 482480 39065 22%
c { 310.10 192 112 44 171 68041 11 1485821 50796 2.2 30 14 1 5 7% 124 482480 39065 22%
c - 312.00 193 113 44 172 68830 11 1498133 53671 2.2 30 14 1 5 7% 124 482480 39065 22%
c - 314.47 193 112 44 173 69891 11 1511247 56559 2.2 31 14 1 5 7% 124 482480 39065 22%
c - 316.79 194 112 44 174 70943 11 1524401 58098 2.2 31 14 1 5 7% 124 482480 39065 22%
c - 319.30 194 112 44 175 72059 11 1537592 59532 2.2 31 14 1 5 7% 124 482480 39065 22%
c - 321.57 194 112 44 176 72936 11 1550820 61086 2.3 31 14 1 5 7% 124 482480 39065 22%
c - 323.67 194 113 44 177 73812 11 1564087 62333 2.2 31 14 1 5 7% 124 482480 39065 22%
c u 325.05 194 113 44 177 74207 11 1571349 67064 2.3 31 14 1 5 7% 124 482480 39065 22%
c v 325.23 194 113 44 177 74207 11 1571349 60514 2.3 31 14 1 5 7% 124 482480 39065 22%
c
c seconds      switched       rate           size/glue  tier1  binary          remaining
c          MB    reductions      conflicts         size   tier2   irredundant
c            level     restarts         redundant     glue  trail         variables
c
c w 326.37 195 113 44 177 74207 11 1571349 58039 2.3 31 14 1 5 7% 124 482480 39065 22%
c - 329.75 195 112 44 178 74776 11 1577391 54666 2.3 31 14 1 5 7% 124 482480 39065 22%
c - 332.24 195 111 44 179 75897 11 1590732 57836 2.3 32 14 1 5 7% 124 482480 39065 22%
c } 332.94 195 111 45 179 76225 11 1594653 61396 2.3 32 14 1 5 7% 124 482480 39065 22%
c [ 332.94 195 77 45 179 76225 1 1594653 61396 2.7 77 28 1 9 13% 124 482480 39065 22%
c I 332.94 195 77 45 179 76225 1 1594653 61396 2.7 77 28 1 9 13% 124 482480 39065 22%
c - 334.71 195 77 45 180 76231 1 1604111 59007 2.7 76 28 1 9 14% 124 482480 39065 22%
c - 337.42 195 77 45 181 76238 1 1617528 56851 2.7 76 28 1 9 13% 124 482480 39065 22%
c - 339.69 195 77 45 182 76242 1 1630981 54853 2.7 75 28 1 9 13% 124 482480 39065 22%
c o 340.19 195 77 45 182 76245 1 1634040 57862 2.7 75 28 1 9 13% 124 482480 39065 22%
c - 342.07 195 77 45 183 76250 1 1644471 54255 2.7 75 28 1 9 13% 124 482480 39065 22%
c - 344.66 195 77 45 184 76254 1 1657998 54768 2.6 74 28 1 9 13% 124 482480 39065 22%
c - 347.87 196 77 45 185 76255 1 1671564 54359 2.6 74 28 1 9 13% 124 482480 39065 22%
c - 350.62 179 76 45 186 76261 1 1685169 54404 2.6 74 29 1 9 13% 124 482480 39065 22%
c u 353.33 180 76 45 186 76267 1 1695509 63660 2.6 74 29 1 9 13% 124 482480 39065 22%
c v 353.43 180 76 45 186 76267 1 1695509 61842 2.6 74 29 1 9 13% 124 482480 39065 22%
c w 354.78 182 76 45 186 76267 1 1695509 61703 2.6 74 29 1 9 13% 124 482480 39065 22%
c x 355.37 190 76 45 186 76267 1 1695509 61702 2.6 74 29 1 9 13% 124 482409 39065 22%
c s 355.54 191 76 45 186 76267 1 1695509 61702 2.6 74 29 1 9 13% 124 482406 39065 22%
c e 355.60 192 76 45 186 76267 1 1695509 61702 2.6 74 29 1 9 13% 124 482485 39054 22%
c
c seconds     switched      rate           size/glue  tier1   binary          remaining
c          MB   reductions     conflicts         size   tier2    irredundant
c           level     restarts        redundant     glue   trail         variables
c
c s 355.61 192 76 45 186 76267 1 1695509 61702 2.6 74 29 1 9 13% 124 482471 39054 22%
c B 355.84 192 76 45 186 76268 1 1696432 62604 2.6 74 29 1 9 13% 124 482471 39054 22%
c - 356.34 192 76 45 187 76269 1 1698808 52789 2.6 74 29 1 9 13% 124 482471 39054 22%
c ] 356.38 192 76 46 187 76269 1 1698994 52971 2.6 74 29 1 9 13% 124 482471 39054 22%
c { 356.38 192 111 46 187 76269 11 1698994 52971 2.3 32 14 1 5 7% 124 482471 39054 22%
c - 359.09 194 111 46 188 77236 11 1712482 56023 2.3 32 14 1 5 7% 124 482471 39054 22%
c - 361.36 194 112 46 189 78204 11 1726194 59817 2.3 32 14 1 5 7% 124 482471 39054 22%
c - 363.83 195 111 46 190 79227 11 1739942 62017 2.3 32 14 1 5 7% 124 482471 39054 22%
c - 366.20 195 112 46 191 80279 11 1753726 63746 2.3 32 14 1 5 7% 124 482471 39054 22%
c - 368.62 195 113 46 192 81271 11 1767547 65209 2.3 32 14 1 5 7% 124 482471 39054 22%
c - 371.16 195 113 46 193 82339 11 1781405 66461 2.3 32 14 1 5 7% 124 482471 39054 22%
c - 374.11 196 114 46 194 83455 11 1795297 67409 2.3 33 14 1 5 7% 124 482471 39054 22%
c - 377.21 196 113 46 195 84537 11 1809225 68394 2.3 33 14 1 5 7% 124 482471 39054 22%
c o 378.21 196 113 46 195 84920 11 1814042 72775 2.3 33 14 1 5 7% 124 482471 39054 22%
c } 378.81 196 113 47 195 85207 11 1817038 75517 2.3 33 14 1 5 7% 124 482471 39054 22%
c [ 378.81 196 76 47 195 85207 1 1817038 75517 2.6 74 29 1 9 13% 124 482471 39054 22%
c W 379.13 184 76 47 195 85207 1 1817038 75517 2.6 74 29 1 9 13% 124 482471 39054 22%
c - 380.41 185 76 47 196 85211 1 1823189 68079 2.6 74 28 1 9 13% 124 482471 39054 22%
c u 381.19 187 76 47 196 85212 1 1824872 67133 2.6 74 28 1 9 13% 124 482471 39054 22%
c v 381.38 187 76 47 196 85212 1 1824872 61004 2.6 74 28 1 9 13% 124 482471 39054 22%
c
c seconds     switched      rate           size/glue  tier1   binary          remaining
c          MB   reductions     conflicts         size   tier2    irredundant
c           level     restarts        redundant     glue   trail         variables
c
c w 382.11 187 76 47 196 85212 1 1824872 58950 2.6 74 28 1 9 13% 124 482471 39054 22%
c - 384.94 188 76 47 197 85219 1 1837189 57541 2.6 74 29 1 9 13% 124 482471 39054 22%
c - 388.21 188 76 47 198 85223 1 1851224 56902 2.6 74 29 1 9 13% 124 482471 39054 22%
c - 391.90 189 76 47 199 85231 1 1865295 57758 2.6 74 29 1 9 13% 124 482471 39054 22%
c - 394.82 189 76 47 200 85236 1 1879401 58396 2.5 73 29 1 9 13% 124 482471 39054 22%
c - 397.94 190 76 47 201 85237 1 1893544 57947 2.6 73 29 1 9 13% 124 482471 39054 22%
c - 400.70 190 76 47 202 85243 1 1907721 58485 2.6 73 28 1 9 13% 124 482471 39054 22%
c ] 403.26 190 76 48 202 85250 1 1919622 70246 2.6 74 29 1 9 13% 124 482471 39054 22%
c { 403.26 190 113 48 202 85250 11 1919622 70246 2.3 33 14 1 5 7% 124 482471 39054 22%
c - 403.81 191 112 48 203 85472 11 1921933 58721 2.3 33 14 1 5 7% 124 482471 39054 22%
c - 406.21 192 113 48 204 86358 10 1936180 62016 2.3 33 14 1 5 7% 124 482471 39054 22%
c - 409.04 193 112 48 205 87450 10 1950462 65468 2.3 34 15 1 5 7% 124 482471 39054 22%
c u 411.02 193 112 48 205 88052 10 1959466 72566 2.3 34 15 1 5 7% 124 482471 39054 22%
c v 411.25 193 112 48 205 88052 10 1959466 67184 2.3 34 15 1 5 7% 124 482471 39054 22%
c w 412.98 193 112 48 205 88052 10 1959466 64344 2.3 34 15 1 5 7% 124 482471 39054 22%
c - 413.97 193 112 48 206 88345 10 1964779 60527 2.3 34 15 1 5 7% 124 482471 39054 22%
c - 416.42 193 112 48 207 89256 10 1979133 64334 2.3 34 15 1 5 7% 124 482471 39054 22%
c - 419.07 193 111 48 208 90269 10 1993520 67150 2.3 34 15 1 5 7% 124 482471 39054 22%
c o 421.34 194 112 48 208 91143 10 2004097 76921 2.3 34 15 1 5 7% 124 482471 39054 22%
c - 422.09 194 112 48 209 91419 10 2007942 68650 2.3 34 15 1 5 7% 124 482471 39054 22%
c
c seconds      switched       rate           size/glue  tier1  binary          remaining
c          MB    reductions      conflicts         size   tier2   irredundant
c            level     restarts         redundant     glue  trail         variables
c
c - 425.30 194 112 48 210 92374 10 2022401 70044 2.3 35 15 1 5 7% 124 482471 39054 22%
c - 428.15 194 112 48 211 93389 10 2036893 71361 2.3 34 15 1 5 7% 124 482471 39054 22%
c } 430.33 194 111 49 211 94310 10 2047232 80957 2.3 35 15 1 5 7% 124 482471 39054 22%
c [ 430.33 194 76 49 211 94310 1 2047232 80957 2.6 74 29 1 9 13% 124 482471 39054 22%
c O 430.33 194 76 49 211 94310 1 2047232 80957 2.6 74 29 1 9 13% 124 482471 39054 22%
c - 431.24 194 76 49 212 94313 1 2051418 71452 2.6 74 29 1 9 13% 124 482471 39054 22%
c - 435.21 194 77 49 213 94322 1 2065978 69214 2.6 74 29 1 9 13% 124 482471 39054 22%
c - 439.84 195 77 49 214 94325 1 2080573 65322 2.6 76 29 1 9 13% 124 482471 39054 22%
c - 443.63 195 77 49 215 94334 1 2095202 64120 2.6 77 29 1 9 13% 124 482471 39054 22%
c u 445.16 195 77 49 215 94337 1 2099317 66171 2.6 77 30 1 9 13% 124 482471 39054 22%
c v 445.27 195 77 49 215 94337 1 2099317 63510 2.6 77 30 1 9 13% 124 482471 39054 22%
c w 446.90 195 77 49 215 94337 1 2099317 61763 2.6 77 30 1 9 13% 124 482471 39054 22%
c - 449.61 195 77 49 216 94339 1 2109865 59405 2.6 77 29 1 9 13% 124 482471 39054 22%
c - 454.07 196 77 49 217 94340 1 2124563 60463 2.6 78 30 1 9 13% 124 482471 39054 22%
c ] 457.73 196 76 50 217 94346 1 2136208 72036 2.6 78 30 1 9 13% 124 482471 39054 22%
c { 457.73 196 111 50 217 94346 10 2136208 72036 2.3 35 15 1 5 7% 124 482471 39054 22%
c - 458.33 196 110 50 218 94387 10 2139293 61702 2.4 35 15 1 5 7% 124 482471 39054 22%
c - 461.49 196 108 50 219 95168 10 2154057 65756 2.4 36 15 1 5 7% 124 482471 39054 22%
c - 464.20 196 107 50 220 95891 9 2168855 69090 2.4 36 15 1 5 7% 124 482471 39054 22%
c - 467.36 196 106 50 221 96833 9 2183687 71264 2.4 35 15 1 5 7% 124 482471 39054 22%
c
c seconds      switched      rate           size/glue  tier1  binary          remaining
c          MB    reductions     conflicts         size   tier2   irredundant
c            level     restarts        redundant     glue  trail         variables
c
c - 470.14 196 104 50 222 97717 9 2198553 72677 2.4 35 15 1 5 7% 124 482471 39054 22%
c o 471.47 196 104 50 222 98058 9 2204105 77617 2.4 35 15 1 5 7% 124 482471 39054 22%
c - 473.62 197 104 50 223 98525 9 2213453 74145 2.4 35 15 1 5 7% 124 482471 39054 22%
c - 477.16 197 104 50 224 99543 9 2228388 75719 2.4 35 15 1 5 7% 124 482471 39054 22%
c - 480.12 197 104 50 225 100496 9 2243354 76787 2.4 35 15 1 5 7% 124 482471 39054 22%
c u 480.66 197 104 50 225 100550 9 2244480 75293 2.4 35 15 1 5 7% 124 482471 39054 22%
c v 480.87 197 104 50 225 100550 9 2244480 69001 2.4 35 15 1 5 7% 124 482471 39054 22%
c w 481.24 197 104 50 225 100550 9 2244480 66693 2.4 35 15 1 5 7% 124 482471 39054 22%
c - 484.73 186 103 50 226 101224 9 2258356 69427 2.4 36 15 1 4 8% 124 482471 39054 22%
c - 488.03 188 103 50 227 102081 8 2273389 73037 2.4 36 15 1 4 8% 124 482471 39054 22%
c } 488.12 188 103 51 227 102119 8 2273733 73361 2.4 36 15 1 4 8% 124 482471 39054 22%
c [ 488.12 188 76 51 227 102119 1 2273733 73361 2.6 78 30 1 9 13% 124 482471 39054 22%
c B 488.12 188 76 51 227 102119 1 2273733 73361 2.6 78 30 1 9 13% 124 482471 39054 22%
c - 493.07 188 77 51 228 102128 1 2288455 72707 2.6 78 30 1 9 13% 124 482471 39054 22%
c - 496.97 189 77 51 229 102133 1 2303554 69241 2.6 78 30 1 9 13% 124 482471 39054 22%
c - 501.33 189 77 51 230 102140 1 2318687 67698 2.6 79 30 1 9 13% 124 482471 39054 22%
c - 505.29 189 77 51 231 102148 1 2333852 67603 2.6 78 30 1 9 13% 124 482471 39054 22%
c - 509.16 190 77 51 232 102149 1 2349050 68081 2.6 78 30 1 9 13% 124 482471 39054 22%
c - 513.32 190 77 51 233 102155 1 2364281 67588 2.6 78 30 1 9 13% 124 482471 39054 22%
c - 518.24 191 77 51 234 102163 1 2379547 66886 2.6 78 30 1 8 13% 124 482471 39054 22%
c
c seconds     switched       rate           size/glue  tier1   binary          remaining
c          MB   reductions      conflicts         size   tier2    irredundant
c           level      restarts        redundant     glue   trail         variables
c
c ] 522.03 191 77 52 234 102167 1 2391882 79097 2.6 79 30 1 8 13% 124 482471 39054 22%
c { 522.03 191 103 52 234 102167 8 2391882 79097 2.4 36 15 1 4 8% 124 482471 39054 22%
c - 522.98 191 102 52 235 102548 9 2394845 67288 2.4 36 15 1 4 8% 124 482471 39054 22%
c u 523.50 183 103 52 235 102565 9 2394985 66275 2.4 36 15 1 4 8% 124 482471 39054 22%
c v 523.64 184 103 52 235 102565 9 2394985 64152 2.4 36 15 1 4 8% 124 482471 39054 22%
c w 523.81 184 103 52 235 102565 9 2394985 62797 2.4 36 15 1 4 8% 124 482471 39054 22%
c x 524.80 190 103 52 235 102565 9 2394985 62797 2.4 36 15 1 4 8% 124 482432 39054 22%
c s 524.93 190 103 52 235 102565 9 2394985 62797 2.4 36 15 1 4 8% 124 482415 39054 22%
c e 524.98 191 103 52 235 102565 9 2394985 62797 2.4 36 15 1 4 8% 124 482463 39034 22%
c s 524.99 191 103 52 235 102565 9 2394985 62797 2.4 36 15 1 4 8% 124 482390 39034 22%
c - 528.75 193 103 52 236 104196 9 2410175 66676 2.4 37 15 1 4 8% 124 482390 39034 22%
c o 529.59 193 103 52 236 104543 9 2414106 70389 2.4 37 15 1 4 8% 124 482390 39034 22%
c - 532.28 193 104 52 237 105825 9 2425538 70675 2.4 37 16 1 4 8% 124 482390 39034 22%
c - 535.76 194 105 52 238 107380 10 2440932 72684 2.4 38 16 1 4 8% 124 482390 39034 22%
c - 539.63 194 105 52 239 108839 10 2456359 74119 2.4 39 16 1 4 8% 124 482390 39034 22%
c - 543.77 194 106 52 240 110415 10 2471818 75343 2.4 39 17 1 4 8% 124 482390 39034 22%
c - 547.60 195 107 52 241 111376 10 2487310 76916 2.4 40 17 1 4 9% 124 482390 39034 22%
c - 551.75 195 108 52 242 112336 9 2502834 78084 2.6 43 17 1 4 9% 124 482390 39034 22%
c - 556.09 195 106 52 243 113735 9 2518390 78422 2.5 43 17 1 4 9% 124 482390 39034 22%
c - 560.57 195 107 52 244 115025 9 2533980 78931 2.6 44 17 1 4 9% 124 482390 39034 22%
c
c seconds      switched       rate           size/glue  tier1  binary          remaining
c          MB    reductions      conflicts         size   tier2   irredundant
c            level      restarts        redundant     glue  trail         variables
c
c } 561.93 195 106 53 244 115519 9 2539669 84335 2.6 44 17 1 4 9% 124 482390 39034 22%
c [ 561.93 195 77 53 244 115519 1 2539669 84335 2.6 79 30 1 8 13% 124 482390 39034 22%
c W 562.36 184 77 53 244 115519 1 2539669 84335 2.6 79 30 1 8 13% 124 482390 39034 22%
c - 565.97 187 77 53 245 115525 1 2549600 78171 2.6 80 31 1 8 13% 124 482390 39034 22%
c u 566.75 188 77 53 245 115525 1 2550881 77340 2.6 80 31 1 8 13% 124 482390 39034 22%
c v 566.92 188 77 53 245 115525 1 2550881 71654 2.6 80 31 1 8 13% 124 482390 39034 22%
c w 567.58 188 77 53 245 115525 1 2550881 69615 2.6 80 31 1 8 13% 124 482390 39034 22%
c - 571.58 189 77 53 246 115533 1 2565254 68682 2.6 79 31 1 8 13% 124 482390 39034 22%
c - 575.59 190 77 53 247 115539 1 2580938 68401 2.6 79 31 1 8 13% 124 482390 39034 22%
c - 579.96 190 77 53 248 115547 1 2596655 68882 2.6 78 30 1 8 13% 124 482390 39034 22%
c - 584.57 191 76 53 249 115549 1 2612404 69032 2.7 80 30 1 8 13% 124 482390 39034 22%
c - 590.40 192 75 53 250 115554 1 2628183 69002 2.7 81 30 1 8 14% 124 482390 39034 22%
c o 593.03 192 75 53 250 115558 1 2635557 76339 2.7 81 30 1 8 14% 124 482390 39034 22%
c - 595.16 192 75 53 251 115563 1 2643996 70234 2.7 81 30 1 8 14% 124 482390 39034 22%
c - 599.47 193 75 53 252 115568 1 2659840 70417 2.7 81 30 1 8 13% 124 482390 39034 22%
c I 604.24 193 75 53 252 115577 1 2673909 84374 2.7 82 30 1 8 13% 124 482390 39034 22%
c ] 604.60 193 75 54 252 115577 1 2674825 85283 2.7 81 30 1 8 13% 124 482390 39034 22%
c { 604.60 193 106 54 252 115577 9 2674825 85283 2.6 44 17 1 4 9% 124 482390 39034 22%
c - 604.85 193 106 54 253 115582 9 2675715 70046 2.6 44 17 1 4 9% 124 482390 39034 22%
c - 607.67 194 106 54 254 115741 9 2691621 73017 2.6 44 17 1 4 10% 124 482390 39034 22%
c
c seconds      switched       rate           size/glue  tier1   binary          remaining
c          MB    reductions      conflicts         size   tier2    irredundant
c            level      restarts        redundant     glue   trail         variables
c
c - 610.86 194 108 54 255 115927 8 2707559 76252 2.7 45 17 1 4 10% 124 482390 39034 22%
c u 612.17 194 108 54 255 115986 8 2712169 79809 2.7 45 17 1 4 11% 124 482390 39034 22%
c v 612.38 194 108 54 255 115986 8 2712169 76842 2.7 45 17 1 4 11% 124 482390 39034 22%
c w 613.83 195 108 54 255 115986 8 2712169 73554 2.7 45 17 1 4 11% 124 482390 39034 22%
c = 617.93 195 108 54 255 115986 8 2712169 73554 2.7 45 17 1 4 11% 126 482390 39033 22%
c d 617.96 195 108 54 255 115986 8 2712169 73554 2.7 45 17 1 4 11% 124 482390 39033 22%
c u 618.33 195 108 54 255 115986 8 2712169 73434 2.7 45 17 1 4 11% 124 482390 39033 22%
c v 618.45 195 108 54 255 115986 8 2712169 72757 2.7 45 17 1 4 11% 124 482390 39033 22%
c w 619.50 195 108 54 255 115986 8 2712169 70674 2.7 45 17 1 4 11% 124 482390 39033 22%
c - 621.94 195 108 54 256 116135 7 2723527 70752 2.8 45 16 1 4 11% 124 482390 39033 22%
c - 625.29 195 109 54 257 116390 7 2739527 74373 2.8 45 16 1 4 11% 124 482390 39033 22%
c - 628.34 195 109 54 258 116677 6 2755558 76290 2.8 45 16 1 4 11% 124 482390 39033 22%
c - 631.02 195 107 54 259 116919 6 2771620 77672 2.9 45 16 1 4 12% 124 482390 39033 22%
c - 634.18 196 107 54 260 117376 6 2787713 78661 2.9 45 16 1 4 12% 124 482390 39033 22%
c - 637.28 196 107 54 261 117766 6 2803837 79379 2.9 44 15 1 4 12% 124 482390 39033 22%
c - 640.20 196 105 54 262 118244 6 2819992 79881 2.9 44 15 1 5 12% 124 482390 39033 22%
c } 643.23 196 106 55 262 118721 6 2833219 92608 2.9 43 15 1 5 12% 124 482390 39033 22%
c [ 643.23 196 75 55 262 118721 1 2833219 92608 2.7 81 30 1 8 13% 124 482390 39033 22%
c B 643.23 196 75 55 262 118721 1 2833219 92608 2.7 81 30 1 8 13% 124 482390 39033 22%
c - 643.96 196 75 55 263 118723 1 2836178 79970 2.7 81 30 1 8 13% 124 482390 39033 22%
c
c seconds     switched       rate           size/glue  tier1   binary          remaining
c          MB   reductions      conflicts         size   tier2    irredundant
c           level      restarts        redundant     glue   trail         variables
c
c - 647.77 196 75 55 264 118733 1 2852397 77377 2.7 80 30 1 8 13% 124 482390 39033 22%
c o 652.52 197 76 55 264 118737 1 2867353 92178 2.7 81 30 1 8 13% 124 482390 39033 22%
c - 652.90 197 76 55 265 118738 1 2868647 73782 2.7 81 30 1 8 13% 124 482390 39033 22%
c u 655.85 197 77 55 265 118743 1 2878904 82825 2.7 81 30 1 8 13% 124 482390 39033 22%
c v 656.07 197 77 55 265 118743 1 2878904 79257 2.7 81 30 1 8 13% 124 482390 39033 22%
c w 659.14 198 77 55 265 118743 1 2878904 79028 2.7 81 30 1 8 13% 124 482390 39033 22%
c - 661.04 179 77 55 266 118748 1 2884926 70153 2.7 80 30 1 8 13% 124 482390 39033 22%
c - 664.72 180 77 55 267 118751 1 2901237 70559 2.7 80 30 1 8 13% 124 482390 39033 22%
c - 668.49 181 76 55 268 118753 1 2917579 70098 2.6 80 30 1 8 13% 124 482390 39033 22%
c - 672.41 184 76 55 269 118763 1 2933949 70821 2.6 79 30 1 8 13% 124 482390 39033 22%
c - 677.87 185 78 55 270 118768 1 2950352 71698 2.7 79 30 1 8 13% 124 482390 39033 22%
c ] 678.89 185 78 56 270 118772 1 2955253 76523 2.7 79 30 1 8 13% 124 482390 39033 22%
c { 678.89 185 106 56 270 118772 6 2955253 76523 2.9 43 15 1 5 12% 124 482390 39033 22%
c - 682.17 189 106 56 271 120157 6 2966784 73530 2.8 43 16 1 5 11% 124 482390 39033 22%
c - 686.54 190 108 56 272 121745 7 2983247 76607 2.7 43 16 1 5 11% 124 482390 39033 22%
c - 691.33 191 108 56 273 123366 8 2999739 78903 2.7 43 16 1 4 11% 124 482390 39033 22%
c - 695.52 191 107 56 274 124848 8 3016261 80375 2.7 43 16 1 4 11% 124 482390 39033 22%
c - 699.78 192 107 56 275 126558 8 3032815 81273 2.6 43 17 1 4 10% 124 482390 39033 22%
c - 704.27 192 107 56 276 127959 9 3049399 82205 2.6 44 17 1 4 10% 124 482390 39033 22%
c u 705.17 192 107 56 276 128034 9 3051086 82286 2.6 44 17 1 4 10% 124 482390 39033 22%
c
c seconds      switched       rate           size/glue  tier1   binary          remaining
c          MB    reductions      conflicts         size   tier2    irredundant
c            level      restarts        redundant     glue   trail         variables
c
c v 705.38 192 107 56 276 128034 9 3051086 77364 2.6 44 17 1 4 10% 124 482390 39033 22%
c w 706.08 192 107 56 276 128034 9 3051086 74735 2.6 44 17 1 4 10% 124 482390 39033 22%
c - 710.08 192 108 56 277 129173 9 3066014 76322 2.6 44 17 1 4 10% 124 482390 39033 22%
c - 714.37 193 107 56 278 130263 8 3082657 79311 2.6 45 17 1 4 10% 124 482390 39033 22%
c - 718.33 193 107 56 279 131238 8 3099332 81173 2.7 46 17 1 4 10% 124 482390 39033 22%
c o 720.43 193 107 56 279 131866 8 3107376 88874 2.7 46 17 1 4 10% 124 482390 39033 22%
c - 722.87 193 108 56 280 132437 8 3116035 82185 2.7 46 17 1 4 10% 124 482390 39033 22%
c } 724.79 193 107 57 280 132902 8 3124598 90552 2.7 47 17 1 4 10% 124 482390 39033 22%
c [ 724.79 193 78 57 280 132902 1 3124598 90552 2.7 79 30 1 8 13% 124 482390 39033 22%
c W 725.45 185 78 57 280 132902 1 3124598 90552 2.7 79 30 1 8 13% 124 482390 39033 22%
c - 726.78 186 78 57 281 132907 1 3132768 81924 2.7 79 29 1 8 13% 124 482390 39033 22%
c - 729.72 187 78 57 282 132916 1 3149531 79415 2.7 78 29 1 8 13% 124 482390 39033 22%
c - 733.14 189 78 57 283 132923 1 3166323 76861 2.7 77 29 1 8 13% 124 482390 39033 22%
c - 737.65 190 78 57 284 132931 1 3183145 76397 2.7 78 29 1 8 13% 124 482390 39033 22%
c - 741.53 191 77 57 285 132932 1 3199998 75052 2.7 79 29 1 8 13% 124 482390 39033 22%
c - 745.27 191 77 57 286 132939 1 3216880 74330 2.7 78 29 1 8 13% 124 482390 39033 22%
c u 748.01 192 77 57 286 132946 1 3228770 84769 2.6 77 29 1 8 13% 124 482390 39033 22%
c v 748.13 192 77 57 286 132946 1 3228770 82597 2.6 77 29 1 8 13% 124 482390 39033 22%
c w 750.42 194 77 57 286 132946 1 3228770 82533 2.6 77 29 1 8 13% 124 482390 39033 22%
c x 751.34 197 77 57 286 132946 1 3228770 82533 2.6 77 29 1 8 13% 124 482374 39033 22%
c
c seconds     switched       rate           size/glue  tier1   binary          remaining
c          MB   reductions      conflicts         size   tier2    irredundant
c           level      restarts        redundant     glue   trail         variables
c
c - 752.49 181 77 57 287 132947 1 3233793 72731 2.7 77 29 1 8 13% 124 482374 39033 22%
c - 755.95 183 76 57 288 132954 1 3250734 73137 2.6 77 29 1 8 12% 124 482374 39033 22%
c - 759.32 183 76 57 289 132962 1 3267704 73057 2.6 77 30 1 8 12% 124 482374 39033 22%
c O 762.03 186 76 57 289 132963 1 3279961 85161 2.6 78 30 1 8 12% 124 482374 39033 22%
c - 763.08 186 76 57 290 132963 1 3284704 73275 2.6 78 30 1 8 12% 124 482374 39033 22%
c - 767.79 187 76 57 291 132964 1 3301734 73540 2.6 78 30 1 8 13% 124 482374 39033 22%
c - 771.27 187 75 57 292 132964 1 3318792 72444 2.6 79 30 1 8 12% 124 482374 39033 22%
c ] 772.68 187 75 58 292 132966 1 3325302 78848 2.6 78 30 1 8 12% 124 482374 39033 22%
c { 772.68 187 107 58 292 132966 8 3325302 78848 2.7 47 17 1 4 10% 124 482374 39033 22%
c - 775.14 191 107 58 293 133573 8 3335880 73908 2.7 47 17 1 4 10% 124 482374 39033 22%
c - 779.77 192 108 58 294 134524 8 3352997 77909 2.8 48 17 1 4 11% 124 482374 39033 22%
c o 780.85 193 108 58 294 134723 8 3357379 82191 2.8 48 18 1 4 11% 124 482374 39033 22%
c - 783.60 193 108 58 295 135420 8 3370143 80345 2.8 49 18 1 4 11% 124 482374 39033 22%
c - 787.63 194 108 58 296 136597 8 3387318 81668 2.8 49 18 1 4 11% 124 482374 39033 22%
c - 791.15 194 105 58 297 137118 7 3404522 82850 2.8 50 18 1 4 11% 124 482374 39033 22%
c u 793.48 194 105 58 297 137248 7 3411983 88976 2.9 51 18 1 4 11% 124 482374 39033 22%
c v 793.68 194 105 58 297 137248 7 3411983 84648 2.9 51 18 1 4 11% 124 482374 39033 22%
c w 796.53 195 105 58 297 137248 7 3411983 83528 2.9 51 18 1 4 11% 124 482374 39033 22%
c - 798.74 195 104 58 298 137610 7 3421756 78595 2.9 51 17 1 4 11% 124 482374 39033 22%
c - 803.03 195 105 58 299 138614 7 3439019 80550 2.9 52 18 1 4 11% 124 482374 39033 22%
c
c seconds      switched       rate           size/glue  tier1   binary          remaining
c          MB    reductions      conflicts         size   tier2    irredundant
c            level      restarts        redundant     glue   trail         variables
c
c - 807.37 195 106 58 300 139427 7 3456310 82373 2.9 52 18 1 4 11% 124 482374 39033 22%
c - 811.78 196 104 58 301 140286 7 3473630 83298 3.0 52 18 1 4 11% 124 482374 39033 22%
c - 816.30 196 105 58 302 141260 7 3490980 84141 2.9 52 18 1 4 11% 124 482374 39033 22%
c } 820.21 196 105 59 302 141991 7 3505932 98631 3.0 52 18 1 4 11% 124 482374 39033 22%
c [ 820.21 196 75 59 302 141991 1 3505932 98631 2.6 78 30 1 8 12% 124 482374 39033 22%
c B 820.21 196 75 59 302 141991 1 3505932 98631 2.6 78 30 1 8 12% 124 482374 39033 22%
c - 820.70 196 75 59 303 141993 1 3508358 85065 2.6 78 30 1 8 12% 124 482374 39033 22%
c - 825.10 196 76 59 304 142003 1 3525764 83118 2.6 78 30 1 8 12% 124 482374 39033 22%
c - 829.68 197 77 59 305 142008 1 3543199 79524 2.6 79 30 1 8 13% 124 482374 39033 22%
c - 833.22 198 78 59 306 142019 1 3560663 78322 2.6 78 30 1 8 12% 124 482374 39033 22%
c - 837.52 198 78 59 307 142021 1 3578155 78175 2.6 79 31 1 8 12% 124 482374 39033 22%
c - 841.80 181 78 59 308 142027 1 3595677 77890 2.6 80 31 1 8 13% 124 482374 39033 22%
c u 843.43 183 78 59 308 142028 1 3600751 81463 2.6 80 31 1 8 13% 124 482374 39033 22%
c v 843.57 184 78 59 308 142028 1 3600751 79007 2.6 80 31 1 8 13% 124 482374 39033 22%
c w 845.25 185 78 59 308 142028 1 3600751 77141 2.6 80 31 1 8 13% 124 482374 39033 22%
c - 847.62 185 78 59 309 142035 1 3613227 74135 2.6 79 30 1 8 13% 124 482374 39033 22%
c o 849.08 186 78 59 309 142038 1 3622770 83551 2.6 78 30 1 8 13% 124 482374 39033 22%
c - 851.11 187 78 59 310 142043 1 3630805 74781 2.6 79 30 1 8 13% 124 482374 39033 22%
c - 855.92 188 78 59 311 142051 1 3648411 75520 2.6 78 30 1 8 13% 124 482374 39033 22%
c - 859.94 188 77 59 312 142052 1 3666046 76041 2.7 78 29 1 8 13% 124 482374 39033 22%
c
c seconds     switched       rate           size/glue  tier1   binary          remaining
c          MB   reductions      conflicts         size   tier2    irredundant
c           level      restarts        redundant     glue   trail         variables
c
c s 860.16 188 76 59 312 142052 1 3667116 77090 2.7 78 29 1 8 13% 124 482369 39033 22%
c e 860.22 191 76 59 312 142052 1 3667116 77090 2.7 78 29 1 8 13% 124 482381 39025 22%
c s 860.23 191 76 59 312 142052 1 3667116 77090 2.7 78 29 1 8 13% 124 482371 39025 22%
c W 862.56 185 76 59 312 142053 1 3676026 85806 2.6 77 29 1 8 13% 124 482371 39025 22%
c - 863.78 187 76 59 313 142053 1 3683709 76315 2.7 76 29 1 8 12% 124 482371 39025 22%
c ] 866.99 187 75 60 313 142053 1 3699007 91396 2.7 76 29 1 8 12% 124 482371 39025 22%
c { 866.99 187 105 60 313 142053 7 3699007 91396 3.0 52 18 1 4 11% 124 482371 39025 22%
c - 867.56 189 104 60 314 142063 7 3701402 76927 3.0 52 18 1 4 11% 124 482371 39025 22%
c - 871.96 192 103 60 315 142831 6 3719122 79974 3.0 53 18 1 4 11% 124 482371 39025 22%
c - 876.01 193 102 60 316 143528 6 3736870 82081 3.0 53 17 1 4 12% 124 482371 39025 22%
c - 880.51 194 101 60 317 144370 6 3754646 83179 3.0 53 18 1 4 12% 124 482371 39025 22%
c - 884.79 194 101 60 318 145243 6 3772452 84604 3.0 53 18 1 4 12% 124 482371 39025 22%
c - 888.93 195 102 60 319 146298 6 3790285 86115 3.0 53 18 1 4 11% 124 482371 39025 22%
c u 890.59 186 102 60 319 146592 6 3795102 89425 3.0 53 18 1 4 11% 124 482371 39025 22%
c v 890.76 186 102 60 319 146592 6 3795102 84627 3.0 53 18 1 4 11% 124 482371 39025 22%
c w 892.53 188 102 60 319 146592 6 3795102 81360 3.0 53 18 1 4 11% 124 482371 39025 22%
c - 895.75 190 101 60 320 146929 6 3808145 80117 3.1 54 17 1 4 12% 124 482371 39025 22%
c - 900.36 191 103 60 321 148035 6 3826033 82641 3.0 53 18 1 4 11% 124 482371 39025 22%
c - 904.54 192 102 60 322 148889 6 3843950 84457 3.0 53 18 1 4 11% 124 482371 39025 22%
c - 908.86 193 102 60 323 149735 6 3861895 85776 3.0 53 18 1 4 11% 124 482371 39025 22%
c
c seconds      switched       rate           size/glue  tier1   binary          remaining
c          MB    reductions      conflicts         size   tier2    irredundant
c            level      restarts        redundant     glue   trail         variables
c
c - 913.26 193 102 60 324 150749 6 3879868 86982 3.0 53 18 1 4 12% 124 482371 39025 22%
c } 916.63 193 103 61 324 151406 6 3891259 98050 3.0 53 18 1 4 12% 124 482371 39025 22%
c [ 916.63 193 75 61 324 151406 1 3891259 98050 2.7 76 29 1 8 12% 124 482371 39025 22%
c I 916.63 193 75 61 324 151406 1 3891259 98050 2.7 76 29 1 8 12% 124 482371 39025 22%
c o 917.30 193 75 61 324 151408 1 3893314 100091 2.7 77 29 1 8 12% 124 482371 39025 22%
c - 918.51 193 76 61 325 151411 1 3897872 87340 2.7 77 29 1 8 13% 124 482371 39025 22%
c - 923.89 194 77 61 326 151419 1 3915899 85381 2.7 77 29 1 8 13% 124 482371 39025 22%
c - 927.43 194 76 61 327 151427 1 3933955 82085 2.7 76 29 1 8 13% 124 482371 39025 22%
c - 931.67 194 76 61 328 151435 1 3952039 80756 2.7 76 28 1 8 13% 124 482371 39025 22%
c - 937.00 195 76 61 329 151436 1 3970151 80524 2.7 78 29 1 8 13% 124 482371 39025 22%
c - 942.65 195 76 61 330 151446 1 3988291 79980 2.7 78 29 1 8 13% 124 482371 39025 22%
c u 944.49 195 76 61 330 151450 1 3995066 85095 2.7 78 29 1 8 13% 124 482371 39025 22%
c v 944.61 195 76 61 330 151450 1 3995066 82713 2.7 78 29 1 8 13% 124 482371 39025 22%
c w 947.11 197 76 61 330 151450 1 3995066 80332 2.7 78 29 1 8 13% 124 482371 39025 22%
c - 949.75 197 76 61 331 151451 1 4006457 76039 2.7 78 29 1 8 13% 124 482371 39025 22%
c - 954.72 197 76 61 332 151463 1 4024651 77338 2.7 77 29 1 8 13% 124 482371 39025 22%
c - 959.77 197 76 61 333 151467 1 4042871 78434 2.7 77 29 1 8 13% 124 482371 39025 22%
c - 964.95 198 76 61 334 151468 1 4061119 78393 2.7 78 29 1 8 13% 124 482371 39025 22%
c B 969.49 198 76 61 334 151468 1 4076595 93712 2.7 78 29 1 8 13% 124 482371 39025 22%
c ] 970.03 198 76 62 334 151468 1 4077842 94940 2.7 78 29 1 8 13% 124 482371 39025 22%
c
c seconds      switched       rate           size/glue  tier1   binary          remaining
c          MB    reductions      conflicts         size   tier2    irredundant
c            level      restarts        redundant     glue   trail         variables
c
c { 970.03 198 103 62 334 151468 6 4077842 94940 3.0 53 18 1 4 12% 124 482371 39025 22%
c - 970.49 198 103 62 335 151518 6 4079395 78737 3.0 53 18 1 4 12% 124 482371 39025 22%
c - 975.32 188 103 62 336 152333 6 4097700 81706 3.0 53 18 1 4 12% 124 482371 39025 22%
c - 979.97 189 104 62 337 152983 6 4116030 84346 3.0 53 18 1 4 12% 124 482371 39025 22%
c - 985.11 190 105 62 338 153858 6 4134387 86223 3.0 54 18 1 4 12% 124 482371 39025 22%
c - 990.05 191 106 62 339 154711 6 4152772 87872 3.0 53 18 1 4 12% 124 482371 39025 22%
c s 994.07 191 106 62 339 155541 6 4166855 101501 3.0 53 18 1 4 12% 124 482369 39025 22%
c - 995.33 192 106 62 340 155735 6 4171183 88610 3.0 53 18 1 4 12% 124 482369 39025 22%
c o 995.93 193 106 62 340 155907 6 4173459 90810 3.0 53 18 1 4 12% 124 482369 39025 22%
c - 1000.46 193 107 62 341 156791 6 4189623 89431 3.0 53 18 1 4 12% 124 482369 39025 22%
c u 1003.50 193 106 62 341 156946 6 4200664 98625 3.1 54 18 1 4 12% 124 482369 39025 22%
c v 1003.79 193 106 62 341 156946 6 4200664 92979 3.1 54 18 1 4 12% 124 482369 39025 22%
c w 1007.75 194 106 62 341 156946 6 4200664 92217 3.1 54 18 1 4 12% 124 482369 39025 22%
c - 1010.03 194 105 62 342 157259 6 4208090 83915 3.1 54 18 1 4 12% 124 482369 39025 22%
c - 1014.38 195 104 62 343 158156 6 4226584 85744 3.1 54 18 1 4 12% 124 482369 39025 22%
c - 1019.05 195 104 62 344 159211 6 4245104 87524 3.0 54 18 1 4 12% 124 482369 39025 22%
c - 1024.03 195 104 62 345 160055 6 4263652 88737 3.0 54 18 1 4 12% 124 482369 39025 22%
c } 1029.09 195 103 63 345 160813 6 4282052 106617 3.1 54 18 1 4 12% 124 482369 39025 22%
c [ 1029.09 195 76 63 345 160813 1 4282052 106617 2.7 78 29 1 8 13% 124 482369 39025 22%
c W 1029.37 186 76 63 345 160813 1 4282052 106617 2.7 78 29 1 8 13% 124 482369 39025 22%
c
c  seconds     switched       rate           size/glue  tier1   binary          remaining
c           MB   reductions      conflicts         size   tier2    irredundant
c            level      restarts        redundant     glue   trail         variables
c
c - 1029.44 187 76 63 346 160813 1 4282226 89601 2.7 78 29 1 8 13% 124 482369 39025 22%
c - 1034.42 189 77 63 347 160825 1 4300827 87735 2.7 79 29 1 8 13% 124 482369 39025 22%
c - 1039.12 190 77 63 348 160831 1 4319454 83905 2.6 79 30 1 8 13% 124 482369 39025 22%
c - 1044.12 192 77 63 349 160841 1 4338109 83267 2.7 79 30 1 8 13% 124 482369 39025 22%
c - 1048.45 193 77 63 350 160843 1 4356791 83246 2.6 78 30 1 8 13% 124 482369 39025 22%
c - 1053.01 193 77 63 351 160850 1 4375499 82295 2.6 78 30 1 8 12% 124 482369 39025 22%
c - 1057.94 193 76 63 352 160858 1 4394235 82607 2.6 78 30 1 8 12% 124 482369 39025 22%
c u 1062.59 194 76 63 352 160867 1 4411927 98680 2.5 78 31 1 8 12% 124 482369 39025 22%
c v 1062.74 194 76 63 352 160867 1 4411927 96289 2.5 78 31 1 8 12% 124 482369 39025 22%
c w 1066.98 198 76 63 352 160867 1 4411927 96116 2.5 78 31 1 8 12% 124 482369 39025 22%
c - 1067.33 198 76 63 353 160868 1 4412996 79518 2.5 78 31 1 8 12% 124 482369 39025 22%
c - 1071.88 180 78 63 354 160874 1 4431785 81107 2.6 77 30 1 8 13% 124 482369 39025 22%
c - 1077.36 182 78 63 355 160875 1 4450599 82441 2.7 77 29 1 8 14% 124 482369 39025 22%
c - 1081.98 183 79 63 356 160875 1 4469441 82196 2.7 79 29 1 8 14% 124 482369 39025 22%
c o 1084.82 183 78 63 356 160877 1 4481059 93743 2.7 80 29 1 8 14% 124 482369 39025 22%
c O 1085.32 185 78 63 356 160878 1 4483121 95783 2.7 79 29 1 8 14% 124 482369 39025 22%
c - 1086.29 186 79 63 357 160881 1 4488309 81443 2.8 79 29 1 8 14% 124 482369 39025 22%
c ] 1087.57 186 78 64 357 160883 1 4493225 86301 2.7 79 29 1 8 14% 124 482369 39025 22%
c { 1087.57 186 103 64 357 160883 6 4493225 86301 3.1 54 18 1 4 12% 124 482369 39025 22%
c - 1091.14 191 103 64 358 161641 6 4507203 83765 3.0 54 18 1 4 12% 124 482369 39025 22%
c
c  seconds      switched       rate           size/glue  tier1   binary          remaining
c           MB    reductions      conflicts         size   tier2    irredundant
c             level      restarts        redundant     glue   trail         variables
c
c - 1095.81 193 103 64 359 162423 6 4526123 86528 3.0 54 18 1 4 12% 124 482369 39025 22%
c - 1100.39 193 105 64 360 163251 6 4545070 88715 3.0 54 18 1 4 12% 124 482369 39025 22%
c - 1105.06 194 104 64 361 164268 6 4564043 89945 3.0 54 18 1 4 11% 124 482369 39025 22%
c - 1109.62 194 104 64 362 165254 6 4583045 90891 3.0 54 18 1 4 11% 124 482369 39025 22%
c - 1114.47 195 105 64 363 166250 6 4602072 91812 3.0 53 18 1 4 11% 124 482369 39025 22%
c - 1119.03 195 104 64 364 167244 6 4621125 92724 3.0 53 18 1 4 11% 124 482369 39025 22%
c u 1121.43 195 104 64 364 167650 6 4628881 98503 3.0 54 18 1 4 11% 124 482369 39025 22%
c v 1121.65 195 104 64 364 167650 6 4628881 92797 3.0 54 18 1 4 11% 124 482369 39025 22%
c w 1124.43 195 104 64 364 167650 6 4628881 92156 3.0 54 18 1 4 11% 124 482369 39025 22%
c x 1125.42 199 104 64 364 167650 6 4628881 92155 3.0 54 18 1 4 11% 124 482348 39025 22%
c - 1129.26 190 104 64 365 167863 6 4640205 87196 3.1 55 18 1 4 12% 124 482348 39025 22%
c - 1133.56 192 103 64 366 168587 6 4659310 89221 3.2 56 18 1 4 12% 124 482348 39025 22%
c - 1138.87 193 104 64 367 169590 6 4678441 90658 3.1 56 18 1 4 12% 124 482348 39025 22%
c - 1144.40 194 104 64 368 170449 6 4697598 92065 3.2 56 18 1 4 12% 124 482348 39025 22%
c s 1146.42 194 103 64 368 170928 6 4706054 100183 3.1 56 18 1 4 12% 124 482347 39025 22%
c e 1146.46 194 103 64 368 170928 6 4706054 100183 3.1 56 18 1 4 12% 124 482345 39020 22%
c s 1146.47 194 103 64 368 170928 6 4706054 100183 3.1 56 18 1 4 12% 124 482343 39020 22%
c } 1147.62 195 103 65 368 171147 6 4709723 103745 3.1 55 18 1 4 12% 124 482343 39020 22%
c [ 1147.62 195 78 65 368 171147 1 4709723 103745 2.7 79 29 1 8 14% 124 482343 39020 22%
c B 1147.62 195 78 65 368 171147 1 4709723 103745 2.7 79 29 1 8 14% 124 482343 39020 22%
c
c  seconds     switched       rate           size/glue  tier1   binary          remaining
c           MB   reductions      conflicts         size   tier2    irredundant
c            level      restarts        redundant     glue   trail         variables
c
c - 1149.32 195 78 65 369 171152 1 4716782 92021 2.7 79 29 1 8 14% 124 482343 39020 22%
c - 1154.58 195 78 65 370 171161 1 4735991 89304 2.6 78 30 1 8 13% 124 482343 39020 22%
c - 1159.28 195 77 65 371 171169 1 4755227 85504 2.6 78 30 1 8 13% 124 482343 39020 22%
c - 1163.91 196 77 65 372 171176 1 4774489 85349 2.6 78 30 1 8 13% 124 482343 39020 22%
c - 1170.10 197 77 65 373 171179 1 4793776 85859 2.8 81 29 1 8 13% 124 482343 39020 22%
c o 1170.80 197 77 65 373 171181 1 4796310 88362 2.8 81 29 1 8 13% 124 482343 39020 22%
c - 1174.94 197 77 65 374 171191 1 4813089 86572 2.8 81 29 1 8 13% 124 482343 39020 22%
c - 1180.30 198 76 65 375 171198 1 4832428 86350 2.7 81 29 1 8 13% 124 482343 39020 22%
c u 1186.20 198 76 65 375 171207 1 4851555 103770 2.7 80 30 1 8 13% 124 482343 39020 22%
c v 1186.47 198 76 65 375 171207 1 4851555 100958 2.7 80 30 1 8 13% 124 482343 39020 22%
c w 1191.08 203 76 65 375 171207 1 4851555 100831 2.7 80 30 1 8 13% 124 482343 39020 22%
c - 1191.28 181 76 65 376 171207 1 4851792 82040 2.7 80 30 1 8 13% 124 482343 39020 22%
c - 1196.56 181 75 65 377 171208 1 4871182 82186 2.7 81 30 1 8 13% 124 482343 39020 22%
c - 1202.66 184 75 65 378 171209 1 4890598 82548 2.7 83 30 1 8 13% 124 482343 39020 22%
c - 1207.83 185 74 65 379 171212 1 4910040 82521 2.8 85 31 1 8 13% 124 482343 39020 22%
c ] 1209.58 185 75 66 379 171216 1 4917249 89679 2.7 84 31 1 8 13% 124 482343 39020 22%
c { 1209.58 185 103 66 379 171216 6 4917249 89679 3.1 55 18 1 4 12% 124 482343 39020 22%
c - 1212.53 192 103 66 380 171388 6 4929507 85048 3.2 55 17 1 4 12% 124 482343 39020 22%
c - 1216.70 194 103 66 381 171717 5 4949000 89043 3.2 54 17 1 4 12% 124 482343 39020 22%
c - 1220.88 195 101 66 382 172133 5 4968519 91174 3.2 54 17 1 4 12% 124 482343 39020 22%
c
c  seconds     switched       rate           size/glue  tier1   binary          remaining
c           MB   reductions      conflicts         size   tier2    irredundant
c            level      restarts        redundant     glue   trail         variables
c
c - 1225.96 195 99 66 383 172581 5 4988063 92315 3.2 54 17 1 4 12% 124 482343 39020 22%
c - 1230.87 196 100 66 384 173231 5 5007633 94020 3.2 53 17 1 3 12% 124 482343 39020 22%
c - 1236.15 197 100 66 385 173936 5 5027229 95426 3.1 52 17 1 3 11% 124 482343 39020 22%
c - 1240.42 197 99 66 386 174542 5 5046851 96810 3.1 51 16 1 3 11% 124 482343 39020 22%
c - 1245.00 197 97 66 387 175033 5 5066497 97561 3.2 52 16 1 3 11% 124 482343 39020 22%
c u 1248.75 197 96 66 387 175473 5 5079975 107700 3.2 51 16 1 3 11% 124 482343 39020 22%
c v 1248.98 197 96 66 387 175473 5 5079975 102514 3.2 51 16 1 3 11% 124 482343 39020 22%
c w 1253.28 198 96 66 387 175473 5 5079975 100566 3.2 51 16 1 3 11% 124 482343 39020 22%
c - 1254.54 198 97 66 388 175680 5 5086170 91083 3.1 50 16 1 3 11% 124 482343 39020 22%
c - 1259.15 199 97 66 389 176471 5 5105869 93983 3.1 50 16 1 3 11% 124 482343 39020 22%
c o 1259.28 199 97 66 389 176509 5 5106318 94403 3.1 50 16 1 3 11% 124 482343 39020 22%
c - 1264.19 199 97 66 390 177325 5 5125592 96068 3.1 49 16 1 3 11% 124 482343 39020 22%
c - 1269.08 199 96 66 391 178343 5 5145340 97270 3.0 48 16 1 3 10% 124 482343 39020 22%
c } 1269.32 199 96 67 391 178409 5 5146365 98199 3.0 48 16 1 3 10% 124 482343 39020 22%
c [ 1269.32 199 75 67 391 178409 1 5146365 98199 2.7 84 31 1 8 13% 124 482343 39020 22%
c W 1270.30 187 75 67 391 178409 1 5146365 98199 2.7 84 31 1 8 13% 124 482343 39020 22%
c - 1275.03 191 75 67 392 178421 1 5165113 95689 2.7 84 31 1 8 13% 124 482343 39020 22%
c - 1279.86 192 75 67 393 178428 1 5184912 90169 2.7 84 31 1 8 12% 124 482343 39020 22%
c - 1285.22 193 75 67 394 178438 1 5204736 88783 2.7 84 31 1 8 13% 124 482343 39020 22%
c - 1290.21 194 75 67 395 178439 1 5224585 89845 2.7 83 30 1 8 13% 124 482343 39020 22%
c
c  seconds     switched       rate           size/glue  tier1   binary          remaining
c           MB   reductions      conflicts         size   tier2    irredundant
c            level      restarts        redundant     glue   trail         variables
c
c - 1295.81 195 76 67 396 178449 1 5244462 89891 2.7 82 30 1 8 13% 124 482343 39020 22%
c - 1301.22 195 77 67 397 178457 1 5264362 90711 2.8 81 29 1 8 13% 124 482343 39020 22%
c - 1306.76 195 77 67 398 178468 1 5284286 91249 2.8 80 29 1 8 14% 124 482343 39020 22%
c - 1311.79 196 77 67 399 178470 1 5304235 90934 2.8 80 29 1 8 14% 124 482343 39020 22%
c u 1314.35 196 77 67 399 178471 1 5314138 98848 2.8 80 29 1 8 13% 124 482343 39020 22%
c v 1314.46 196 77 67 399 178471 1 5314138 96444 2.8 80 29 1 8 13% 124 482343 39020 22%
c w 1318.97 199 77 67 399 178471 1 5314138 92617 2.8 80 29 1 8 13% 124 482343 39020 22%
c - 1321.58 199 77 67 400 178471 1 5324210 84577 2.7 79 29 1 8 13% 124 482343 39020 22%
c - 1326.51 200 76 67 401 178471 1 5344213 85701 2.7 80 29 1 8 13% 124 482343 39020 22%
c - 1332.00 182 77 67 402 178484 1 5364240 86232 2.7 79 29 1 7 13% 124 482343 39020 22%
c ] 1332.80 183 77 68 402 178485 1 5367507 89472 2.7 79 29 1 7 13% 124 482343 39020 22%
c { 1332.80 183 96 68 402 178485 5 5367507 89472 3.0 48 16 1 3 10% 124 482343 39020 22%
c - 1336.99 191 97 68 403 179902 6 5384290 88759 2.9 47 16 1 3 10% 124 482343 39020 22%
c - 1342.21 192 97 68 404 181824 7 5404367 91931 2.8 47 17 1 3 10% 124 482343 39020 22%
c - 1348.51 193 98 68 405 183268 7 5424466 93950 2.9 48 17 1 3 10% 124 482343 39020 22%
c o 1349.00 193 98 68 405 183434 7 5426322 95729 2.8 48 17 1 3 10% 124 482343 39020 22%
c - 1354.17 194 100 68 406 184873 8 5444590 95782 2.8 48 17 1 3 10% 124 482343 39020 22%
c - 1359.27 195 100 68 407 186417 8 5464740 96956 2.8 48 17 1 3 10% 124 482343 39020 22%
c - 1364.58 195 100 68 408 187888 8 5484915 97696 2.7 48 18 1 3 10% 124 482343 39020 22%
c - 1370.67 196 100 68 409 189115 8 5505114 98697 2.8 49 18 1 3 10% 124 482343 39020 22%
c
c  seconds     switched       rate           size/glue  tier1   binary          remaining
c           MB   reductions      conflicts         size   tier2    irredundant
c            level      restarts        redundant     glue   trail         variables
c
c - 1376.40 196 99 68 410 190149 8 5525338 99306 2.8 50 18 1 3 11% 124 482343 39020 22%
c - 1381.19 196 100 68 411 191007 7 5545587 99940 2.9 51 18 1 3 11% 124 482343 39020 22%
c u 1383.83 197 99 68 411 191551 7 5554103 105801 2.9 52 18 1 3 11% 124 482343 39020 22%
c v 1384.02 197 99 68 411 191551 7 5554103 100143 2.9 52 18 1 3 11% 124 482343 39020 22%
c w 1387.84 197 99 68 411 191551 7 5554103 95650 2.9 52 18 1 3 11% 124 482343 39020 22%
c - 1391.07 197 99 68 412 192234 7 5565861 90852 2.9 52 18 1 3 11% 124 482343 39020 22%
c - 1396.04 197 99 68 413 193105 7 5586158 93680 3.0 53 18 1 3 11% 124 482343 39020 22%
c - 1401.74 197 99 68 414 194218 7 5606480 95727 3.0 53 18 1 3 11% 124 482343 39020 22%
c } 1402.41 197 99 69 414 194362 7 5609566 98751 3.0 53 18 1 3 11% 124 482343 39020 22%
c [ 1402.41 197 77 69 414 194362 1 5609566 98751 2.7 79 29 1 7 13% 124 482343 39020 22%
c I 1402.41 197 77 69 414 194362 1 5609566 98751 2.7 79 29 1 7 13% 124 482343 39020 22%
c - 1406.49 197 77 69 415 194372 1 5626826 95504 2.7 78 28 1 7 14% 124 482343 39020 22%
c - 1412.03 198 77 69 416 194380 1 5647199 93663 2.8 78 28 1 7 13% 124 482343 39020 22%
c - 1418.48 198 77 69 417 194391 1 5667596 93160 2.8 79 28 1 7 14% 124 482343 39020 22%
c - 1424.89 199 76 69 418 194392 1 5688017 91831 2.8 82 29 1 7 13% 124 482343 39020 22%
c - 1430.84 199 76 69 419 194402 1 5708462 90878 2.8 82 29 1 7 13% 124 482343 39020 22%
c - 1437.05 199 77 69 420 194410 1 5728932 91389 2.8 82 29 1 7 13% 124 482343 39020 22%
c - 1441.99 199 77 69 421 194421 1 5749425 90922 2.7 81 30 1 7 13% 124 482343 39020 22%
c - 1446.63 200 76 69 422 194423 1 5769943 90020 2.6 80 30 1 7 13% 124 482343 39020 22%
c o 1447.56 200 76 69 422 194424 1 5774519 94528 2.6 79 30 1 7 13% 124 482343 39020 22%
c
c  seconds     switched       rate           size/glue  tier1   binary          remaining
c           MB   reductions      conflicts         size   tier2    irredundant
c            level      restarts        redundant     glue   trail         variables
c
c - 1452.52 200 77 69 423 194424 1 5790486 89586 2.7 83 31 1 7 13% 124 482343 39020 22%
c u 1455.56 200 77 69 423 194424 1 5799866 97390 2.7 84 31 1 7 14% 124 482343 39020 22%
c v 1455.68 200 77 69 423 194424 1 5799866 95817 2.7 84 31 1 7 14% 124 482343 39020 22%
c w 1461.12 204 77 69 423 194424 1 5799866 93404 2.7 84 31 1 7 14% 124 482343 39020 22%
c - 1464.17 185 77 69 424 194427 1 5811052 86412 2.7 84 31 1 7 14% 124 482343 39020 22%
c - 1469.17 187 77 69 425 194438 1 5831645 88057 2.7 82 30 1 7 14% 124 482343 39020 22%
c B 1472.10 188 76 69 425 194442 1 5843533 99762 2.7 81 30 1 7 13% 124 482343 39020 22%
c - 1474.46 188 77 69 426 194446 1 5852260 88547 2.7 81 30 1 7 13% 124 482343 39020 22%
c ] 1477.03 189 77 70 426 194451 1 5858492 94719 2.7 81 30 1 7 13% 124 482343 39020 22%
c { 1477.03 189 99 70 426 194451 7 5858492 94719 3.0 53 18 1 3 11% 124 482343 39020 22%
c - 1480.65 192 99 70 427 194580 6 5872899 90732 3.0 53 18 1 3 12% 124 482343 39020 22%
c - 1485.68 194 99 70 428 194786 6 5893564 94314 3.1 53 17 1 3 12% 124 482343 39020 22%
c - 1490.65 194 101 70 429 195044 5 5914252 96723 3.1 52 17 1 3 12% 124 482343 39020 22%
c - 1494.53 195 102 70 430 195308 5 5934965 97811 3.1 52 17 1 3 12% 124 482343 39020 22%
c - 1499.06 196 101 70 431 195656 5 5955703 98952 3.1 51 16 1 3 12% 124 482343 39020 22%
c - 1503.12 196 100 70 432 196104 5 5976463 99922 3.1 50 16 1 3 12% 124 482343 39020 22%
c - 1507.15 197 100 70 433 196589 5 5997247 100745 3.1 48 16 1 3 12% 124 482343 39020 22%
c - 1511.46 197 100 70 434 197178 5 6018056 101238 3.0 47 16 1 3 12% 124 482343 39020 22%
c - 1514.89 197 98 70 435 197703 5 6038890 101242 3.0 46 15 1 3 12% 124 482343 39020 22%
c u 1518.58 189 97 70 435 198120 5 6051456 111774 3.0 45 15 1 3 12% 124 482343 39020 22%
c
c  seconds     switched       rate            size/glue  tier1   binary          remaining
c           MB   reductions      conflicts          size   tier2    irredundant
c            level      restarts        redundant      glue   trail         variables
c
c v 1518.84 190 97 70 435 198120 5 6051456 106980 3.0 45 15 1 3 12% 124 482343 39020 22%
c w 1522.57 192 97 70 435 198120 5 6051456 102784 3.0 45 15 1 3 12% 124 482343 39020 22%
c - 1524.18 194 97 70 436 198314 5 6059746 94542 3.0 45 15 1 3 12% 124 482343 39020 22%
c - 1528.59 195 97 70 437 199059 5 6080628 97321 3.0 44 15 1 4 12% 124 482343 39020 22%
c - 1532.80 196 97 70 438 199677 5 6101532 99028 2.9 44 15 1 4 12% 124 482343 39020 22%
c } 1536.04 196 97 71 438 200162 5 6113820 110926 2.9 44 15 1 4 12% 124 482343 39020 22%
c [ 1536.04 196 77 71 438 200162 1 6113820 110926 2.7 81 30 1 7 13% 124 482343 39020 22%
c W 1536.21 188 77 71 438 200162 1 6113820 110926 2.7 81 30 1 7 13% 124 482343 39020 22%
c o 1536.54 189 77 71 438 200163 1 6114847 111951 2.7 81 30 1 7 13% 124 482343 39020 22%
c - 1538.21 191 77 71 439 200168 1 6122461 99220 2.7 81 30 1 7 13% 124 482343 39020 22%
c - 1543.40 192 77 71 440 200176 1 6143416 96241 2.6 79 30 1 7 13% 124 482343 39020 22%
c - 1548.26 193 77 71 441 200187 1 6164394 92492 2.6 79 30 1 7 13% 124 482343 39020 22%
c - 1554.47 194 77 71 442 200192 1 6185394 92240 2.7 81 30 1 7 13% 124 482343 39020 22%
c - 1560.59 195 77 71 443 200199 1 6206417 92112 2.7 81 30 1 7 13% 124 482343 39020 22%
c - 1567.01 196 77 71 444 200207 1 6227465 92399 2.7 81 30 1 7 13% 124 482343 39020 22%
c - 1572.69 196 77 71 445 200220 1 6248537 92415 2.7 79 29 1 7 13% 124 482343 39020 22%
c - 1578.14 197 77 71 446 200223 1 6269632 92301 2.7 79 30 1 7 13% 124 482343 39020 22%
c - 1584.21 197 77 71 447 200224 1 6290753 92297 2.7 80 29 1 7 13% 124 482343 39020 22%
c ] 1589.21 198 77 72 447 200224 1 6306600 108037 2.7 81 30 1 7 14% 124 482343 39020 22%
c { 1589.21 198 97 72 447 200224 5 6306600 108037 2.9 44 15 1 4 12% 124 482343 39020 22%
c
c  seconds     switched       rate            size/glue  tier1   binary          remaining
c           MB   reductions      conflicts          size   tier2    irredundant
c            level      restarts        redundant      glue   trail         variables
c
c u 1590.38 199 96 72 447 200586 5 6308901 108985 2.9 44 15 1 4 12% 124 482343 39020 22%
c v 1590.53 199 96 72 447 200586 5 6308901 106487 2.9 44 15 1 4 12% 124 482343 39020 22%
c w 1596.31 204 96 72 447 200586 5 6308901 106345 2.9 44 15 1 4 12% 124 482343 39020 22%
c - 1597.36 188 96 72 448 200971 5 6311895 89995 2.9 43 15 1 4 12% 124 482343 39020 22%
c - 1602.95 192 95 72 449 203639 7 6333064 93402 2.8 43 16 1 4 11% 124 482343 39020 22%
c - 1608.61 193 97 72 450 205904 8 6354253 96767 2.7 43 16 1 4 11% 124 482343 39020 22%
c - 1614.30 194 98 72 451 208112 8 6375466 98800 2.6 44 17 1 4 10% 124 482343 39020 22%
c - 1619.77 194 99 72 452 209925 9 6396702 100581 2.6 44 17 1 4 10% 124 482343 39020 22%
c - 1626.28 195 100 72 453 211920 9 6417964 101651 2.6 45 17 1 4 10% 124 482343 39020 22%
c - 1632.01 195 100 72 454 213645 9 6439247 102924 2.6 46 18 1 4 10% 124 482343 39020 22%
c - 1637.42 195 100 72 455 214960 9 6460554 103889 2.6 47 18 1 4 10% 124 482343 39020 22%
c o 1638.64 195 100 72 455 215265 9 6464847 108095 2.7 47 18 1 4 10% 124 482343 39020 22%
c - 1643.08 196 100 72 456 216183 8 6481885 104426 2.7 48 18 1 3 10% 124 482343 39020 22%
c - 1648.61 196 100 72 457 217235 8 6503240 105161 2.8 50 18 1 3 11% 124 482343 39020 22%
c - 1655.03 197 101 72 458 218537 8 6524618 105711 2.8 50 18 1 3 11% 124 482343 39020 22%
c - 1660.45 197 101 72 459 219516 7 6546019 106433 2.8 51 18 1 3 11% 124 482343 39020 22%
c - 1666.42 197 100 72 460 220442 7 6567445 106990 2.9 52 18 1 3 11% 124 482343 39020 22%
c u 1668.00 197 100 72 460 220542 7 6572227 108343 2.9 53 18 1 3 11% 124 482343 39020 22%
c v 1668.21 197 100 72 460 220542 7 6572227 102366 2.9 53 18 1 3 11% 124 482343 39020 22%
c w 1670.00 197 100 72 460 220542 7 6572227 98453 2.9 53 18 1 3 11% 124 482343 39020 22%
c
c  seconds      switched       rate           size/glue  tier1   binary          remaining
c           MB    reductions      conflicts         size   tier2    irredundant
c             level      restarts        redundant     glue   trail         variables
c
c x 1671.09 201 100 72 460 220542 7 6572227 98453 2.9 53 18 1 3 11% 124 482334 39020 22%
c = 1677.46 201 100 72 460 220542 7 6572227 98453 2.9 53 18 1 3 11% 138 482334 39013 22%
c d 1677.49 201 100 72 460 220542 7 6572227 98453 2.9 53 18 1 3 11% 124 482334 39013 22%
c u 1678.21 202 100 72 460 220542 7 6572227 98018 2.9 53 18 1 3 11% 124 482334 39013 22%
c v 1678.36 202 100 72 460 220542 7 6572227 96832 2.9 53 18 1 3 11% 124 482334 39013 22%
c w 1679.98 202 100 72 460 220542 7 6572227 94961 2.9 53 18 1 3 11% 124 482334 39013 22%
c } 1680.93 189 100 73 460 220787 7 6575516 98133 2.9 53 18 1 3 11% 124 482334 39013 22%
c [ 1680.93 189 77 73 460 220787 1 6575516 98133 2.7 81 30 1 7 14% 124 482334 39013 22%
c O 1680.93 189 77 73 460 220787 1 6575516 98133 2.7 81 30 1 7 14% 124 482334 39013 22%
c - 1684.77 190 77 73 461 220794 1 6588892 93497 2.7 81 30 1 7 14% 124 482334 39013 22%
c - 1691.92 191 76 73 462 220803 1 6610365 94002 2.7 81 30 1 7 13% 124 482334 39013 22%
c - 1698.09 192 76 73 463 220815 1 6631861 93843 2.7 81 30 1 7 13% 124 482334 39013 22%
c - 1704.43 193 76 73 464 220817 1 6653380 94202 2.7 81 30 1 7 13% 124 482334 39013 22%
c - 1711.34 193 77 73 465 220828 1 6674922 94425 2.7 81 30 1 7 13% 124 482334 39013 22%
c - 1717.43 194 76 73 466 220837 1 6696485 94832 2.7 81 30 1 7 13% 124 482334 39013 22%
c - 1723.45 195 77 73 467 220847 1 6718072 94662 2.6 81 31 1 7 13% 124 482334 39013 22%
c s 1726.42 195 76 73 467 220848 1 6732085 108471 2.6 79 30 1 7 13% 124 482326 39013 22%
c e 1726.47 196 76 73 467 220848 1 6732085 108471 2.6 79 30 1 7 13% 124 482337 39000 22%
c s 1726.48 196 76 73 467 220848 1 6732085 108471 2.6 79 30 1 7 13% 124 482333 39000 22%
c - 1728.30 197 76 73 468 220848 1 6739682 94374 2.6 79 30 1 7 12% 124 482333 39000 22%
c
c  seconds     switched       rate           size/glue  tier1   binary          remaining
c           MB   reductions      conflicts         size   tier2    irredundant
c            level      restarts        redundant     glue   trail         variables
c
c - 1733.66 197 76 73 469 220849 1 6761317 94010 2.6 79 30 1 7 12% 124 482333 39000 22%
c - 1738.51 198 76 73 470 220856 1 6782973 94270 2.6 79 30 1 7 12% 124 482333 39000 22%
c - 1743.89 198 76 73 471 220864 1 6804652 95025 2.6 78 30 1 7 12% 124 482333 39000 22%
c - 1748.69 199 76 73 472 220877 1 6826355 94437 2.6 78 30 1 7 12% 124 482333 39000 22%
c o 1748.93 199 76 73 472 220878 1 6827565 95634 2.6 78 30 1 7 12% 124 482333 39000 22%
c B 1750.68 199 76 73 472 220879 1 6835367 103389 2.6 78 30 1 7 12% 124 482333 39000 22%
c u 1752.98 199 76 73 472 220880 1 6841432 108795 2.6 79 30 1 7 12% 124 482333 39000 22%
c v 1753.14 199 76 73 472 220880 1 6841432 107417 2.6 79 30 1 7 12% 124 482333 39000 22%
c w 1759.15 204 76 73 472 220880 1 6841432 107063 2.6 79 30 1 7 12% 124 482333 39000 22%
c ] 1759.89 182 76 74 472 220880 1 6843741 109348 2.6 78 30 1 7 12% 124 482333 39000 22%
c { 1759.89 182 100 74 472 220880 7 6843741 109348 2.9 53 18 1 3 11% 124 482333 39000 22%
c - 1760.96 188 100 74 473 220949 7 6848080 93640 2.9 53 18 1 3 11% 124 482333 39000 22%
c - 1765.96 193 100 74 474 222004 7 6869828 96780 3.0 53 18 1 3 11% 124 482333 39000 22%
c - 1771.50 194 100 74 475 222768 6 6891600 99786 3.0 54 18 1 3 11% 124 482333 39000 22%
c - 1776.95 195 101 74 476 223506 6 6913395 101621 3.1 54 18 1 3 11% 124 482333 39000 22%
c - 1782.15 196 101 74 477 224409 6 6935214 103065 3.1 55 18 1 3 11% 124 482333 39000 22%
c - 1788.35 197 101 74 478 225663 6 6957055 103430 3.1 55 18 1 3 12% 124 482333 39000 22%
c - 1793.93 197 101 74 479 226912 6 6978918 103821 3.1 55 18 1 3 12% 124 482333 39000 22%
c - 1799.04 198 100 74 480 227760 6 7000804 104712 3.1 56 18 1 3 12% 124 482333 39000 22%
c - 1805.20 198 101 74 481 229237 6 7022712 105628 3.1 55 18 1 3 12% 124 482333 39000 22%
c
c  seconds      switched       rate            size/glue  tier1   binary          remaining
c           MB    reductions      conflicts          size   tier2    irredundant
c             level      restarts        redundant      glue   trail         variables
c
c - 1811.47 198 101 74 482 230618 7 7044643 106547 3.1 55 18 1 3 12% 124 482333 39000 22%
c - 1817.04 199 100 74 483 231606 6 7066598 107305 3.1 56 18 1 3 12% 124 482333 39000 22%
c - 1823.02 199 99 74 484 232910 6 7088576 107803 3.1 56 18 1 3 12% 124 482333 39000 22%
c - 1829.17 199 100 74 485 234121 7 7110576 108711 3.1 56 18 1 3 12% 124 482333 39000 22%
c u 1831.36 199 100 74 485 234472 7 7116573 111792 3.1 56 18 1 3 12% 124 482333 39000 22%
c v 1831.55 199 100 74 485 234472 7 7116573 106385 3.1 56 18 1 3 12% 124 482333 39000 22%
c w 1834.30 199 100 74 485 234472 7 7116573 102137 3.1 56 18 1 3 12% 124 482333 39000 22%
c } 1836.89 199 99 75 485 234857 6 7126566 111885 3.1 55 18 1 3 12% 124 482333 39000 22%
c [ 1836.89 199 76 75 485 234857 1 7126566 111885 2.6 78 30 1 7 12% 124 482333 39000 22%
c W 1837.76 188 76 75 485 234857 1 7126566 111885 2.6 78 30 1 7 12% 124 482333 39000 22%
c - 1838.99 190 76 75 486 234861 1 7132599 99329 2.6 78 30 1 7 12% 124 482333 39000 22%
c - 1845.26 192 76 75 487 234871 1 7154644 99946 2.7 79 30 1 7 13% 124 482333 39000 22%
c - 1851.46 193 76 75 488 234882 1 7176713 98498 2.7 80 30 1 7 13% 124 482333 39000 22%
c - 1856.55 194 76 75 489 234887 1 7198804 98570 2.7 79 29 1 7 13% 124 482333 39000 22%
c o 1858.67 194 75 75 489 234888 1 7209233 108867 2.7 80 29 1 7 13% 124 482333 39000 22%
c - 1861.68 195 76 75 490 234894 1 7220918 98264 2.7 80 29 1 7 13% 124 482333 39000 22%
c - 1866.88 195 76 75 491 234903 1 7243054 98123 2.7 79 29 1 7 12% 124 482333 39000 22%
c - 1871.84 195 75 75 492 234916 1 7265212 97530 2.7 78 29 1 7 12% 124 482333 39000 22%
c - 1878.91 196 76 75 493 234918 1 7287394 97390 2.7 79 30 1 7 12% 124 482333 39000 22%
c - 1885.27 197 76 75 494 234919 1 7309599 96599 2.6 79 30 1 7 12% 124 482333 39000 22%
c
c  seconds     switched       rate           size/glue  tier1   binary          remaining
c           MB   reductions      conflicts         size   tier2    irredundant
c            level      restarts        redundant     glue   trail         variables
c
c - 1890.99 197 75 75 495 234925 1 7331827 96224 2.6 79 30 1 7 12% 124 482333 39000 22%
c - 1897.04 197 75 75 496 234934 1 7354075 96921 2.6 79 30 1 7 12% 124 482333 39000 22%
c - 1903.07 198 75 75 497 234947 1 7376347 97371 2.6 79 30 1 7 12% 124 482333 39000 22%
c u 1910.34 198 76 75 497 234950 1 7397650 117404 2.6 80 30 1 7 12% 124 482333 39000 22%
c v 1910.46 198 76 75 497 234950 1 7397650 115757 2.6 80 30 1 7 12% 124 482333 39000 22%
c w 1916.54 202 76 75 497 234950 1 7397650 115454 2.6 80 30 1 7 12% 124 482333 39000 22%
c - 1916.79 182 76 75 498 234950 1 7398640 95408 2.6 80 30 1 7 12% 124 482333 39000 22%
c I 1917.76 182 76 75 498 234950 1 7404229 100899 2.6 79 30 1 7 12% 124 482333 39000 22%
c ] 1918.16 182 76 76 498 234950 1 7406810 103429 2.6 79 30 1 7 12% 124 482333 39000 22%
c { 1918.16 182 99 76 498 234950 6 7406810 103429 3.1 55 18 1 3 12% 124 482333 39000 22%
c - 1921.24 190 99 76 499 235303 6 7420956 97608 3.2 56 18 1 3 12% 124 482333 39000 22%
c - 1926.83 194 101 76 500 236221 6 7443295 100939 3.1 55 18 1 3 12% 124 482333 39000 22%
c - 1932.36 195 102 76 501 237309 6 7465655 103066 3.1 55 18 1 3 12% 124 482333 39000 22%
c - 1937.61 196 102 76 502 238680 6 7488038 104112 3.1 55 18 1 3 11% 124 482333 39000 22%
c - 1943.37 196 102 76 503 239735 6 7510444 105591 3.1 55 18 1 3 11% 124 482333 39000 22%
c - 1949.61 197 103 76 504 240995 6 7532871 106733 3.0 55 18 1 3 11% 124 482333 39000 22%
c - 1955.37 197 103 76 505 242094 6 7555320 107545 3.0 55 18 1 3 11% 124 482333 39000 22%
c - 1961.16 197 103 76 506 243126 6 7577792 108505 3.0 55 18 1 3 11% 124 482333 39000 22%
c o 1964.60 197 102 76 506 243487 6 7589234 119738 3.2 57 18 1 3 12% 124 482333 39000 22%
c - 1967.27 198 100 76 507 243849 6 7600286 108917 3.2 57 18 1 3 12% 124 482333 39000 22%
c
c  seconds      switched       rate            size/glue  tier1   binary          remaining
c           MB    reductions      conflicts          size   tier2    irredundant
c             level      restarts        redundant      glue   trail         variables
c
c - 1972.55 198 100 76 508 245012 6 7622802 109458 3.2 57 18 1 3 12% 124 482333 39000 22%
c - 1979.08 198 100 76 509 246485 6 7645342 110537 3.1 56 18 1 3 12% 124 482333 39000 22%
c - 1984.72 198 99 76 510 247348 6 7667905 110786 3.1 57 18 1 3 12% 124 482333 39000 22%
c u 1989.59 198 98 76 510 248010 6 7684689 124198 3.2 57 18 1 3 12% 124 482333 39000 22%
c v 1989.87 198 98 76 510 248010 6 7684689 118236 3.2 57 18 1 3 12% 124 482333 39000 22%
c w 1995.58 199 98 76 510 248010 6 7684689 117459 3.2 57 18 1 3 12% 124 482333 39000 22%
c = 2002.43 199 98 76 510 248010 6 7684689 117459 3.2 57 18 1 3 12% 160 482333 38982 22%
c d 2002.46 199 98 76 510 248010 6 7684689 117454 3.2 57 18 1 3 12% 124 482333 38982 22%
c u 2003.30 199 98 76 510 248010 6 7684689 116972 3.2 57 18 1 3 12% 124 482333 38982 22%
c v 2003.47 199 98 76 510 248010 6 7684689 115757 3.2 57 18 1 3 12% 124 482333 38982 22%
c w 2008.85 199 98 76 510 248010 6 7684689 114545 3.2 57 18 1 3 12% 124 482333 38982 22%
c - 2010.21 199 99 76 511 248278 6 7690488 101739 3.2 57 18 1 3 12% 124 482333 38982 22%
c } 2013.15 199 99 77 511 248718 6 7703861 114928 3.2 57 18 1 3 12% 124 482333 38982 22%
c [ 2013.15 199 76 77 511 248718 1 7703861 114928 2.6 79 30 1 7 12% 124 482333 38982 22%
c B 2013.15 199 76 77 511 248718 1 7703861 114928 2.6 79 30 1 7 12% 124 482333 38982 22%
c - 2015.00 199 76 77 512 248724 1 7713094 103035 2.6 78 30 1 7 12% 124 482333 38982 22%
c - 2021.13 200 76 77 513 248732 1 7735722 102721 2.7 78 29 1 7 13% 124 482333 38982 22%
c - 2026.28 200 75 77 514 248746 1 7758371 101335 2.7 79 30 1 7 13% 124 482333 38982 22%
c - 2033.33 201 76 77 515 248748 1 7781044 100008 2.7 81 30 1 7 13% 124 482333 38982 22%
c - 2040.46 201 76 77 516 248759 1 7803737 100158 2.8 81 29 1 7 13% 124 482333 38982 22%
c
c  seconds     switched       rate           size/glue  tier1   binary          remaining
c           MB   reductions      conflicts         size   tier2    irredundant
c            level      restarts        redundant     glue   trail         variables
c
c - 2045.79 201 76 77 517 248769 1 7826452 99818 2.7 81 30 1 7 13% 124 482333 38982 22%
c - 2051.67 201 75 77 518 248778 1 7849189 99136 2.7 80 30 1 7 13% 124 482333 38982 22%
c - 2056.82 182 75 77 519 248780 1 7871950 100362 2.7 79 29 1 7 13% 124 482333 38982 22%
c - 2062.35 183 75 77 520 248780 1 7894731 100716 2.7 81 29 1 7 12% 124 482333 38982 22%
c - 2068.88 186 75 77 521 248790 1 7917536 99789 2.7 81 29 1 7 12% 124 482333 38982 22%
c - 2075.81 187 74 77 522 248799 1 7940361 100198 2.7 81 30 1 7 12% 124 482333 38982 22%
c - 2082.62 188 74 77 523 248810 1 7963209 99899 2.7 81 30 1 7 12% 124 482333 38982 22%
c u 2087.18 190 73 77 523 248811 1 7977690 113467 2.7 81 29 1 7 12% 124 482333 38982 22%
c v 2087.32 191 73 77 523 248811 1 7977690 111798 2.7 81 29 1 7 12% 124 482333 38982 22%
c w 2093.57 194 73 77 523 248811 1 7977690 109970 2.7 81 29 1 7 12% 124 482333 38982 22%
c ] 2094.78 194 73 78 523 248811 1 7981143 113400 2.7 81 29 1 7 12% 124 482333 38982 22%
c { 2094.78 194 99 78 523 248811 6 7981143 113400 3.2 57 18 1 3 12% 124 482333 38982 22%
c o 2094.84 194 99 78 523 248817 6 7981177 113434 3.2 57 18 1 3 12% 124 482333 38982 22%
c - 2095.86 196 98 78 524 249061 6 7986078 98045 3.2 57 18 1 3 12% 124 482333 38982 22%
c - 2100.93 198 97 78 525 249867 6 8008970 101673 3.2 57 18 1 3 12% 124 482333 38982 22%
c - 2106.42 200 98 78 526 250845 6 8031885 104608 3.2 57 18 1 3 12% 124 482333 38982 22%
c - 2112.40 200 98 78 527 252014 6 8054819 106394 3.2 57 18 1 3 12% 124 482333 38982 22%
c - 2117.98 201 99 78 528 253335 6 8077777 108030 3.2 56 18 1 3 12% 124 482333 38982 22%
c - 2123.68 201 99 78 529 254465 6 8100756 108801 3.1 55 18 1 3 12% 124 482333 38982 22%
c - 2130.73 202 99 78 530 256021 6 8123758 109674 3.1 55 18 1 3 12% 124 482333 38982 22%
c
c  seconds     switched       rate            size/glue  tier1   binary          remaining
c           MB   reductions      conflicts          size   tier2    irredundant
c            level      restarts        redundant      glue   trail         variables
c
c - 2136.86 202 99 78 531 257081 6 8146779 110745 3.1 55 18 1 3 12% 124 482333 38982 22%
c - 2143.09 202 99 78 532 258360 6 8169823 111474 3.0 55 18 1 3 12% 124 482333 38982 22%
c s 2147.95 202 98 78 532 259234 6 8188062 129404 3.1 56 18 1 3 12% 124 482313 38982 22%
c - 2149.65 203 99 78 533 259403 6 8192888 111958 3.1 56 18 1 3 12% 124 482313 38982 22%
c - 2155.73 192 99 78 534 260701 6 8215974 112644 3.0 56 18 1 3 12% 124 482313 38982 22%
c - 2161.04 194 98 78 535 261682 6 8239082 112884 3.1 56 18 1 3 12% 124 482313 38982 22%
c - 2167.19 195 98 78 536 262972 6 8262212 113551 3.0 56 18 1 3 12% 124 482313 38982 22%
c u 2170.89 195 97 78 536 263307 6 8276709 124873 3.1 56 18 1 3 12% 124 482313 38982 22%
c v 2171.13 195 97 78 536 263307 6 8276709 119104 3.1 56 18 1 3 12% 124 482313 38982 22%
c w 2176.58 196 97 78 536 263307 6 8276709 117793 3.1 56 18 1 3 12% 124 482313 38982 22%
c = 2183.60 197 97 78 536 263307 6 8276709 117793 3.1 56 18 1 3 12% 132 482313 38978 22%
c d 2183.65 197 97 78 536 263307 6 8276709 117793 3.1 56 18 1 3 12% 124 482313 38978 22%
c u 2184.63 189 97 78 536 263307 6 8276709 117370 3.1 56 18 1 3 12% 124 482313 38978 22%
c v 2184.84 190 97 78 536 263307 6 8276709 116082 3.1 56 18 1 3 12% 124 482313 38978 22%
c w 2188.69 193 97 78 536 263307 6 8276709 111759 3.1 56 18 1 3 12% 124 482313 38978 22%
c x 2189.71 197 97 78 536 263307 6 8276709 111759 3.1 56 18 1 3 12% 124 482284 38978 22%
c - 2191.91 199 97 78 537 263674 6 8285365 101956 3.1 56 18 1 3 12% 124 482284 38978 22%
c } 2194.05 199 98 79 537 264093 6 8292734 109126 3.1 56 18 1 3 12% 124 482284 38978 22%
c [ 2194.05 199 73 79 537 264093 1 8292734 109126 2.7 81 29 1 7 12% 124 482284 38978 22%
c W 2194.38 188 73 79 537 264093 1 8292734 109126 2.7 81 29 1 7 12% 124 482284 38978 22%
c
c  seconds     switched       rate            size/glue  tier1   binary          remaining
c           MB   reductions      conflicts          size   tier2    irredundant
c            level      restarts        redundant      glue   trail         variables
c
c - 2199.65 192 74 79 538 264102 1 8308539 103523 2.7 81 30 1 7 13% 124 482284 38978 22%
c - 2205.08 193 74 79 539 264112 1 8331736 102807 2.7 81 30 1 7 12% 124 482284 38978 22%
c - 2211.51 194 74 79 540 264122 1 8354953 101612 2.7 82 31 1 7 12% 124 482284 38978 22%
c - 2218.55 196 74 79 541 264126 1 8378190 101679 2.6 83 32 1 7 12% 124 482284 38978 22%
c o 2219.22 196 74 79 541 264129 1 8381308 104784 2.6 83 32 1 7 12% 124 482284 38978 22%
c - 2223.31 196 74 79 542 264138 1 8401449 102360 2.6 81 31 1 7 12% 124 482284 38978 22%
c - 2228.76 197 74 79 543 264149 1 8424730 102207 2.6 80 31 1 7 12% 124 482284 38978 22%
c - 2234.35 197 74 79 544 264154 1 8448033 102426 2.6 79 30 1 7 12% 124 482284 38978 22%
c - 2239.45 198 74 79 545 264155 1 8471358 101475 2.6 79 30 1 7 12% 124 482284 38978 22%
c - 2245.90 198 74 79 546 264158 1 8494703 101201 2.6 79 30 1 7 12% 124 482284 38978 22%
c - 2251.59 199 74 79 547 264170 1 8518070 102107 2.6 79 30 1 7 12% 124 482284 38978 22%
c - 2257.98 200 75 79 548 264182 1 8541458 102106 2.6 79 30 1 7 12% 124 482284 38978 22%
c - 2265.10 201 74 79 549 264186 1 8564867 102041 2.7 81 30 1 7 12% 124 482284 38978 22%
c u 2269.89 201 74 79 549 264193 1 8581740 118076 2.7 80 30 1 7 12% 124 482284 38978 22%
c v 2270.05 201 74 79 549 264193 1 8581740 116463 2.7 80 30 1 7 12% 124 482284 38978 22%
c w 2276.56 204 74 79 549 264193 1 8581740 116015 2.7 80 30 1 7 12% 124 482284 38978 22%
c - 2278.36 182 74 79 550 264196 1 8588298 99961 2.7 80 30 1 7 12% 124 482284 38978 22%
c O 2280.91 184 74 79 550 264201 1 8597929 109472 2.7 80 30 1 7 12% 124 482284 38978 22%
c ] 2282.29 184 74 80 550 264201 1 8603482 114954 2.7 80 30 1 7 12% 124 482284 38978 22%
c { 2282.29 184 98 80 550 264201 6 8603482 114954 3.1 56 18 1 3 12% 124 482284 38978 22%
c
c  seconds     switched       rate            size/glue  tier1   binary          remaining
c           MB   reductions      conflicts          size   tier2    irredundant
c            level      restarts        redundant      glue   trail         variables
c
c - 2284.41 191 98 80 551 264470 6 8611750 101921 3.1 56 18 1 3 12% 124 482284 38978 22%
c - 2289.99 195 97 80 552 265424 6 8635223 105397 3.1 56 18 1 3 12% 124 482284 38978 22%
c - 2295.46 196 97 80 553 266093 5 8658717 108048 3.2 57 18 1 3 12% 124 482284 38978 22%
c - 2301.88 197 98 80 554 267521 6 8682233 109502 3.1 56 18 1 3 12% 124 482284 38978 22%
c - 2307.75 198 99 80 555 268851 6 8705772 110638 3.1 55 18 1 3 12% 124 482284 38978 22%
c - 2313.11 198 98 80 556 269760 6 8729330 111461 3.1 56 18 1 3 12% 124 482284 38978 22%
c - 2319.93 198 97 80 557 270842 6 8752909 112626 3.1 56 18 1 3 12% 124 482284 38978 22%
c - 2326.10 199 99 80 558 272352 6 8776509 113727 3.1 55 18 1 3 12% 124 482284 38978 22%
c o 2329.67 199 99 80 558 273158 6 8791542 128446 3.1 56 18 1 3 12% 124 482284 38978 22%
c - 2332.24 199 99 80 559 273633 6 8800131 114247 3.1 56 18 1 3 12% 124 482284 38978 22%
c - 2338.49 200 100 80 560 274536 6 8823774 115112 3.1 56 18 1 3 12% 124 482284 38978 22%
c - 2343.67 200 98 80 561 275393 6 8847439 115171 3.2 57 18 1 3 12% 124 482284 38978 22%
c - 2349.82 200 98 80 562 277086 6 8871125 115473 3.1 56 18 1 3 11% 124 482284 38978 22%
c u 2356.12 200 97 80 562 278249 6 8892789 133832 3.1 56 18 1 3 11% 124 482284 38978 22%
c v 2356.37 200 97 80 562 278249 6 8892789 128053 3.1 56 18 1 3 11% 124 482284 38978 22%
c w 2362.52 201 97 80 562 278249 6 8892789 127281 3.1 56 18 1 3 11% 124 482284 38978 22%
c - 2363.17 201 97 80 563 278321 6 8894831 108468 3.1 56 18 1 3 11% 124 482284 38978 22%
c - 2368.42 201 96 80 564 279280 6 8918559 110091 3.1 57 18 1 3 11% 124 482284 38978 22%
c } 2371.56 201 96 81 564 280115 6 8929926 121200 3.1 57 18 1 3 11% 124 482284 38978 22%
c [ 2371.56 201 74 81 564 280115 1 8929926 121200 2.7 80 30 1 7 12% 124 482284 38978 22%
c
c  seconds     switched       rate            size/glue  tier1   binary          remaining
c           MB   reductions      conflicts          size   tier2    irredundant
c            level      restarts        redundant      glue   trail         variables
c
c B 2371.56 201 74 81 564 280115 1 8929926 121200 2.7 80 30 1 7 12% 124 482284 38978 22%
c - 2374.79 201 74 81 565 280122 1 8942307 110850 2.7 79 29 1 7 12% 124 482284 38978 22%
c - 2381.91 202 75 81 566 280132 1 8966078 108847 2.6 80 30 1 7 12% 124 482284 38978 22%
c - 2388.84 203 75 81 567 280144 1 8989868 105400 2.6 80 31 1 7 12% 124 482284 38978 22%
c - 2394.80 182 74 81 568 280147 1 9013679 104440 2.6 80 31 1 7 12% 124 482284 38978 22%
c - 2400.43 182 75 81 569 280160 1 9037511 104418 2.6 80 31 1 7 12% 124 482284 38978 22%
c - 2406.30 183 75 81 570 280170 1 9061364 104259 2.6 79 31 1 7 12% 124 482284 38978 22%
c - 2412.96 185 74 81 571 280176 1 9085238 104589 2.6 80 31 1 7 12% 124 482284 38978 22%
c - 2419.00 186 74 81 572 280177 1 9109134 104553 2.5 80 31 1 7 12% 124 482284 38978 22%
c - 2425.36 186 74 81 573 280182 1 9133050 104309 2.5 79 32 1 7 12% 124 482284 38978 22%
c - 2432.04 187 75 81 574 280192 1 9156988 105071 2.5 79 32 1 7 12% 124 482284 38978 22%
c - 2437.35 190 75 81 575 280205 1 9180946 105341 2.5 79 32 1 7 12% 124 482284 38978 22%
c - 2442.95 192 75 81 576 280208 1 9204925 105263 2.5 80 32 1 7 12% 124 482284 38978 22%
c u 2444.56 192 75 81 576 280208 1 9209910 109016 2.5 80 32 1 7 12% 124 482284 38978 22%
c v 2444.67 193 75 81 576 280208 1 9209910 107141 2.5 80 32 1 7 12% 124 482284 38978 22%
c w 2446.39 194 75 81 576 280208 1 9209910 104710 2.5 80 32 1 7 12% 124 482284 38978 22%
c = 2453.90 197 75 81 576 280208 1 9209910 104710 2.5 80 32 1 7 12% 126 482284 38977 22%
c d 2453.92 197 75 81 576 280208 1 9209910 104710 2.5 80 32 1 7 12% 124 482284 38977 22%
c u 2454.53 197 75 81 576 280208 1 9209910 104565 2.5 80 32 1 7 12% 124 482284 38977 22%
c v 2454.62 197 75 81 576 280208 1 9209910 104209 2.5 80 32 1 7 12% 124 482284 38977 22%
c
c  seconds     switched       rate            size/glue  tier1   binary          remaining
c           MB   reductions      conflicts          size   tier2    irredundant
c            level      restarts        redundant      glue   trail         variables
c
c w 2456.04 197 75 81 576 280208 1 9209910 102478 2.5 80 32 1 7 12% 124 482284 38977 22%
c o 2456.68 197 75 81 576 280211 1 9212216 104750 2.5 80 32 1 7 12% 124 482284 38977 22%
c - 2461.07 198 75 81 577 280221 1 9228925 100125 2.6 80 31 1 7 12% 124 482284 38977 22%
c ] 2466.32 199 74 82 577 280226 1 9246691 117750 2.6 80 31 1 7 12% 124 482284 38977 22%
c { 2466.32 199 96 82 577 280226 6 9246691 117750 3.1 57 18 1 3 11% 124 482284 38977 22%
c - 2468.30 201 95 82 578 280290 6 9252948 102474 3.2 57 18 1 3 12% 124 482284 38977 22%
c - 2474.71 202 94 82 579 280606 5 9276990 106351 3.2 57 18 1 3 12% 124 482284 38977 22%
c - 2480.69 193 95 82 580 280920 5 9301052 109775 3.3 57 17 1 3 12% 124 482284 38977 22%
c - 2485.86 195 95 82 581 281299 5 9325135 111726 3.3 56 17 1 3 12% 124 482284 38977 22%
c - 2491.49 196 95 82 582 282262 5 9349238 113321 3.2 54 17 1 3 11% 124 482284 38977 22%
c - 2496.87 197 94 82 583 282942 5 9373364 114714 3.2 54 17 1 3 11% 124 482284 38977 22%
c - 2502.80 197 95 82 584 283975 5 9397510 116217 3.2 53 17 1 3 11% 124 482284 38977 22%
c - 2508.75 198 93 82 585 284850 5 9421676 117523 3.2 53 17 1 3 11% 124 482284 38977 22%
c - 2514.75 198 93 82 586 285854 5 9445863 118577 3.1 52 16 1 3 11% 124 482284 38977 22%
c - 2520.92 199 93 82 587 286780 5 9470070 119559 3.1 51 16 1 3 10% 124 482284 38977 22%
c - 2526.97 199 94 82 588 287778 5 9494299 120797 3.0 50 16 1 3 10% 124 482284 38977 22%
c - 2533.40 199 94 82 589 289070 5 9518547 121426 3.0 49 16 1 3 10% 124 482284 38977 22%
c u 2538.36 199 93 82 589 289757 5 9533100 131604 3.0 49 16 1 3 10% 124 482284 38977 22%
c v 2538.59 199 93 82 589 289757 5 9533100 125314 3.0 49 16 1 3 10% 124 482284 38977 22%
c w 2544.32 200 93 82 589 289757 5 9533100 122087 3.0 49 16 1 3 10% 124 482284 38977 22%
c
c  seconds     switched       rate            size/glue  tier1   binary          remaining
c           MB   reductions      conflicts          size   tier2    irredundant
c            level      restarts        redundant      glue   trail         variables
c
c - 2546.99 200 93 82 590 290154 5 9542816 112093 3.0 49 16 1 3 10% 124 482284 38977 22%
c - 2552.64 201 92 82 591 291066 5 9567106 115017 3.0 49 16 1 3 10% 124 482284 38977 22%
c } 2558.06 201 93 83 591 292096 6 9588301 135024 3.0 49 16 1 3 10% 124 482284 38977 22%
c [ 2558.06 201 74 83 591 292096 1 9588301 135024 2.6 80 31 1 7 12% 124 482284 38977 22%
c W 2559.36 189 74 83 591 292096 1 9588301 135024 2.6 80 31 1 7 12% 124 482284 38977 22%
c - 2560.38 191 74 83 592 292098 1 9591418 117184 2.6 81 31 1 7 12% 124 482284 38977 22%
c - 2566.88 194 74 83 593 292110 1 9615749 115799 2.6 81 31 1 7 12% 124 482284 38977 22%
c - 2573.06 194 74 83 594 292123 1 9640100 111414 2.6 80 31 1 7 12% 124 482284 38977 22%
c - 2578.56 196 74 83 595 292126 1 9664472 109426 2.6 80 31 1 7 11% 124 482284 38977 22%
c o 2580.89 196 74 83 595 292127 1 9670706 115634 2.7 81 30 1 7 12% 124 482284 38977 22%
c - 2585.36 197 75 83 596 292138 1 9688865 109048 2.7 82 30 1 7 12% 124 482284 38977 22%
c - 2590.64 198 74 83 597 292148 1 9713279 109230 2.7 81 30 1 7 12% 124 482284 38977 22%
c - 2596.22 198 74 83 598 292157 1 9737712 109013 2.6 80 30 1 7 12% 124 482284 38977 22%
c - 2602.28 199 74 83 599 292158 1 9762167 109501 2.7 81 30 1 7 12% 124 482284 38977 22%
c - 2609.67 202 74 83 600 292159 1 9786644 109094 2.9 87 30 1 7 12% 124 482284 38977 22%
c - 2616.32 202 74 83 601 292173 1 9811139 108875 2.8 84 31 1 7 12% 124 482284 38977 22%
c - 2623.17 203 74 83 602 292184 1 9835654 109642 2.8 82 30 1 7 12% 124 482284 38977 22%
c - 2629.47 203 74 83 603 292189 1 9860191 110136 2.7 81 30 1 7 12% 124 482284 38977 22%
c u 2630.61 203 74 83 603 292189 1 9862389 110526 2.7 81 30 1 7 12% 124 482284 38977 22%
c v 2630.73 203 74 83 603 292189 1 9862389 108588 2.7 81 30 1 7 12% 124 482284 38977 22%
c
c  seconds     switched       rate            size/glue  tier1   binary          remaining
c           MB   reductions      conflicts          size   tier2    irredundant
c            level      restarts        redundant      glue   trail         variables
c
c w 2631.60 203 74 83 603 292189 1 9862389 106449 2.7 81 30 1 7 12% 124 482284 38977 22%
c - 2637.58 204 74 83 604 292199 1 9884748 105924 2.7 80 30 1 7 12% 124 482284 38977 22%
c - 2644.28 204 74 83 605 292210 1 9909324 107295 2.7 80 30 1 7 12% 124 482284 38977 22%
c I 2648.82 204 75 83 605 292217 1 9921974 119738 2.6 80 30 1 7 12% 124 482284 38977 22%
c ] 2650.70 204 75 84 605 292219 1 9927241 124983 2.6 80 30 1 7 12% 124 482284 38977 22%
c { 2650.70 204 93 84 605 292219 6 9927241 124983 3.0 49 16 1 3 10% 124 482284 38977 22%
c - 2652.60 205 93 84 606 293096 6 9933921 108764 3.0 49 16 1 3 10% 124 482284 38977 22%
c - 2659.18 196 94 84 607 295646 7 9958538 112251 2.8 48 17 1 3 10% 124 482284 38977 22%
c - 2665.42 197 94 84 608 297671 8 9983175 115584 2.8 49 17 1 3 10% 124 482284 38977 22%
c - 2671.90 198 95 84 609 299526 8 10007832 117582 2.8 49 18 1 3 10% 124 482284 38977 22%
c - 2678.78 199 95 84 610 301146 8 10032509 119090 2.8 50 18 1 3 10% 124 482284 38977 22%
c - 2685.70 199 96 84 611 302817 8 10057208 120130 2.8 50 18 1 3 10% 124 482284 38977 22%
c - 2692.83 200 95 84 612 304117 7 10081928 120861 2.9 53 18 1 3 11% 124 482284 38977 22%
c - 2700.05 200 96 84 613 305624 7 10106667 121750 2.9 53 18 1 3 11% 124 482284 38977 22%
c o 2701.62 200 96 84 613 305906 7 10111104 126093 2.9 53 18 1 3 11% 124 482284 38977 22%
c - 2707.03 201 96 84 614 307030 7 10131426 122631 3.0 54 18 1 3 11% 124 482284 38977 22%
c - 2714.02 201 96 84 615 308139 7 10156205 123062 3.0 54 18 1 3 11% 124 482284 38977 22%
c - 2721.27 201 96 84 616 309223 7 10181004 123308 3.1 55 18 1 3 12% 124 482284 38977 22%
c u 2726.75 201 97 84 616 310476 7 10197776 136524 3.0 55 18 1 3 11% 124 482284 38977 22%
c v 2727.00 201 97 84 616 310476 7 10197776 130184 3.0 55 18 1 3 11% 124 482284 38977 22%
c
c  seconds     switched       rate             size/glue  tier1   binary          remaining
c           MB   reductions      conflicts           size   tier2    irredundant
c            level      restarts         redundant      glue   trail         variables
c
c w 2734.27 202 97 84 616 310476 7 10197776 128226 3.0 55 18 1 3 11% 124 482284 38977 22%
c - 2736.81 202 97 84 617 310881 7 10205824 115177 3.0 55 18 1 3 11% 124 482284 38977 22%
c - 2743.41 202 97 84 618 312248 7 10230664 117254 3.0 56 18 1 3 11% 124 482284 38977 22%
c - 2749.73 202 95 84 619 312943 6 10255526 119024 3.1 57 18 1 3 12% 124 482284 38977 22%
c - 2756.40 202 96 84 620 314459 6 10280405 119769 3.1 56 18 1 3 11% 124 482284 38977 22%
c } 2757.47 202 96 85 620 314624 6 10284320 123611 3.1 56 18 1 3 11% 124 482284 38977 22%
c [ 2757.47 202 75 85 620 314624 1 10284320 123611 2.6 80 30 1 7 12% 124 482284 38977 22%
c B 2757.47 202 75 85 620 314624 1 10284320 123611 2.6 80 30 1 7 12% 124 482284 38977 22%
c - 2764.22 203 75 85 621 314637 1 10305305 118861 2.6 80 31 1 7 12% 124 482284 38977 22%
c - 2771.35 203 75 85 622 314646 1 10330225 115958 2.6 80 30 1 7 12% 124 482284 38977 22%
c - 2777.15 203 75 85 623 314654 1 10355164 113868 2.6 80 30 1 7 12% 124 482284 38977 22%
c - 2783.70 204 75 85 624 314662 1 10380124 113414 2.6 79 30 1 7 12% 124 482284 38977 22%
c - 2790.36 204 75 85 625 314674 1 10405104 113838 2.7 80 30 1 7 12% 124 482284 38977 22%
c - 2796.18 205 75 85 626 314684 1 10430106 113672 2.6 78 30 1 7 12% 124 482284 38977 22%
c - 2804.85 205 76 85 627 314686 1 10455125 113590 2.8 79 28 1 7 14% 124 482284 38977 22%
c - 2811.60 185 75 85 628 314686 1 10480165 112893 2.8 80 28 1 7 13% 124 482284 38977 22%
c - 2817.90 190 75 85 629 314700 1 10505224 112739 2.8 80 28 1 7 13% 124 482284 38977 22%
c - 2824.63 191 75 85 630 314711 1 10530303 113548 2.9 82 29 1 7 13% 124 482284 38977 22%
c u 2827.66 194 75 85 630 314715 1 10539286 120621 2.8 82 29 1 7 13% 124 482284 38977 22%
c v 2827.80 194 75 85 630 314715 1 10539286 118618 2.8 82 29 1 7 13% 124 482284 38977 22%
c
c  seconds     switched       rate             size/glue  tier1   binary          remaining
c           MB   reductions      conflicts           size   tier2    irredundant
c            level      restarts         redundant      glue   trail         variables
c
c w 2831.93 196 75 85 630 314715 1 10539286 115323 2.8 82 29 1 7 13% 124 482284 38977 22%
c = 2840.53 199 75 85 630 314715 1 10539286 115323 2.8 82 29 1 7 13% 126 482284 38976 22%
c d 2840.56 199 75 85 630 314715 1 10539286 115323 2.8 82 29 1 7 13% 124 482284 38976 22%
c u 2841.26 199 75 85 630 314715 1 10539286 115094 2.8 82 29 1 7 13% 124 482284 38976 22%
c v 2841.38 199 75 85 630 314715 1 10539286 114697 2.8 82 29 1 7 13% 124 482284 38976 22%
c w 2844.98 199 75 85 630 314715 1 10539286 112300 2.8 82 29 1 7 13% 124 482284 38976 22%
c - 2849.82 199 75 85 631 314717 1 10555403 107299 2.8 83 29 1 7 13% 124 482284 38976 22%
c o 2852.83 199 74 85 631 314718 1 10564644 116492 2.8 83 29 1 7 13% 124 482284 38976 22%
c - 2856.23 200 74 85 632 314727 1 10580523 109267 2.8 82 29 1 7 13% 124 482284 38976 22%
c - 2862.52 201 74 85 633 314738 1 10605662 110737 2.8 81 29 1 7 13% 124 482284 38976 22%
c - 2868.95 201 73 85 634 314748 1 10630822 111064 2.8 82 29 1 7 12% 124 482284 38976 22%
c W 2872.59 191 73 85 634 314748 1 10637491 117606 2.8 82 29 1 7 12% 124 482284 38976 22%
c ] 2876.10 195 74 86 634 314749 1 10650249 130252 2.8 82 30 1 7 12% 124 482284 38976 22%
c { 2876.10 195 96 86 634 314749 6 10650249 130252 3.1 56 18 1 3 11% 124 482284 38976 22%
c - 2877.70 198 97 86 635 314780 6 10656002 112305 3.1 56 18 1 3 12% 124 482284 38976 22%
c - 2882.56 200 96 86 636 314948 5 10681201 115919 3.2 56 18 1 3 12% 124 482284 38976 22%
c - 2888.83 201 98 86 637 315226 5 10706420 119069 3.2 55 17 1 3 13% 124 482284 38976 22%
c - 2894.39 202 97 86 638 315514 4 10731658 121078 3.2 54 17 1 3 13% 124 482284 38976 22%
c - 2900.41 202 97 86 639 316026 4 10756917 122326 3.2 53 16 1 3 13% 124 482284 38976 22%
c - 2905.64 203 96 86 640 316569 4 10782196 123269 3.2 51 16 1 3 13% 124 482284 38976 22%
c
c  seconds     switched       rate             size/glue  tier1   binary          remaining
c           MB   reductions      conflicts           size   tier2    irredundant
c            level      restarts         redundant      glue   trail         variables
c
c - 2910.84 203 94 86 641 317083 4 10807495 124497 3.1 50 16 1 3 12% 124 482284 38976 22%
c - 2916.42 204 93 86 642 317717 4 10832812 124989 3.1 48 16 1 3 12% 124 482284 38976 22%
c - 2922.19 204 93 86 643 318376 4 10858149 125524 3.1 47 15 1 3 12% 124 482284 38976 22%
c - 2927.75 204 92 86 644 319212 5 10883506 126515 3.1 46 15 1 3 12% 124 482284 38976 22%
c u 2928.74 204 91 86 644 319212 4 10886949 128159 3.1 46 15 1 3 12% 124 482284 38976 22%
c v 2929.01 204 91 86 644 319212 4 10886949 123409 3.1 46 15 1 3 12% 124 482284 38976 22%
c w 2929.75 205 91 86 644 319212 4 10886949 117666 3.1 46 15 1 3 12% 124 482284 38976 22%
c x 2930.84 207 91 86 644 319212 4 10886949 117666 3.1 46 15 1 3 12% 124 482278 38976 22%
c - 2935.38 198 92 86 645 320103 5 10908884 118484 3.0 45 15 1 3 12% 124 482278 38976 22%
c - 2940.80 200 92 86 646 321288 5 10934281 121830 3.0 43 15 1 3 12% 124 482278 38976 22%
c - 2947.01 200 92 86 647 322566 6 10959699 122896 2.9 43 15 1 3 11% 124 482278 38976 22%
c - 2951.33 201 89 86 648 323403 5 10985135 123787 2.9 41 14 1 3 11% 124 482278 38976 22%
c - 2957.15 202 89 86 649 324562 6 11010590 125017 2.9 41 14 1 3 11% 124 482278 38976 22%
c } 2959.90 202 89 87 649 325213 6 11023107 136956 2.8 40 14 1 3 11% 124 482278 38976 22%
c [ 2959.90 202 74 87 649 325213 1 11023107 136956 2.8 82 30 1 7 12% 124 482278 38976 22%
c O 2959.90 202 74 87 649 325213 1 11023107 136956 2.8 82 30 1 7 12% 124 482278 38976 22%
c - 2963.21 202 74 87 650 325220 1 11036066 124042 2.8 82 30 1 7 12% 124 482278 38976 22%
c o 2963.37 202 74 87 650 325221 1 11036517 124488 2.8 82 30 1 7 12% 124 482278 38976 22%
c - 2969.62 203 75 87 651 325232 1 11061561 119555 2.7 81 30 1 7 12% 124 482278 38976 22%
c - 2977.55 203 75 87 652 325242 1 11087076 115876 2.7 80 30 1 7 12% 124 482278 38976 22%
c
c  seconds     switched       rate             size/glue  tier1   binary          remaining
c           MB   reductions      conflicts           size   tier2    irredundant
c            level      restarts         redundant      glue   trail         variables
c
c - 2985.22 204 75 87 653 325249 1 11112610 115132 2.6 79 31 1 7 12% 124 482278 38976 22%
c - 2992.97 204 75 87 654 325258 1 11138163 114856 2.6 80 31 1 7 12% 124 482278 38976 22%
c - 3000.38 205 76 87 655 325273 1 11163736 115110 2.6 79 30 1 7 12% 124 482278 38976 22%
c - 3007.64 205 75 87 656 325275 1 11189328 114760 2.6 79 31 1 7 12% 124 482278 38976 22%
c - 3013.72 185 74 87 657 325275 1 11214940 113155 2.6 79 31 1 7 12% 124 482278 38976 22%
c - 3019.63 185 74 87 658 325288 1 11240572 113756 2.6 78 31 1 7 11% 124 482278 38976 22%
c u 3020.44 190 74 87 658 325288 1 11240763 112280 2.6 78 31 1 7 11% 124 482278 38976 22%
c v 3020.56 191 74 87 658 325288 1 11240763 110792 2.6 78 31 1 7 11% 124 482278 38976 22%
c w 3020.77 191 74 87 658 325288 1 11240763 108874 2.6 78 31 1 7 11% 124 482278 38976 22%
c - 3028.43 194 75 87 659 325297 1 11266223 110941 2.6 78 30 1 7 12% 124 482278 38976 22%
c - 3035.06 195 74 87 660 325306 1 11291893 111949 2.6 80 31 1 7 12% 124 482278 38976 22%
c - 3041.32 196 74 87 661 325315 1 11317585 111532 2.6 80 31 1 7 11% 124 482278 38976 22%
c ] 3044.92 196 74 88 661 325321 1 11332853 126710 2.6 79 30 1 7 11% 124 482278 38976 22%
c { 3044.92 196 89 88 661 325321 6 11332853 126710 2.8 40 14 1 3 11% 124 482278 38976 22%
c - 3048.57 200 89 88 662 326889 7 11343294 113753 2.7 40 15 1 3 10% 124 482278 38976 22%
c - 3056.05 202 90 88 663 330569 8 11369024 117919 2.6 40 16 1 3 10% 124 482278 38976 22%
c - 3063.33 202 91 88 664 334043 10 11394773 120791 2.5 41 16 1 3 9% 124 482278 38976 22%
c - 3070.90 203 92 88 665 336349 10 11420542 122970 2.6 43 17 1 3 10% 124 482278 38976 22%
c - 3079.28 204 92 88 666 337981 9 11446330 124790 2.7 46 17 1 3 10% 124 482278 38976 22%
c - 3086.76 204 93 88 667 339810 9 11472136 125820 2.7 48 17 1 3 10% 124 482278 38976 22%
c
c  seconds     switched       rate             size/glue  tier1   binary          remaining
c           MB   reductions      conflicts           size   tier2    irredundant
c            level      restarts         redundant      glue   trail         variables
c
c - 3094.04 204 93 88 668 341944 9 11497964 126725 2.7 49 18 1 3 10% 124 482278 38976 22%
c o 3096.15 204 93 88 668 342487 9 11506523 135019 2.7 49 18 1 3 10% 124 482278 38976 22%
c - 3100.78 205 94 88 669 343248 8 11523809 127846 2.8 50 18 1 3 11% 124 482278 38976 22%
c - 3107.65 205 93 88 670 345180 8 11549674 128625 2.8 51 18 1 3 10% 124 482278 38976 22%
c - 3114.34 205 94 88 671 346506 8 11575558 128800 2.9 53 18 1 3 11% 124 482278 38976 22%
c u 3123.67 194 95 88 671 348044 8 11600757 150191 2.9 54 18 1 3 11% 124 482278 38976 22%
c v 3124.00 195 95 88 671 348044 8 11600757 143231 2.9 54 18 1 3 11% 124 482278 38976 22%
c w 3131.72 199 95 88 671 348044 8 11600757 142541 2.9 54 18 1 3 11% 124 482278 38976 22%
c - 3132.09 200 95 88 672 348100 8 11601462 120501 2.9 54 18 1 3 11% 124 482278 38976 22%
c - 3138.94 201 96 88 673 349093 7 11627385 122462 3.0 55 18 1 3 11% 124 482278 38976 22%
c s 3142.68 201 94 88 673 349540 7 11641840 136711 3.1 55 18 1 3 11% 124 482275 38976 22%
c e 3142.72 202 94 88 673 349540 7 11641840 136711 3.1 55 18 1 3 11% 124 482251 38971 22%
c - 3146.80 203 95 88 674 350372 7 11653327 124317 3.0 55 18 1 3 11% 124 482251 38971 22%
c - 3155.11 203 96 88 675 351427 6 11679288 125811 3.1 57 18 1 3 12% 124 482251 38971 22%
c - 3161.82 204 96 88 676 352441 6 11705269 126609 3.1 56 18 1 3 12% 124 482251 38971 22%
c } 3166.58 204 97 89 676 353217 6 11721790 142783 3.1 56 18 1 3 11% 124 482251 38971 22%
c [ 3166.58 204 74 89 676 353217 1 11721790 142783 2.6 79 30 1 7 11% 124 482251 38971 22%
c B 3166.58 204 74 89 676 353217 1 11721790 142783 2.6 79 30 1 7 11% 124 482251 38971 22%
c - 3170.09 204 75 89 677 353223 1 11731270 126610 2.6 80 31 1 7 12% 124 482251 38971 22%
c - 3179.19 204 75 89 678 353234 1 11757290 124320 2.6 79 30 1 7 12% 124 482251 38971 22%
c
c  seconds     switched       rate             size/glue  tier1   binary          remaining
c           MB   reductions      conflicts           size   tier2    irredundant
c            level      restarts         redundant      glue   trail         variables
c
c - 3188.93 205 77 89 679 353246 1 11783328 121323 2.6 80 30 1 7 13% 124 482251 38971 22%
c - 3196.29 205 77 89 680 353252 1 11809386 120151 2.7 81 31 1 7 13% 124 482251 38971 22%
c - 3202.29 206 76 89 681 353262 1 11835462 119208 2.6 80 31 1 7 12% 124 482251 38971 22%
c - 3209.40 189 76 89 682 353276 1 11861557 118783 2.6 80 30 1 7 12% 124 482251 38971 22%
c - 3220.20 190 77 89 683 353279 1 11887672 119831 2.6 82 31 1 7 13% 124 482251 38971 22%
c - 3228.28 191 76 89 684 353279 1 11913806 120378 2.7 82 30 1 7 13% 124 482251 38971 22%
c - 3234.96 192 76 89 685 353292 1 11939959 120423 2.7 81 29 1 7 13% 124 482251 38971 22%
c - 3244.40 192 77 89 686 353303 1 11966134 120691 2.8 81 29 1 7 13% 124 482251 38971 22%
c u 3245.19 194 77 89 686 353304 1 11966931 119431 2.8 80 29 1 7 13% 124 482251 38971 22%
c v 3245.33 194 77 89 686 353304 1 11966931 116724 2.8 80 29 1 7 13% 124 482251 38971 22%
c w 3245.74 194 77 89 686 353304 1 11966931 114106 2.8 80 29 1 7 13% 124 482251 38971 22%
c - 3254.59 196 79 89 687 353310 1 11992326 115498 2.7 80 29 1 7 13% 124 482251 38971 22%
c o 3257.38 196 79 89 687 353311 1 12001771 124891 2.7 80 30 1 7 13% 124 482251 38971 22%
c - 3261.76 196 78 89 688 353321 1 12018539 116785 2.7 80 30 1 7 13% 124 482251 38971 22%
c - 3270.68 197 78 89 689 353332 1 12044768 117733 2.7 81 30 1 7 13% 124 482251 38971 22%
c - 3277.88 197 78 89 690 353341 1 12071016 118221 2.7 80 30 1 7 13% 124 482251 38971 22%
c ] 3282.27 198 78 90 690 353341 1 12083392 130502 2.7 80 29 1 7 13% 124 482251 38971 22%
c { 3282.27 198 97 90 690 353341 6 12083392 130502 3.1 56 18 1 3 11% 124 482251 38971 22%
c caught signal 15 (SIGTERM)
c
c ---- [ profiling ] ---------------------------------------------------------
c
c        2984.28   90.90 %  search
c        1513.24   46.09 %  stable
c        1471.04   44.81 %  focused
c         297.23    9.05 %  simplify
c         283.79    8.64 %  probe
c         221.74    6.75 %  vivify
c          46.83    1.43 %  sweep
c          12.29    0.37 %  reduce
c           8.43    0.26 %  walking
c           7.39    0.23 %  substitute
c           6.23    0.19 %  eliminate
c           3.73    0.11 %  factor
c           2.85    0.09 %  congruence
c           1.24    0.04 %  preprocess
c           0.89    0.03 %  subsume
c           0.86    0.03 %  transitive
c           0.38    0.01 %  backbone
c           0.13    0.00 %  parse
c           0.04    0.00 %  lucky
c =============================================
c        3282.92  100.00 %  total
c
c ---- [ statistics ] --------------------------------------------------------
c
c chronological:                        18287                0 %  conflicts
c conflicts:                         12085247             3681.25 per second
c congruent:                            46552               27 %  variables
c decisions:                         51181859                4.24 per conflict
c eliminated:                           83231               48 %  variables
c factored:                                 6                0 %  variables
c propagations:                   10935898026          3331147    per second
c reductions:                             690            17515    interval
c reordered:                               49           246638    interval
c rephased:                                61           198119    interval
c restarts:                            353414               34    interval
c strengthened:                          7352                0 %  checks
c substituted:                          46669               27 %  variables
c subsumed:                              7756                0 %  checks
c switched:                                90           134281    interval
c vivified:                            910099                9 %  checks
c walks:                                   20           604262    interval
c
c ---- [ glue usage ] --------------------------------------------------------
c
c focused glue 1 used 59843170 clauses 84.41% accumulated 84.41% tier1
c focused glue 2 used  3038156 clauses  4.29% accumulated 88.69%
c focused glue 3 used  1515270 clauses  2.14% accumulated 90.83% tier2
c
c stable glue 1   used 87750249 clauses 79.69% accumulated 79.69% tier1
c stable glue 2   used  3822571 clauses  3.47% accumulated 83.16%
c stable glue 3-5 used  5755652 clauses  5.23% accumulated 88.38%
c stable glue 6   used  1326608 clauses  1.20% accumulated 89.59%
c stable glue 7   used  1069227 clauses  0.97% accumulated 90.56% tier2
c
c ---- [ resources ] ---------------------------------------------------------
c
c maximum-resident-set-size:        230412288 bytes        220 MB
c process-time:                        54m 43s            3282.92 seconds
c raising signal 15 (SIGTERM)
