c ---- [ banner ] ------------------------------------------------------------
c
c Kissat SAT Solver
c 
c Copyright (c) 2021-2024 Armin Biere University of Freiburg
c Copyright (c) 2019-2021 Armin Biere Johannes Kepler University Linz
c 
c Version 4.0.4 8af8e56f174b778aef3aa45af9f739b2a5f492c2
c gcc (Ubuntu 13.3.0-6ubuntu2~24.04.1) 13.3.0 -W -Wall -O3 -DNDEBUG
c Sun Sep 27 15:50:37 +04 2026 Linux vm 6.18.44-fc-v37 x86_64
c
c ---- [ parsing ] -----------------------------------------------------------
c
c opened and reading DIMACS file:
c
c   cnf/d8.cnf
c
c parsed 'p cnf 172802 618815' header
c closing input after reading 12383887 bytes (12 MB)
c finished parsing after 0.12 seconds
c
c ---- [ solving ] -----------------------------------------------------------
c
c seconds switched rate     size/glue tier1   binary            remaining
c        MB reductions conflicts size  tier2      irredundant
c         level restarts redundant glue  trail            variables
c
c *  0.13 48 0 0 0  0 0   0   0 0.0 0 0 0 0 0% 121136 491047 167870 97%
c (  0.18 49 0 0 0  0 0   0   0 0.0 0 0 0 0 0% 121136 491047 167870 97%
c .  0.23 48 0 0 0  0 0   0   0 0.0 0 0 0 0 0% 129490 473933 167870 97%
c c  1.80 154 0 0 0  0 0   0   0 0.0 0 0 0 0 0% 201100 332641 127589 74%
c d  1.83 154 0 0 0  0 0   0   0 0.0 0 0 0 0 0% 120234 332641 127589 74%
c )  1.91 154 0 0 0  0 0   0   0 0.0 0 0 0 0 0% 119226 332641 127589 74%
c {  1.93 154 0 0 0  0 0   0   0 0.0 0 0 2 6 0% 119226 332641 127589 74%
c -  2.38 152 79 0 1 247 25 1001 574 1.9 14 7 3 8 5% 119226 332641 127589 74%
c }  2.38 152 79 1 1 247 25 1001 574 1.9 14 7 3 8 5% 119226 332641 127589 74%
c [  2.38 152 0 1 1 247 0 1001 574 0.0 0 0 2 6 0% 119226 332641 127589 74%
c B  2.38 152 0 1 1 247 0 1001 574 0.0 0 0 2 6 0% 119226 332641 127589 74%
c -  2.42 152 108 1 2 247 1 2004 1005 1.8 12 7 5 8 7% 119226 332641 127589 74%
c W  2.50 152 108 1 2 247 1 2004 1005 1.8 12 7 5 8 7% 119226 332641 127589 74%
c u  3.07 153 108 1 2 248 1 2695 1588 2.2 31 15 5 10 11% 119226 332641 127589 74%
c v  3.11 153 108 1 2 248 1 2695 1244 2.2 31 15 5 10 11% 119226 332641 127589 74%
c w  3.15 153 108 1 2 248 1 2695 1244 2.2 31 15 5 10 11% 119226 332641 127589 74%
c x  3.18 153 108 1 2 248 1 2695 1244 2.2 31 15 5 10 11% 119226 332641 127589 74%
c ]  3.25 153 107 2 2 248 1 2733 1280 2.2 33 15 5 10 11% 119226 332641 127589 74%
c {  3.25 153 79 2 2 248 25 2733 1280 1.9 14 7 3 8 5% 119226 332641 127589 74%
c -  3.46 153 80 2 3 293 19 3418 1345 1.9 14 7 4 9 6% 119226 332641 127589 74%
c
c seconds   switched   rate       size/glue tier1    binary            remaining
c         MB reductions conflicts       size  tier2      irredundant
c          level restarts    redundant    glue  trail            variables
c
c }  3.49 153 80 3 3 303 17 3735 1545 1.9 14 7 4 9 7% 119226 332641 127589 74%
c [  3.49 153 107 3 3 303 1 3735 1545 2.2 33 15 5 10 11% 119226 332641 127589 74%
c I  3.63 153 100 3 3 303 2 4265 1993 2.4 38 16 5 23 11% 119226 332641 127589 74%
c ]  3.69 153 102 4 3 303 2 4413 2134 2.7 44 16 5 23 11% 119226 332641 127589 74%
c {  3.69 153 80 4 3 303 17 4413 2134 1.9 14 7 4 9 7% 119226 332641 127589 74%
c -  3.90 153 124 4 4 470 22 5151 2338 1.9 15 8 3 9 7% 119226 332641 127589 74%
c }  4.35 153 130 5 4 766 23 6765 3507 2.0 16 8 3 9 7% 119226 332641 127589 74%
c [  4.35 153 102 5 4 766 2 6765 3507 2.7 44 16 5 23 11% 119226 332641 127589 74%
c -  4.50 153 105 5 5 766 2 7152 3359 2.9 50 17 5 25 12% 119226 332641 127589 74%
c B  4.87 153 107 5 5 767 1 8036 4239 3.2 60 19 5 25 14% 119226 332641 127589 74%
c ]  4.95 153 107 6 5 767 2 8213 4406 3.0 62 20 5 25 14% 119226 332641 127589 74%
c {  4.95 153 130 6 5 767 23 8213 4406 2.0 16 8 3 9 7% 119226 332641 127589 74%
c u  5.07 153 130 6 5 797 23 8298 4128 2.0 16 8 3 9 7% 119226 332641 127589 74%
c v  5.13 153 130 6 5 797 23 8298 3449 2.0 16 8 3 9 7% 119226 332641 127589 74%
c w  5.25 153 130 6 5 797 23 8298 3445 2.0 16 8 3 9 7% 119226 332641 127589 74%
c -  5.70 153 125 6 6 1043 26 9390 3786 2.0 17 9 4 12 6% 119226 332641 127589 74%
c o  5.84 153 126 6 6 1153 27 10009 4298 1.9 17 9 4 12 6% 119226 332641 127589 74%
c -  6.30 153 132 6 7 1439 28 11840 5207 2.0 18 9 4 14 6% 119226 332641 127589 74%
c }  6.40 153 133 7 7 1539 28 12284 5562 2.0 18 9 4 14 6% 119226 332641 127589 74%
c [  6.40 153 107 7 7 1539 2 12284 5562 3.0 62 20 5 25 14% 119226 332641 127589 74%
c
c seconds    switched   rate        size/glue  tier1     binary          remaining
c         MB  reductions  conflicts       size   tier2      irredundant
c           level  restarts    redundant     glue    trail          variables
c
c e  7.51 185 108 7 7 1540 1 13466 6716 3.5 71 20 5 25 15% 3509 396149 59578 34%
c s  7.63 185 108 7 7 1540 1 13466 6716 3.5 71 20 5 25 15% 3509 395661 59578 34%
c e  7.68 185 108 7 7 1540 1 13466 6716 3.5 71 20 5 25 15% 3493 395621 59541 34%
c ^  7.68 185 108 7 7 1540 1 13466 6716 3.5 71 20 5 25 15% 3493 395621 59541 34%
c W  7.80 164 108 7 7 1540 1 13567 1853 3.4 70 21 5 25 15% 3493 395621 59541 34%
c ]  8.24 164 108 8 7 1541 1 14473 2739 3.2 68 21 5 25 16% 3493 395621 59541 34%
c {  8.24 164 133 8 7 1541 28 14473 2739 2.0 18 9 4 14 6% 3493 395621 59541 34%
c -  8.30 159 134 8 8 1544 28 14487 2379 2.0 18 9 4 14 6% 3493 395621 59541 34%
c u  8.92 159 128 8 8 1861 26 16999 3842 2.0 19 10 4 13 6% 3493 395621 59541 34%
c v  9.01 159 128 8 8 1861 26 16999 3371 2.0 19 10 4 13 6% 3493 395621 59541 34%
c w  9.14 159 128 8 8 1861 26 16999 3315 2.0 19 10 4 13 6% 3493 395621 59541 34%
c x  9.21 159 128 8 8 1861 26 16999 3315 2.0 19 10 4 13 6% 3493 395621 59541 34%
c f  9.71 156 128 8 8 1861 26 16999 3315 2.0 19 10 4 13 6% 3515 395587 59546 34%
c u  9.80 156 128 8 8 1861 26 16999 3269 2.0 19 10 4 13 6% 3515 395587 59546 34%
c v  9.85 156 128 8 8 1861 26 16999 3081 2.0 19 10 4 13 6% 3515 395587 59546 34%
c w 10.00 156 128 8 8 1861 26 16999 2969 2.0 19 10 4 13 6% 3515 395587 59546 34%
c - 10.10 156 128 8 9 1905 26 17317 2866 2.0 19 10 3 13 5% 3515 395587 59546 34%
c o 10.59 156 148 8 9 2171 25 20010 4905 2.0 19 10 3 13 5% 3515 395587 59546 34%
c - 10.68 156 149 8 10 2227 25 20319 4720 2.0 19 10 3 13 5% 3515 395587 59546 34%
c } 10.74 156 147 9 10 2281 25 20633 4980 2.0 19 10 3 13 5% 3515 395587 59546 34%
c
c seconds    switched    rate        size/glue  tier1     binary          remaining
c         MB   reductions  conflicts       size   tier2      irredundant
c           level   restarts    redundant     glue    trail          variables
c
c [ 10.74 156 108 9 10 2281 1 20633 4980 3.2 68 21 5 25 16% 3515 395587 59546 34%
c O 10.82 156 107 9 10 2281 1 21095 5405 3.1 67 22 5 25 15% 3515 395587 59546 34%
c - 11.20 172 99 9 11 2283 1 23481 6564 2.9 66 23 5 30 14% 3515 395587 59546 34%
c ] 11.59 172 95 10 11 2284 1 25427 8464 2.7 67 24 5 30 13% 3515 395587 59546 34%
c { 11.59 172 147 10 11 2284 25 25427 8464 2.0 19 10 3 13 5% 3515 395587 59546 34%
c s 11.78 172 144 10 11 2492 24 26778 9484 2.0 19 10 3 13 5% 3515 395372 59546 34%
c e 12.20 173 144 10 11 2492 24 26778 9484 2.0 19 10 3 13 5% 1867 397277 58444 34%
c s 12.22 173 144 10 11 2492 24 26778 9484 2.0 19 10 3 13 5% 1867 396240 58444 34%
c e 12.28 173 144 10 11 2492 24 26778 9484 2.0 19 10 3 13 5% 1867 396239 58441 34%
c ^ 12.28 173 144 10 11 2492 24 26778 9484 2.0 19 10 3 13 5% 1867 396239 58441 34%
c - 12.31 173 144 10 12 2492 24 26797 5557 2.0 19 10 3 13 5% 1867 396239 58441 34%
c u 12.73 173 144 10 12 2662 23 28848 6509 2.0 19 10 3 13 5% 1867 396239 58441 34%
c v 12.83 173 144 10 12 2662 23 28848 5378 2.0 19 10 3 13 5% 1867 396239 58441 34%
c w 13.03 173 144 10 12 2662 23 28848 5354 2.0 19 10 3 13 5% 1867 396239 58441 34%
c - 13.46 173 134 10 13 2683 22 30261 5610 1.9 19 10 3 13 5% 1867 396239 58441 34%
c - 14.13 174 135 10 14 3034 21 33866 7413 1.9 19 10 3 12 5% 1867 396239 58441 34%
c } 14.19 174 138 11 14 3048 21 34054 7562 1.9 19 10 3 12 5% 1867 396239 58441 34%
c [ 14.19 174 95 11 14 3048 1 34054 7562 2.7 67 24 5 30 13% 1867 396239 58441 34%
c B 14.19 174 95 11 14 3048 1 34054 7562 2.7 67 24 5 30 13% 1867 396239 58441 34%
c - 15.10 174 92 11 15 3050 1 37607 9058 2.6 66 25 3 30 13% 1867 396239 58441 34%
c
c seconds    switched    rate        size/glue  tier1     binary          remaining
c         MB   reductions  conflicts       size   tier2      irredundant
c          level    restarts    redundant     glue    trail          variables
c
c ] 15.27 174 92 12 15 3050 1 38031 9480 2.6 66 25 3 30 13% 1867 396239 58441 34%
c { 15.27 174 138 12 15 3050 21 38031 9480 1.9 19 10 3 12 5% 1867 396239 58441 34%
c o 15.61 174 140 12 15 3380 21 40020 11035 1.9 19 10 3 12 5% 1867 396239 58441 34%
c - 15.89 174 140 12 16 3548 21 41480 10164 1.9 19 10 3 12 5% 1867 396239 58441 34%
c u 16.54 156 150 12 16 3782 21 44103 10934 1.9 19 10 3 12 5% 1867 396239 58441 34%
c v 16.69 156 150 12 16 3782 21 44103 9180 1.9 19 10 3 12 5% 1867 396239 58441 34%
c w 16.75 156 150 12 16 3782 21 44103 9178 1.9 19 10 3 12 5% 1867 396239 58441 34%
c x 16.85 156 150 12 16 3782 21 44103 9177 1.9 19 10 3 12 5% 1867 396228 58441 34%
c - 17.20 156 147 12 17 3975 21 45482 8461 1.9 19 10 3 12 5% 1867 396228 58441 34%
c } 17.76 172 154 13 17 4487 20 49510 11534 1.9 19 10 3 12 5% 1867 396228 58441 34%
c [ 17.76 172 92 13 17 4487 1 49510 11534 2.6 66 25 3 30 13% 1867 396228 58441 34%
c W 17.88 156 92 13 17 4487 1 49510 11534 2.6 66 25 3 30 13% 1867 396228 58441 34%
c - 17.93 156 92 13 18 4487 1 49606 9855 2.6 66 26 3 30 13% 1867 396228 58441 34%
c - 19.33 156 92 13 19 4490 1 53849 11240 2.6 69 27 2 29 14% 1867 396228 58441 34%
c e 20.19 156 91 13 19 4491 1 55634 12977 2.5 69 27 2 29 14% 1819 397188 57961 34%
c s 20.19 156 91 13 19 4491 1 55634 12977 2.5 69 27 2 29 14% 1819 396549 57961 34%
c e 20.22 156 91 13 19 4491 1 55634 12977 2.5 69 27 2 29 14% 1819 396549 57960 34%
c ^ 20.22 156 91 13 19 4491 1 55634 12977 2.5 69 27 2 29 14% 1819 396549 57960 34%
c ] 20.27 156 91 14 19 4492 1 55831 12833 2.5 69 27 2 29 14% 1819 396549 57960 34%
c { 20.27 156 154 14 19 4492 20 55831 12833 1.9 19 10 3 12 5% 1819 396549 57960 34%
c
c seconds     switched     rate         size/glue  tier1    binary          remaining
c         MB    reductions   conflicts        size   tier2     irredundant
c           level    restarts      redundant     glue   trail          variables
c
c - 20.72 172 151 14 20 4754 20 58208 11985 1.9 20 10 3 12 5% 1819 396549 57960 34%
c - 21.50 173 148 14 21 5246 20 62680 13006 2.0 20 10 3 12 5% 1819 396549 57960 34%
c u 21.64 173 148 14 21 5270 20 62872 11876 2.0 20 10 3 12 5% 1819 396549 57960 34%
c v 21.75 173 148 14 21 5270 20 62872 10155 2.0 20 10 3 12 5% 1819 396549 57960 34%
c w 21.99 173 148 14 21 5270 20 62872 10054 2.0 20 10 3 12 5% 1819 396549 57960 34%
c - 22.86 173 149 14 22 5741 20 67262 11041 2.0 20 10 2 12 5% 1819 396549 57960 34%
c o 23.31 173 149 14 22 6066 20 70025 13264 2.0 20 10 2 12 5% 1819 396549 57960 34%
c } 23.41 173 148 15 22 6145 20 70548 13673 2.0 20 10 2 12 5% 1819 396549 57960 34%
c [ 23.41 173 91 15 22 6145 1 70548 13673 2.5 69 27 2 29 14% 1819 396549 57960 34%
c I 23.41 173 91 15 22 6145 1 70548 13673 2.5 69 27 2 29 14% 1819 396549 57960 34%
c - 23.76 173 91 15 23 6146 1 71953 12754 2.5 68 27 2 28 14% 1819 396549 57960 34%
c - 24.95 174 89 15 24 6149 1 76748 13732 2.6 69 26 2 26 14% 1819 396549 57960 34%
c ] 25.74 174 89 16 24 6151 1 80857 17783 2.6 68 26 2 26 14% 1819 396549 57960 34%
c { 25.74 174 148 16 24 6151 20 80857 17783 2.0 20 10 2 12 5% 1819 396549 57960 34%
c - 25.86 174 146 16 25 6240 19 81646 14147 2.0 20 10 2 12 5% 1819 396549 57960 34%
c u 26.56 174 148 16 25 6640 19 85290 16289 2.0 20 10 2 12 5% 1819 396549 57960 34%
c v 26.77 174 148 16 25 6640 19 85290 13501 2.0 20 10 2 12 5% 1819 396549 57960 34%
c w 27.07 174 148 16 25 6640 19 85290 13436 2.0 20 10 2 12 5% 1819 396549 57960 34%
c - 27.43 174 149 16 26 6800 19 86646 11890 2.0 20 10 2 11 5% 1819 396549 57960 34%
c - 28.49 174 151 16 27 7278 19 91746 13381 2.0 20 10 2 11 5% 1819 396549 57960 34%
c
c seconds     switched     rate         size/glue  tier1    binary          remaining
c         MB    reductions   conflicts        size   tier2     irredundant
c           level    restarts      redundant     glue   trail          variables
c
c - 29.52 175 155 16 28 7764 19 96942 15117 2.0 21 10 2 11 5% 1819 396549 57960 34%
c } 30.09 175 157 17 28 8009 18 99195 16854 2.0 21 10 2 11 5% 1819 396549 57960 34%
c [ 30.09 175 89 17 28 8009 1 99195 16854 2.6 68 26 2 26 14% 1819 396549 57960 34%
c B 30.09 175 89 17 28 8009 1 99195 16854 2.6 68 26 2 26 14% 1819 396549 57960 34%
c s 30.68 175 88 17 28 8011 1 102117 19716 2.6 69 27 2 26 14% 1819 396503 57960 34%
c e 31.17 176 88 17 28 8011 1 102117 19716 2.6 69 27 2 26 14% 582 408272 55131 32%
c s 31.22 176 88 17 28 8011 1 102117 19716 2.6 69 27 2 26 14% 582 407921 55131 32%
c e 31.27 176 88 17 28 8011 1 102117 19716 2.6 69 27 2 26 14% 582 408002 55110 32%
c ^ 31.27 176 88 17 28 8011 1 102117 19716 2.6 69 27 2 26 14% 582 408002 55110 32%
c - 31.33 176 88 17 29 8011 1 102233 14477 2.6 69 27 2 24 14% 582 408002 55110 32%
c - 32.27 176 86 17 30 8015 1 107618 15372 2.5 68 27 2 22 13% 582 408002 55110 32%
c u 33.05 176 84 17 30 8015 1 111487 18299 2.5 69 27 2 22 13% 582 408002 55110 32%
c v 33.24 176 84 17 30 8015 1 111487 15877 2.5 69 27 2 22 13% 582 408002 55110 32%
c w 33.56 178 84 17 30 8015 1 111487 15862 2.5 69 27 2 22 13% 582 408002 55110 32%
c o 34.35 178 84 17 30 8015 1 111487 15862 2.5 69 27 2 22 13% 582 408002 55110 32%
c - 34.63 178 84 17 31 8017 1 113097 13842 2.5 68 27 2 22 13% 582 408002 55110 32%
c ] 35.13 178 84 18 31 8018 1 114501 15224 2.5 68 27 2 22 13% 582 408002 55110 32%
c { 35.13 178 157 18 31 8018 18 114501 15224 2.0 21 10 2 11 5% 582 408002 55110 32%
c - 35.78 178 154 18 32 8214 18 118666 15205 2.0 21 10 2 11 5% 582 408002 55110 32%
c - 36.65 178 149 18 33 8471 17 124323 16577 2.0 21 10 2 11 5% 582 408002 55110 32%
c
c seconds     switched     rate          size/glue  tier1   binary          remaining
c         MB    reductions   conflicts         size   tier2    irredundant
c           level    restarts       redundant     glue   trail         variables
c
c - 37.58 178 147 18 34 8744 16 130070 17951 2.0 21 10 2 10 5% 582 408002 55110 32%
c - 38.64 178 143 18 35 9014 16 135901 19322 2.0 21 10 2 10 5% 582 408002 55110 32%
c } 38.87 179 143 19 35 9052 15 136848 20099 2.0 21 10 2 10 5% 582 408002 55110 32%
c [ 38.87 179 84 19 35 9052 1 136848 20099 2.5 68 27 2 22 13% 582 408002 55110 32%
c W 39.01 156 84 19 35 9052 1 136848 20099 2.5 68 27 2 22 13% 582 408002 55110 32%
c u 40.37 156 84 19 35 9055 1 141613 23384 2.5 68 27 2 22 13% 582 408002 55110 32%
c v 40.60 172 84 19 35 9055 1 141613 19824 2.5 68 27 2 22 13% 582 408002 55110 32%
c w 40.73 173 84 19 35 9055 1 141613 19791 2.5 68 27 2 22 13% 582 408002 55110 32%
c x 40.87 174 84 19 35 9055 1 141613 19791 2.5 68 27 2 22 13% 582 407926 55110 32%
c - 41.10 174 84 19 36 9055 1 141818 16038 2.5 68 27 2 22 13% 582 407926 55110 32%
c - 42.58 175 83 19 37 9058 1 147818 16682 2.4 68 28 2 22 12% 582 407926 55110 32%
c ] 43.35 175 82 20 37 9060 1 151244 20030 2.4 68 28 2 22 12% 582 407926 55110 32%
c { 43.35 175 143 20 37 9060 15 151244 20030 2.0 21 10 2 10 5% 582 407926 55110 32%
c - 43.94 176 143 20 38 9378 16 153900 17889 2.0 21 10 2 10 5% 582 407926 55110 32%
c - 45.39 176 144 20 39 10006 16 160064 19774 2.0 21 10 2 10 5% 582 407926 55110 32%
c o 45.68 176 144 20 39 10115 16 161487 20906 2.0 21 10 2 10 5% 582 407926 55110 32%
c - 46.75 177 145 20 40 10586 16 166309 20990 2.0 21 10 2 10 5% 582 407926 55110 32%
c s 47.22 177 144 20 40 10800 16 168314 22643 2.0 21 11 2 10 5% 582 407925 55110 32%
c e 47.91 181 144 20 40 10800 16 168314 22643 2.0 21 11 2 10 5% 306 459906 46122 27%
c s 48.04 181 144 20 40 10800 16 168314 22643 2.0 21 11 2 10 5% 306 459623 46122 27%
c
c seconds     switched      rate          size/glue  tier1   binary          remaining
c         MB    reductions    conflicts         size   tier2    irredundant
c           level    restarts        redundant     glue   trail         variables
c
c e 48.10 181 144 20 40 10800 16 168314 22643 2.0 21 11 2 10 5% 306 459635 46119 27%
c ^ 48.10 181 144 20 40 10800 16 168314 22643 2.0 21 11 2 10 5% 306 459635 46119 27%
c - 49.15 183 145 20 41 11177 15 172633 20558 2.0 21 11 2 9 5% 306 459635 46119 27%
c u 49.96 183 144 20 41 11503 15 175712 21744 2.0 21 11 2 9 5% 306 459635 46119 27%
c v 50.14 183 144 20 41 11503 15 175712 18584 2.0 21 11 2 9 5% 306 459635 46119 27%
c w 50.65 183 144 20 41 11503 15 175712 18233 2.0 21 11 2 9 5% 306 459635 46119 27%
c } 51.26 183 144 21 41 11694 15 177986 20056 2.0 21 11 2 9 5% 306 459635 46119 27%
c [ 51.26 183 82 21 41 11694 1 177986 20056 2.4 68 28 2 22 12% 306 459635 46119 27%
c O 51.26 183 82 21 41 11694 1 177986 20056 2.4 68 28 2 22 12% 306 459635 46119 27%
c - 51.44 183 82 21 42 11694 1 179039 18414 2.4 68 28 2 21 12% 306 459635 46119 27%
c - 52.67 183 82 21 43 11699 1 185521 20325 2.5 69 28 2 21 12% 306 459635 46119 27%
c - 53.95 183 81 21 44 11702 1 192078 20883 2.4 68 28 2 20 12% 306 459635 46119 27%
c - 55.98 183 80 21 45 11706 1 198711 21160 2.4 69 28 1 20 12% 306 459635 46119 27%
c ] 56.12 183 80 22 45 11707 1 199288 21726 2.4 69 28 1 20 12% 306 459635 46119 27%
c { 56.12 183 144 22 45 11707 15 199288 21726 2.0 21 11 2 9 5% 306 459635 46119 27%
c - 57.17 184 140 22 46 12275 15 205420 22499 2.0 21 11 2 9 5% 306 459635 46119 27%
c - 58.46 184 137 22 47 12821 15 212203 24591 2.0 22 11 2 9 5% 306 459635 46119 27%
c u 59.12 184 136 22 47 13010 15 214317 25345 2.0 22 11 2 9 5% 306 459635 46119 27%
c v 59.31 184 136 22 47 13010 15 214317 22721 2.0 22 11 2 9 5% 306 459635 46119 27%
c w 59.66 184 136 22 47 13010 15 214317 22596 2.0 22 11 2 9 5% 306 459635 46119 27%
c
c seconds     switched      rate          size/glue  tier1  binary          remaining
c         MB    reductions    conflicts         size   tier2   irredundant
c           level    restarts        redundant     glue  trail         variables
c
c x 59.80 184 136 22 47 13010 15 214317 22596 2.0 22 11 2 9 5% 306 459634 46119 27%
c - 61.09 184 134 22 48 13386 15 219059 23200 2.0 22 11 2 9 5% 306 459634 46119 27%
c o 61.74 184 133 22 48 13664 15 221554 25384 2.0 22 11 2 9 5% 306 459634 46119 27%
c - 62.81 184 131 22 49 14074 15 225988 25614 2.0 22 11 2 9 5% 306 459634 46119 27%
c } 64.01 184 129 23 49 14605 15 230805 29823 2.1 22 11 2 9 5% 306 459634 46119 27%
c [ 64.01 184 80 23 49 14605 1 230805 29823 2.4 69 28 1 20 12% 306 459634 46119 27%
c B 64.01 184 80 23 49 14605 1 230805 29823 2.4 69 28 1 20 12% 306 459634 46119 27%
c - 64.56 184 80 23 50 14607 1 232989 27029 2.5 70 28 1 20 12% 306 459634 46119 27%
c - 66.32 184 80 23 51 14611 1 240061 26044 2.4 70 29 1 19 12% 306 459634 46119 27%
c - 67.97 185 79 23 52 14614 1 247202 24516 2.4 71 29 1 19 12% 306 459634 46119 27%
c - 69.88 185 78 23 53 14618 1 254413 23938 2.4 72 29 1 18 12% 306 459634 46119 27%
c ] 69.99 164 78 24 53 14618 1 254928 24449 2.4 72 29 1 18 12% 306 459634 46119 27%
c { 69.99 164 129 24 53 14618 15 254928 24449 2.1 22 11 2 9 5% 306 459634 46119 27%
c s 70.43 170 128 24 53 14848 15 256904 26102 2.1 22 11 2 9 6% 306 459456 46119 27%
c e 71.27 181 128 24 53 14848 15 256904 26102 2.1 22 11 2 9 6% 112 518728 41402 24%
c s 71.47 181 128 24 53 14848 15 256904 26102 2.1 22 11 2 9 6% 112 516251 41402 24%
c e 71.64 181 128 24 53 14848 15 256904 26102 2.1 22 11 2 9 6% 112 516263 41401 24%
c ! 71.64 181 128 24 53 14848 15 256904 26102 2.1 22 11 2 9 6% 112 516263 41401 24%
c u 71.91 182 128 24 53 14868 15 257104 22620 2.1 22 11 2 9 6% 112 516263 41401 24%
c v 72.07 182 128 24 53 14868 15 257104 20573 2.1 22 11 2 9 6% 112 516263 41401 24%
c
c seconds     switched      rate          size/glue  tier1  binary          remaining
c         MB    reductions    conflicts         size   tier2   irredundant
c           level    restarts        redundant     glue  trail         variables
c
c w 72.45 182 128 24 53 14868 15 257104 19990 2.1 22 11 2 9 6% 112 516263 41401 24%
c - 73.91 183 128 24 54 15307 15 261693 18809 2.1 23 11 1 9 6% 112 516263 41401 24%
c - 75.38 184 129 24 55 15950 15 269043 22150 2.1 23 11 1 9 6% 112 516263 41401 24%
c - 76.72 184 130 24 56 16603 15 276459 24136 2.1 23 11 1 9 6% 112 516263 41401 24%
c - 78.30 185 132 24 57 17221 15 283944 25578 2.1 23 11 1 8 6% 112 516263 41401 24%
c - 79.90 185 131 24 58 17966 15 291494 26819 2.1 23 11 1 8 6% 112 516263 41401 24%
c o 79.94 185 131 24 58 17978 15 291554 26877 2.1 23 11 1 8 6% 112 516263 41401 24%
c } 79.96 185 131 25 58 17988 15 291605 26921 2.1 23 11 1 8 6% 112 516263 41401 24%
c [ 79.96 185 78 25 58 17988 1 291605 26921 2.4 72 29 1 18 12% 112 516263 41401 24%
c W 80.11 178 78 25 58 17988 1 291605 26921 2.4 72 29 1 18 12% 112 516263 41401 24%
c - 82.29 180 79 25 59 17993 1 299111 26338 2.5 73 30 1 18 12% 112 516263 41401 24%
c u 83.70 181 79 25 59 17995 1 304724 31047 2.5 73 29 1 18 12% 112 516263 41401 24%
c v 83.91 181 79 25 59 17995 1 304724 26933 2.5 73 29 1 18 12% 112 516263 41401 24%
c w 84.68 182 79 25 59 17995 1 304724 26927 2.5 73 29 1 18 12% 112 516263 41401 24%
c - 86.44 182 79 25 60 17997 1 306792 21915 2.5 72 29 1 17 12% 112 516263 41401 24%
c - 87.81 182 78 25 61 18001 1 314537 22882 2.5 72 29 1 17 12% 112 516263 41401 24%
c ] 89.59 182 78 26 61 18002 1 318744 27033 2.6 73 29 1 17 13% 112 516263 41401 24%
c { 89.59 182 131 26 61 18002 15 318744 27033 2.1 23 11 1 8 6% 112 516263 41401 24%
c - 90.35 183 131 26 62 18340 15 322347 24157 2.1 23 11 1 8 6% 112 516263 41401 24%
c - 92.20 184 130 26 63 18966 15 330222 26100 2.1 23 11 1 8 6% 112 516263 41401 24%
c
c seconds     switched      rate          size/glue  tier1  binary          remaining
c         MB    reductions    conflicts         size   tier2   irredundant
c           level    restarts        redundant     glue  trail         variables
c
c - 93.84 184 130 26 64 19751 15 338159 27565 2.1 23 11 1 8 6% 112 516263 41401 24%
c - 95.46 185 129 26 65 20479 14 346159 28777 2.1 23 11 1 8 6% 112 516263 41401 24%
c - 97.25 185 129 26 66 21137 14 354222 29918 2.1 24 11 1 8 6% 112 516263 41401 24%
c u 98.00 175 129 26 66 21314 14 356734 31065 2.1 24 11 1 8 6% 112 516263 41401 24%
c v 98.23 176 129 26 66 21314 14 356734 26288 2.1 24 11 1 8 6% 112 516263 41401 24%
c w 98.73 177 129 26 66 21314 14 356734 25726 2.1 24 11 1 8 6% 112 516263 41401 24%
c x 99.03 179 129 26 66 21314 14 356734 25726 2.1 24 11 1 8 6% 112 515777 41401 24%
c } 100.00 180 129 27 66 21651 14 360962 29313 2.1 24 11 1 8 6% 112 515777 41401 24%
c [ 100.00 180 78 27 66 21651 1 360962 29313 2.6 73 29 1 17 13% 112 515777 41401 24%
c I 100.00 180 78 27 66 21651 1 360962 29313 2.6 73 29 1 17 13% 112 515777 41401 24%
c - 100.28 180 78 27 67 21652 1 362346 25850 2.6 73 28 1 16 13% 112 515777 41401 24%
c s 102.31 180 79 27 67 21657 1 370120 33477 2.6 72 28 1 16 13% 112 515748 41401 24%
c e 102.40 183 79 27 67 21657 1 370120 33477 2.6 72 28 1 16 13% 112 515722 41373 24%
c s 102.41 183 79 27 67 21657 1 370120 33477 2.6 72 28 1 16 13% 112 515662 41373 24%
c e 102.46 183 79 27 67 21657 1 370120 33477 2.6 72 28 1 16 13% 112 515703 41368 24%
c - 102.60 183 79 27 68 21657 1 370531 27285 2.6 72 28 1 16 13% 112 515703 41368 24%
c o 103.38 183 79 27 68 21658 1 373429 30133 2.6 72 28 1 16 13% 112 515703 41368 24%
c - 104.27 183 79 27 69 21662 1 378778 27287 2.6 71 28 1 16 13% 112 515703 41368 24%
c - 106.61 183 80 27 70 21665 1 387085 26722 2.6 72 28 1 15 14% 112 515703 41368 24%
c ] 107.92 184 80 28 70 21665 1 393106 32639 2.6 72 28 1 15 14% 112 515703 41368 24%
c
c seconds      switched      rate          size/glue  tier1  binary          remaining
c          MB    reductions    conflicts         size   tier2   irredundant
c            level    restarts        redundant     glue  trail         variables
c
c { 107.92 184 129 28 70 21665 14 393106 32639 2.1 24 11 1 8 6% 112 515703 41368 24%
c - 108.39 184 128 28 71 21907 14 395451 26634 2.1 24 11 1 8 6% 112 515703 41368 24%
c - 110.10 184 127 28 72 22766 14 403877 28422 2.1 24 11 1 7 6% 112 515703 41368 24%
c - 112.02 184 126 28 73 23575 14 412363 30363 2.1 24 12 1 7 6% 112 515703 41368 24%
c u 112.38 185 127 28 73 23652 14 413214 30420 2.1 24 12 1 7 6% 112 515703 41368 24%
c v 112.54 185 127 28 73 23652 14 413214 26561 2.1 24 12 1 7 6% 112 515703 41368 24%
c w 112.90 185 127 28 73 23652 14 413214 25407 2.1 24 12 1 7 6% 112 515703 41368 24%
c - 114.32 185 126 28 74 24295 14 420907 27631 2.1 24 12 1 7 6% 112 515703 41368 24%
c - 116.76 185 126 28 75 24847 14 429509 31036 2.2 25 12 1 7 6% 112 515703 41368 24%
c - 118.16 185 126 28 76 25527 13 438171 32668 2.2 25 12 1 7 6% 112 515703 41368 24%
c } 118.92 185 127 29 76 25806 13 441244 35342 2.2 25 12 1 7 6% 112 515703 41368 24%
c [ 118.92 185 80 29 76 25806 1 441244 35342 2.6 72 28 1 15 14% 112 515703 41368 24%
c B 118.92 185 80 29 76 25806 1 441244 35342 2.6 72 28 1 15 14% 112 515703 41368 24%
c - 119.88 185 80 29 77 25810 1 446888 32503 2.6 71 28 1 15 13% 112 515703 41368 24%
c - 121.53 185 80 29 78 25814 1 455662 31166 2.6 71 28 1 15 13% 112 515703 41368 24%
c - 123.27 186 80 29 79 25819 1 464493 30118 2.6 71 28 1 15 13% 112 515703 41368 24%
c - 125.22 186 80 29 80 25820 1 473381 30156 2.5 71 28 1 15 13% 112 515703 41368 24%
c u 125.79 186 81 29 80 25820 1 474226 30191 2.5 71 28 1 15 13% 112 515703 41368 24%
c v 125.92 186 81 29 80 25820 1 474226 28068 2.5 71 28 1 15 13% 112 515703 41368 24%
c w 126.66 186 81 29 80 25820 1 474226 27443 2.5 71 28 1 15 13% 112 515703 41368 24%
c
c seconds     switched     rate          size/glue  tier1    binary          remaining
c          MB   reductions   conflicts         size   tier2     irredundant
c           level    restarts       redundant     glue    trail         variables
c
c x 126.94 187 81 29 80 25820 1 474226 27443 2.5 71 28 1 15 13% 112 515598 41368 24%
c o 127.13 187 81 29 80 25820 1 474226 27443 2.5 71 28 1 15 13% 112 515598 41368 24%
c - 128.97 187 80 29 81 25826 1 482327 27573 2.5 71 28 1 14 13% 112 515598 41368 24%
c ] 129.01 187 80 30 81 25826 1 482451 27696 2.5 71 28 1 14 13% 112 515598 41368 24%
c { 129.01 187 127 30 81 25826 13 482451 27696 2.2 25 12 1 7 6% 112 515598 41368 24%
c - 130.58 187 127 30 82 26605 13 491328 29775 2.2 25 12 1 7 6% 112 515598 41368 24%
c - 132.38 187 127 30 83 27295 13 500385 32567 2.2 25 12 1 7 6% 112 515598 41368 24%
c s 134.14 187 127 30 83 28029 13 508561 39692 2.2 25 12 1 7 6% 112 515593 41368 24%
c e 134.20 187 127 30 83 28029 13 508561 39692 2.2 25 12 1 7 6% 112 515618 41366 24%
c - 134.54 187 127 30 84 28093 13 509495 34439 2.2 25 12 1 7 6% 112 515618 41366 24%
c - 136.49 187 126 30 85 29025 13 518662 35689 2.2 25 12 1 7 6% 112 515618 41366 24%
c - 138.58 187 126 30 86 29791 13 527882 36685 2.2 25 12 1 7 6% 112 515618 41366 24%
c } 140.69 187 126 31 86 30639 13 536885 44567 2.1 25 12 1 7 6% 112 515618 41366 24%
c [ 140.69 187 80 31 86 30639 1 536885 44567 2.5 71 28 1 14 13% 112 515618 41366 24%
c W 140.91 178 80 31 86 30639 1 536885 44567 2.5 71 28 1 14 13% 112 515618 41366 24%
c - 140.98 179 81 31 87 30639 1 537156 37631 2.5 71 28 1 14 13% 112 515618 41366 24%
c u 141.91 180 81 31 87 30641 1 539845 38958 2.6 72 28 1 14 13% 112 515618 41366 24%
c v 142.16 180 81 31 87 30641 1 539845 33691 2.6 72 28 1 14 13% 112 515618 41366 24%
c w 143.20 181 81 31 87 30641 1 539845 33537 2.6 72 28 1 14 13% 112 515618 41366 24%
c - 144.87 181 80 31 88 30645 1 546484 31340 2.6 72 28 1 14 13% 112 515618 41366 24%
c
c seconds     switched     rate          size/glue  tier1    binary          remaining
c          MB   reductions   conflicts         size   tier2     irredundant
c           level    restarts       redundant     glue    trail         variables
c
c - 146.67 182 80 31 89 30651 1 555865 30943 2.6 72 28 1 14 13% 112 515618 41366 24%
c - 148.33 182 79 31 90 30653 1 565298 31250 2.6 72 28 1 14 13% 112 515618 41366 24%
c - 150.03 182 79 31 91 30657 1 574785 30328 2.5 72 28 1 13 13% 112 515618 41366 24%
c o 150.23 182 79 31 91 30659 1 576239 31757 2.5 72 28 1 13 12% 112 515618 41366 24%
c - 151.84 183 79 31 92 30662 1 584325 30761 2.5 72 28 1 13 13% 112 515618 41366 24%
c O 151.98 183 79 31 92 30663 1 585047 31464 2.5 72 28 1 13 13% 112 515618 41366 24%
c ] 152.40 183 79 32 92 30664 1 587567 33949 2.6 72 28 1 13 13% 112 515618 41366 24%
c { 152.40 183 126 32 92 30664 13 587567 33949 2.1 25 12 1 7 6% 112 515618 41366 24%
c - 153.83 184 125 32 93 31247 13 593916 32777 2.1 26 12 1 6 6% 112 515618 41366 24%
c - 155.77 184 125 32 94 32092 13 603559 35537 2.1 26 12 1 6 6% 112 515618 41366 24%
c u 157.35 185 126 32 94 32646 13 610129 40547 2.1 26 12 1 6 6% 112 515618 41366 24%
c v 157.61 185 126 32 94 32646 13 610129 36319 2.1 26 12 1 6 6% 112 515618 41366 24%
c w 158.74 185 126 32 94 32646 13 610129 34911 2.1 26 12 1 6 6% 112 515618 41366 24%
c - 159.45 185 126 32 95 32884 13 613255 32593 2.1 26 12 1 6 6% 112 515618 41366 24%
c - 161.32 185 126 32 96 33835 13 623001 35447 2.1 26 12 1 6 6% 112 515618 41366 24%
c - 163.38 185 126 32 97 34593 13 632800 37649 2.1 26 12 1 6 6% 112 515618 41366 24%
c - 165.33 186 125 32 98 35528 13 642648 39166 2.1 26 12 1 6 6% 112 515618 41366 24%
c } 166.61 186 124 33 98 36052 13 648671 44450 2.1 26 12 1 6 6% 112 515618 41366 24%
c [ 166.61 186 79 33 98 36052 1 648671 44450 2.6 72 28 1 13 13% 112 515618 41366 24%
c B 166.61 186 79 33 98 36052 1 648671 44450 2.6 72 28 1 13 13% 112 515618 41366 24%
c
c seconds     switched     rate          size/glue  tier1    binary          remaining
c          MB   reductions   conflicts         size   tier2     irredundant
c           level    restarts       redundant     glue    trail         variables
c
c - 167.29 186 79 33 99 36054 1 652547 39639 2.5 72 28 1 13 12% 112 515618 41366 24%
c - 169.25 186 79 33 100 36060 1 662497 37615 2.5 72 28 1 13 12% 112 515618 41366 24%
c - 171.31 186 79 33 101 36065 1 672497 34987 2.5 72 29 1 13 12% 112 515618 41366 24%
c - 173.38 186 78 33 102 36067 1 682548 34381 2.5 72 29 1 13 12% 112 515618 41366 24%
c u 174.17 186 78 33 102 36069 1 685133 35919 2.5 72 29 1 13 12% 112 515618 41366 24%
c v 174.28 186 78 33 102 36069 1 685133 34050 2.5 72 29 1 13 12% 112 515618 41366 24%
c w 175.05 187 78 33 102 36069 1 685133 33315 2.5 72 29 1 13 12% 112 515618 41366 24%
c x 175.41 188 78 33 102 36069 1 685133 33315 2.5 72 29 1 13 12% 112 515594 41366 24%
c s 177.01 188 78 33 102 36069 1 685133 33315 2.5 72 29 1 13 12% 112 515557 41366 24%
c e 177.08 188 78 33 102 36069 1 685133 33315 2.5 72 29 1 13 12% 112 515331 41305 24%
c s 177.08 188 78 33 102 36069 1 685133 33315 2.5 72 29 1 13 12% 112 515326 41305 24%
c - 178.60 188 78 33 103 36073 1 692647 32170 2.4 71 29 1 13 12% 112 515326 41305 24%
c o 180.57 188 77 33 103 36080 1 702623 42000 2.4 71 29 1 13 12% 112 515326 41305 24%
c - 180.66 188 77 33 104 36080 1 702796 33512 2.4 71 29 1 13 12% 112 515326 41305 24%
c W 181.34 178 78 33 104 36080 1 706256 36940 2.5 71 29 1 13 12% 112 515326 41305 24%
c ] 181.78 179 78 34 104 36081 1 708868 39530 2.5 71 29 1 13 12% 112 515326 41305 24%
c { 181.78 179 124 34 104 36081 13 708868 39530 2.1 26 12 1 6 6% 112 515326 41305 24%
c - 182.48 181 124 34 105 36250 13 712995 35330 2.1 26 12 1 6 6% 112 515326 41305 24%
c - 184.19 183 123 34 106 36597 12 723245 38018 2.1 26 12 1 6 6% 112 515326 41305 24%
c - 186.13 184 122 34 107 37018 12 733540 40429 2.1 26 12 1 6 6% 112 515326 41305 24%
c
c seconds      switched       rate          size/glue  tier1  binary          remaining
c          MB    reductions     conflicts         size   tier2   irredundant
c            level     restarts        redundant     glue  trail         variables
c
c - 187.73 184 121 34 108 37420 11 743887 41928 2.1 26 12 1 6 6% 112 515326 41305 24%
c - 189.38 185 119 34 109 37824 11 754280 43088 2.1 26 12 1 6 6% 112 515326 41305 24%
c - 191.20 185 117 34 110 38328 11 764722 43946 2.1 25 12 1 6 6% 112 515326 41305 24%
c u 191.62 176 117 34 110 38339 11 764912 42871 2.1 25 12 1 6 6% 112 515326 41305 24%
c v 191.80 177 117 34 110 38339 11 764912 38243 2.1 25 12 1 6 6% 112 515326 41305 24%
c w 192.12 177 117 34 110 38339 11 764912 36339 2.1 25 12 1 6 6% 112 515326 41305 24%
c - 194.00 180 115 34 111 38806 11 775212 39401 2.1 25 12 1 6 6% 112 515326 41305 24%
c } 194.21 180 115 35 111 38837 10 777015 40867 2.1 25 12 1 6 6% 112 515326 41305 24%
c [ 194.21 180 78 35 111 38837 1 777015 40867 2.5 71 29 1 13 12% 112 515326 41305 24%
c I 194.22 180 78 35 111 38837 1 777015 40867 2.5 71 29 1 13 12% 112 515326 41305 24%
c - 195.42 181 78 35 112 38843 1 785749 41440 2.5 71 29 1 13 12% 112 515326 41305 24%
c - 197.42 181 78 35 113 38849 1 796332 39596 2.5 70 28 1 12 12% 112 515326 41305 24%
c - 199.48 182 78 35 114 38851 1 806963 38407 2.5 70 28 1 12 12% 112 515326 41305 24%
c - 201.30 182 77 35 115 38857 1 817640 37839 2.5 70 28 1 12 12% 112 515326 41305 24%
c o 202.45 182 77 35 115 38861 1 824776 44834 2.5 71 28 1 12 12% 112 515326 41305 24%
c - 203.39 182 78 35 116 38863 1 828363 37626 2.5 71 28 1 12 12% 112 515326 41305 24%
c ] 204.38 182 78 36 116 38865 1 833311 42510 2.5 71 28 1 12 12% 112 515326 41305 24%
c { 204.38 182 115 36 116 38865 10 833311 42510 2.1 25 12 1 6 6% 112 515326 41305 24%
c - 205.53 183 115 36 117 39346 11 839134 38966 2.1 25 12 1 6 6% 112 515326 41305 24%
c u 207.94 183 115 36 117 40333 11 849516 47257 2.1 26 12 1 6 6% 112 515326 41305 24%
c
c seconds      switched       rate          size/glue  tier1  binary          remaining
c          MB    reductions     conflicts         size   tier2   irredundant
c            level     restarts        redundant     glue  trail         variables
c
c v 208.14 183 115 36 117 40333 11 849516 43310 2.1 26 12 1 6 6% 112 515326 41305 24%
c w 209.45 184 115 36 117 40333 11 849516 42245 2.1 26 12 1 6 6% 112 515326 41305 24%
c - 209.69 184 115 36 118 40395 11 849950 36960 2.1 26 12 1 6 6% 112 515326 41305 24%
c - 211.89 184 114 36 119 41241 11 860812 40389 2.1 26 12 1 6 6% 112 515326 41305 24%
c - 213.92 184 114 36 120 42024 11 871720 43530 2.1 26 12 1 6 6% 112 515326 41305 24%
c - 216.54 186 115 36 121 43144 11 882675 45562 2.1 26 12 1 6 6% 112 515326 41305 24%
c - 218.75 186 115 36 122 44109 11 893675 46824 2.1 26 12 1 6 6% 112 515326 41305 24%
c - 220.97 186 115 36 123 45276 11 904721 47806 2.1 26 12 1 6 6% 112 515326 41305 24%
c } 221.86 186 114 37 123 45688 12 908868 51467 2.1 26 12 1 6 6% 112 515326 41305 24%
c [ 221.86 186 78 37 123 45688 1 908868 51467 2.5 71 28 1 12 12% 112 515326 41305 24%
c B 221.86 186 78 37 123 45688 1 908868 51467 2.5 71 28 1 12 12% 112 515326 41305 24%
c - 223.14 187 78 37 124 45693 1 915812 46967 2.5 72 29 1 12 12% 112 515326 41305 24%
c - 225.46 187 78 37 125 45699 1 926948 43933 2.5 72 29 1 12 12% 112 515326 41305 24%
c - 227.42 187 78 37 126 45702 1 938128 42402 2.5 73 29 1 12 12% 112 515326 41305 24%
c u 227.86 187 78 37 126 45702 1 939004 41740 2.5 73 29 1 12 12% 112 515326 41305 24%
c v 227.99 187 78 37 126 45702 1 939004 39286 2.5 73 29 1 12 12% 112 515326 41305 24%
c w 228.40 187 78 37 126 45702 1 939004 38036 2.5 73 29 1 12 12% 112 515326 41305 24%
c - 230.85 187 78 37 127 45708 1 949354 38817 2.5 73 29 1 12 12% 112 515326 41305 24%
c o 233.26 187 78 37 127 45713 1 958512 47847 2.5 73 29 1 12 12% 112 515326 41305 24%
c - 233.67 187 79 37 128 45715 1 960624 40288 2.6 73 29 1 12 12% 112 515326 41305 24%
c
c seconds     switched      rate          size/glue  tier1    binary          remaining
c          MB   reductions    conflicts         size   tier2     irredundant
c           level     restarts       redundant     glue    trail         variables
c
c - 236.50 187 78 37 129 45717 1 971937 40995 2.6 73 28 1 12 12% 112 515326 41305 24%
c ] 237.26 187 78 38 129 45718 1 975897 44916 2.6 73 28 1 12 12% 112 515326 41305 24%
c { 237.26 187 114 38 129 45718 12 975897 44916 2.1 26 12 1 6 6% 112 515326 41305 24%
c - 238.73 187 114 38 130 46112 12 983294 43031 2.1 27 12 1 6 6% 112 515326 41305 24%
c - 241.46 187 112 38 131 46902 12 994697 46316 2.2 27 12 1 6 6% 112 515326 41305 24%
c - 244.75 188 111 38 132 47850 12 1006143 48709 2.2 27 13 1 6 6% 112 515326 41305 24%
c - 248.21 188 110 38 133 48936 12 1017633 50332 2.2 28 13 1 6 6% 112 515326 41305 24%
c - 251.67 188 109 38 134 50082 12 1029166 51244 2.2 28 13 1 6 7% 112 515326 41305 24%
c u 253.28 188 109 38 134 50516 12 1033429 54258 2.2 28 13 1 6 7% 112 515326 41305 24%
c v 253.57 188 109 38 134 50516 12 1033429 49202 2.2 28 13 1 6 7% 112 515326 41305 24%
c w 254.84 188 109 38 134 50516 12 1033429 47622 2.2 28 13 1 6 7% 112 515326 41305 24%
c x 255.29 188 109 38 134 50516 12 1033429 47622 2.2 28 13 1 6 7% 112 515316 41305 24%
c - 257.78 188 108 38 135 51340 12 1040741 46329 2.2 29 13 1 6 7% 112 515316 41305 24%
c - 261.65 189 107 38 136 52680 13 1052359 48950 2.2 29 13 1 6 7% 112 515316 41305 24%
c } 263.55 189 107 39 136 53368 13 1059230 55149 2.2 29 13 1 6 7% 112 515316 41305 24%
c [ 263.55 189 78 39 136 53368 1 1059230 55149 2.6 73 28 1 12 12% 112 515316 41305 24%
c W 263.95 178 78 39 136 53368 1 1059230 55149 2.6 73 28 1 12 12% 112 515316 41305 24%
c - 264.98 179 78 39 137 53371 1 1064020 49173 2.6 73 28 1 11 12% 112 515316 41305 24%
c - 267.31 181 78 39 138 53377 1 1075725 47224 2.6 73 28 1 11 12% 112 515316 41305 24%
c - 270.12 182 78 39 139 53382 1 1087472 44851 2.6 73 28 1 11 12% 112 515316 41305 24%
c
c seconds     switched      rate           size/glue  tier1    binary          remaining
c          MB   reductions     conflicts         size   tier2     irredundant
c           level     restarts        redundant     glue    trail         variables
c
c - 272.56 182 78 39 140 53388 1 1099264 43932 2.6 73 28 1 11 12% 112 515316 41305 24%
c o 272.93 182 78 39 140 53389 1 1100650 45298 2.6 73 28 1 11 12% 112 515316 41305 24%
c s 273.16 182 78 39 140 53389 1 1101628 46275 2.6 74 28 1 11 12% 112 515313 41305 24%
c e 273.21 182 78 39 140 53389 1 1101628 46275 2.6 74 28 1 11 12% 112 515300 41296 24%
c - 275.27 182 78 39 141 53395 1 1111096 43153 2.6 74 28 1 11 12% 112 515300 41296 24%
c - 277.96 183 78 39 142 53397 1 1122970 43011 2.6 74 28 1 11 12% 112 515300 41296 24%
c u 280.34 183 78 39 142 53398 1 1132848 52030 2.6 75 29 1 11 12% 112 515300 41296 24%
c v 280.47 183 78 39 142 53398 1 1132848 50070 2.6 75 29 1 11 12% 112 515300 41296 24%
c w 282.61 186 78 39 142 53398 1 1132848 49914 2.6 75 29 1 11 12% 112 515300 41296 24%
c - 283.16 186 78 39 143 53398 1 1134887 41109 2.6 75 29 1 11 12% 112 515300 41296 24%
c O 283.75 186 78 39 143 53398 1 1137661 43811 2.6 75 29 1 11 12% 112 515300 41296 24%
c - 285.65 186 78 39 144 53402 1 1146846 41651 2.6 74 29 1 11 12% 112 515300 41296 24%
c ] 286.44 186 78 40 144 53405 1 1151376 46074 2.6 74 29 1 11 12% 112 515300 41296 24%
c { 286.44 186 107 40 144 53405 13 1151376 46074 2.2 29 13 1 6 7% 112 515300 41296 24%
c - 288.09 188 108 40 145 54011 13 1158846 43941 2.2 29 13 1 6 7% 112 515300 41296 24%
c - 290.72 188 109 40 146 54916 13 1170889 47510 2.2 29 13 1 6 7% 112 515300 41296 24%
c - 293.28 189 109 40 147 56042 12 1182972 50004 2.2 29 13 1 6 7% 112 515300 41296 24%
c - 296.59 189 110 40 148 57126 12 1195098 51666 2.2 29 13 1 6 7% 112 515300 41296 24%
c - 299.13 190 111 40 149 58121 12 1207263 52819 2.2 30 13 1 6 7% 112 515300 41296 24%
c - 302.13 190 112 40 150 59021 12 1219469 53870 2.2 30 13 1 6 7% 112 515300 41296 24%
c
c seconds      switched       rate           size/glue  tier1  binary          remaining
c          MB    reductions      conflicts         size   tier2   irredundant
c            level     restarts         redundant     glue  trail         variables
c
c - 304.57 190 112 40 151 60082 12 1231717 54893 2.2 30 13 1 6 7% 112 515300 41296 24%
c u 306.08 190 114 40 151 60487 12 1237285 58213 2.2 30 13 1 6 7% 112 515300 41296 24%
c v 306.39 190 114 40 151 60487 12 1237285 51589 2.2 30 13 1 6 7% 112 515300 41296 24%
c w 307.72 190 114 40 151 60487 12 1237285 49470 2.2 30 13 1 6 7% 112 515300 41296 24%
c } 308.97 190 114 41 151 60852 12 1242848 54467 2.2 30 13 1 6 7% 112 515300 41296 24%
c [ 308.97 190 78 41 151 60852 1 1242848 54467 2.6 74 29 1 11 12% 112 515300 41296 24%
c B 308.97 190 78 41 151 60852 1 1242848 54467 2.6 74 29 1 11 12% 112 515300 41296 24%
c - 309.26 190 78 41 152 60853 1 1244005 48019 2.6 74 29 1 11 12% 112 515300 41296 24%
c - 312.15 172 78 41 153 60860 1 1256333 48998 2.6 74 29 1 11 12% 112 515300 41296 24%
c o 312.73 172 78 41 153 60862 1 1259437 52040 2.6 74 29 1 11 12% 112 515300 41296 24%
c - 315.10 173 78 41 154 60866 1 1268703 47407 2.6 75 29 1 11 12% 112 515300 41296 24%
c - 318.14 174 77 41 155 60870 1 1281112 46762 2.6 75 29 1 10 12% 112 515300 41296 24%
c - 321.95 175 77 41 156 60877 1 1293562 46994 2.6 75 29 1 10 12% 112 515300 41296 24%
c - 325.65 175 77 41 157 60881 1 1306053 46063 2.6 77 30 1 10 12% 112 515300 41296 24%
c ] 328.80 176 77 42 157 60882 1 1316165 56140 2.6 78 30 1 10 12% 112 515300 41296 24%
c { 328.80 176 114 42 157 60882 12 1316165 56140 2.2 30 13 1 6 7% 112 515300 41296 24%
c - 329.47 178 114 42 158 61135 12 1318582 46297 2.2 30 13 1 6 7% 112 515300 41296 24%
c - 332.35 180 114 42 159 61964 12 1331152 50035 2.2 30 13 1 6 6% 112 515300 41296 24%
c - 335.92 182 114 42 160 63075 12 1343762 53521 2.2 30 14 1 6 6% 112 515300 41296 24%
c u 336.95 182 114 42 160 63356 12 1346797 55187 2.2 30 14 1 6 6% 112 515300 41296 24%
c
c seconds      switched       rate           size/glue  tier1  binary          remaining
c          MB    reductions      conflicts         size   tier2   irredundant
c            level     restarts         redundant     glue  trail         variables
c
c v 337.19 182 114 42 160 63356 12 1346797 50035 2.2 30 14 1 6 6% 112 515300 41296 24%
c w 338.03 182 114 42 160 63356 12 1346797 48342 2.2 30 14 1 6 6% 112 515300 41296 24%
c - 342.89 185 114 42 161 64017 12 1356411 49490 2.2 30 14 1 6 6% 112 515300 41296 24%
c - 345.31 185 114 42 162 64918 12 1369099 53161 2.2 30 14 1 6 6% 112 515300 41296 24%
c - 348.04 185 114 42 163 65978 11 1381827 55622 2.2 31 14 1 6 6% 112 515300 41296 24%
c - 351.02 185 116 42 164 66959 11 1394594 57159 2.2 31 14 1 5 6% 112 515300 41296 24%
c - 353.99 186 114 42 165 68029 11 1407406 58309 2.2 31 14 1 5 6% 112 515300 41296 24%
c } 356.11 186 114 43 165 68693 11 1416140 66234 2.2 31 14 1 5 6% 112 515300 41296 24%
c [ 356.11 186 77 43 165 68693 1 1416140 66234 2.6 78 30 1 10 12% 112 515300 41296 24%
c W 356.71 179 77 43 165 68693 1 1416140 66234 2.6 78 30 1 10 12% 112 515300 41296 24%
c - 357.84 180 77 43 166 68695 1 1420253 58415 2.6 79 30 1 10 12% 112 515300 41296 24%
c o 357.86 180 77 43 166 68696 1 1420262 58424 2.6 79 30 1 10 12% 112 515300 41296 24%
c - 361.86 182 77 43 167 68703 1 1433137 56192 2.6 79 30 1 10 12% 112 515300 41296 24%
c - 365.75 183 76 43 168 68707 1 1446060 52878 2.6 78 30 1 10 12% 112 515300 41296 24%
c - 369.41 183 77 43 169 68714 1 1459021 52024 2.6 78 30 1 10 12% 112 515300 41296 24%
c u 370.53 177 76 43 169 68714 1 1461438 52667 2.6 78 30 1 10 12% 112 515300 41296 24%
c v 370.66 177 76 43 169 68714 1 1461438 50114 2.6 78 30 1 10 12% 112 515300 41296 24%
c w 371.57 178 76 43 169 68714 1 1461438 48560 2.6 78 30 1 10 12% 112 515300 41296 24%
c - 373.93 179 77 43 170 68721 1 1472022 48433 2.6 77 30 1 10 12% 112 515300 41296 24%
c - 376.48 180 77 43 171 68723 1 1485061 49081 2.6 77 30 1 10 11% 112 515300 41296 24%
c
c seconds     switched      rate           size/glue  tier1    binary          remaining
c          MB   reductions     conflicts         size   tier2     irredundant
c           level     restarts        redundant     glue    trail         variables
c
c ] 379.06 180 77 44 171 68723 1 1492839 56812 2.6 77 30 1 10 12% 112 515300 41296 24%
c { 379.06 180 114 44 171 68723 11 1492839 56812 2.2 31 14 1 5 6% 112 515300 41296 24%
c - 380.57 182 114 44 172 69086 11 1498137 50745 2.2 31 14 1 5 6% 112 515300 41296 24%
c - 383.93 183 115 44 173 70106 11 1511251 54915 2.3 31 14 1 5 6% 112 515300 41296 24%
c - 387.12 184 115 44 174 71005 11 1524403 57929 2.3 32 14 1 5 6% 112 515300 41296 24%
c - 390.38 184 115 44 175 72145 11 1537595 59773 2.3 32 14 1 5 7% 112 515300 41296 24%
c - 393.89 185 115 44 176 73187 11 1550823 61456 2.3 32 14 1 5 7% 112 515300 41296 24%
c - 397.06 185 115 44 177 74243 11 1564089 62665 2.3 32 14 1 5 6% 112 515300 41296 24%
c - 400.20 185 115 44 178 75104 11 1577393 63505 2.3 32 14 1 5 6% 112 515300 41296 24%
c u 401.23 185 114 44 178 75346 11 1581208 64990 2.3 32 14 1 5 6% 112 515300 41296 24%
c v 401.51 185 114 44 178 75346 11 1581208 58328 2.3 32 14 1 5 6% 112 515300 41296 24%
c w 402.41 185 114 44 178 75346 11 1581208 55808 2.3 32 14 1 5 6% 112 515300 41296 24%
c x 403.47 189 114 44 178 75346 11 1581208 55808 2.3 32 14 1 5 6% 112 515269 41296 24%
c s 403.65 189 114 44 178 75346 11 1581208 55808 2.3 32 14 1 5 6% 112 515267 41296 24%
c e 403.73 189 114 44 178 75346 11 1581208 55808 2.3 32 14 1 5 6% 112 515315 41255 24%
c s 403.73 189 114 44 178 75346 11 1581208 55808 2.3 32 14 1 5 6% 112 515294 41255 24%
c o 405.82 190 114 44 178 75968 11 1590265 63955 2.3 32 14 1 5 6% 112 515294 41255 24%
c - 406.03 190 114 44 179 76009 11 1590735 56241 2.3 32 14 1 5 6% 112 515294 41255 24%
c } 408.74 190 114 45 179 76895 11 1601671 66159 2.3 33 14 1 5 6% 112 515294 41255 24%
c [ 408.74 190 77 45 179 76895 1 1601671 66159 2.6 77 30 1 10 12% 112 515294 41255 24%
c
c seconds     switched      rate           size/glue  tier1    binary          remaining
c          MB   reductions     conflicts         size   tier2     irredundant
c           level     restarts        redundant     glue    trail         variables
c
c I 408.74 190 77 45 179 76895 1 1601671 66159 2.6 77 30 1 10 12% 112 515294 41255 24%
c - 409.05 190 77 45 180 76897 1 1604115 59445 2.6 76 29 1 10 12% 112 515294 41255 24%
c - 412.44 190 78 45 181 76904 1 1617531 59148 2.6 76 29 1 10 12% 112 515294 41255 24%
c - 416.51 190 78 45 182 76909 1 1630984 56748 2.6 76 29 1 10 13% 112 515294 41255 24%
c - 420.45 190 79 45 183 76916 1 1644474 56090 2.6 76 29 1 10 13% 112 515294 41255 24%
c - 423.20 190 79 45 184 76923 1 1658001 55698 2.6 75 29 1 9 13% 112 515294 41255 24%
c - 426.01 191 78 45 185 76925 1 1671566 54737 2.6 75 29 1 9 13% 112 515294 41255 24%
c - 428.88 172 78 45 186 76926 1 1685167 53564 2.6 75 29 1 9 12% 112 515294 41255 24%
c ] 431.05 172 78 46 186 76932 1 1695750 63977 2.5 74 30 1 9 12% 112 515294 41255 24%
c { 431.05 172 114 46 186 76932 11 1695750 63977 2.3 33 14 1 5 6% 112 515294 41255 24%
c - 431.74 177 114 46 187 77189 11 1698806 54739 2.3 33 14 1 5 6% 112 515294 41255 24%
c u 433.37 180 114 46 187 77614 11 1706189 60273 2.3 33 14 1 5 6% 112 515294 41255 24%
c v 433.52 180 114 46 187 77614 11 1706189 57520 2.3 33 14 1 5 6% 112 515294 41255 24%
c w 434.95 180 114 46 187 77614 11 1706189 55343 2.3 33 14 1 5 6% 112 515294 41255 24%
c - 436.28 181 113 46 188 78010 11 1712480 53644 2.3 33 14 1 5 6% 112 515294 41255 24%
c - 438.95 182 113 46 189 78822 10 1726191 58361 2.3 33 14 1 5 6% 112 515294 41255 24%
c - 441.49 183 112 46 190 79749 10 1739938 61614 2.3 33 14 1 5 6% 112 515294 41255 24%
c - 444.37 183 112 46 191 80797 10 1753722 63396 2.3 33 14 1 5 6% 112 515294 41255 24%
c - 447.62 184 112 46 192 81914 10 1767542 64797 2.3 33 14 1 5 6% 112 515294 41255 24%
c o 448.25 184 112 46 192 82182 10 1770269 67297 2.3 33 14 1 5 6% 112 515294 41255 24%
c
c seconds      switched       rate           size/glue  tier1  binary          remaining
c          MB    reductions      conflicts         size   tier2   irredundant
c            level     restarts         redundant     glue  trail         variables
c
c - 450.73 184 112 46 193 83185 11 1781400 66187 2.3 33 14 1 5 7% 112 515294 41255 24%
c - 453.62 184 114 46 194 84134 10 1795292 67274 2.3 33 15 1 5 7% 112 515294 41255 24%
c - 456.26 185 114 46 195 85179 10 1809222 68349 2.3 34 15 1 5 7% 112 515294 41255 24%
c } 457.22 185 114 47 195 85555 10 1813794 72565 2.3 34 15 1 5 7% 112 515294 41255 24%
c [ 457.22 185 78 47 195 85555 1 1813794 72565 2.5 74 30 1 9 12% 112 515294 41255 24%
c B 457.22 185 78 47 195 85555 1 1813794 72565 2.5 74 30 1 9 12% 112 515294 41255 24%
c - 459.49 185 80 47 196 85561 1 1823186 67098 2.5 75 30 1 9 12% 112 515294 41255 24%
c u 462.13 185 80 47 196 85568 1 1836408 77783 2.5 75 29 1 9 12% 112 515294 41255 24%
c v 462.37 185 80 47 196 85568 1 1836408 71412 2.5 75 29 1 9 12% 112 515294 41255 24%
c w 464.27 188 80 47 196 85568 1 1836408 71339 2.5 75 29 1 9 12% 112 515294 41255 24%
c - 464.48 188 80 47 197 85568 1 1837186 57550 2.5 74 29 1 9 12% 112 515294 41255 24%
c - 468.00 188 80 47 198 85573 1 1851221 57167 2.5 75 29 1 9 12% 112 515294 41255 24%
c - 471.01 188 79 47 199 85581 1 1865292 57778 2.6 75 29 1 9 12% 112 515294 41255 24%
c - 474.06 189 79 47 200 85584 1 1879398 57172 2.5 76 30 1 9 12% 112 515294 41255 24%
c - 477.34 189 79 47 201 85585 1 1893540 56457 2.5 77 31 1 9 12% 112 515294 41255 24%
c - 480.05 189 78 47 202 85592 1 1907717 56702 2.5 76 31 1 9 12% 112 515294 41255 24%
c ] 481.20 189 78 48 202 85597 1 1914475 63357 2.5 75 31 1 9 12% 112 515294 41255 24%
c { 481.20 189 114 48 202 85597 10 1914475 63357 2.3 34 15 1 5 7% 112 515294 41255 24%
c - 482.39 189 114 48 203 86091 10 1921930 59168 2.3 34 15 1 5 7% 112 515294 41255 24%
c - 485.07 190 115 48 204 87028 10 1936177 63164 2.3 34 15 1 5 7% 112 515294 41255 24%
c
c seconds      switched       rate           size/glue  tier1  binary          remaining
c          MB    reductions      conflicts         size   tier2   irredundant
c            level     restarts         redundant     glue  trail         variables
c
c - 487.82 190 116 48 205 88018 10 1950461 66174 2.3 34 15 1 5 7% 112 515294 41255 24%
c o 489.65 190 115 48 205 88741 10 1960271 75232 2.3 34 15 1 5 7% 112 515294 41255 24%
c - 490.50 190 115 48 206 88977 10 1964778 67897 2.3 35 15 1 5 7% 112 515294 41255 24%
c u 492.04 190 114 48 206 89403 10 1971896 72832 2.4 35 15 1 5 7% 112 515294 41255 24%
c v 492.24 190 114 48 206 89403 10 1971896 66731 2.4 35 15 1 5 7% 112 515294 41255 24%
c w 493.69 190 114 48 206 89403 10 1971896 64056 2.4 35 15 1 5 7% 112 515294 41255 24%
c - 495.12 190 114 48 207 89929 10 1979131 61480 2.4 35 15 1 5 7% 112 515294 41255 24%
c - 497.89 190 113 48 208 91043 10 1993518 65049 2.4 35 15 1 5 7% 112 515294 41255 24%
c - 500.85 191 113 48 209 92212 10 2007940 67438 2.4 36 15 1 5 7% 112 515294 41255 24%
c - 503.69 179 113 48 210 93349 10 2022398 68869 2.4 36 15 1 5 7% 112 515294 41255 24%
c - 506.87 180 113 48 211 94537 10 2036891 70274 2.4 36 15 1 5 7% 112 515294 41255 24%
c } 508.00 181 113 49 211 94892 10 2042087 75058 2.4 36 15 1 5 7% 112 515294 41255 24%
c [ 508.00 181 78 49 211 94892 1 2042087 75058 2.5 75 31 1 9 12% 112 515294 41255 24%
c W 508.20 179 78 49 211 94892 1 2042087 75058 2.5 75 31 1 9 12% 112 515294 41255 24%
c - 510.20 180 78 49 212 94898 1 2051416 69555 2.5 75 31 1 9 12% 112 515294 41255 24%
c - 513.61 182 78 49 213 94905 1 2065977 66324 2.4 76 31 1 9 12% 112 515294 41255 24%
c - 516.71 183 78 49 214 94911 1 2080571 63902 2.4 76 31 1 9 12% 112 515294 41255 24%
c - 519.79 183 78 49 215 94919 1 2095199 63827 2.5 75 31 1 9 11% 112 515294 41255 24%
c - 523.37 184 77 49 216 94922 1 2109863 63772 2.5 76 31 1 9 11% 112 515294 41255 24%
c u 524.40 184 77 49 216 94922 1 2112673 64878 2.5 76 31 1 9 11% 112 515294 41255 24%
c
c seconds     switched      rate           size/glue  tier1   binary          remaining
c          MB   reductions     conflicts         size   tier2    irredundant
c           level     restarts        redundant     glue   trail         variables
c
c v 524.53 184 77 49 216 94922 1 2112673 62466 2.5 76 31 1 9 11% 112 515294 41255 24%
c w 525.41 184 77 49 216 94922 1 2112673 60760 2.5 76 31 1 9 11% 112 515294 41255 24%
c - 528.88 185 76 49 217 94922 1 2124559 59457 2.5 77 30 1 9 12% 112 515294 41255 24%
c - 531.88 185 77 49 218 94931 1 2139289 60935 2.5 77 30 1 9 12% 112 515294 41255 24%
c ] 532.58 185 76 50 218 94935 1 2143921 65494 2.5 77 30 1 9 12% 112 515294 41255 24%
c { 532.58 185 113 50 218 94935 10 2143921 65494 2.4 36 15 1 5 7% 112 515294 41255 24%
c - 534.80 186 112 50 219 95412 10 2154053 64057 2.4 36 15 1 5 7% 112 515294 41255 24%
c o 536.25 187 112 50 219 95676 10 2160308 69755 2.4 36 15 1 5 7% 112 515294 41255 24%
c - 538.07 187 112 50 220 96014 9 2168852 67564 2.4 36 15 1 5 7% 112 515294 41255 24%
c - 540.90 188 111 50 221 96653 9 2183685 70138 2.4 36 15 1 5 7% 112 515294 41255 24%
c - 544.63 188 110 50 222 97539 9 2198552 71767 2.4 36 15 1 4 7% 112 515294 41255 24%
c - 547.87 189 109 50 223 98348 9 2213453 73306 2.4 36 15 1 4 7% 112 515294 41255 24%
c - 550.78 189 109 50 224 99114 9 2228387 74842 2.4 36 15 1 4 7% 112 515294 41255 24%
c - 553.95 189 108 50 225 100049 8 2243354 76200 2.4 36 15 1 4 7% 112 515294 41255 24%
c - 557.68 189 108 50 226 101019 8 2258354 77185 2.4 36 15 1 4 7% 112 515294 41255 24%
c u 558.13 189 108 50 226 101041 8 2258798 75031 2.4 36 15 1 4 7% 112 515294 41255 24%
c v 558.32 189 108 50 226 101041 8 2258798 69440 2.4 36 15 1 4 7% 112 515294 41255 24%
c w 558.68 189 108 50 226 101041 8 2258798 66372 2.4 36 15 1 4 7% 112 515294 41255 24%
c - 561.55 189 108 50 227 101830 8 2273389 69679 2.4 35 15 1 4 7% 112 515294 41255 24%
c } 563.21 189 107 51 227 102293 8 2281447 76923 2.4 36 15 1 4 7% 112 515294 41255 24%
c
c seconds     switched       rate           size/glue  tier1   binary          remaining
c          MB   reductions      conflicts         size   tier2    irredundant
c           level      restarts        redundant     glue   trail         variables
c
c [ 563.21 189 76 51 227 102293 1 2281447 76923 2.5 77 30 1 9 12% 112 515294 41255 24%
c O 563.21 189 76 51 227 102293 1 2281447 76923 2.5 77 30 1 9 12% 112 515294 41255 24%
c - 564.55 189 77 51 228 102298 1 2288455 71915 2.5 77 30 1 9 12% 112 515294 41255 24%
c - 567.16 190 76 51 229 102306 1 2303554 69518 2.5 76 31 1 9 11% 112 515294 41255 24%
c - 570.13 190 76 51 230 102310 1 2318686 66541 2.4 75 31 1 9 11% 112 515294 41255 24%
c s 570.92 190 76 51 230 102314 1 2323495 71290 2.4 75 31 1 9 11% 112 515291 41255 24%
c - 572.98 190 76 51 231 102320 1 2333851 66622 2.5 75 31 1 9 11% 112 515291 41255 24%
c - 576.85 190 77 51 232 102323 1 2349049 67654 2.5 75 30 1 9 12% 112 515291 41255 24%
c - 582.16 190 76 51 233 102324 1 2364281 68415 2.6 75 29 1 9 12% 112 515291 41255 24%
c o 583.75 190 77 51 233 102329 1 2370361 74432 2.6 75 29 1 9 12% 112 515291 41255 24%
c - 585.47 191 77 51 234 102333 1 2379546 68909 2.6 75 29 1 9 12% 112 515291 41255 24%
c - 588.52 191 76 51 235 102338 1 2394844 68263 2.6 75 29 1 9 12% 112 515291 41255 24%
c B 589.92 191 76 51 235 102342 1 2402280 75605 2.6 75 28 1 9 12% 112 515291 41255 24%
c - 591.32 191 76 51 236 102346 1 2410173 67452 2.6 75 29 1 9 12% 112 515291 41255 24%
c ] 591.33 191 76 52 236 102346 1 2410191 67470 2.6 75 29 1 9 12% 112 515291 41255 24%
c { 591.33 191 107 52 236 102346 8 2410191 67470 2.4 36 15 1 4 7% 112 515291 41255 24%
c u 591.71 191 107 52 236 102365 8 2410297 66566 2.4 36 15 1 4 7% 112 515291 41255 24%
c v 591.80 191 107 52 236 102365 8 2410297 64764 2.4 36 15 1 4 7% 112 515291 41255 24%
c w 591.94 191 107 52 236 102365 8 2410297 63154 2.4 36 15 1 4 7% 112 515291 41255 24%
c x 593.07 193 107 52 236 102365 8 2410297 63154 2.4 36 15 1 4 7% 112 515280 41255 24%
c
c seconds      switched       rate           size/glue  tier1  binary          remaining
c          MB    reductions      conflicts         size   tier2   irredundant
c            level      restarts        redundant     glue  trail         variables
c
c - 600.53 182 108 52 237 104147 9 2425535 67123 2.3 36 15 1 4 7% 112 515280 41255 24%
c - 604.34 183 107 52 238 105741 9 2440931 71300 2.3 37 16 1 4 7% 112 515280 41255 24%
c - 608.05 184 107 52 239 107325 10 2456359 73789 2.3 37 16 1 4 7% 112 515280 41255 24%
c - 612.18 185 108 52 240 108702 10 2471820 75690 2.4 38 16 1 4 8% 112 515280 41255 24%
c - 616.21 185 109 52 241 110130 10 2487311 77142 2.4 39 17 1 4 8% 112 515280 41255 24%
c - 619.83 185 108 52 242 111206 10 2502835 78128 2.4 40 17 1 4 8% 112 515280 41255 24%
c - 623.77 186 109 52 243 112465 10 2518391 78793 2.4 41 17 1 4 8% 112 515280 41255 24%
c - 627.86 186 110 52 244 113816 10 2533980 79594 2.4 42 17 1 4 8% 112 515280 41255 24%
c - 631.39 186 110 52 245 114915 9 2549600 80378 2.5 43 17 1 4 8% 112 515280 41255 24%
c } 633.74 186 110 53 245 115389 9 2557979 88410 2.5 44 17 1 4 9% 112 515280 41255 24%
c [ 633.74 186 76 53 245 115389 1 2557979 88410 2.6 75 29 1 9 12% 112 515280 41255 24%
c W 634.23 179 76 53 245 115389 1 2557979 88410 2.6 75 29 1 9 12% 112 515280 41255 24%
c - 635.48 181 76 53 246 115394 1 2565253 80164 2.6 75 29 1 9 12% 112 515280 41255 24%
c u 636.26 178 76 53 246 115395 1 2567225 80054 2.6 75 29 1 9 12% 112 515280 41255 24%
c v 636.44 179 76 53 246 115395 1 2567225 74212 2.6 75 29 1 9 12% 112 515280 41255 24%
c w 637.24 180 76 53 246 115395 1 2567225 71332 2.6 75 29 1 9 12% 112 515280 41255 24%
c - 640.55 181 77 53 247 115402 1 2580937 70398 2.6 76 29 1 9 12% 112 515280 41255 24%
c o 643.02 181 77 53 247 115404 1 2591063 80410 2.7 76 29 1 9 12% 112 515280 41255 24%
c - 644.18 182 77 53 248 115408 1 2596655 70605 2.7 76 29 1 9 12% 112 515280 41255 24%
c - 647.48 182 77 53 249 115417 1 2612404 71223 2.7 76 29 1 9 12% 112 515280 41255 24%
c
c seconds     switched       rate           size/glue  tier1   binary          remaining
c          MB   reductions      conflicts         size   tier2    irredundant
c           level      restarts        redundant     glue   trail         variables
c
c - 651.32 183 76 53 250 115419 1 2628183 70412 2.7 78 29 1 9 12% 112 515280 41255 24%
c - 655.73 184 77 53 251 115422 1 2643994 69095 2.7 80 30 1 8 12% 112 515280 41255 24%
c - 659.43 184 77 53 252 115432 1 2659836 70632 2.7 80 29 1 8 12% 112 515280 41255 24%
c - 663.45 185 77 53 253 115437 1 2675710 70715 2.7 81 30 1 8 12% 112 515280 41255 24%
c s 663.96 185 77 53 253 115437 1 2677618 72611 2.7 81 30 1 8 12% 112 515229 41255 24%
c e 664.01 187 77 53 253 115437 1 2677618 72611 2.7 81 30 1 8 12% 112 515292 41236 24%
c s 664.02 187 77 53 253 115437 1 2677618 72611 2.7 81 30 1 8 12% 112 515258 41236 24%
c - 667.61 187 77 53 254 115446 1 2691616 70584 2.7 81 29 1 8 12% 112 515258 41236 24%
c I 667.74 187 77 53 254 115447 1 2692221 71177 2.7 81 29 1 8 12% 112 515258 41236 24%
c ] 669.95 187 77 54 254 115449 1 2700706 79541 2.8 80 29 1 8 13% 112 515258 41236 24%
c { 669.95 187 110 54 254 115449 9 2700706 79541 2.5 44 17 1 4 9% 112 515258 41236 24%
c - 671.14 188 110 54 255 115545 9 2707554 72146 2.6 44 17 1 4 9% 112 515258 41236 24%
c - 674.26 189 108 54 256 115707 8 2723524 74808 2.7 45 17 1 4 10% 112 515258 41236 24%
c u 676.10 189 107 54 256 115855 8 2729583 79852 2.7 46 17 1 4 10% 112 515258 41236 24%
c v 676.24 189 107 54 256 115855 8 2729583 76991 2.7 46 17 1 4 10% 112 515258 41236 24%
c w 678.50 189 107 54 256 115855 8 2729583 73593 2.7 46 17 1 4 10% 112 515258 41236 24%
c - 679.93 189 105 54 257 115966 8 2739526 70971 2.7 46 17 1 4 10% 112 515258 41236 24%
c - 683.26 190 103 54 258 116258 7 2755557 73473 2.8 46 17 1 4 10% 112 515258 41236 24%
c - 686.92 190 102 54 259 116592 7 2771620 75535 2.8 46 16 1 4 11% 112 515258 41236 24%
c - 690.84 190 101 54 260 117005 7 2787713 76620 2.9 47 16 1 4 11% 112 515258 41236 24%
c
c seconds      switched       rate           size/glue  tier1   binary          remaining
c          MB    reductions      conflicts         size   tier2    irredundant
c            level      restarts        redundant     glue   trail         variables
c
c - 694.47 190 100 54 261 117572 7 2803840 77014 2.9 47 16 1 4 11% 112 515258 41236 24%
c - 697.84 190 99 54 262 117968 7 2819996 77716 2.9 47 16 1 4 11% 112 515258 41236 24%
c o 698.08 190 99 54 262 117975 7 2821144 78850 2.9 47 16 1 4 11% 112 515258 41236 24%
c - 701.67 190 98 54 263 118472 7 2836182 78209 2.9 47 16 1 4 11% 112 515258 41236 24%
c - 703.90 191 94 54 264 118774 6 2852400 77777 2.9 46 16 1 4 11% 112 515258 41236 24%
c } 704.48 191 93 55 264 118861 6 2859101 83963 3.0 46 16 1 4 11% 112 515258 41236 24%
c [ 704.48 191 77 55 264 118861 1 2859101 83963 2.8 80 29 1 8 13% 112 515258 41236 24%
c B 704.48 191 77 55 264 118861 1 2859101 83963 2.8 80 29 1 8 13% 112 515258 41236 24%
c - 706.91 191 77 55 265 118867 1 2868648 76566 2.8 81 29 1 8 13% 112 515258 41236 24%
c - 710.38 191 78 55 266 118875 1 2884928 74728 2.8 80 29 1 8 13% 112 515258 41236 24%
c u 713.59 191 77 55 266 118880 1 2897423 86280 2.8 80 28 1 8 13% 112 515258 41236 24%
c v 713.75 191 77 55 266 118880 1 2897423 83183 2.8 80 28 1 8 13% 112 515258 41236 24%
c w 716.47 193 77 55 266 118880 1 2897423 83110 2.8 80 28 1 8 13% 112 515258 41236 24%
c - 717.47 172 78 55 267 118882 1 2901237 71009 2.8 79 28 1 8 13% 112 515258 41236 24%
c - 720.53 173 78 55 268 118890 1 2917577 71397 2.8 79 28 1 8 13% 112 515258 41236 24%
c - 724.20 174 78 55 269 118891 1 2933948 70690 2.8 79 29 1 8 13% 112 515258 41236 24%
c - 727.75 174 77 55 270 118898 1 2950349 70100 2.7 79 29 1 8 12% 112 515258 41236 24%
c - 731.11 178 77 55 271 118906 1 2966780 70790 2.7 79 29 1 8 12% 112 515258 41236 24%
c - 734.22 178 77 55 272 118913 1 2983243 70734 2.7 77 29 1 8 12% 112 515258 41236 24%
c ] 734.46 178 77 56 272 118913 1 2984727 72187 2.7 77 29 1 8 12% 112 515258 41236 24%
c
c seconds     switched       rate           size/glue  tier1   binary          remaining
c          MB   reductions      conflicts         size   tier2    irredundant
c           level      restarts        redundant     glue   trail         variables
c
c { 734.46 178 93 56 272 118913 6 2984727 72187 3.0 46 16 1 4 11% 112 515258 41236 24%
c - 737.86 182 94 56 273 120668 7 2999735 72999 2.8 45 16 1 5 10% 112 515258 41236 24%
c - 742.10 184 97 56 274 122199 7 3016258 76290 2.8 45 16 1 4 10% 112 515258 41236 24%
c - 746.42 184 100 56 275 123947 8 3032810 78315 2.7 45 17 1 4 10% 112 515258 41236 24%
c - 750.55 185 101 56 276 125493 8 3049393 79616 2.7 45 17 1 4 10% 112 515258 41236 24%
c o 753.33 185 102 56 276 126646 9 3061158 90763 2.7 45 17 1 4 10% 112 515258 41236 24%
c - 754.39 185 102 56 277 127064 9 3066007 80623 2.6 45 17 1 4 10% 112 515258 41236 24%
c u 755.90 185 103 56 277 127521 9 3070746 83802 2.6 45 17 1 4 10% 112 515258 41236 24%
c v 756.09 185 103 56 277 127521 9 3070746 78830 2.6 45 17 1 4 10% 112 515258 41236 24%
c w 757.69 185 103 56 277 127521 9 3070746 75735 2.6 45 17 1 4 10% 112 515258 41236 24%
c - 760.39 185 104 56 278 128030 9 3082650 75053 2.7 46 17 1 4 10% 112 515258 41236 24%
c - 764.77 186 106 56 279 129261 9 3099324 78069 2.7 46 17 1 4 10% 112 515258 41236 24%
c - 768.86 186 107 56 280 130283 8 3116028 79394 2.7 47 17 1 4 10% 112 515258 41236 24%
c - 772.83 186 107 56 281 131430 8 3132762 80695 2.7 47 18 1 4 10% 112 515258 41236 24%
c - 776.72 186 107 56 282 132302 8 3149525 81609 2.7 48 18 1 4 10% 112 515258 41236 24%
c } 777.72 186 108 57 282 132577 8 3154070 85995 2.7 48 18 1 4 10% 112 515258 41236 24%
c [ 777.72 186 77 57 282 132577 1 3154070 85995 2.7 77 29 1 8 12% 112 515258 41236 24%
c W 778.43 179 77 57 282 132577 1 3154070 85995 2.7 77 29 1 8 12% 112 515258 41236 24%
c - 781.52 182 77 57 283 132583 1 3166317 80793 2.7 78 29 1 8 12% 112 515258 41236 24%
c - 786.23 183 77 57 284 132591 1 3183139 78173 2.6 78 29 1 8 12% 112 515258 41236 24%
c
c seconds     switched       rate           size/glue  tier1   binary          remaining
c          MB   reductions      conflicts         size   tier2    irredundant
c           level      restarts        redundant     glue   trail         variables
c
c - 790.56 185 77 57 285 132599 1 3199992 75790 2.6 78 30 1 8 12% 112 515258 41236 24%
c - 793.19 185 77 57 286 132606 1 3216873 74788 2.6 78 30 1 8 12% 112 515258 41236 24%
c - 795.86 186 76 57 287 132607 1 3233784 73647 2.5 79 31 1 8 12% 112 515258 41236 24%
c u 798.92 186 76 57 287 132615 1 3249609 87930 2.5 79 31 1 8 11% 112 515258 41236 24%
c v 799.05 186 76 57 287 132615 1 3249609 85731 2.5 79 31 1 8 11% 112 515258 41236 24%
c w 802.28 192 76 57 287 132615 1 3249609 85502 2.5 79 31 1 8 11% 112 515258 41236 24%
c - 802.57 192 76 57 288 132616 1 3250725 70965 2.5 79 31 1 8 11% 112 515258 41236 24%
c - 805.53 172 76 57 289 132622 1 3267695 72017 2.5 79 32 1 8 11% 112 515258 41236 24%
c - 808.83 175 76 57 290 132632 1 3284695 73241 2.5 78 31 1 8 11% 112 515258 41236 24%
c - 811.99 176 76 57 291 132637 1 3301726 74283 2.6 78 31 1 8 11% 112 515258 41236 24%
c O 813.30 176 76 57 291 132638 1 3309431 81859 2.5 78 30 1 8 11% 112 515258 41236 24%
c - 814.94 177 76 57 292 132638 1 3318784 73805 2.5 77 30 1 8 11% 112 515258 41236 24%
c o 815.04 177 76 57 292 132639 1 3319214 74231 2.5 77 30 1 8 11% 112 515258 41236 24%
c - 818.70 179 78 57 293 132639 1 3335874 73536 2.6 80 31 1 8 11% 112 515258 41236 24%
c ] 821.29 179 78 58 293 132639 1 3347030 84645 2.7 83 31 1 8 12% 112 515258 41236 24%
c { 821.29 179 108 58 293 132639 8 3347030 84645 2.7 48 18 1 4 10% 112 515258 41236 24%
c - 822.57 183 107 58 294 132907 8 3352991 73894 2.8 49 18 1 4 10% 112 515258 41236 24%
c - 826.45 186 107 58 295 133335 7 3370137 77342 2.9 50 17 1 4 10% 112 515258 41236 24%
c - 830.02 187 108 58 296 134151 7 3387313 80076 2.9 50 17 1 4 10% 112 515258 41236 24%
c - 834.40 187 108 58 297 135137 7 3404517 81331 2.9 51 17 1 4 11% 112 515258 41236 24%
c
c seconds      switched       rate           size/glue  tier1   binary          remaining
c          MB    reductions      conflicts         size   tier2    irredundant
c            level      restarts        redundant     glue   trail         variables
c
c - 838.75 188 110 58 298 136105 7 3421750 82787 2.9 50 17 1 4 11% 112 515258 41236 24%
c u 842.11 188 110 58 298 136763 7 3434036 93290 2.9 51 17 1 4 11% 112 515258 41236 24%
c v 842.55 188 110 58 298 136763 7 3434036 88062 2.9 51 17 1 4 11% 112 515258 41236 24%
c w 845.72 189 110 58 298 136763 7 3434036 87444 2.9 51 17 1 4 11% 112 515258 41236 24%
c - 847.02 189 110 58 299 137001 7 3439013 78292 2.9 51 17 1 4 11% 112 515258 41236 24%
c - 850.90 189 110 58 300 137810 7 3456305 80179 2.9 51 18 1 4 11% 112 515258 41236 24%
c - 854.85 189 109 58 301 138786 7 3473627 81661 2.9 51 18 1 4 10% 112 515258 41236 24%
c - 858.66 189 109 58 302 139678 7 3490978 82993 2.9 51 18 1 4 10% 112 515258 41236 24%
c - 863.13 189 109 58 303 140838 7 3508356 84062 2.9 51 18 1 4 10% 112 515258 41236 24%
c - 867.46 190 111 58 304 141932 7 3525762 84844 2.9 52 18 1 4 10% 112 515258 41236 24%
c } 867.86 190 111 59 304 141977 7 3527659 86690 2.9 52 18 1 4 10% 112 515258 41236 24%
c [ 867.86 190 78 59 304 141977 1 3527659 86690 2.7 83 31 1 8 12% 112 515258 41236 24%
c B 867.86 190 78 59 304 141977 1 3527659 86690 2.7 83 31 1 8 12% 112 515258 41236 24%
c - 870.64 190 78 59 305 141986 1 3543198 83580 2.6 81 31 1 8 11% 112 515258 41236 24%
c - 874.59 190 77 59 306 141992 1 3560662 80296 2.6 80 31 1 8 12% 112 515258 41236 24%
c - 878.96 190 77 59 307 142002 1 3578155 79371 2.6 80 31 1 8 12% 112 515258 41236 24%
c o 880.31 190 77 59 307 142006 1 3585381 86509 2.6 80 31 1 8 12% 112 515258 41236 24%
c - 882.39 190 78 59 308 142007 1 3595677 79020 2.6 81 31 1 8 12% 112 515258 41236 24%
c - 886.88 191 78 59 309 142010 1 3613226 78813 2.7 81 30 1 8 12% 112 515258 41236 24%
c u 889.39 191 78 59 309 142016 1 3624056 87888 2.7 81 30 1 8 12% 112 515258 41236 24%
c
c seconds     switched       rate           size/glue  tier1   binary          remaining
c          MB   reductions      conflicts         size   tier2    irredundant
c           level      restarts        redundant     glue   trail         variables
c
c v 889.54 191 78 59 309 142016 1 3624056 84914 2.7 81 30 1 8 12% 112 515258 41236 24%
c w 891.91 193 78 59 309 142016 1 3624056 84599 2.7 81 30 1 8 12% 112 515258 41236 24%
c x 893.07 197 78 59 309 142016 1 3624056 84599 2.7 81 30 1 8 12% 112 515245 41236 24%
c e 893.30 173 78 59 309 142016 1 3624056 84599 2.7 81 30 1 8 12% 112 515258 41230 24%
c s 893.31 173 78 59 309 142016 1 3624056 84599 2.7 81 30 1 8 12% 112 515246 41230 24%
c - 894.82 179 78 59 310 142021 1 3630805 75313 2.7 81 30 1 8 12% 112 515246 41230 24%
c - 898.43 181 77 59 311 142027 1 3648412 75459 2.6 80 30 1 8 12% 112 515246 41230 24%
c - 902.74 182 77 59 312 142036 1 3666047 75813 2.6 80 30 1 8 12% 112 515246 41230 24%
c - 908.20 183 77 59 313 142038 1 3683712 75511 2.6 80 31 1 8 12% 112 515246 41230 24%
c W 911.97 180 78 59 313 142039 1 3697755 89438 2.7 81 30 1 8 13% 112 515246 41230 24%
c ] 912.64 182 78 60 313 142039 1 3701382 93026 2.7 80 30 1 8 13% 112 515246 41230 24%
c { 912.64 182 111 60 313 142039 7 3701382 93026 2.9 52 18 1 4 10% 112 515246 41230 24%
c - 912.70 183 111 60 314 142040 7 3701403 76129 2.9 52 18 1 4 10% 112 515246 41230 24%
c - 917.18 187 110 60 315 142646 7 3719123 79442 3.0 53 18 1 4 11% 112 515246 41230 24%
c - 921.54 188 110 60 316 143394 7 3736872 81857 3.0 53 18 1 4 11% 112 515246 41230 24%
c - 926.23 189 110 60 317 144572 7 3754649 83135 2.9 53 18 1 4 10% 112 515246 41230 24%
c - 930.79 189 110 60 318 145307 7 3772453 84457 3.0 54 18 1 4 11% 112 515246 41230 24%
c - 935.33 190 110 60 319 146288 7 3790285 85811 3.0 53 18 1 4 11% 112 515246 41230 24%
c - 940.13 190 111 60 320 147350 7 3808146 86858 2.9 53 18 1 4 11% 112 515246 41230 24%
c u 943.64 190 110 60 320 147799 7 3819700 96640 3.0 54 18 1 4 11% 112 515246 41230 24%
c
c seconds      switched       rate           size/glue  tier1   binary          remaining
c          MB    reductions      conflicts         size   tier2    irredundant
c            level      restarts        redundant     glue   trail         variables
c
c v 943.90 190 110 60 320 147799 7 3819700 90744 3.0 54 18 1 4 11% 112 515246 41230 24%
c w 947.79 190 110 60 320 147799 7 3819700 90014 3.0 54 18 1 4 11% 112 515246 41230 24%
c - 949.52 190 111 60 321 148148 7 3826035 81571 3.0 53 18 1 4 11% 112 515246 41230 24%
c - 953.70 190 111 60 322 148852 7 3843953 83639 3.0 53 18 1 4 11% 112 515246 41230 24%
c o 956.74 191 110 60 322 149305 6 3855670 95014 3.0 53 18 1 4 11% 112 515246 41230 24%
c - 958.14 191 109 60 323 149645 6 3861898 85328 3.0 53 18 1 4 11% 112 515246 41230 24%
c - 963.36 191 112 60 324 150405 6 3879871 86750 3.0 54 18 1 4 11% 112 515246 41230 24%
c } 966.47 191 108 61 324 150684 6 3893634 100282 3.1 55 18 1 4 11% 112 515246 41230 24%
c [ 966.47 191 78 61 324 150684 1 3893634 100282 2.7 80 30 1 8 13% 112 515246 41230 24%
c I 966.47 191 78 61 324 150684 1 3893634 100282 2.7 80 30 1 8 13% 112 515246 41230 24%
c - 967.57 191 78 61 325 150687 1 3897872 87119 2.7 80 30 1 8 13% 112 515246 41230 24%
c - 972.10 191 79 61 326 150697 1 3915900 84394 2.7 80 30 1 8 13% 112 515246 41230 24%
c - 976.08 192 79 61 327 150704 1 3933956 82328 2.7 79 29 1 8 13% 112 515246 41230 24%
c - 980.39 192 79 61 328 150713 1 3952040 81802 2.7 79 29 1 8 13% 112 515246 41230 24%
c - 984.78 192 79 61 329 150714 1 3970150 80508 2.6 79 30 1 8 13% 112 515246 41230 24%
c - 988.69 193 78 61 330 150721 1 3988288 78891 2.6 79 30 1 8 12% 112 515246 41230 24%
c - 992.22 193 79 61 331 150729 1 4006455 79668 2.6 79 30 1 8 12% 112 515246 41230 24%
c u 995.76 193 79 61 331 150736 1 4020988 92702 2.6 79 30 1 8 12% 112 515246 41230 24%
c v 995.90 193 79 61 331 150736 1 4020988 90253 2.6 79 30 1 8 12% 112 515246 41230 24%
c w 1000.36 196 79 61 331 150736 1 4020988 89895 2.6 79 30 1 8 12% 112 515246 41230 24%
c
c  seconds     switched       rate           size/glue  tier1   binary          remaining
c           MB   reductions      conflicts         size   tier2    irredundant
c            level      restarts        redundant     glue   trail         variables
c
c - 1003.16 173 79 61 332 150739 1 4024649 77122 2.7 79 30 1 8 12% 112 515246 41230 24%
c - 1006.16 174 78 61 333 150745 1 4042870 77933 2.6 79 30 1 8 12% 112 515246 41230 24%
c - 1009.71 175 77 61 334 150746 1 4061119 77406 2.7 81 30 1 8 12% 112 515246 41230 24%
c B 1014.55 177 77 61 334 150746 1 4078970 95134 2.7 83 31 1 8 12% 112 515246 41230 24%
c - 1014.65 177 77 61 335 150746 1 4079395 77260 2.7 83 31 1 8 12% 112 515246 41230 24%
c ] 1017.47 177 77 62 335 150748 1 4093507 91224 2.7 84 31 1 8 12% 112 515246 41230 24%
c { 1017.47 177 108 62 335 150748 6 4093507 91224 3.1 55 18 1 4 11% 112 515246 41230 24%
c - 1018.33 183 108 62 336 151006 6 4097698 77895 3.1 55 18 1 4 11% 112 515246 41230 24%
c - 1023.17 186 111 62 337 151872 6 4116029 81440 3.1 55 18 1 4 11% 112 515246 41230 24%
c - 1027.83 187 113 62 338 152662 6 4134386 84652 3.1 54 18 1 4 11% 112 515246 41230 24%
c o 1028.18 187 113 62 338 152711 6 4135673 85918 3.1 54 18 1 4 11% 112 515246 41230 24%
c - 1032.68 187 111 62 339 153479 6 4152771 86191 3.1 54 18 1 4 11% 112 515246 41230 24%
c - 1037.60 188 111 62 340 154262 6 4171183 87359 3.1 55 18 1 4 11% 112 515246 41230 24%
c - 1042.04 189 108 62 341 154884 6 4189623 88284 3.2 55 17 1 4 11% 112 515246 41230 24%
c - 1047.33 189 109 62 342 156035 6 4208090 88971 3.1 54 18 1 4 11% 112 515246 41230 24%
c - 1052.31 189 108 62 343 157062 6 4226584 89906 3.1 54 18 1 4 11% 112 515246 41230 24%
c u 1053.13 180 108 62 343 157062 6 4227951 89483 3.1 54 18 1 4 11% 112 515246 41230 24%
c v 1053.38 181 108 62 343 157062 6 4227951 84004 3.1 54 18 1 4 11% 112 515246 41230 24%
c w 1054.08 182 108 62 343 157062 6 4227951 81248 3.1 54 18 1 4 11% 112 515246 41230 24%
c - 1058.37 185 107 62 344 157947 6 4245104 83208 3.1 54 18 1 4 11% 112 515246 41230 24%
c
c  seconds      switched       rate           size/glue  tier1   binary          remaining
c           MB    reductions      conflicts         size   tier2    irredundant
c             level      restarts        redundant     glue   trail         variables
c
c - 1062.50 186 107 62 345 158944 6 4263652 86468 3.1 54 18 1 4 11% 112 515246 41230 24%
c - 1067.41 187 108 62 346 159871 6 4282229 88428 3.1 54 18 1 4 11% 112 515246 41230 24%
c } 1071.46 187 108 63 346 160738 6 4297718 103520 3.0 53 18 1 4 11% 112 515246 41230 24%
c [ 1071.46 187 77 63 346 160738 1 4297718 103520 2.7 84 31 1 8 12% 112 515246 41230 24%
c W 1072.58 181 77 63 346 160738 1 4297718 103520 2.7 84 31 1 8 12% 112 515246 41230 24%
c - 1073.38 183 77 63 347 160740 1 4300831 89153 2.7 83 31 1 8 12% 112 515246 41230 24%
c - 1077.50 184 77 63 348 160751 1 4319458 87107 2.7 83 31 1 8 12% 112 515246 41230 24%
c - 1081.86 186 77 63 349 160758 1 4338114 83278 2.8 85 31 1 8 12% 112 515246 41230 24%
c - 1085.55 186 77 63 350 160767 1 4356795 82003 2.7 84 31 1 8 12% 112 515246 41230 24%
c - 1089.73 187 77 63 351 160768 1 4375503 80682 2.6 84 32 1 8 12% 112 515246 41230 24%
c - 1093.47 188 77 63 352 160777 1 4394238 81274 2.6 83 32 1 8 11% 112 515246 41230 24%
c - 1097.34 189 76 63 353 160783 1 4412999 81919 2.6 81 31 1 8 11% 112 515246 41230 24%
c o 1100.07 189 78 63 353 160792 1 4426570 95290 2.6 81 31 1 8 11% 112 515246 41230 24%
c - 1101.02 190 78 63 354 160796 1 4431788 82207 2.6 81 31 1 8 11% 112 515246 41230 24%
c u 1104.11 190 78 63 354 160798 1 4440615 89526 2.6 81 31 1 8 12% 112 515246 41230 24%
c v 1104.25 190 78 63 354 160798 1 4440615 87207 2.6 81 31 1 8 12% 112 515246 41230 24%
c w 1108.24 192 78 63 354 160798 1 4440615 84614 2.6 81 31 1 8 12% 112 515246 41230 24%
c - 1110.75 192 77 63 355 160799 1 4450603 77753 2.7 81 31 1 8 12% 112 515246 41230 24%
c - 1114.89 193 78 63 356 160800 1 4469445 78832 2.7 82 30 1 8 12% 112 515246 41230 24%
c - 1119.65 193 79 63 357 160800 1 4488312 79636 2.7 81 30 1 8 12% 112 515246 41230 24%
c
c  seconds     switched       rate           size/glue  tier1   binary          remaining
c           MB   reductions      conflicts         size   tier2    irredundant
c            level      restarts        redundant     glue   trail         variables
c
c O 1121.91 194 79 63 357 160803 1 4498787 89943 2.7 80 30 1 8 12% 112 515246 41230 24%
c ] 1123.53 194 79 64 357 160807 1 4506723 97784 2.7 80 30 1 8 12% 112 515246 41230 24%
c { 1123.53 194 108 64 357 160807 6 4506723 97784 3.0 53 18 1 4 11% 112 515246 41230 24%
c - 1123.69 194 108 64 358 160839 6 4507206 80422 3.0 53 18 1 4 11% 112 515246 41230 24%
c - 1127.71 195 109 64 359 161448 6 4526126 84271 3.0 53 18 1 4 11% 112 515246 41230 24%
c - 1131.84 183 109 64 360 162276 6 4545075 87325 3.0 53 18 1 4 11% 112 515246 41230 24%
c - 1136.11 185 110 64 361 163174 6 4564049 88434 3.0 53 18 1 4 11% 112 515246 41230 24%
c - 1140.45 186 108 64 362 164066 6 4583050 89900 3.1 54 17 1 4 11% 112 515246 41230 24%
c - 1144.89 187 108 64 363 165096 6 4602077 91087 3.0 53 17 1 4 11% 112 515246 41230 24%
c - 1149.30 187 108 64 364 166069 6 4621131 91950 3.0 53 18 1 4 11% 112 515246 41230 24%
c - 1154.11 188 109 64 365 166997 6 4640212 92928 3.0 53 18 1 4 11% 112 515246 41230 24%
c u 1159.16 188 109 64 365 168320 7 4659008 109014 3.0 52 18 1 4 11% 112 515246 41230 24%
c v 1159.50 188 109 64 365 168320 7 4659008 102461 3.0 52 18 1 4 11% 112 515246 41230 24%
c w 1164.34 189 109 64 365 168320 7 4659008 101676 3.0 52 18 1 4 11% 112 515246 41230 24%
c - 1164.50 189 109 64 366 168326 7 4659316 86286 3.0 52 18 1 4 11% 112 515246 41230 24%
c - 1169.23 189 109 64 367 169341 7 4678449 88245 2.9 52 18 1 4 11% 112 515246 41230 24%
c - 1174.04 189 109 64 368 170283 7 4697607 90360 3.0 53 18 1 4 11% 112 515246 41230 24%
c - 1178.84 189 110 64 369 171393 7 4716791 91856 2.9 53 18 1 4 10% 112 515246 41230 24%
c } 1180.25 190 110 65 369 171609 7 4723222 98137 3.0 53 18 1 4 11% 112 515246 41230 24%
c [ 1180.25 190 79 65 369 171609 1 4723222 98137 2.7 80 30 1 8 12% 112 515246 41230 24%
c
c  seconds     switched       rate           size/glue  tier1   binary          remaining
c           MB   reductions      conflicts         size   tier2    irredundant
c            level      restarts        redundant     glue   trail         variables
c
c B 1180.25 190 79 65 369 171609 1 4723222 98137 2.7 80 30 1 8 12% 112 515246 41230 24%
c o 1180.98 190 79 65 369 171612 1 4727377 102230 2.7 79 29 1 8 12% 112 515246 41230 24%
c - 1182.69 190 79 65 370 171616 1 4736000 91340 2.7 80 30 1 8 12% 112 515246 41230 24%
c - 1186.90 190 79 65 371 171623 1 4755238 88729 2.7 80 29 1 8 12% 112 515246 41230 24%
c - 1191.02 190 79 65 372 171635 1 4774500 86807 2.7 79 29 1 8 12% 112 515246 41230 24%
c - 1196.12 191 80 65 373 171639 1 4793788 85746 2.8 82 30 1 8 12% 112 515246 41230 24%
c - 1202.42 192 82 65 374 171645 1 4813103 84418 2.7 83 31 1 8 13% 112 515246 41230 24%
c - 1206.45 192 82 65 375 171654 1 4832445 84641 2.7 82 30 1 8 13% 112 515246 41230 24%
c - 1210.59 192 82 65 376 171662 1 4851809 85067 2.7 81 30 1 8 13% 112 515246 41230 24%
c - 1216.19 192 81 65 377 171669 1 4871199 85234 2.7 82 30 1 8 13% 112 515246 41230 24%
c u 1220.36 193 80 65 377 171670 1 4883158 95659 2.7 82 30 1 8 12% 112 515246 41230 24%
c v 1220.53 193 80 65 377 171670 1 4883158 93163 2.7 82 30 1 8 12% 112 515246 41230 24%
c w 1225.40 195 80 65 377 171670 1 4883158 92778 2.7 82 30 1 8 12% 112 515246 41230 24%
c - 1227.76 174 79 65 378 171671 1 4890615 81704 2.7 82 30 1 8 12% 112 515246 41230 24%
c - 1233.28 174 78 65 379 171671 1 4910057 81585 2.7 83 31 1 8 12% 112 515246 41230 24%
c ] 1234.76 174 77 66 379 171671 1 4915104 86565 2.7 83 31 1 8 12% 112 515246 41230 24%
c { 1234.76 174 110 66 379 171671 7 4915104 86565 3.0 53 18 1 4 11% 112 515246 41230 24%
c - 1238.10 184 109 66 380 171881 6 4929525 84315 3.0 53 18 1 4 11% 112 515246 41230 24%
c - 1242.77 189 108 66 381 172112 6 4949019 88682 3.1 54 17 1 3 11% 112 515246 41230 24%
c - 1247.25 190 105 66 382 172525 5 4968539 90844 3.1 54 17 1 3 11% 112 515246 41230 24%
c
c  seconds      switched       rate           size/glue  tier1   binary          remaining
c           MB    reductions      conflicts         size   tier2    irredundant
c             level      restarts        redundant     glue   trail         variables
c
c - 1251.47 190 104 66 383 172932 5 4988083 92100 3.1 54 17 1 3 11% 112 515246 41230 24%
c - 1255.87 191 102 66 384 173295 5 5007655 93390 3.2 53 17 1 3 11% 112 515246 41230 24%
c - 1261.22 191 104 66 385 173873 5 5027250 95136 3.2 53 17 1 3 11% 112 515246 41230 24%
c o 1263.82 191 103 66 385 174037 5 5037894 105509 3.2 53 17 1 3 11% 112 515246 41230 24%
c - 1266.58 192 104 66 386 174332 5 5046874 96610 3.2 52 16 1 3 11% 112 515246 41230 24%
c - 1271.43 192 102 66 387 175109 5 5066521 97043 3.2 52 16 1 3 11% 112 515246 41230 24%
c - 1276.20 192 104 66 388 175923 5 5086193 97834 3.1 51 16 1 3 10% 112 515246 41230 24%
c - 1281.39 192 104 66 389 176968 5 5105893 99321 3.0 49 16 1 3 10% 112 515246 41230 24%
c u 1283.74 193 104 66 389 177353 5 5113092 102967 3.0 49 16 1 3 10% 112 515246 41230 24%
c v 1283.99 193 104 66 389 177353 5 5113092 97261 3.0 49 16 1 3 10% 112 515246 41230 24%
c w 1286.70 193 104 66 389 177353 5 5113092 92254 3.0 49 16 1 3 10% 112 515246 41230 24%
c - 1290.17 193 104 66 390 177811 5 5125616 89837 3.0 49 16 1 3 10% 112 515246 41230 24%
c } 1294.26 193 102 67 390 178244 5 5144219 107556 3.0 49 16 1 3 10% 112 515246 41230 24%
c [ 1294.26 193 77 67 390 178244 1 5144219 107556 2.7 83 31 1 8 12% 112 515246 41230 24%
c W 1294.66 182 77 67 390 178244 1 5144219 107556 2.7 83 31 1 8 12% 112 515246 41230 24%
c - 1295.04 183 77 67 391 178245 1 5145365 93663 2.7 83 31 1 8 12% 112 515246 41230 24%
c - 1300.60 185 77 67 392 178257 1 5165138 92675 2.6 83 32 1 8 12% 112 515246 41230 24%
c - 1306.74 187 77 67 393 178264 1 5184937 88513 2.6 83 32 1 8 12% 112 515246 41230 24%
c - 1310.38 188 77 67 394 178273 1 5204765 88780 2.6 82 31 1 8 12% 112 515246 41230 24%
c - 1315.16 189 76 67 395 178274 1 5224616 88463 2.5 80 32 1 8 12% 112 515246 41230 24%
c
c  seconds     switched       rate           size/glue  tier1   binary          remaining
c           MB   reductions      conflicts         size   tier2    irredundant
c            level      restarts        redundant     glue   trail         variables
c
c - 1319.26 189 76 67 396 178286 1 5244491 88126 2.5 79 32 1 8 11% 112 515246 41230 24%
c - 1323.57 190 76 67 397 178293 1 5264390 88649 2.5 77 31 1 8 11% 112 515246 41230 24%
c - 1327.91 191 76 67 398 178303 1 5284314 89101 2.5 78 31 1 8 11% 112 515246 41230 24%
c - 1333.16 192 75 67 399 178305 1 5304266 88767 2.5 79 31 1 8 11% 112 515246 41230 24%
c - 1338.40 194 75 67 400 178306 1 5324240 87702 2.9 86 29 1 8 11% 112 515246 41230 24%
c - 1344.16 195 76 67 401 178308 1 5344244 87644 3.3 92 28 1 8 11% 112 515246 41230 24%
c u 1345.71 195 76 67 401 178312 1 5348809 90842 3.3 91 28 1 8 11% 112 515246 41230 24%
c v 1345.82 195 76 67 401 178312 1 5348809 89242 3.3 91 28 1 8 11% 112 515246 41230 24%
c w 1347.84 196 76 67 401 178312 1 5348809 86993 3.3 91 28 1 8 11% 112 515246 41230 24%
c x 1348.93 199 76 67 401 178312 1 5348809 86993 3.3 91 28 1 8 11% 112 515241 41230 24%
c ] 1350.21 179 76 68 401 178313 1 5353351 91471 3.2 91 28 1 8 11% 112 515241 41230 24%
c { 1350.21 179 102 68 401 178313 5 5353351 91471 3.0 49 16 1 3 10% 112 515241 41230 24%
c o 1351.31 186 102 68 401 178732 5 5357956 95878 3.0 49 16 1 3 10% 112 515241 41230 24%
c - 1353.12 188 102 68 402 179321 6 5364268 86185 3.0 49 16 1 3 10% 112 515241 41230 24%
c - 1357.87 190 102 68 403 180997 6 5384318 90451 2.9 49 17 1 3 10% 112 515241 41230 24%
c - 1364.02 191 103 68 404 182602 7 5404393 93834 2.9 49 17 1 3 10% 112 515241 41230 24%
c s 1364.88 191 103 68 404 182751 7 5407782 97158 2.9 49 17 1 3 10% 112 515240 41230 24%
c e 1364.93 192 103 68 404 182751 7 5407782 97158 2.9 49 17 1 3 10% 112 515228 41227 24%
c - 1369.75 192 102 68 405 184066 7 5424492 95831 2.8 49 17 1 3 10% 112 515228 41227 24%
c - 1375.59 192 103 68 406 185730 8 5444616 97260 2.8 49 17 1 3 10% 112 515228 41227 24%
c
c  seconds      switched       rate           size/glue  tier1   binary          remaining
c           MB    reductions      conflicts         size   tier2    irredundant
c             level      restarts        redundant     glue   trail         variables
c
c - 1380.83 193 103 68 407 186904 8 5464766 98462 2.8 49 17 1 3 10% 112 515228 41227 24%
c - 1385.79 193 102 68 408 187908 7 5484940 99398 2.9 50 17 1 3 10% 112 515228 41227 24%
c - 1390.73 193 102 68 409 188785 7 5505139 100199 3.0 51 17 1 3 10% 112 515228 41227 24%
c - 1396.26 194 103 68 410 190150 7 5525366 100841 2.9 51 18 1 3 10% 112 515228 41227 24%
c - 1402.10 194 103 68 411 191491 7 5545615 101167 2.9 52 18 1 3 10% 112 515228 41227 24%
c - 1406.49 194 101 68 412 192477 7 5565888 101512 3.0 53 18 1 3 10% 112 515228 41227 24%
c - 1411.08 195 100 68 413 193393 7 5586185 101643 3.0 54 18 1 3 10% 112 515228 41227 24%
c u 1412.51 195 101 68 413 193645 7 5590365 102892 3.0 53 18 1 3 10% 112 515228 41227 24%
c v 1412.81 195 101 68 413 193645 7 5590365 97528 3.0 53 18 1 3 10% 112 515228 41227 24%
c w 1414.38 195 101 68 413 193645 7 5590365 93325 3.0 53 18 1 3 10% 112 515228 41227 24%
c } 1415.72 195 101 69 413 194023 7 5595411 98146 3.0 53 18 1 3 10% 112 515228 41227 24%
c [ 1415.72 195 76 69 413 194023 1 5595411 98146 3.2 91 28 1 8 11% 112 515228 41227 24%
c I 1415.72 195 76 69 413 194023 1 5595411 98146 3.2 91 28 1 8 11% 112 515228 41227 24%
c - 1417.78 195 76 69 414 194029 1 5606507 92062 3.2 89 28 1 8 11% 112 515228 41227 24%
c - 1422.22 195 76 69 415 194037 1 5626855 92085 3.0 86 28 1 8 11% 112 515228 41227 24%
c - 1426.11 195 76 69 416 194050 1 5647226 90461 2.9 84 29 1 8 11% 112 515228 41227 24%
c - 1431.53 196 76 69 417 194053 1 5667623 89854 2.8 84 30 1 8 11% 112 515228 41227 24%
c - 1436.79 197 76 69 418 194060 1 5688045 88863 2.7 83 31 1 8 11% 112 515228 41227 24%
c o 1437.25 197 76 69 418 194061 1 5690148 90948 2.7 83 31 1 8 11% 112 515228 41227 24%
c - 1441.46 197 77 69 419 194068 1 5708490 90339 2.7 82 31 1 8 11% 112 515228 41227 24%
c
c  seconds     switched       rate           size/glue  tier1   binary          remaining
c           MB   reductions      conflicts         size   tier2    irredundant
c            level      restarts        redundant     glue   trail         variables
c
c - 1446.89 197 77 69 420 194080 1 5728960 91262 2.7 82 30 1 8 12% 112 515228 41227 24%
c - 1453.12 197 79 69 421 194084 1 5749453 91821 2.8 83 30 1 8 13% 112 515228 41227 24%
c - 1458.31 197 80 69 422 194085 1 5769973 92079 2.8 83 30 1 8 13% 112 515228 41227 24%
c - 1464.45 177 80 69 423 194085 1 5790516 92123 2.8 84 30 1 8 14% 112 515228 41227 24%
c - 1470.79 179 81 69 424 194097 1 5811083 92666 2.8 83 30 1 8 14% 112 515228 41227 24%
c ] 1475.48 179 81 70 424 194100 1 5825349 106821 2.8 84 30 1 8 14% 112 515228 41227 24%
c { 1475.48 179 101 70 424 194100 7 5825349 106821 3.0 53 18 1 3 10% 112 515228 41227 24%
c - 1476.92 186 100 70 425 194169 7 5831674 93610 3.0 53 18 1 3 10% 112 515228 41227 24%
c u 1478.60 187 100 70 425 194259 7 5837759 98592 3.0 53 18 1 3 10% 112 515228 41227 24%
c v 1478.73 187 100 70 425 194259 7 5837759 96688 3.0 53 18 1 3 10% 112 515228 41227 24%
c w 1481.25 188 100 70 425 194259 7 5837759 92636 3.0 53 18 1 3 10% 112 515228 41227 24%
c - 1484.83 189 99 70 426 194435 6 5852290 90529 3.0 53 17 1 3 11% 112 515228 41227 24%
c - 1489.23 190 98 70 427 194771 6 5872929 94332 3.0 52 17 1 3 11% 112 515228 41227 24%
c - 1493.47 191 97 70 428 195090 6 5893594 96697 3.1 52 17 1 3 12% 112 515228 41227 24%
c - 1497.74 192 97 70 429 195666 6 5914282 97932 3.1 52 17 1 3 12% 112 515228 41227 24%
c - 1501.70 193 96 70 430 196038 6 5934994 98821 3.1 51 17 1 3 12% 112 515228 41227 24%
c - 1505.68 193 95 70 431 196525 6 5955731 99742 3.1 50 16 1 3 12% 112 515228 41227 24%
c - 1509.24 194 93 70 432 197052 6 5976492 100109 3.0 48 16 1 3 11% 112 515228 41227 24%
c - 1513.78 194 92 70 433 197726 6 5997277 100232 3.0 47 16 1 3 11% 112 515228 41227 24%
c - 1519.09 194 93 70 434 198604 6 6018086 100824 3.0 47 16 1 3 11% 112 515228 41227 24%
c
c  seconds     switched       rate            size/glue  tier1   binary          remaining
c           MB   reductions      conflicts          size   tier2    irredundant
c            level      restarts        redundant      glue   trail         variables
c
c o 1521.96 194 93 70 434 199153 6 6030201 112603 3.0 47 16 1 3 11% 112 515228 41227 24%
c - 1523.82 195 92 70 435 199505 6 6038918 101481 3.0 46 16 1 3 11% 112 515228 41227 24%
c - 1529.25 195 93 70 436 200322 6 6059774 102010 3.0 46 16 1 3 11% 112 515228 41227 24%
c - 1534.92 195 92 70 437 201383 7 6080655 102150 2.9 46 16 1 3 11% 112 515228 41227 24%
c } 1534.92 195 92 71 437 201383 7 6080676 102171 2.9 46 16 1 3 11% 112 515228 41227 24%
c [ 1534.92 195 81 71 437 201383 1 6080676 102171 2.8 84 30 1 8 14% 112 515228 41227 24%
c B 1534.92 195 81 71 437 201383 1 6080676 102171 2.8 84 30 1 8 14% 112 515228 41227 24%
c u 1538.53 195 81 71 437 201389 1 6091018 110917 2.8 84 30 1 8 14% 112 515228 41227 24%
c v 1538.72 195 81 71 437 201389 1 6091018 106569 2.8 84 30 1 8 14% 112 515228 41227 24%
c w 1542.94 197 81 71 437 201389 1 6091018 105943 2.8 84 30 1 8 14% 112 515228 41227 24%
c - 1545.88 197 80 71 438 201396 1 6101560 93558 2.8 84 30 1 7 14% 112 515228 41227 24%
c - 1551.21 197 78 71 439 201404 1 6122489 89960 2.7 83 31 1 7 13% 112 515228 41227 24%
c - 1556.17 197 78 71 440 201412 1 6143441 89711 2.7 83 30 1 7 13% 112 515228 41227 24%
c - 1561.61 177 77 71 441 201415 1 6164417 89714 2.8 87 31 1 7 13% 112 515228 41227 24%
c - 1567.22 179 77 71 442 201427 1 6185417 90163 2.8 86 31 1 7 13% 112 515228 41227 24%
c - 1572.56 180 78 71 443 201435 1 6206440 90678 2.8 85 31 1 7 13% 112 515228 41227 24%
c - 1578.20 180 78 71 444 201443 1 6227487 90468 2.8 85 30 1 7 13% 112 515228 41227 24%
c - 1583.17 181 78 71 445 201445 1 6248559 90111 2.8 84 30 1 7 13% 112 515228 41227 24%
c - 1588.46 185 78 71 446 201445 1 6269654 89564 2.7 83 30 1 7 13% 112 515228 41227 24%
c ] 1589.49 185 78 72 446 201445 1 6273413 93300 2.7 83 30 1 7 13% 112 515228 41227 24%
c
c  seconds     switched       rate           size/glue  tier1   binary          remaining
c           MB   reductions      conflicts         size   tier2    irredundant
c            level      restarts        redundant     glue   trail         variables
c
c { 1589.49 185 92 72 446 201445 7 6273413 93300 2.9 46 16 1 3 11% 112 515228 41227 24%
c - 1594.39 189 94 72 447 203500 8 6290773 91991 2.8 45 16 1 3 11% 112 515228 41227 24%
c - 1599.41 190 95 72 448 205614 8 6311916 95583 2.7 45 17 1 3 10% 112 515228 41227 24%
c - 1605.69 191 97 72 449 207709 9 6333082 97719 2.7 46 17 1 3 10% 112 515228 41227 24%
c u 1611.20 191 98 72 449 209297 9 6350169 112797 2.6 46 17 1 3 10% 112 515228 41227 24%
c v 1611.45 191 98 72 449 209297 9 6350169 108866 2.6 46 17 1 3 10% 112 515228 41227 24%
c w 1618.12 192 98 72 449 209297 9 6350169 107263 2.6 46 17 1 3 10% 112 515228 41227 24%
c - 1625.98 193 98 72 450 209487 9 6354273 94055 2.7 46 17 1 3 10% 112 515228 41227 24%
c - 1631.42 193 98 72 451 211060 9 6375486 96483 2.7 47 18 1 3 10% 112 515228 41227 24%
c o 1632.69 194 99 72 451 211412 9 6380535 101405 2.7 47 18 1 3 10% 112 515228 41227 24%
c - 1636.89 194 101 72 452 212415 9 6396722 98620 2.7 48 18 1 3 10% 112 515228 41227 24%
c - 1641.80 194 102 72 453 213252 8 6417982 100350 2.8 49 18 1 3 10% 112 515228 41227 24%
c - 1646.60 194 101 72 454 214093 7 6439265 101054 2.9 51 18 1 3 10% 112 515228 41227 24%
c - 1652.14 195 102 72 455 215280 7 6460572 101684 2.9 51 18 1 3 10% 112 515228 41227 24%
c - 1657.83 195 103 72 456 216682 7 6481902 102361 2.9 51 18 1 3 10% 112 515228 41227 24%
c - 1663.47 195 103 72 457 217985 7 6503256 103152 2.9 52 18 1 3 10% 112 515228 41227 24%
c - 1668.36 195 101 72 458 219225 7 6524634 103922 2.9 53 18 1 3 10% 112 515228 41227 24%
c } 1673.08 195 102 73 458 220199 7 6542329 121208 2.9 53 18 1 3 11% 112 515228 41227 24%
c [ 1673.08 195 78 73 458 220199 1 6542329 121208 2.7 83 30 1 7 13% 112 515228 41227 24%
c W 1673.33 184 78 73 458 220199 1 6542329 121208 2.7 83 30 1 7 13% 112 515228 41227 24%
c
c  seconds     switched       rate            size/glue  tier1   binary          remaining
c           MB   reductions      conflicts          size   tier2    irredundant
c            level      restarts        redundant      glue   trail         variables
c
c - 1674.18 187 78 73 459 220201 1 6546034 104500 2.7 82 30 1 7 13% 112 515228 41227 24%
c - 1679.31 188 78 73 460 220213 1 6567459 103488 2.8 81 29 1 7 13% 112 515228 41227 24%
c - 1684.64 189 78 73 461 220222 1 6588906 99872 2.8 81 29 1 7 13% 112 515228 41227 24%
c - 1690.27 190 77 73 462 220229 1 6610376 98527 2.7 81 29 1 7 13% 112 515228 41227 24%
c u 1692.15 184 77 73 462 220229 1 6615240 100776 2.7 81 29 1 7 13% 112 515228 41227 24%
c v 1692.34 184 77 73 462 220229 1 6615240 97141 2.7 81 29 1 7 13% 112 515228 41227 24%
c w 1694.19 186 77 73 462 220229 1 6615240 94786 2.7 81 29 1 7 13% 112 515228 41227 24%
c - 1698.51 187 77 73 463 220235 1 6631871 91920 2.7 81 30 1 7 13% 112 515228 41227 24%
c - 1703.38 188 78 73 464 220244 1 6653388 93452 2.8 81 29 1 7 13% 112 515228 41227 24%
c - 1707.83 188 77 73 465 220255 1 6674928 94037 2.7 80 29 1 7 13% 112 515228 41227 24%
c - 1713.89 189 77 73 466 220260 1 6696491 94080 2.8 81 29 1 7 13% 112 515228 41227 24%
c - 1720.65 189 76 73 467 220261 1 6718080 93762 2.8 83 30 1 7 13% 112 515228 41227 24%
c - 1727.75 190 75 73 468 220261 1 6739690 92706 2.8 86 31 1 7 13% 112 515228 41227 24%
c o 1729.50 190 75 73 468 220267 1 6746125 99086 2.8 86 31 1 7 13% 112 515228 41227 24%
c - 1732.69 191 76 73 469 220275 1 6761324 93526 2.8 84 30 1 7 12% 112 515228 41227 24%
c - 1737.30 192 76 73 470 220283 1 6782980 94070 2.8 83 30 1 7 12% 112 515228 41227 24%
c ] 1737.72 192 76 74 470 220283 1 6784379 95454 2.8 83 30 1 7 13% 112 515228 41227 24%
c { 1737.72 192 102 74 470 220283 7 6784379 95454 2.9 53 18 1 3 11% 112 515228 41227 24%
c - 1742.32 193 101 74 471 221175 7 6804659 96475 3.0 54 18 1 3 11% 112 515228 41227 24%
c - 1746.79 194 101 74 472 221845 6 6826362 99615 3.0 54 18 1 3 11% 112 515228 41227 24%
c
c  seconds      switched       rate            size/glue  tier1   binary          remaining
c           MB    reductions      conflicts          size   tier2    irredundant
c             level      restarts        redundant      glue   trail         variables
c
c - 1751.52 195 102 74 473 222744 6 6848089 101232 3.0 54 18 1 3 11% 112 515228 41227 24%
c - 1756.18 195 100 74 474 223565 6 6869838 102354 3.1 55 18 1 3 11% 112 515228 41227 24%
c u 1760.84 195 100 74 474 224456 6 6886234 116831 3.1 55 18 1 3 11% 112 515228 41227 24%
c v 1761.07 195 100 74 474 224456 6 6886234 112623 3.1 55 18 1 3 11% 112 515228 41227 24%
c w 1767.99 196 100 74 474 224456 6 6886234 110971 3.1 55 18 1 3 11% 112 515228 41227 24%
c - 1769.54 196 100 74 475 224604 6 6891609 97577 3.1 55 18 1 3 11% 112 515228 41227 24%
c - 1774.66 196 99 74 476 225471 6 6913404 99623 3.1 56 18 1 3 11% 112 515228 41227 24%
c - 1780.17 196 100 74 477 226685 6 6935221 101192 3.1 55 18 1 3 11% 112 515228 41227 24%
c - 1785.51 197 100 74 478 227602 6 6957061 102421 3.1 56 18 1 3 11% 112 515228 41227 24%
c - 1791.54 197 99 74 479 228551 6 6978924 103415 3.2 56 18 1 3 12% 112 515228 41227 24%
c - 1797.42 197 99 74 480 229619 6 7000812 104339 3.2 56 18 1 3 12% 112 515228 41227 24%
c - 1803.13 197 100 74 481 230840 6 7022721 105114 3.1 56 18 1 3 12% 112 515228 41227 24%
c - 1808.96 197 99 74 482 231915 6 7044652 105756 3.1 56 18 1 3 11% 112 515228 41227 24%
c - 1815.36 197 99 74 483 233081 6 7066606 106522 3.1 57 18 1 3 11% 112 515228 41227 24%
c } 1815.53 197 99 75 483 233124 6 7067203 107104 3.1 57 18 1 3 11% 112 515228 41227 24%
c [ 1815.53 197 76 75 483 233124 1 7067203 107104 2.8 83 30 1 7 13% 112 515228 41227 24%
c O 1815.53 197 76 75 483 233124 1 7067203 107104 2.8 83 30 1 7 13% 112 515228 41227 24%
c - 1821.47 198 76 75 484 233137 1 7088583 104554 2.7 83 31 1 7 12% 112 515228 41227 24%
c - 1826.59 198 76 75 485 233145 1 7110584 99384 2.7 83 31 1 7 12% 112 515228 41227 24%
c o 1827.92 176 76 75 485 233149 1 7116614 105347 2.6 83 31 1 7 12% 112 515228 41227 24%
c
c  seconds     switched       rate           size/glue  tier1   binary          remaining
c           MB   reductions      conflicts         size   tier2    irredundant
c            level      restarts        redundant     glue   trail         variables
c
c - 1832.10 180 76 75 486 233153 1 7132606 98582 2.7 83 31 1 7 12% 112 515228 41227 24%
c - 1839.03 181 75 75 487 233158 1 7154651 99584 2.7 82 30 1 7 13% 112 515228 41227 24%
c u 1841.65 183 75 75 487 233163 1 7163200 105724 2.8 82 30 1 7 13% 112 515228 41227 24%
c v 1841.80 183 75 75 487 233163 1 7163200 103075 2.8 82 30 1 7 13% 112 515228 41227 24%
c w 1846.20 184 75 75 487 233163 1 7163200 100030 2.8 82 30 1 7 13% 112 515228 41227 24%
c - 1849.82 185 76 75 488 233169 1 7176720 94214 2.8 82 29 1 7 13% 112 515228 41227 24%
c - 1855.13 185 76 75 489 233179 1 7198812 95421 2.8 82 30 1 7 12% 112 515228 41227 24%
c - 1860.85 186 75 75 490 233185 1 7220925 95405 2.7 83 30 1 7 12% 112 515228 41227 24%
c - 1866.42 187 74 75 491 233186 1 7243060 95186 2.7 85 31 1 7 11% 112 515228 41227 24%
c - 1872.63 188 74 75 492 233187 1 7265219 96203 2.8 84 30 1 7 12% 112 515228 41227 24%
c - 1878.70 189 74 75 493 233200 1 7287400 96952 2.7 85 31 1 7 12% 112 515228 41227 24%
c - 1883.83 189 74 75 494 233208 1 7309604 97136 2.8 85 30 1 7 12% 112 515228 41227 24%
c ] 1887.20 189 75 76 494 233216 1 7322522 109966 2.7 85 31 1 7 11% 112 515228 41227 24%
c { 1887.20 189 99 76 494 233216 6 7322522 109966 3.1 57 18 1 3 11% 112 515228 41227 24%
c - 1889.37 192 99 76 495 233830 6 7331831 98484 3.1 56 18 1 3 11% 112 515228 41227 24%
c - 1894.80 193 101 76 496 234621 6 7354079 101092 3.1 56 18 1 3 11% 112 515228 41227 24%
c - 1900.81 194 102 76 497 235498 6 7376350 103686 3.1 56 18 1 3 11% 112 515228 41227 24%
c - 1906.51 195 104 76 498 236926 6 7398644 104855 3.0 55 18 1 3 11% 112 515228 41227 24%
c - 1912.00 195 103 76 499 237939 6 7420960 105857 3.1 55 18 1 3 11% 112 515228 41227 24%
c - 1917.23 196 102 76 500 238967 6 7443300 106715 3.0 55 18 1 3 11% 112 515228 41227 24%
c
c  seconds      switched       rate            size/glue  tier1   binary          remaining
c           MB    reductions      conflicts          size   tier2    irredundant
c             level      restarts        redundant      glue   trail         variables
c
c u 1918.71 196 102 76 500 239096 6 7446142 107690 3.1 55 18 1 3 11% 112 515228 41227 24%
c v 1918.95 196 102 76 500 239096 6 7446142 102839 3.1 55 18 1 3 11% 112 515228 41227 24%
c w 1920.41 196 102 76 500 239096 6 7446142 99089 3.1 55 18 1 3 11% 112 515228 41227 24%
c - 1925.17 196 102 76 501 240034 6 7465661 99766 3.0 55 18 1 3 11% 112 515228 41227 24%
c - 1930.43 196 101 76 502 240937 6 7488044 102985 3.1 56 18 1 3 11% 112 515228 41227 24%
c o 1932.84 196 100 76 502 241164 6 7498992 113804 3.2 57 18 1 3 11% 112 515228 41227 24%
c - 1935.66 196 100 76 503 241697 6 7510449 104901 3.1 57 18 1 3 11% 112 515228 41227 24%
c - 1941.47 196 100 76 504 242759 6 7532876 105810 3.1 56 18 1 3 12% 112 515228 41227 24%
c - 1946.42 197 99 76 505 243758 6 7555326 106696 3.1 56 18 1 3 11% 112 515228 41227 24%
c - 1951.65 198 99 76 506 244783 6 7577799 107647 3.2 56 18 1 3 11% 112 515228 41227 24%
c - 1957.09 198 98 76 507 245836 6 7600295 107901 3.2 56 18 1 3 11% 112 515228 41227 24%
c } 1962.14 198 100 77 507 247323 6 7619573 126638 3.1 56 18 1 3 11% 112 515228 41227 24%
c [ 1962.14 198 75 77 507 247323 1 7619573 126638 2.7 85 31 1 7 11% 112 515228 41227 24%
c B 1962.14 198 75 77 507 247323 1 7619573 126638 2.7 85 31 1 7 11% 112 515228 41227 24%
c - 1962.95 198 75 77 508 247325 1 7622811 108360 2.7 85 31 1 7 11% 112 515228 41227 24%
c - 1967.41 198 75 77 509 247337 1 7645350 106415 2.6 83 31 1 7 11% 112 515228 41227 24%
c - 1971.91 176 75 77 510 247347 1 7667911 101799 2.6 82 32 1 7 11% 112 515228 41227 24%
c - 1976.72 176 75 77 511 247353 1 7690494 101063 2.5 80 32 1 7 11% 112 515228 41227 24%
c - 1980.68 176 75 77 512 247360 1 7713100 101094 2.5 78 31 1 7 10% 112 515228 41227 24%
c u 1986.51 183 76 77 512 247369 1 7735085 120793 2.5 79 31 1 7 11% 112 515228 41227 24%
c
c  seconds     switched       rate            size/glue  tier1   binary          remaining
c           MB   reductions      conflicts          size   tier2    irredundant
c            level      restarts        redundant      glue   trail         variables
c
c v 1986.69 183 76 77 512 247369 1 7735085 118259 2.5 79 31 1 7 11% 112 515228 41227 24%
c w 1991.02 188 76 77 512 247369 1 7735085 118107 2.5 79 31 1 7 11% 112 515228 41227 24%
c x 1992.32 197 76 77 512 247369 1 7735085 118107 2.5 79 31 1 7 11% 112 515221 41227 24%
c - 1992.65 198 76 77 513 247369 1 7735727 97676 2.5 79 31 1 7 11% 112 515221 41227 24%
c - 1997.33 179 76 77 514 247382 1 7758376 97977 2.5 78 31 1 7 11% 112 515221 41227 24%
c - 2002.31 184 76 77 515 247384 1 7781047 97699 2.5 80 32 1 7 11% 112 515221 41227 24%
c - 2008.09 186 75 77 516 247385 1 7803741 98615 2.6 79 30 1 7 11% 112 515221 41227 24%
c - 2014.57 187 75 77 517 247392 1 7826457 99728 2.5 79 31 1 7 11% 112 515221 41227 24%
c - 2019.86 188 75 77 518 247400 1 7849195 99905 2.6 81 32 1 7 11% 112 515221 41227 24%
c - 2025.21 188 75 77 519 247414 1 7871954 99337 2.6 81 32 1 7 11% 112 515221 41227 24%
c W 2029.35 184 76 77 519 247416 1 7888274 115391 2.6 80 31 1 7 11% 112 515221 41227 24%
c - 2030.57 186 76 77 520 247416 1 7894735 99183 2.5 80 31 1 7 11% 112 515221 41227 24%
c o 2031.89 186 76 77 520 247419 1 7901921 106273 2.5 79 31 1 7 11% 112 515221 41227 24%
c - 2034.72 188 76 77 521 247428 1 7917538 98778 2.5 78 31 1 7 11% 112 515221 41227 24%
c ] 2037.03 189 77 78 521 247431 1 7926379 107578 2.6 78 31 1 7 11% 112 515221 41227 24%
c { 2037.03 189 100 78 521 247431 6 7926379 107578 3.1 56 18 1 3 11% 112 515221 41227 24%
c - 2040.73 192 99 78 522 248176 6 7940363 100688 3.1 56 18 1 3 11% 112 515221 41227 24%
c - 2046.03 193 100 78 523 249052 6 7963210 103675 3.1 56 18 1 3 11% 112 515221 41227 24%
c - 2051.76 194 100 78 524 250092 6 7986079 106305 3.1 56 18 1 3 11% 112 515221 41227 24%
c - 2057.64 195 101 78 525 251261 6 8008970 107769 3.1 56 18 1 3 11% 112 515221 41227 24%
c
c  seconds      switched       rate            size/glue  tier1   binary          remaining
c           MB    reductions      conflicts          size   tier2    irredundant
c             level      restarts        redundant      glue   trail         variables
c
c u 2063.79 195 101 78 525 252556 6 8030031 126767 3.1 56 18 1 3 11% 112 515221 41227 24%
c v 2064.00 195 101 78 525 252556 6 8030031 122318 3.1 56 18 1 3 11% 112 515221 41227 24%
c w 2070.47 196 101 78 525 252556 6 8030031 121467 3.1 56 18 1 3 11% 112 515221 41227 24%
c - 2070.97 196 100 78 526 252567 6 8031883 103185 3.1 56 18 1 3 11% 112 515221 41227 24%
c - 2076.14 196 99 78 527 253357 6 8054818 104843 3.1 55 18 1 3 11% 112 515221 41227 24%
c - 2081.91 196 100 78 528 254766 6 8077775 106657 3.0 55 18 1 3 11% 112 515221 41227 24%
c - 2087.72 197 100 78 529 256126 6 8100753 107808 3.0 55 18 1 3 11% 112 515221 41227 24%
c - 2093.02 197 99 78 530 257060 6 8123755 108915 3.1 55 18 1 3 11% 112 515221 41227 24%
c - 2099.15 197 98 78 531 258186 6 8146778 109553 3.1 56 18 1 3 11% 112 515221 41227 24%
c - 2104.50 197 99 78 532 259232 6 8169822 110343 3.1 56 18 1 3 11% 112 515221 41227 24%
c - 2110.25 197 99 78 533 260096 6 8192887 110661 3.1 56 18 1 3 11% 112 515221 41227 24%
c e 2112.04 197 99 78 533 260489 6 8199859 117441 3.1 56 18 1 3 11% 112 515207 41210 24%
c s 2112.05 197 99 78 533 260489 6 8199859 117441 3.1 56 18 1 3 11% 112 515205 41210 24%
c - 2115.75 198 98 78 534 261180 6 8215974 111169 3.2 56 18 1 3 11% 112 515205 41210 24%
c } 2121.06 198 97 79 534 262367 6 8237969 132581 3.1 56 18 1 3 11% 112 515205 41210 24%
c [ 2121.06 198 77 79 534 262367 1 8237969 132581 2.6 78 31 1 7 11% 112 515205 41210 24%
c I 2121.06 198 77 79 534 262367 1 8237969 132581 2.6 78 31 1 7 11% 112 515205 41210 24%
c - 2121.35 198 76 79 535 262368 1 8239082 111777 2.6 78 30 1 7 11% 112 515205 41210 24%
c - 2126.66 198 77 79 536 262380 1 8262214 110243 2.6 79 30 1 7 12% 112 515205 41210 24%
c - 2131.75 198 78 79 537 262391 1 8285365 106544 2.7 80 30 1 7 12% 112 515205 41210 24%
c
c  seconds     switched       rate            size/glue  tier1   binary          remaining
c           MB   reductions      conflicts          size   tier2    irredundant
c            level      restarts        redundant      glue   trail         variables
c
c o 2137.79 177 78 79 537 262397 1 8303853 124815 2.8 84 30 1 7 12% 112 515205 41210 24%
c - 2138.93 181 78 79 538 262397 1 8308540 105472 2.8 84 30 1 7 12% 112 515205 41210 24%
c u 2145.57 184 79 79 538 262404 1 8331033 125244 2.8 86 31 1 7 13% 112 515205 41210 24%
c v 2145.79 184 79 79 538 262404 1 8331033 122022 2.8 86 31 1 7 13% 112 515205 41210 24%
c w 2152.64 192 79 79 538 262404 1 8331033 121687 2.8 86 31 1 7 13% 112 515205 41210 24%
c - 2152.96 193 79 79 539 262404 1 8331734 99923 2.8 86 31 1 7 13% 112 515205 41210 24%
c - 2159.34 193 79 79 540 262414 1 8354950 101065 2.8 86 30 1 7 13% 112 515205 41210 24%
c - 2164.12 194 79 79 541 262427 1 8378187 101404 2.8 85 31 1 7 13% 112 515205 41210 24%
c - 2169.62 194 78 79 542 262428 1 8401446 101255 2.8 84 30 1 7 13% 112 515205 41210 24%
c - 2174.57 195 76 79 543 262429 1 8424727 101001 2.7 82 30 1 7 12% 112 515205 41210 24%
c - 2179.95 195 76 79 544 262437 1 8448030 100765 2.7 82 31 1 7 12% 112 515205 41210 24%
c - 2185.01 195 76 79 545 262447 1 8471353 101817 2.7 81 30 1 7 12% 112 515205 41210 24%
c - 2190.55 196 76 79 546 262459 1 8494699 102816 2.7 80 29 1 7 12% 112 515205 41210 24%
c - 2195.81 196 76 79 547 262460 1 8518065 103275 2.8 82 29 1 7 12% 112 515205 41210 24%
c B 2197.80 196 76 79 547 262466 1 8524702 109889 2.8 82 29 1 7 13% 112 515205 41210 24%
c - 2201.37 196 77 79 548 262474 1 8541454 102936 2.8 81 29 1 7 12% 112 515205 41210 24%
c ] 2203.08 196 76 80 548 262475 1 8549924 111298 2.8 81 29 1 7 12% 112 515205 41210 24%
c { 2203.08 196 97 80 548 262475 6 8549924 111298 3.1 56 18 1 3 11% 112 515205 41210 24%
c - 2206.97 199 99 80 549 263206 6 8564864 104585 3.1 56 18 1 3 11% 112 515205 41210 24%
c - 2212.10 187 100 80 550 264173 6 8588295 107459 3.1 56 18 1 3 11% 112 515205 41210 24%
c
c  seconds     switched       rate            size/glue  tier1   binary          remaining
c           MB   reductions      conflicts          size   tier2    irredundant
c            level      restarts        redundant      glue   trail         variables
c
c - 2217.80 188 99 80 551 265291 6 8611747 109340 3.1 56 18 1 3 11% 112 515205 41210 24%
c - 2223.44 190 98 80 552 266270 6 8635220 110809 3.1 56 18 1 3 11% 112 515205 41210 24%
c u 2224.79 190 98 80 552 266478 6 8638090 112055 3.1 56 18 1 3 11% 112 515205 41210 24%
c v 2225.00 190 98 80 552 266478 6 8638090 107787 3.1 56 18 1 3 11% 112 515205 41210 24%
c w 2226.37 190 98 80 552 266478 6 8638090 103723 3.1 56 18 1 3 11% 112 515205 41210 24%
c - 2231.52 190 98 80 553 267462 6 8658714 104816 3.1 56 18 1 3 11% 112 515205 41210 24%
c - 2238.28 191 100 80 554 268734 6 8682230 108183 3.1 56 18 1 3 11% 112 515205 41210 24%
c - 2243.72 191 99 80 555 269891 6 8705767 109649 3.1 56 18 1 3 11% 112 515205 41210 24%
c o 2245.97 191 101 80 555 270564 6 8713900 117491 3.1 56 18 1 3 11% 112 515205 41210 24%
c - 2249.97 192 100 80 556 271480 6 8729325 110808 3.1 56 18 1 3 11% 112 515205 41210 24%
c - 2255.84 192 100 80 557 272409 6 8752906 111860 3.1 56 18 1 3 11% 112 515205 41210 24%
c - 2261.84 192 99 80 558 273498 6 8776506 112917 3.1 56 18 1 3 11% 112 515205 41210 24%
c - 2268.34 193 99 80 559 274906 6 8800129 113751 3.1 56 18 1 3 11% 112 515205 41210 24%
c - 2274.92 193 99 80 560 275993 6 8823773 114296 3.1 56 18 1 3 11% 112 515205 41210 24%
c - 2281.14 193 99 80 561 277225 6 8847439 115054 3.1 56 18 1 3 11% 112 515205 41210 24%
c - 2287.33 193 98 80 562 278632 6 8871125 115291 3.1 56 18 1 3 11% 112 515205 41210 24%
c } 2288.49 193 98 81 562 278751 6 8876368 120454 3.1 56 18 1 3 11% 112 515205 41210 24%
c [ 2288.49 193 76 81 562 278751 1 8876368 120454 2.8 81 29 1 7 12% 112 515205 41210 24%
c W 2289.71 185 76 81 562 278751 1 8876368 120454 2.8 81 29 1 7 12% 112 515205 41210 24%
c - 2293.93 189 77 81 563 278762 1 8894832 113944 2.7 81 30 1 7 12% 112 515205 41210 24%
c
c  seconds     switched       rate            size/glue  tier1   binary          remaining
c           MB   reductions      conflicts          size   tier2    irredundant
c            level      restarts        redundant      glue   trail         variables
c
c - 2298.64 191 77 81 564 278772 1 8918560 110053 2.7 80 29 1 7 12% 112 515205 41210 24%
c - 2303.87 191 77 81 565 278780 1 8942308 106913 2.7 81 30 1 7 12% 112 515205 41210 24%
c u 2306.74 192 77 81 565 278781 1 8951204 112695 2.6 81 30 1 7 12% 112 515205 41210 24%
c v 2306.92 192 77 81 565 278781 1 8951204 109816 2.6 81 30 1 7 12% 112 515205 41210 24%
c w 2310.16 195 77 81 565 278781 1 8951204 107096 2.6 81 30 1 7 12% 112 515205 41210 24%
c - 2313.83 195 77 81 566 278787 1 8966079 100881 2.6 80 30 1 7 12% 112 515205 41210 24%
c - 2317.90 196 77 81 567 278796 1 8989870 102698 2.7 79 29 1 7 11% 112 515205 41210 24%
c - 2322.76 197 78 81 568 278810 1 9013682 103450 2.7 78 29 1 7 11% 112 515205 41210 24%
c - 2327.42 198 78 81 569 278812 1 9037515 103745 2.8 80 29 1 7 11% 112 515205 41210 24%
c - 2335.43 198 77 81 570 278813 1 9061369 103983 2.9 81 28 1 7 13% 112 515205 41210 24%
c - 2343.23 199 77 81 571 278820 1 9085244 104973 3.0 82 27 1 7 14% 112 515205 41210 24%
c - 2349.68 178 76 81 572 278830 1 9109140 105916 3.0 82 27 1 7 13% 112 515205 41210 24%
c - 2356.05 180 77 81 573 278843 1 9133057 105979 2.9 82 28 1 7 13% 112 515205 41210 24%
c - 2361.37 181 76 81 574 278845 1 9156994 106420 2.9 81 27 1 7 13% 112 515205 41210 24%
c o 2361.81 181 76 81 574 278847 1 9158755 108174 2.9 81 27 1 7 13% 112 515205 41210 24%
c - 2366.10 185 76 81 575 278858 1 9180952 106516 2.9 80 28 1 7 13% 112 515205 41210 24%
c O 2366.23 185 76 81 575 278859 1 9181562 107124 2.9 80 28 1 7 13% 112 515205 41210 24%
c ] 2369.85 186 76 82 575 278866 1 9201955 127265 2.9 79 28 1 7 12% 112 515205 41210 24%
c { 2369.85 186 98 82 575 278866 6 9201955 127265 3.1 56 18 1 3 11% 112 515205 41210 24%
c - 2370.70 189 97 82 576 278926 6 9204931 106023 3.1 56 18 1 3 11% 112 515205 41210 24%
c
c  seconds     switched       rate            size/glue  tier1   binary          remaining
c           MB   reductions      conflicts          size   tier2    irredundant
c            level      restarts        redundant      glue   trail         variables
c
c - 2376.64 194 98 82 577 279415 6 9228931 109157 3.1 56 18 1 3 11% 112 515205 41210 24%
c - 2382.16 195 99 82 578 279933 5 9252952 112717 3.1 55 18 1 3 11% 112 515205 41210 24%
c u 2386.84 195 98 82 578 280345 5 9270431 127689 3.1 55 17 1 3 11% 112 515205 41210 24%
c v 2387.07 195 98 82 578 280345 5 9270431 123593 3.1 55 17 1 3 11% 112 515205 41210 24%
c w 2394.27 196 98 82 578 280345 5 9270431 121078 3.1 55 17 1 3 11% 112 515205 41210 24%
c - 2396.34 196 98 82 579 280538 5 9276993 108197 3.1 54 17 1 3 11% 112 515205 41210 24%
c - 2402.49 197 98 82 580 281170 5 9301055 111073 3.1 54 17 1 3 11% 112 515205 41210 24%
c - 2407.86 197 97 82 581 281741 5 9325138 112933 3.2 54 17 1 3 11% 112 515205 41210 24%
c - 2413.88 197 96 82 582 282297 5 9349243 114541 3.2 53 17 1 3 11% 112 515205 41210 24%
c - 2419.54 198 97 82 583 283076 5 9373367 116371 3.2 52 16 1 3 10% 112 515205 41210 24%
c - 2425.43 198 99 82 584 284117 5 9397513 117844 3.1 51 16 1 3 10% 112 515205 41210 24%
c - 2431.19 198 99 82 585 285226 5 9421680 119075 3.0 50 16 1 3 10% 112 515205 41210 24%
c - 2436.54 198 99 82 586 286251 5 9445868 120083 3.0 49 16 1 3 9% 112 515205 41210 24%
c - 2442.26 198 99 82 587 287640 6 9470076 121505 2.9 47 16 1 3 9% 112 515205 41210 24%
c - 2447.97 198 97 82 588 289089 6 9494304 122361 2.8 47 17 1 3 9% 112 515205 41210 24%
c - 2453.86 199 98 82 589 290525 6 9518554 123456 2.8 46 17 1 3 8% 112 515205 41210 24%
c - 2459.57 199 96 82 590 291302 6 9542823 124505 2.9 47 17 1 3 9% 112 515205 41210 24%
c } 2459.64 199 96 83 590 291331 6 9543562 125182 2.9 47 17 1 3 9% 112 515205 41210 24%
c [ 2459.64 199 76 83 590 291331 1 9543562 125182 2.9 79 28 1 7 12% 112 515205 41210 24%
c B 2459.64 199 76 83 590 291331 1 9543562 125182 2.9 79 28 1 7 12% 112 515205 41210 24%
c
c  seconds     switched       rate            size/glue  tier1   binary          remaining
c           MB   reductions      conflicts          size   tier2    irredundant
c            level      restarts        redundant      glue   trail         variables
c
c - 2464.96 199 76 83 591 291344 1 9567112 121618 2.8 79 28 1 7 12% 112 515205 41210 24%
c o 2470.65 199 76 83 591 291353 1 9588842 143196 2.8 79 29 1 7 12% 112 515205 41210 24%
c - 2471.31 199 76 83 592 291355 1 9591422 116491 2.7 79 29 1 7 12% 112 515205 41210 24%
c u 2473.13 181 76 83 592 291358 1 9595768 116103 2.7 79 29 1 7 12% 112 515205 41210 24%
c v 2473.32 181 76 83 592 291358 1 9595768 111431 2.7 79 29 1 7 12% 112 515205 41210 24%
c w 2475.07 183 76 83 592 291358 1 9595768 108912 2.7 79 29 1 7 12% 112 515205 41210 24%
c - 2487.96 188 76 83 593 291361 1 9615754 106754 2.7 80 29 1 7 12% 112 515205 41210 24%
c - 2493.45 189 75 83 594 291370 1 9640105 107640 2.7 80 29 1 7 11% 112 515205 41210 24%
c - 2497.86 190 75 83 595 291381 1 9664477 108458 2.6 78 30 1 7 11% 112 515205 41210 24%
c - 2503.23 191 75 83 596 291391 1 9688869 109070 2.7 79 29 1 7 11% 112 515205 41210 24%
c - 2509.01 192 75 83 597 291393 1 9713283 109424 2.7 80 30 1 7 11% 112 515205 41210 24%
c - 2514.86 193 75 83 598 291393 1 9737716 108933 2.7 83 31 1 7 11% 112 515205 41210 24%
c - 2521.20 193 75 83 599 291407 1 9762170 109729 2.7 83 30 1 7 12% 112 515205 41210 24%
c - 2526.77 193 75 83 600 291415 1 9786644 110399 2.8 82 30 1 7 12% 112 515205 41210 24%
c - 2531.27 194 75 83 601 291424 1 9811139 109928 2.7 81 29 1 7 11% 112 515205 41210 24%
c - 2537.64 195 75 83 602 291431 1 9835654 110456 2.8 81 29 1 7 12% 112 515205 41210 24%
c - 2542.61 195 75 83 603 291442 1 9860189 110820 2.7 80 29 1 7 12% 112 515205 41210 24%
c W 2545.35 185 75 83 603 291446 1 9867638 118187 2.8 80 29 1 7 12% 112 515205 41210 24%
c ] 2548.33 187 75 84 603 291454 1 9882180 132579 2.7 79 29 1 7 12% 112 515205 41210 24%
c { 2548.33 187 96 84 603 291454 6 9882180 132579 2.9 47 17 1 3 9% 112 515205 41210 24%
c
c  seconds     switched       rate            size/glue  tier1  binary          remaining
c           MB   reductions      conflicts          size   tier2   irredundant
c            level      restarts        redundant      glue  trail         variables
c
c - 2549.14 191 96 84 604 291777 6 9884745 111450 2.8 47 17 1 3 9% 112 515205 41210 24%
c - 2555.28 193 97 84 605 294215 7 9909321 114528 2.8 47 17 1 3 9% 112 515205 41210 24%
c u 2560.84 186 96 84 605 295553 7 9927242 130559 2.8 48 17 1 3 9% 112 515205 41210 24%
c v 2561.03 186 96 84 605 295553 7 9927242 126957 2.8 48 17 1 3 9% 112 515205 41210 24%
c w 2568.05 190 96 84 605 295553 7 9927242 125519 2.8 48 17 1 3 9% 112 515205 41210 24%
c - 2570.28 191 96 84 606 295955 7 9933917 112633 2.8 49 17 1 3 9% 112 515205 41210 24%
c - 2575.52 193 96 84 607 297163 7 9958534 115339 2.9 50 17 1 3 10% 112 515205 41210 24%
c - 2581.54 194 96 84 608 299012 7 9983173 117296 2.9 51 18 1 3 10% 112 515205 41210 24%
c - 2588.02 194 96 84 609 300497 7 10007831 118506 2.9 51 18 1 3 10% 112 515205 41210 24%
c o 2593.51 194 97 84 609 301492 7 10028852 139056 2.9 52 18 1 3 10% 112 515205 41210 24%
c - 2594.63 195 98 84 610 301785 7 10032509 119816 2.9 52 18 1 3 10% 112 515205 41210 24%
c - 2601.23 195 98 84 611 303175 7 10057208 120779 2.9 53 18 1 3 10% 112 515205 41210 24%
c - 2606.63 195 97 84 612 304480 7 10081926 121387 3.0 54 18 1 3 10% 112 515205 41210 24%
c - 2613.57 196 98 84 613 305991 7 10106665 122231 3.0 54 18 1 3 10% 112 515205 41210 24%
c - 2619.79 196 98 84 614 307292 7 10131423 123065 3.0 55 18 1 3 10% 112 515205 41210 24%
c - 2626.73 196 97 84 615 308291 6 10156203 123657 3.1 56 18 1 3 11% 112 515205 41210 24%
c - 2633.01 196 97 84 616 309438 6 10181005 124185 3.1 57 18 1 3 11% 112 515205 41210 24%
c - 2639.92 197 98 84 617 310886 7 10205825 124815 3.1 57 18 1 3 11% 112 515205 41210 24%
c - 2646.21 197 98 84 618 311804 6 10230664 125347 3.1 57 18 1 3 11% 112 515205 41210 24%
c } 2647.86 197 97 85 618 312060 6 10239258 133802 3.2 58 18 1 3 11% 112 515205 41210 24%
c
c  seconds     switched       rate             size/glue  tier1   binary          remaining
c           MB   reductions      conflicts           size   tier2    irredundant
c            level      restarts         redundant      glue   trail         variables
c
c [ 2647.86 197 75 85 618 312060 1 10239258 133802 2.7 79 29 1 7 12% 112 515205 41210 24%
c I 2647.86 197 75 85 618 312060 1 10239258 133802 2.7 79 29 1 7 12% 112 515205 41210 24%
c - 2651.77 197 75 85 619 312069 1 10255523 124612 2.7 78 28 1 7 12% 112 515205 41210 24%
c u 2654.46 197 75 85 619 312074 1 10264856 130490 2.7 77 29 1 7 12% 112 515205 41210 24%
c v 2654.70 197 75 85 619 312074 1 10264856 124403 2.7 77 29 1 7 12% 112 515205 41210 24%
c w 2658.45 199 75 85 619 312074 1 10264856 119899 2.7 77 29 1 7 12% 112 515205 41210 24%
c - 2662.39 199 75 85 620 312080 1 10280402 111463 2.7 78 29 1 7 12% 112 515205 41210 24%
c - 2667.54 180 75 85 621 312089 1 10305301 110950 2.7 78 29 1 7 12% 112 515205 41210 24%
c - 2674.59 182 75 85 622 312097 1 10330222 111697 2.7 78 29 1 7 12% 112 515205 41210 24%
c - 2681.34 183 76 85 623 312106 1 10355161 112705 2.7 78 29 1 7 13% 112 515205 41210 24%
c - 2688.33 184 76 85 624 312120 1 10380120 113429 2.7 79 29 1 7 13% 112 515205 41210 24%
c - 2695.64 185 76 85 625 312122 1 10405099 114306 2.8 80 29 1 7 13% 112 515205 41210 24%
c - 2702.08 186 77 85 626 312122 1 10430099 113504 2.7 80 30 1 7 13% 112 515205 41210 24%
c - 2708.08 186 77 85 627 312134 1 10455119 112587 2.6 79 30 1 7 12% 112 515205 41210 24%
c - 2713.39 187 77 85 628 312144 1 10480159 113612 2.6 79 30 1 7 12% 112 515205 41210 24%
c o 2713.84 187 77 85 628 312145 1 10482344 115777 2.6 78 30 1 7 12% 112 515205 41210 24%
c - 2718.68 190 76 85 629 312153 1 10505218 114242 2.7 78 29 1 7 12% 112 515205 41210 24%
c - 2724.91 190 76 85 630 312160 1 10530298 115013 2.8 78 28 1 7 13% 112 515205 41210 24%
c - 2732.13 191 77 85 631 312171 1 10555397 115386 2.9 79 28 1 7 13% 112 515205 41210 24%
c ] 2736.41 191 77 86 631 312181 1 10571615 131493 2.9 79 27 1 7 14% 112 515205 41210 24%
c
c  seconds     switched       rate             size/glue  tier1   binary          remaining
c           MB   reductions      conflicts           size   tier2    irredundant
c            level      restarts         redundant      glue   trail         variables
c
c { 2736.41 191 97 86 631 312181 6 10571615 131493 3.2 58 18 1 3 11% 112 515205 41210 24%
c - 2738.53 194 97 86 632 312307 6 10580516 116555 3.2 57 18 1 3 11% 112 515205 41210 24%
c - 2744.03 195 95 86 633 312586 5 10605657 118898 3.2 57 18 1 3 12% 112 515205 41210 24%
c u 2745.36 195 95 86 633 312646 5 10608635 120306 3.2 56 18 1 3 12% 112 515205 41210 24%
c v 2745.53 195 95 86 633 312646 5 10608635 117226 3.2 56 18 1 3 12% 112 515205 41210 24%
c w 2746.73 195 95 86 633 312646 5 10608635 112775 3.2 56 18 1 3 12% 112 515205 41210 24%
c - 2751.78 196 94 86 634 312996 5 10630816 113761 3.2 55 17 1 3 12% 112 515205 41210 24%
c - 2757.24 196 95 86 635 313634 5 10655995 117338 3.2 55 17 1 3 12% 112 515205 41210 24%
c - 2763.12 198 94 86 636 314271 6 10681194 119464 3.2 54 17 1 3 12% 112 515205 41210 24%
c - 2768.91 198 95 86 637 314806 5 10706413 120764 3.2 53 17 1 3 12% 112 515205 41210 24%
c - 2774.12 198 95 86 638 315512 5 10731651 121696 3.2 52 17 1 3 12% 112 515205 41210 24%
c - 2778.73 199 92 86 639 316059 5 10756909 121974 3.1 51 16 1 3 12% 112 515205 41210 24%
c - 2784.69 199 92 86 640 316971 6 10782188 122337 3.1 49 16 1 3 12% 112 515205 41210 24%
c - 2791.18 199 92 86 641 317956 6 10807487 122897 3.0 49 16 1 3 12% 112 515205 41210 24%
c - 2797.75 200 92 86 642 319156 6 10832804 123155 3.0 48 16 1 3 11% 112 515205 41210 24%
c - 2804.38 188 92 86 643 320117 7 10858141 123754 2.9 47 16 1 3 11% 112 515205 41210 24%
c - 2810.78 189 91 86 644 321048 7 10883499 124116 2.9 47 16 1 3 11% 112 515205 41210 24%
c - 2816.80 190 91 86 645 322119 7 10908876 124285 2.9 47 16 1 3 11% 112 515205 41210 24%
c - 2823.60 191 91 86 646 323282 7 10934273 124703 2.9 46 16 1 3 11% 112 515205 41210 24%
c o 2825.56 191 91 86 646 323629 7 10942347 132613 2.9 46 16 1 3 11% 112 515205 41210 24%
c
c  seconds     switched       rate             size/glue  tier1   binary          remaining
c           MB   reductions      conflicts           size   tier2    irredundant
c            level      restarts         redundant      glue   trail         variables
c
c } 2825.87 191 91 87 646 323676 7 10944471 134636 2.9 46 16 1 3 11% 112 515205 41210 24%
c [ 2825.87 191 77 87 646 323676 1 10944471 134636 2.9 79 27 1 7 14% 112 515205 41210 24%
c B 2825.87 191 77 87 646 323676 1 10944471 134636 2.9 79 27 1 7 14% 112 515205 41210 24%
c u 2830.39 191 77 87 646 323684 1 10958606 146569 2.8 80 28 1 7 13% 112 515205 41210 24%
c v 2830.67 192 77 87 646 323684 1 10958606 141413 2.8 80 28 1 7 13% 112 515205 41210 24%
c w 2834.85 196 77 87 646 323684 1 10958606 141034 2.8 80 28 1 7 13% 112 515205 41210 24%
c x 2836.04 202 77 87 646 323684 1 10958606 141033 2.8 80 28 1 7 13% 112 515203 41210 24%
c - 2836.56 182 77 87 647 323685 1 10959692 117316 2.8 80 28 1 7 13% 112 515203 41210 24%
c - 2843.11 184 76 87 648 323696 1 10985128 114916 2.8 80 29 1 7 13% 112 515203 41210 24%
c - 2849.04 185 76 87 649 323706 1 11010584 113023 2.7 81 30 1 7 12% 112 515203 41210 24%
c - 2855.50 189 75 87 650 323713 1 11036059 112924 2.7 81 30 1 7 12% 112 515203 41210 24%
c - 2861.20 190 75 87 651 323723 1 11061554 113485 2.7 80 29 1 7 12% 112 515203 41210 24%
c - 2866.24 190 75 87 652 323736 1 11087069 113356 2.7 79 29 1 7 11% 112 515203 41210 24%
c - 2873.90 193 76 87 653 323738 1 11112604 112869 2.7 82 30 1 7 12% 112 515203 41210 24%
c - 2882.25 195 76 87 654 323738 1 11138158 112226 2.8 85 30 1 7 12% 112 515203 41210 24%
c - 2890.24 196 76 87 655 323752 1 11163731 112017 2.8 84 30 1 7 13% 112 515203 41210 24%
c - 2896.38 197 77 87 656 323762 1 11189324 112567 2.7 82 30 1 7 12% 112 515203 41210 24%
c - 2901.63 197 76 87 657 323769 1 11214938 112393 2.7 81 30 1 7 12% 112 515203 41210 24%
c - 2907.42 198 76 87 658 323779 1 11240570 112619 2.7 80 30 1 7 12% 112 515203 41210 24%
c ] 2911.13 198 76 88 658 323785 1 11257782 129603 2.7 79 30 1 7 12% 112 515203 41210 24%
c
c  seconds     switched       rate             size/glue  tier1   binary          remaining
c           MB   reductions      conflicts           size   tier2    irredundant
c            level      restarts         redundant      glue   trail         variables
c
c { 2911.13 198 91 88 658 323785 7 11257782 129603 2.9 46 16 1 3 11% 112 515203 41210 24%
c - 2913.35 199 91 88 659 324988 8 11266221 114284 2.8 46 16 1 3 11% 112 515203 41210 24%
c - 2920.48 200 93 88 660 327648 8 11291892 117556 2.7 46 17 1 3 10% 112 515203 41210 24%
c u 2927.35 200 93 88 660 329562 9 11314772 138481 2.7 47 17 1 3 10% 112 515203 41210 24%
c v 2927.53 200 93 88 660 329562 9 11314772 135498 2.7 47 17 1 3 10% 112 515203 41210 24%
c w 2936.91 201 93 88 660 329562 9 11314772 133981 2.7 47 17 1 3 10% 112 515203 41210 24%
c - 2937.68 201 94 88 661 329815 9 11317583 115961 2.7 47 17 1 3 10% 112 515203 41210 24%
c - 2944.10 189 96 88 662 331671 8 11343293 118975 2.7 48 18 1 3 10% 112 515203 41210 24%
c - 2950.46 191 96 88 663 333208 8 11369023 121069 2.8 50 18 1 3 10% 112 515203 41210 24%
c - 2956.76 192 95 88 664 334354 8 11394773 122526 2.9 51 18 1 3 10% 112 515203 41210 24%
c o 2960.89 192 95 88 664 335161 7 11412758 140126 2.9 52 18 1 3 10% 112 515203 41210 24%
c - 2963.07 193 95 88 665 335874 7 11420541 123892 2.9 52 18 1 3 10% 112 515203 41210 24%
c - 2969.25 193 95 88 666 337205 7 11446328 124444 3.0 53 18 1 3 10% 112 515203 41210 24%
c - 2976.31 194 95 88 667 338276 7 11472137 125559 3.1 55 18 1 3 11% 112 515203 41210 24%
c e 2978.04 195 95 88 667 338378 7 11475501 128816 3.2 56 18 1 3 11% 112 515194 41192 24%
c s 2978.04 195 95 88 667 338378 7 11475501 128816 3.2 56 18 1 3 11% 112 515190 41192 24%
c - 2983.75 196 95 88 668 340000 7 11497963 126710 3.1 55 18 1 3 11% 112 515190 41192 24%
c - 2989.79 196 94 88 669 340795 6 11523808 127002 3.2 57 18 1 3 11% 112 515190 41192 24%
c - 2995.84 196 95 88 670 342488 7 11549673 127304 3.1 56 18 1 3 11% 112 515190 41192 24%
c - 3002.07 197 95 88 671 343792 7 11575558 128122 3.1 56 18 1 3 11% 112 515190 41192 24%
c
c  seconds     switched       rate             size/glue  tier1   binary          remaining
c           MB   reductions      conflicts           size   tier2    irredundant
c            level      restarts         redundant      glue   trail         variables
c
c - 3009.11 197 95 88 672 345488 7 11601461 129001 3.1 56 18 1 3 11% 112 515190 41192 24%
c - 3015.83 197 94 88 673 346263 6 11627384 129872 3.2 58 18 1 3 11% 112 515190 41192 24%
c } 3021.13 197 95 89 673 347656 6 11646721 148811 3.1 57 18 1 3 11% 112 515190 41192 24%
c [ 3021.13 197 76 89 673 347656 1 11646721 148811 2.7 79 30 1 7 12% 112 515190 41192 24%
c W 3021.48 186 76 89 673 347656 1 11646721 148811 2.7 79 30 1 7 12% 112 515190 41192 24%
c - 3023.14 188 76 89 674 347661 1 11653328 130038 2.7 79 30 1 7 11% 112 515190 41192 24%
c u 3031.30 192 76 89 674 347670 1 11677156 150145 2.7 81 30 1 7 12% 112 515190 41192 24%
c v 3031.59 192 76 89 674 347670 1 11677156 143628 2.7 81 30 1 7 12% 112 515190 41192 24%
c w 3039.92 197 76 89 674 347670 1 11677156 143319 2.7 81 30 1 7 12% 112 515190 41192 24%
c - 3040.81 197 76 89 675 347670 1 11679291 119525 2.7 81 30 1 7 12% 112 515190 41192 24%
c - 3048.26 198 77 89 676 347685 1 11705271 118404 2.7 80 30 1 7 13% 112 515190 41192 24%
c - 3057.27 199 78 89 677 347689 1 11731271 118282 2.8 84 30 1 7 13% 112 515190 41192 24%
c - 3063.27 200 78 89 678 347701 1 11757290 117876 2.8 83 30 1 7 13% 112 515190 41192 24%
c - 3069.77 200 78 89 679 347715 1 11783329 117937 2.7 84 30 1 7 13% 112 515190 41192 24%
c - 3075.08 201 79 89 680 347717 1 11809386 117774 2.8 85 30 1 7 13% 112 515190 41192 24%
c - 3079.64 180 79 89 681 347718 1 11835463 117506 3.0 85 29 1 7 13% 112 515190 41192 24%
c - 3084.77 185 78 89 682 347729 1 11861560 118781 2.9 84 29 1 7 13% 112 515190 41192 24%
c - 3092.65 186 77 89 683 347740 1 11887676 118471 2.9 84 29 1 7 13% 112 515190 41192 24%
c o 3096.38 188 77 89 683 347748 1 11902107 132767 2.9 84 29 1 7 13% 112 515190 41192 24%
c - 3098.69 190 78 89 684 347749 1 11913810 118206 2.9 84 29 1 7 13% 112 515190 41192 24%
c
c  seconds     switched       rate             size/glue  tier1   binary          remaining
c           MB   reductions      conflicts           size   tier2    irredundant
c            level      restarts         redundant      glue   trail         variables
c
c - 3104.51 191 77 89 685 347757 1 11939963 118677 2.9 85 29 1 7 13% 112 515190 41192 24%
c - 3111.25 192 77 89 686 347770 1 11966136 118289 2.9 83 29 1 7 13% 112 515190 41192 24%
c - 3116.03 193 77 89 687 347779 1 11992328 118157 2.8 81 29 1 7 12% 112 515190 41192 24%
c O 3120.17 193 77 89 687 347781 1 12009791 135465 2.8 80 29 1 7 12% 112 515190 41192 24%
c - 3121.92 193 77 89 688 347781 1 12018539 118475 2.8 81 29 1 7 12% 112 515190 41192 24%
c ] 3122.29 193 77 90 688 347781 1 12020157 120077 2.8 81 29 1 7 12% 112 515190 41192 24%
c { 3122.29 193 95 90 688 347781 6 12020157 120077 3.1 57 18 1 3 11% 112 515190 41192 24%
c - 3128.29 196 96 90 689 348708 6 12044771 121824 3.2 57 18 1 3 11% 112 515190 41192 24%
c u 3129.18 196 96 90 689 348790 6 12045763 121243 3.1 57 18 1 3 11% 112 515190 41192 24%
c v 3129.33 196 96 90 689 348790 6 12045763 118615 3.1 57 18 1 3 11% 112 515190 41192 24%
c w 3129.85 196 96 90 689 348790 6 12045763 115279 3.1 57 18 1 3 11% 112 515190 41192 24%
c - 3135.84 197 95 90 690 349638 6 12071020 118740 3.2 58 18 1 3 11% 112 515190 41192 24%
c - 3141.55 198 94 90 691 350440 6 12097287 122169 3.3 58 18 1 3 11% 112 515190 41192 24%
c - 3148.83 198 95 90 692 351859 6 12123573 124091 3.2 58 18 1 3 11% 112 515190 41192 24%
c - 3154.97 199 96 90 693 352717 5 12149879 125469 3.3 58 18 1 3 12% 112 515190 41192 24%
c - 3161.26 199 96 90 694 354032 6 12176204 126911 3.2 57 18 1 3 11% 112 515190 41192 24%
c - 3168.01 199 96 90 695 355818 6 12202548 127709 3.1 57 18 1 3 11% 112 515190 41192 24%
c - 3174.41 200 96 90 696 357461 6 12228911 128389 3.1 56 18 1 3 11% 112 515190 41192 24%
c - 3180.79 200 97 90 697 358447 6 12255292 129589 3.1 57 18 1 3 11% 112 515190 41192 24%
c - 3187.61 200 97 90 698 359961 6 12281693 130443 3.1 56 18 1 3 11% 112 515190 41192 24%
c
c  seconds     switched       rate             size/glue  tier1   binary          remaining
c           MB   reductions      conflicts           size   tier2    irredundant
c            level      restarts         redundant      glue   trail         variables
c
c - 3194.11 200 96 90 699 361460 6 12308112 130868 3.1 56 18 1 3 11% 112 515190 41192 24%
c - 3200.29 201 97 90 700 362788 6 12334551 131255 3.1 56 18 1 3 11% 112 515190 41192 24%
c - 3206.71 190 97 90 701 364054 6 12361009 131702 3.1 56 18 1 3 11% 112 515190 41192 24%
c - 3212.81 192 96 90 702 364995 6 12387486 132367 3.2 58 18 1 3 11% 112 515190 41192 24%
c o 3213.62 192 95 90 702 364996 6 12392293 137158 3.3 58 18 1 3 11% 112 515190 41192 24%
c - 3219.51 193 95 90 703 366489 6 12413982 132934 3.2 58 18 1 3 11% 112 515190 41192 24%
c u 3221.53 193 95 90 703 366709 6 12420641 136051 3.2 58 18 1 3 11% 112 515190 41192 24%
c v 3221.80 193 95 90 703 366709 6 12420641 129795 3.2 58 18 1 3 11% 112 515190 41192 24%
c w 3224.39 193 95 90 703 366709 6 12420641 125118 3.2 58 18 1 3 11% 112 515190 41192 24%
c } 3225.68 194 95 91 703 366922 6 12425478 129820 3.2 57 18 1 3 11% 112 515190 41192 24%
c [ 3225.68 194 77 91 703 366922 1 12425478 129820 2.8 81 29 1 7 12% 112 515190 41192 24%
c B 3225.68 194 77 91 703 366922 1 12425478 129820 2.8 81 29 1 7 12% 112 515190 41192 24%
c - 3228.71 194 78 91 704 366931 1 12440496 121486 2.8 80 29 1 7 12% 112 515190 41192 24%
c - 3234.81 194 78 91 705 366943 1 12467032 121315 2.7 80 29 1 7 12% 112 515190 41192 24%
c - 3240.66 195 77 91 706 366952 1 12493584 120530 2.7 79 29 1 7 12% 112 515190 41192 24%
c - 3246.88 196 77 91 707 366959 1 12520154 120433 2.7 79 29 1 7 12% 112 515190 41192 24%
c - 3254.27 196 76 91 708 366972 1 12546744 120726 2.8 79 29 1 7 12% 112 515190 41192 24%
c - 3260.63 196 76 91 709 366982 1 12573352 120957 2.8 79 29 1 7 12% 112 515190 41192 24%
c - 3266.45 197 75 91 710 366984 1 12599979 121048 2.8 78 28 1 7 12% 112 515190 41192 24%
c - 3272.13 198 75 91 711 366987 1 12626624 122009 2.8 77 27 1 7 12% 112 515190 41192 24%
c
c  seconds     switched       rate             size/glue  tier1   binary          remaining
c           MB   reductions      conflicts           size   tier2    irredundant
c            level      restarts         redundant      glue   trail         variables
c
c - 3278.66 198 76 91 712 366999 1 12653289 121932 2.8 77 28 1 7 12% 112 515190 41192 24%
c - 3284.42 199 76 91 713 367013 1 12679972 120686 2.8 79 29 1 7 12% 112 515190 41192 24%
c - 3290.55 200 76 91 714 367016 1 12706674 120165 2.7 80 30 1 7 12% 112 515190 41192 24%
c - 3297.17 200 77 91 715 367030 1 12733394 120891 2.7 80 29 1 7 12% 112 515190 41192 24%
c - 3303.48 201 78 91 716 367044 1 12760135 121758 2.7 82 30 1 7 12% 112 515190 41192 24%
c - 3309.21 183 78 91 717 367046 1 12786893 120588 2.7 82 30 1 7 12% 112 515190 41192 24%
c u 3313.16 186 79 91 717 367047 1 12801767 133943 2.7 82 30 1 7 12% 112 515190 41192 24%
c v 3313.33 186 79 91 717 367047 1 12801767 131783 2.7 82 30 1 7 12% 112 515190 41192 24%
c w 3320.51 190 79 91 717 367047 1 12801767 128588 2.7 82 30 1 7 12% 112 515190 41192 24%
c W 3322.58 187 78 91 717 367047 1 12808648 135430 2.8 82 30 1 7 12% 112 515190 41192 24%
c - 3323.51 188 78 91 718 367047 1 12813669 116691 2.7 81 30 1 7 12% 112 515190 41192 24%
c - 3328.82 190 78 91 719 367048 1 12840464 118026 2.6 82 31 1 7 11% 112 515190 41192 24%
c ] 3328.99 190 78 92 719 367048 1 12841484 119042 2.6 82 31 1 7 11% 112 515190 41192 24%
c { 3328.99 190 95 92 719 367048 6 12841484 119042 3.2 57 18 1 3 11% 112 515190 41192 24%
c - 3334.98 195 95 92 720 367717 6 12867278 121619 3.2 58 18 1 3 11% 112 515190 41192 24%
c o 3341.50 196 95 92 720 368999 6 12892296 146085 3.2 57 18 1 3 11% 112 515190 41192 24%
c - 3342.04 197 95 92 721 369106 6 12894111 125506 3.2 57 18 1 3 11% 112 515190 41192 24%
c - 3348.11 197 96 92 722 370396 6 12920962 127225 3.2 57 18 1 3 11% 112 515190 41192 24%
c - 3355.02 198 95 92 723 371908 6 12947832 128129 3.1 57 18 1 3 11% 112 515190 41192 24%
c - 3361.50 198 95 92 724 373448 6 12974723 129153 3.1 57 18 1 3 11% 112 515190 41192 24%
c
c  seconds     switched       rate             size/glue  tier1   binary          remaining
c           MB   reductions      conflicts           size   tier2    irredundant
c            level      restarts         redundant      glue   trail         variables
c
c - 3368.03 199 94 92 725 374084 6 13001630 129817 3.2 58 18 1 3 11% 112 515190 41192 24%
c - 3374.78 199 95 92 726 375519 6 13028555 130595 3.2 58 18 1 3 11% 112 515190 41192 24%
c - 3381.78 199 95 92 727 376830 6 13055501 131281 3.2 58 18 1 3 11% 112 515190 41192 24%
c - 3387.87 200 94 92 728 378000 6 13082463 132086 3.2 58 18 1 3 11% 112 515190 41192 24%
c - 3394.27 200 95 92 729 379158 6 13109444 133054 3.2 58 18 1 3 11% 112 515190 41192 24%
c - 3400.98 200 95 92 730 380551 6 13136447 133801 3.2 58 18 1 3 11% 112 515190 41192 24%
c - 3407.95 200 95 92 731 382222 6 13163465 134208 3.2 58 18 1 3 11% 112 515190 41192 24%
c u 3415.13 200 95 92 731 383289 6 13189196 156255 3.2 58 18 1 3 11% 112 515190 41192 24%
c v 3415.40 200 95 92 731 383289 6 13189196 149941 3.2 58 18 1 3 11% 112 515190 41192 24%
c w 3422.77 202 95 92 731 383289 6 13189196 149219 3.2 58 18 1 3 11% 112 515190 41192 24%
c - 3423.17 202 94 92 732 383329 6 13190503 126162 3.2 58 18 1 3 11% 112 515190 41192 24%
c - 3429.58 192 95 92 733 384315 6 13217559 127964 3.2 59 18 1 3 11% 112 515190 41192 24%
c - 3435.71 194 94 92 734 385233 5 13244632 129587 3.3 59 18 1 3 11% 112 515190 41192 24%
c } 3439.90 194 94 93 734 386493 6 13263489 147980 3.2 58 18 1 3 11% 112 515190 41192 24%
c [ 3439.90 194 78 93 734 386493 1 13263489 147980 2.6 82 31 1 7 11% 112 515190 41192 24%
c I 3439.90 194 78 93 734 386493 1 13263489 147980 2.6 82 31 1 7 11% 112 515190 41192 24%
c - 3441.48 194 78 93 735 386498 1 13271724 130127 2.6 82 31 1 7 11% 112 515190 41192 24%
c - 3447.14 195 78 93 736 386510 1 13298835 127843 2.6 82 31 1 7 11% 112 515190 41192 24%
c - 3453.15 195 78 93 737 386522 1 13325965 124554 2.6 82 31 1 7 11% 112 515190 41192 24%
c - 3459.72 196 78 93 738 386529 1 13353112 124372 2.7 81 31 1 7 12% 112 515190 41192 24%
c
c  seconds     switched       rate             size/glue  tier1   binary          remaining
c           MB   reductions      conflicts           size   tier2    irredundant
c            level      restarts         redundant      glue   trail         variables
c
c - 3467.44 196 78 93 739 386540 1 13380281 124764 2.7 81 30 1 7 12% 112 515190 41192 24%
c - 3474.69 197 78 93 740 386553 1 13407467 125245 2.7 80 30 1 7 12% 112 515190 41192 24%
c o 3476.21 197 79 93 740 386554 1 13411817 129570 2.7 80 30 1 7 12% 112 515190 41192 24%
c - 3481.32 198 79 93 741 386555 1 13434671 125170 2.8 85 30 1 7 13% 112 515190 41192 24%
c - 3487.57 199 78 93 742 386556 1 13461892 123777 2.9 86 30 1 7 13% 112 515190 41192 24%
c - 3494.14 199 77 93 743 386570 1 13489132 124092 2.8 85 30 1 7 13% 112 515190 41192 24%
c - 3500.11 200 77 93 744 386584 1 13516390 124544 2.8 83 30 1 7 12% 112 515190 41192 24%
c - 3508.12 200 77 93 745 386587 1 13543666 124618 2.8 84 30 1 7 13% 112 515190 41192 24%
c - 3514.46 201 77 93 746 386601 1 13570960 125663 2.8 82 30 1 7 13% 112 515190 41192 24%
c u 3517.61 201 77 93 746 386607 1 13582927 135460 2.7 81 30 1 7 12% 112 515190 41192 24%
c v 3517.77 201 77 93 746 386607 1 13582927 132848 2.7 81 30 1 7 12% 112 515190 41192 24%
c w 3522.18 203 77 93 746 386607 1 13582927 128266 2.7 81 30 1 7 12% 112 515190 41192 24%
c - 3525.74 183 77 93 747 386615 1 13598273 120053 2.8 80 29 1 7 13% 112 515190 41192 24%
c - 3531.21 184 76 93 748 386617 1 13625604 121038 2.7 81 29 1 7 12% 112 515190 41192 24%
c - 3537.61 187 75 93 749 386618 1 13652953 120845 2.8 83 30 1 7 12% 112 515190 41192 24%
c B 3541.42 187 75 93 749 386619 1 13667144 134958 2.8 84 30 1 7 12% 112 515190 41192 24%
c ] 3542.52 187 75 94 749 386619 1 13670400 138197 2.8 84 30 1 7 12% 112 515190 41192 24%
c { 3542.52 187 94 94 749 386619 6 13670400 138197 3.2 58 18 1 3 11% 112 515190 41192 24%
c - 3544.51 191 94 94 750 386860 6 13680321 122132 3.3 59 18 1 3 11% 112 515190 41192 24%
c - 3550.82 194 94 94 751 388412 6 13707707 126086 3.2 58 18 1 3 11% 112 515190 41192 24%
c
c  seconds     switched       rate             size/glue  tier1   binary          remaining
c           MB   reductions      conflicts           size   tier2    irredundant
c            level      restarts         redundant      glue   trail         variables
c
c - 3558.06 195 95 94 752 389386 6 13735112 128942 3.3 59 18 1 3 11% 112 515190 41192 24%
c - 3564.84 196 95 94 753 390752 6 13762534 130379 3.2 58 18 1 3 11% 112 515190 41192 24%
c - 3571.46 196 95 94 754 392017 6 13789974 131711 3.2 58 18 1 3 11% 112 515190 41192 24%
c - 3578.30 197 94 94 755 393406 6 13817433 132541 3.2 58 18 1 3 11% 112 515190 41192 24%
c - 3585.64 197 94 94 756 394906 6 13844911 133340 3.2 58 18 1 3 11% 112 515190 41192 24%
c - 3593.04 197 95 94 757 395794 6 13872406 134780 3.3 58 18 1 3 11% 112 515190 41192 24%
c - 3599.84 198 95 94 758 397327 6 13899921 135504 3.2 58 18 1 3 11% 112 515190 41192 24%
c - 3606.66 198 95 94 759 398945 6 13927454 135866 3.2 58 18 1 3 11% 112 515190 41192 24%
c o 3607.97 198 95 94 759 399221 6 13931822 140126 3.2 57 18 1 3 11% 112 515190 41192 24%
c - 3614.05 198 94 94 760 400417 6 13955004 136355 3.2 57 18 1 3 11% 112 515190 41192 24%
c - 3620.73 199 93 94 761 401441 6 13982572 136702 3.3 59 18 1 3 11% 112 515190 41192 24%
c u 3621.55 199 93 94 761 401494 6 13982960 134037 3.3 59 18 1 3 11% 112 515190 41192 24%
c v 3621.76 199 93 94 761 401494 6 13982960 128142 3.3 59 18 1 3 11% 112 515190 41192 24%
c w 3622.27 199 93 94 761 401494 6 13982960 124298 3.3 59 18 1 3 11% 112 515190 41192 24%
c - 3639.53 200 93 94 762 403024 6 14010158 127232 3.2 58 18 1 3 11% 112 515190 41192 24%
c - 3646.50 200 94 94 763 404541 6 14037762 130569 3.2 57 18 1 3 11% 112 515190 41192 24%
c - 3652.20 200 93 94 764 405451 6 14065384 132473 3.2 58 18 1 3 11% 112 515190 41192 24%
c - 3659.70 200 94 94 765 407193 6 14093024 133575 3.2 57 18 1 3 11% 112 515190 41192 24%
c } 3663.78 200 94 95 765 407825 6 14109385 149681 3.2 58 18 1 3 11% 112 515190 41192 24%
c [ 3663.78 200 75 95 765 407825 1 14109385 149681 2.8 84 30 1 7 12% 112 515190 41192 24%
c
c  seconds     switched       rate             size/glue  tier1   binary          remaining
c           MB   reductions      conflicts           size   tier2    irredundant
c            level      restarts         redundant      glue   trail         variables
c
c W 3665.19 188 75 95 765 407825 1 14109385 149681 2.8 84 30 1 7 12% 112 515190 41192 24%
c - 3668.23 191 76 95 766 407831 1 14120682 133276 2.8 84 30 1 7 12% 112 515190 41192 24%
c - 3675.49 193 76 95 767 407844 1 14148359 130540 2.8 85 30 1 7 12% 112 515190 41192 24%
c - 3682.12 194 77 95 768 407855 1 14176053 127194 2.8 84 31 1 7 12% 112 515190 41192 24%
c - 3689.00 196 77 95 769 407862 1 14203765 126261 2.8 86 31 1 7 12% 112 515190 41192 24%
c - 3695.84 197 77 95 770 407876 1 14231495 126352 2.8 86 31 1 7 12% 112 515190 41192 24%
c - 3702.04 197 77 95 771 407886 1 14259244 126710 2.7 84 31 1 7 12% 112 515190 41192 24%
c - 3707.57 198 76 95 772 407887 1 14287010 126077 2.7 85 31 1 7 11% 112 515190 41192 24%
c - 3713.74 199 76 95 773 407893 1 14314794 124885 2.7 85 32 1 7 11% 112 515190 41192 24%
c - 3721.17 199 77 95 774 407905 1 14342596 125657 2.7 85 31 1 7 11% 112 515190 41192 24%
c - 3727.74 200 76 95 775 407917 1 14370416 126493 2.7 84 32 1 7 11% 112 515190 41192 24%
c u 3736.29 188 76 95 775 407919 1 14389322 143109 2.7 85 32 1 7 12% 112 515190 41192 24%
c v 3736.45 189 76 95 775 407919 1 14389322 140957 2.7 85 32 1 7 12% 112 515190 41192 24%
c w 3745.61 196 76 95 775 407919 1 14389322 140192 2.7 85 32 1 7 12% 112 515190 41192 24%
c - 3748.06 196 76 95 776 407925 1 14398254 123691 2.7 85 32 1 7 11% 112 515190 41192 24%
c - 3755.40 197 76 95 777 407936 1 14426111 124685 2.7 85 32 1 7 12% 112 515190 41192 24%
c - 3762.48 198 76 95 778 407948 1 14453986 124951 2.7 84 31 1 7 12% 112 515190 41192 24%
c - 3769.32 198 76 95 779 407950 1 14481879 124703 2.6 85 32 1 7 11% 112 515190 41192 24%
c o 3774.93 199 75 95 779 407951 1 14504478 147203 2.6 84 32 1 7 11% 112 515190 41192 24%
c - 3776.38 199 76 95 780 407951 1 14509789 123643 2.6 85 32 1 7 11% 112 515190 41192 24%
c
c  seconds     switched       rate             size/glue  tier1   binary          remaining
c           MB   reductions      conflicts           size   tier2    irredundant
c            level      restarts         redundant      glue   trail         variables
c
c ] 3781.26 200 78 96 780 407951 1 14527796 141586 2.7 88 33 1 7 12% 112 515190 41192 24%
c { 3781.26 200 94 96 780 407951 6 14527796 141586 3.2 58 18 1 3 11% 112 515190 41192 24%
c - 3783.57 202 95 96 781 408179 6 14537718 125523 3.2 58 18 1 3 11% 112 515190 41192 24%
c - 3789.98 191 94 96 782 409566 6 14565664 128818 3.2 57 18 1 3 11% 112 515190 41192 24%
c - 3797.40 192 94 96 783 411015 6 14593628 131418 3.2 57 18 1 3 11% 112 515190 41192 24%
c - 3804.85 194 95 96 784 412469 6 14621612 133056 3.2 57 18 1 3 11% 112 515190 41192 24%
c - 3811.79 195 95 96 785 413097 5 14649612 133729 3.3 58 18 1 3 11% 112 515190 41192 24%
c - 3819.52 195 94 96 786 414945 6 14677629 134537 3.2 57 18 1 3 11% 112 515190 41192 24%
c - 3826.37 196 95 96 787 416457 6 14705664 135526 3.1 57 18 1 3 11% 112 515190 41192 24%
c - 3833.77 196 94 96 788 417913 6 14733717 136496 3.1 57 18 1 3 11% 112 515190 41192 24%
c - 3840.83 196 93 96 789 419073 6 14761788 137209 3.2 57 18 1 3 11% 112 515190 41192 24%
c - 3848.13 197 92 96 790 420532 6 14789878 138431 3.1 57 18 1 3 11% 112 515190 41192 24%
c u 3852.57 197 92 96 790 421141 6 14802040 147707 3.2 57 18 1 3 11% 112 515190 41192 24%
c v 3852.90 197 92 96 790 421141 6 14802040 142147 3.2 57 18 1 3 11% 112 515190 41192 24%
c w 3861.23 197 92 96 790 421141 6 14802040 136024 3.2 57 18 1 3 11% 112 515190 41192 24%
c - 3866.17 197 93 96 791 421775 6 14817985 128323 3.2 58 18 1 3 11% 112 515190 41192 24%
c - 3873.23 198 93 96 792 423036 6 14846109 131575 3.2 58 18 1 3 11% 112 515190 41192 24%
c - 3881.24 198 94 96 793 424771 6 14874253 133684 3.1 57 18 1 3 11% 112 515190 41192 24%
c - 3888.61 198 96 96 794 426028 6 14902415 134936 3.1 57 18 1 3 11% 112 515190 41192 24%
c - 3895.94 198 95 96 795 427413 6 14930593 136222 3.2 58 18 1 3 11% 112 515190 41192 24%
c
c  seconds     switched       rate             size/glue  tier1   binary          remaining
c           MB   reductions      conflicts           size   tier2    irredundant
c            level      restarts         redundant      glue   trail         variables
c
c - 3903.70 198 95 96 796 428712 6 14958788 137243 3.2 58 18 1 3 12% 112 515190 41192 24%
c } 3910.25 198 97 97 796 430058 6 14984059 162100 3.2 58 18 1 3 12% 112 515190 41192 24%
c [ 3910.25 198 78 97 796 430058 1 14984059 162100 2.7 88 33 1 7 12% 112 515190 41192 24%
c O 3910.25 198 78 97 796 430058 1 14984059 162100 2.7 88 33 1 7 12% 112 515190 41192 24%
c - 3910.87 198 78 97 797 430060 1 14987001 137798 2.7 88 33 1 7 12% 112 515190 41192 24%
c - 3916.73 199 77 97 798 430072 1 15015232 135365 2.6 84 32 1 7 11% 112 515190 41192 24%
c - 3922.87 199 76 97 799 430087 1 15043480 130931 2.6 82 31 1 7 11% 112 515190 41192 24%
c o 3924.78 199 76 97 799 430088 1 15050046 137473 2.6 81 31 1 7 11% 112 515190 41192 24%
c - 3930.54 200 78 97 800 430093 1 15071747 131073 2.7 83 31 1 7 12% 112 515190 41192 24%
c - 3937.94 200 79 97 801 430104 1 15100033 131258 2.7 84 31 1 7 12% 112 515190 41192 24%
c - 3943.81 200 78 97 802 430118 1 15128334 131143 2.7 81 30 1 7 12% 112 515190 41192 24%
c - 3950.45 202 77 97 803 430120 1 15156653 131528 2.7 81 29 1 7 12% 112 515190 41192 24%
c - 3958.37 202 76 97 804 430123 1 15184991 132148 2.8 80 29 1 7 13% 112 515190 41192 24%
c - 3964.59 202 76 97 805 430135 1 15213345 132195 2.7 80 29 1 7 12% 112 515190 41192 24%
c u 3967.50 185 76 97 805 430141 1 15221115 137243 2.7 79 29 1 7 12% 112 515190 41192 24%
c v 3967.69 185 76 97 805 430141 1 15221115 134443 2.7 79 29 1 7 12% 112 515190 41192 24%
c w 3971.88 187 76 97 805 430141 1 15221115 130630 2.7 79 29 1 7 12% 112 515190 41192 24%
c x 3973.09 196 76 97 805 430141 1 15221115 130630 2.7 79 29 1 7 12% 112 515189 41192 24%
c - 3978.55 198 76 97 806 430150 1 15241718 125138 2.7 80 30 1 7 12% 112 515189 41192 24%
c - 3985.41 198 75 97 807 430156 1 15270110 127633 2.8 81 29 1 7 12% 112 515189 41192 24%
c
c  seconds     switched       rate             size/glue  tier1   binary          remaining
c           MB   reductions      conflicts           size   tier2    irredundant
c            level      restarts         redundant      glue   trail         variables
c
c - 3992.07 199 76 97 808 430168 1 15298518 128987 2.8 81 29 1 7 12% 112 515189 41192 24%
c - 3998.94 199 76 97 809 430181 1 15326944 128588 2.7 81 30 1 7 12% 112 515189 41192 24%
c - 4006.55 200 76 97 810 430183 1 15355386 128830 2.8 82 29 1 7 12% 112 515189 41192 24%
c - 4014.85 201 75 97 811 430184 1 15383846 129422 3.0 87 29 1 7 13% 112 515189 41192 24%
c - 4022.58 202 75 97 812 430184 1 15412325 129279 3.2 88 28 1 7 13% 112 515189 41192 24%
c B 4023.98 202 75 97 812 430184 1 15419162 136071 3.2 89 28 1 7 13% 112 515189 41192 24%
c ] 4027.21 202 74 98 812 430184 1 15437406 154143 3.1 88 28 1 7 13% 112 515189 41192 24%
c { 4027.21 202 97 98 812 430184 6 15437406 154143 3.2 58 18 1 3 12% 112 515189 41192 24%
c - 4028.10 204 96 98 813 430280 6 15440820 128949 3.1 58 18 1 3 11% 112 515189 41192 24%
c - 4036.31 194 97 98 814 430629 5 15469333 132112 3.3 58 18 1 3 12% 112 515189 41192 24%
c - 4042.76 196 95 98 815 431130 5 15497864 135475 3.4 58 17 1 3 12% 112 515189 41192 24%
c - 4049.28 197 94 98 816 431823 4 15526412 136934 3.4 57 17 1 3 11% 112 515189 41192 24%
c - 4056.44 197 93 98 817 432801 5 15554977 138416 3.3 56 17 1 3 11% 112 515189 41192 24%
c - 4063.11 198 91 98 818 433647 4 15583560 139564 3.3 56 17 1 3 11% 112 515189 41192 24%
c o 4067.14 198 92 98 818 434362 5 15600087 155363 3.3 55 17 1 3 11% 112 515189 41192 24%
c - 4070.43 198 91 98 819 435046 5 15612161 140689 3.2 54 17 1 3 10% 112 515189 41192 24%
c - 4077.35 199 92 98 820 436076 5 15640780 142345 3.2 53 17 1 3 10% 112 515189 41192 24%
c u 4079.60 199 91 98 820 436329 5 15646573 144832 3.2 53 17 1 3 10% 112 515189 41192 24%
c v 4079.92 199 91 98 820 436329 5 15646573 139270 3.2 53 17 1 3 10% 112 515189 41192 24%
c w 4082.48 199 91 98 820 436329 5 15646573 133701 3.2 53 17 1 3 10% 112 515189 41192 24%
c
c  seconds     switched       rate             size/glue  tier1   binary          remaining
c           MB   reductions      conflicts           size   tier2    irredundant
c            level      restarts         redundant      glue   trail         variables
c
c - 4088.18 199 92 98 821 437258 5 15669417 132773 3.1 52 17 1 3 10% 112 515189 41192 24%
c - 4094.88 199 92 98 822 438494 5 15698070 136957 3.1 52 16 1 3 10% 112 515189 41192 24%
c - 4101.46 199 92 98 823 439892 5 15726742 139962 3.1 51 16 1 3 10% 112 515189 41192 24%
c - 4108.09 200 91 98 824 441266 6 15755429 141586 3.1 50 16 1 3 9% 112 515189 41192 24%
c - 4114.72 200 92 98 825 442455 5 15784134 143211 3.1 50 16 1 3 9% 112 515189 41192 24%
c - 4121.39 200 92 98 826 443902 6 15812856 144604 3.0 49 16 1 3 9% 112 515189 41192 24%
c - 4128.38 200 91 98 827 445484 6 15841596 145663 3.0 49 16 1 3 9% 112 515189 41192 24%
c - 4135.53 200 90 98 828 447357 6 15870353 146476 2.9 48 17 1 3 9% 112 515189 41192 24%
c - 4143.12 201 90 98 829 448867 6 15899129 147451 2.9 48 17 1 3 9% 112 515189 41192 24%
c } 4146.21 201 89 99 829 449373 6 15911241 159175 2.9 49 17 1 3 9% 112 515189 41192 24%
c [ 4146.21 201 74 99 829 449373 1 15911241 159175 3.1 88 28 1 7 13% 112 515189 41192 24%
c W 4147.38 189 74 99 829 449373 1 15911241 159175 3.1 88 28 1 7 13% 112 515189 41192 24%
c - 4151.84 193 75 99 830 449383 1 15927923 146967 3.0 86 28 1 7 13% 112 515189 41192 24%
c - 4159.99 194 76 99 831 449395 1 15956732 142663 2.9 85 29 1 7 13% 112 515189 41192 24%
c - 4167.31 195 76 99 832 449403 1 15985561 139173 2.9 85 30 1 7 12% 112 515189 41192 24%
c - 4175.59 196 76 99 833 449417 1 16014406 138613 2.9 85 30 1 7 12% 112 515189 41192 24%
c - 4182.58 197 76 99 834 449429 1 16043267 138794 2.8 83 30 1 7 12% 112 515189 41192 24%
c - 4189.57 198 76 99 835 449434 1 16072147 137863 2.7 81 30 1 7 12% 112 515189 41192 24%
c u 4191.98 198 76 99 835 449435 1 16078416 139767 2.7 81 30 1 7 12% 112 515189 41192 24%
c v 4192.15 198 76 99 835 449435 1 16078416 136015 2.7 81 30 1 7 12% 112 515189 41192 24%
c
c  seconds     switched       rate             size/glue  tier1   binary          remaining
c           MB   reductions      conflicts           size   tier2    irredundant
c            level      restarts         redundant      glue   trail         variables
c
c w 4195.51 199 76 99 835 449435 1 16078416 132855 2.7 81 30 1 7 12% 112 515189 41192 24%
c - 4201.19 200 76 99 836 449435 1 16101043 129222 2.7 82 31 1 7 12% 112 515189 41192 24%
c - 4209.42 200 76 99 837 449449 1 16129956 130749 2.7 83 31 1 7 12% 112 515189 41192 24%
c - 4216.87 201 76 99 838 449461 1 16158888 131917 2.6 82 31 1 7 11% 112 515189 41192 24%
c e 4221.23 201 76 99 838 449466 1 16175565 148493 2.6 84 32 1 7 11% 112 515160 41176 24%
c s 4221.24 201 76 99 838 449466 1 16175565 148493 2.6 84 32 1 7 11% 112 515158 41176 24%
c o 4221.32 201 76 99 838 449466 1 16175565 148479 2.6 84 32 1 7 11% 112 515158 41176 24%
c - 4224.42 201 78 99 839 449466 1 16187837 132242 2.7 86 32 1 7 11% 112 515158 41176 24%
c - 4230.81 202 78 99 840 449481 1 16216803 132927 2.7 85 32 1 7 11% 112 515158 41176 24%
c - 4238.46 202 78 99 841 449495 1 16245785 134045 2.7 84 31 1 7 12% 112 515158 41176 24%
c - 4245.97 203 79 99 842 449498 1 16274787 133529 2.7 84 31 1 7 12% 112 515158 41176 24%
c - 4254.61 204 78 99 843 449498 1 16303806 133656 2.8 83 30 1 7 12% 112 515158 41176 24%
c - 4261.80 184 79 99 844 449499 1 16332840 133296 2.9 89 31 1 7 13% 112 515158 41176 24%
c ] 4266.63 184 79 100 844 449499 1 16351213 151618 3.0 93 31 1 7 13% 112 515158 41176 24%
c { 4266.63 184 89 100 844 449499 6 16351213 151618 2.9 49 17 1 3 9% 112 515158 41176 24%
c - 4269.60 195 89 100 845 450575 6 16361892 133487 2.9 49 17 1 3 9% 112 515158 41176 24%
c - 4276.83 198 89 100 846 452981 7 16390961 137871 2.9 50 17 1 3 9% 112 515158 41176 24%
c - 4283.16 200 89 100 847 455013 7 16420047 141132 2.9 51 17 1 3 9% 112 515158 41176 24%
c - 4291.42 201 91 100 848 457317 8 16449150 142911 2.9 52 18 1 3 9% 112 515158 41176 24%
c - 4299.25 202 91 100 849 458882 7 16478271 144618 3.0 54 18 1 3 10% 112 515158 41176 24%
c
c  seconds     switched        rate             size/glue  tier1   binary          remaining
c           MB    reductions      conflicts           size   tier2    irredundant
c            level       restarts         redundant      glue   trail         variables
c
c - 4306.82 202 92 100 850 460431 7 16507409 146093 3.0 54 18 1 3 10% 112 515158 41176 24%
c u 4309.78 202 92 100 850 460904 7 16516671 152853 3.0 54 18 1 3 10% 112 515158 41176 24%
c v 4310.00 202 92 100 850 460904 7 16516671 146677 3.0 54 18 1 3 10% 112 515158 41176 24%
c w 4314.25 203 92 100 850 460904 7 16516671 140844 3.0 54 18 1 3 10% 112 515158 41176 24%
c - 4319.29 203 92 100 851 461845 7 16536563 136633 3.1 55 18 1 3 10% 112 515158 41176 24%
c - 4326.20 203 92 100 852 463407 7 16565735 140436 3.1 55 18 1 3 11% 112 515158 41176 24%
c - 4332.84 204 92 100 853 465092 7 16594924 142540 3.1 55 18 1 3 10% 112 515158 41176 24%
c - 4341.02 204 92 100 854 466176 6 16624130 143477 3.1 57 18 1 3 11% 112 515158 41176 24%
c - 4348.59 204 92 100 855 468115 6 16653354 144294 3.1 56 18 1 3 11% 112 515158 41176 24%
c - 4356.42 204 93 100 856 469498 6 16682595 145661 3.1 57 18 1 3 11% 112 515158 41176 24%
c - 4363.70 205 91 100 857 470254 6 16711852 146235 3.2 58 18 1 3 11% 112 515158 41176 24%
c - 4371.89 205 91 100 858 471665 6 16741126 146932 3.2 58 18 1 3 11% 112 515158 41176 24%
c o 4373.30 205 91 100 858 471936 6 16746034 151763 3.2 58 18 1 3 11% 112 515158 41176 24%
c - 4380.18 205 92 100 859 473995 6 16770417 147538 3.1 57 18 1 3 11% 112 515158 41176 24%
c - 4387.28 194 92 100 860 475450 6 16799726 148012 3.1 57 18 1 3 11% 112 515158 41176 24%
c - 4395.53 196 93 100 861 476935 6 16829053 149042 3.2 58 18 1 3 11% 112 515158 41176 24%
c } 4399.50 196 93 101 861 477953 7 16842912 162593 3.1 58 19 1 3 11% 112 515158 41176 24%
c [ 4399.50 196 79 101 861 477953 1 16842912 162593 3.0 93 31 1 7 13% 112 515158 41176 24%
c I 4399.50 196 79 101 861 477953 1 16842912 162593 3.0 93 31 1 7 13% 112 515158 41176 24%
c - 4403.44 197 79 101 862 477962 1 16858396 148541 2.9 91 31 1 7 13% 112 515158 41176 24%
c
c  seconds     switched        rate             size/glue  tier1   binary          remaining
c           MB    reductions      conflicts           size   tier2    irredundant
c            level       restarts         redundant      glue   trail         variables
c
c - 4411.59 197 79 101 863 477974 1 16887755 146260 2.9 88 30 1 7 13% 112 515158 41176 24%
c - 4421.20 198 78 101 864 477983 1 16917131 144316 3.0 87 29 1 7 14% 112 515158 41176 24%
c - 4430.77 198 78 101 865 477997 1 16946524 144151 3.0 85 28 1 7 14% 112 515158 41176 24%
c u 4436.21 198 78 101 865 478001 1 16961335 155263 3.0 84 28 1 7 14% 112 515158 41176 24%
c v 4436.42 198 78 101 865 478001 1 16961335 150395 3.0 84 28 1 7 14% 112 515158 41176 24%
c w 4446.29 201 78 101 865 478001 1 16961335 145181 3.0 84 28 1 7 14% 112 515158 41176 24%
c - 4451.47 201 79 101 866 478010 1 16975935 134073 3.0 84 28 1 7 15% 112 515158 41176 24%
c - 4461.09 202 78 101 867 478014 1 17005363 135970 3.0 85 28 1 7 15% 112 515158 41176 24%
c - 4470.54 202 78 101 868 478015 1 17034807 138280 3.2 86 27 1 7 14% 112 515158 41176 24%
c - 4480.92 203 78 101 869 478029 1 17064270 139580 3.2 86 27 1 7 15% 112 515158 41176 24%
c - 4489.99 203 78 101 870 478043 1 17093749 139540 3.1 85 27 1 7 15% 112 515158 41176 24%
c - 4497.20 204 77 101 871 478047 1 17123245 139601 3.1 86 28 1 7 14% 112 515158 41176 24%
c - 4508.09 204 77 101 872 478061 1 17152758 138231 3.1 88 29 1 6 15% 112 515158 41176 24%
c - 4517.50 204 77 101 873 478076 1 17182288 138183 3.1 86 28 1 6 15% 112 515158 41176 24%
c - 4529.38 204 76 101 874 478078 1 17211834 139307 3.2 86 27 1 6 16% 112 515158 41176 24%
c ] 4535.29 205 77 102 874 478078 1 17234197 161402 3.1 85 27 1 6 15% 112 515158 41176 24%
c { 4535.29 205 93 102 874 478078 7 17234197 161402 3.1 58 19 1 3 11% 112 515158 41176 24%
c - 4536.47 206 92 102 875 478128 6 17241398 139172 3.1 57 18 1 3 11% 112 515158 41176 24%
c - 4543.29 196 92 102 876 478455 6 17270979 140806 3.2 57 18 1 3 12% 112 515158 41176 24%
c - 4550.72 197 92 102 877 478929 5 17300576 142871 3.2 56 17 1 3 12% 112 515158 41176 24%
c
c  seconds     switched        rate             size/glue  tier1   binary          remaining
c           MB    reductions      conflicts           size   tier2    irredundant
c            level       restarts         redundant      glue   trail         variables
c
c o 4556.20 198 91 102 877 479359 5 17326039 167822 3.2 54 17 1 3 12% 112 515158 41176 24%
c - 4557.11 198 91 102 878 479515 5 17330190 144214 3.2 54 17 1 3 12% 112 515158 41176 24%
c - 4565.22 199 91 102 879 480375 6 17359821 145047 3.1 53 17 1 3 12% 112 515158 41176 24%
c - 4572.78 199 91 102 880 481214 6 17389468 145348 3.1 52 17 1 3 12% 112 515158 41176 24%
c u 4579.36 200 91 102 880 481888 6 17412437 165841 3.1 51 16 1 3 12% 112 515158 41176 24%
c v 4579.63 200 91 102 880 481888 6 17412437 159761 3.1 51 16 1 3 12% 112 515158 41176 24%
c w 4590.44 201 91 102 880 481888 6 17412437 152074 3.1 51 16 1 3 12% 112 515158 41176 24%
c - 4592.05 201 91 102 881 482061 6 17419133 135303 3.1 51 16 1 3 12% 112 515158 41176 24%
c - 4599.70 201 91 102 882 483075 6 17448814 138632 3.1 51 16 1 3 12% 112 515158 41176 24%
c - 4607.12 201 91 102 883 484138 6 17478513 140826 3.1 50 16 1 3 12% 112 515158 41176 24%
c - 4614.16 202 90 102 884 485105 6 17508228 142347 3.1 50 16 1 3 12% 112 515158 41176 24%
c - 4621.67 202 90 102 885 486251 7 17537961 143516 3.0 48 16 1 3 12% 112 515158 41176 24%
c - 4629.60 202 90 102 886 487544 7 17567709 144333 3.0 48 16 1 3 12% 112 515158 41176 24%
c - 4637.14 202 90 102 887 488771 7 17597475 145357 3.0 47 16 1 3 12% 112 515158 41176 24%
c - 4644.80 202 89 102 888 490135 7 17627258 145669 2.9 46 16 1 3 11% 112 515158 41176 24%
c - 4651.05 203 88 102 889 491420 7 17657057 145463 2.9 45 16 1 3 11% 112 515158 41176 24%
c - 4659.00 203 88 102 890 492945 7 17686873 145702 2.9 45 16 1 3 11% 112 515158 41176 24%
c - 4666.85 203 87 102 891 494449 8 17716705 145713 2.8 44 16 1 3 11% 112 515158 41176 24%
c } 4673.21 204 87 103 891 495755 8 17744050 172433 2.9 44 16 1 3 11% 112 515158 41176 24%
c [ 4673.21 204 77 103 891 495755 1 17744050 172433 3.1 85 27 1 6 15% 112 515158 41176 24%
c
c  seconds     switched        rate             size/glue  tier1   binary          remaining
c           MB    reductions      conflicts           size   tier2    irredundant
c            level       restarts         redundant      glue   trail         variables
c
c B 4673.21 204 77 103 891 495755 1 17744050 172433 3.1 85 27 1 6 15% 112 515158 41176 24%
c - 4674.10 204 77 103 892 495757 1 17746555 145730 3.1 85 27 1 6 15% 112 515158 41176 24%
c - 4683.93 204 77 103 893 495769 1 17776421 143570 3.0 86 29 1 6 15% 112 515158 41176 24%
c - 4693.01 205 77 103 894 495784 1 17806304 139397 2.9 86 30 1 6 14% 112 515158 41176 24%
c - 4700.82 184 78 103 895 495792 1 17836203 138624 2.9 85 30 1 6 14% 112 515158 41176 24%
c - 4707.29 185 77 103 896 495806 1 17866121 138044 2.8 84 30 1 6 13% 112 515158 41176 24%
c u 4708.91 189 77 103 896 495807 1 17869976 139724 2.8 84 30 1 6 13% 112 515158 41176 24%
c v 4709.04 190 77 103 896 495807 1 17869976 136868 2.8 84 30 1 6 13% 112 515158 41176 24%
c w 4710.17 190 77 103 896 495807 1 17869976 134685 2.8 84 30 1 6 13% 112 515158 41176 24%
c - 4715.65 192 76 103 897 495816 1 17896054 132511 2.7 82 30 1 6 12% 112 515158 41176 24%
c - 4722.05 193 76 103 898 495817 1 17926004 133628 2.7 82 30 1 6 12% 112 515158 41176 24%
c o 4724.88 193 75 103 898 495818 1 17941809 149283 2.7 82 30 1 6 12% 112 515158 41176 24%
c - 4728.68 195 76 103 899 495826 1 17955972 134230 2.8 82 30 1 6 12% 112 515158 41176 24%
c - 4736.46 196 75 103 900 495839 1 17985956 135043 2.8 85 30 1 6 11% 112 515158 41176 24%
c - 4745.23 197 75 103 901 495848 1 18015957 135142 2.8 85 30 1 6 11% 112 515158 41176 24%
c - 4753.51 197 74 103 902 495862 1 18045974 135726 2.8 86 30 1 6 11% 112 515158 41176 24%
c - 4762.57 198 74 103 903 495876 1 18076008 136593 2.8 87 31 1 6 11% 112 515158 41176 24%
c - 4770.28 199 74 103 904 495879 1 18106057 136454 2.7 85 31 1 6 11% 112 515158 41176 24%
c - 4776.78 200 74 103 905 495880 1 18136123 135757 2.8 86 31 1 6 11% 112 515158 41176 24%
c - 4782.93 201 75 103 906 495881 1 18166206 134738 2.7 85 32 1 6 11% 112 515158 41176 24%
c
c  seconds     switched        rate             size/glue  tier1   binary          remaining
c           MB    reductions      conflicts           size   tier2    irredundant
c            level       restarts         redundant      glue   trail         variables
c
c ] 4784.46 201 75 104 906 495881 1 18174372 142842 2.7 85 32 1 6 11% 112 515158 41176 24%
c { 4784.46 201 87 104 906 495881 8 18174372 142842 2.9 44 16 1 3 11% 112 515158 41176 24%
c - 4790.16 202 88 104 907 498152 8 18196305 137480 2.8 45 16 1 3 10% 112 515158 41176 24%
c - 4799.23 203 89 104 908 501231 9 18226421 141522 2.7 46 17 1 3 10% 112 515158 41176 24%
c - 4807.53 204 91 104 909 504327 9 18256555 143897 2.7 47 18 1 3 9% 112 515158 41176 24%
c - 4815.45 204 91 104 910 506630 9 18286704 145489 2.7 49 18 1 3 9% 112 515158 41176 24%
c - 4824.01 205 92 104 911 508428 8 18316870 146825 2.8 50 18 1 3 10% 112 515158 41176 24%
c u 4829.23 205 91 104 911 509320 8 18333982 161569 2.8 52 18 1 3 10% 112 515158 41176 24%
c v 4829.46 205 91 104 911 509320 8 18333982 155390 2.8 52 18 1 3 10% 112 515158 41176 24%
c w 4839.62 206 91 104 911 509320 8 18333982 149612 2.8 52 18 1 3 10% 112 515158 41176 24%
c - 4843.15 192 92 104 912 510044 8 18347052 137887 2.9 52 18 1 3 10% 112 515158 41176 24%
c - 4851.07 194 92 104 913 511301 7 18377252 141090 3.0 54 18 1 3 10% 112 515158 41176 24%
c s 4856.25 194 92 104 913 512156 7 18396256 159766 3.0 55 18 1 3 10% 112 515156 41176 24%
c - 4859.45 197 92 104 914 512728 7 18407467 143606 3.0 55 18 1 3 10% 112 515156 41176 24%
c - 4870.86 198 93 104 915 514442 7 18437699 145466 3.2 58 18 1 3 11% 112 515156 41176 24%
c - 4878.47 198 93 104 916 515917 7 18467947 146762 3.2 58 18 1 3 11% 112 515156 41176 24%
c - 4886.71 199 94 104 917 517753 7 18498212 147677 3.1 57 18 1 3 11% 112 515156 41176 24%
c - 4894.85 199 94 104 918 518950 6 18528494 148499 3.1 58 18 1 3 11% 112 515156 41176 24%
c caught signal 15 (SIGTERM)
c
c ---- [ profiling ] ---------------------------------------------------------
c
c        4508.41   92.07 %  search
c        2386.80   48.74 %  focused
c        2121.61   43.33 %  stable
c         386.21    7.89 %  simplify
c         369.07    7.54 %  probe
c         311.97    6.37 %  vivify
c          35.98    0.73 %  sweep
c          19.56    0.40 %  reduce
c          11.29    0.23 %  walking
c          10.58    0.22 %  substitute
c           7.53    0.15 %  eliminate
c           4.65    0.09 %  factor
c           3.57    0.07 %  congruence
c           1.73    0.04 %  preprocess
c           1.47    0.03 %  transitive
c           0.88    0.02 %  subsume
c           0.84    0.02 %  backbone
c           0.12    0.00 %  parse
c           0.07    0.00 %  lucky
c =============================================
c        4896.55  100.00 %  total
c
c ---- [ statistics ] --------------------------------------------------------
c
c chronological:                        24195                0 %  conflicts
c conflicts:                         18535408             3785.40 per second
c congruent:                            40281               23 %  variables
c decisions:                         77035826                4.16 per conflict
c eliminated:                           86418               50 %  variables
c factored:                                 5                0 %  variables
c propagations:                   16891746111          3449724    per second
c reductions:                             918            20191    interval
c reordered:                               60           308923    interval
c rephased:                                70           264792    interval
c restarts:                            519222               36    interval
c strengthened:                          4908                0 %  checks
c substituted:                          40281               23 %  variables
c subsumed:                              5988                0 %  checks
c switched:                               104           178225    interval
c vivified:                           1205167               10 %  checks
c walks:                                   23           805887    interval
c
c ---- [ glue usage ] --------------------------------------------------------
c
c focused glue 1 used 104620941 clauses 85.36% accumulated 85.36% tier1
c focused glue 2 used   5108790 clauses  4.17% accumulated 89.53%
c focused glue 3 used   2441474 clauses  1.99% accumulated 91.52% tier2
c
c stable glue 1   used 139181984 clauses 80.57% accumulated 80.57% tier1
c stable glue 2   used   5929695 clauses  3.43% accumulated 84.01%
c stable glue 3-4 used   6158776 clauses  3.57% accumulated 87.57%
c stable glue 5   used   2341682 clauses  1.36% accumulated 88.93%
c stable glue 6   used   1938704 clauses  1.12% accumulated 90.05% tier2
c
c ---- [ resources ] ---------------------------------------------------------
c
c maximum-resident-set-size:        221057024 bytes        211 MB
c process-time:                     1h 21m 37s            4896.55 seconds
c raising signal 15 (SIGTERM)
