c ---- [ banner ] ------------------------------------------------------------
c
c Kissat SAT Solver
c 
c Copyright (c) 2021-2024 Armin Biere University of Freiburg
c Copyright (c) 2019-2021 Armin Biere Johannes Kepler University Linz
c 
c Version 4.0.4 8af8e56f174b778aef3aa45af9f739b2a5f492c2
c gcc (Ubuntu 13.3.0-6ubuntu2~24.04.1) 13.3.0 -W -Wall -O3 -DNDEBUG
c Sun Sep 27 15:50:37 +04 2026 Linux vm 6.18.44-fc-v37 x86_64
c
c ---- [ parsing ] -----------------------------------------------------------
c
c opened and reading DIMACS file:
c
c   cnf/d8_sb3.cnf
c
c parsed 'p cnf 171624 614123' header
c closing input after reading 12283027 bytes (12 MB)
c finished parsing after 0.11 seconds
c
c ---- [ solving ] -----------------------------------------------------------
c
c seconds switched rate     size/glue tier1   binary            remaining
c        MB reductions conflicts size  tier2      irredundant
c         level restarts redundant glue  trail            variables
c
c *  0.11 48 0 0 0  0 0   0   0 0.0 0 0 0 0 0% 121116 486455 166705 97%
c (  0.13 48 0 0 0  0 0   0   0 0.0 0 0 0 0 0% 121116 486455 166705 97%
c .  0.16 48 0 0 0  0 0   0   0 0.0 0 0 0 0 0% 129470 469341 166705 97%
c c  1.28 154 0 0 0  0 0   0   0 0.0 0 0 0 0 0% 210172 309869 121881 71%
c d  1.31 154 0 0 0  0 0   0   0 0.0 0 0 0 0 0% 120220 309869 121881 71%
c )  1.38 154 0 0 0  0 0   0   0 0.0 0 0 0 0 0% 119212 309869 121881 71%
c {  1.39 154 0 0 0  0 0   0   0 0.0 0 0 2 6 0% 119212 309869 121881 71%
c -  1.57 151 100 0 1 94 10 1000 637 2.3 19 8 4 14 7% 119212 309869 121881 71%
c }  1.57 151 100 1 1 94 10 1000 637 2.3 19 8 4 14 7% 119212 309869 121881 71%
c [  1.57 151 0 1 1 94 0 1000 637 0.0 0 0 2 6 0% 119212 309869 121881 71%
c B  1.57 151 129 1 1 94 22 1003 638 1.2 12 10 2 6 12% 119212 309869 121881 71%
c ]  1.69 151 148 2 1 94 1 1835 1453 2.4 48 20 8 28 13% 119212 309869 121881 71%
c {  1.69 151 100 2 1 94 10 1835 1453 2.3 19 8 4 14 7% 119212 309869 121881 71%
c -  1.72 151 96 2 2 115 10 2001 1471 2.2 19 8 4 14 7% 119212 309869 121881 71%
c u  2.05 152 84 2 2 164 10 2681 1704 2.2 19 8 4 14 6% 119212 309869 121881 71%
c v  2.08 152 84 2 2 164 10 2681 1611 2.2 19 8 4 14 6% 119212 309869 121881 71%
c w  2.10 152 84 2 2 164 10 2681 1611 2.2 19 8 4 14 6% 119212 309869 121881 71%
c x  2.13 152 84 2 2 164 10 2681 1611 2.2 19 8 4 14 6% 119212 309869 121881 71%
c }  2.20 152 82 3 2 182 10 2836 1731 2.2 19 9 4 14 6% 119212 309869 121881 71%
c [  2.20 152 148 3 2 182 1 2836 1731 2.4 48 20 8 28 13% 119212 309869 121881 71%
c
c seconds    switched  rate       size/glue  tier1      binary            remaining
c         MB  reductions conflicts      size   tier2        irredundant
c           level restarts   redundant     glue    trail            variables
c
c W  2.27 152 148 3 2 182 1 2836 1731 2.4 48 20 8 28 13% 119212 309869 121881 71%
c -  2.39 152 136 3 3 182 1 3416 2090 2.4 48 20 11 33 15% 119212 309869 121881 71%
c ]  2.41 152 135 4 3 182 1 3529 2203 2.4 49 21 11 33 15% 119212 309869 121881 71%
c {  2.41 152 82 4 3 182 10 3529 2203 2.2 19 9 4 14 6% 119212 309869 121881 71%
c -  2.70 152 103 4 4 419 15 5148 2963 2.1 19 9 4 14 7% 119212 309869 121881 71%
c }  2.85 152 128 5 4 517 17 5881 3488 2.1 19 9 4 14 7% 119212 309869 121881 71%
c [  2.85 152 135 5 4 517 1 5881 3488 2.4 49 21 11 33 15% 119212 309869 121881 71%
c I  2.86 152 135 5 4 517 1 5881 3488 2.4 49 21 11 33 15% 119212 309869 121881 71%
c -  3.28 152 110 5 5 518 1 7148 3907 2.9 66 23 9 35 19% 119212 309869 121881 71%
c ]  3.33 152 110 6 5 518 1 7250 4008 2.9 67 23 9 35 19% 119212 309869 121881 71%
c {  3.33 152 128 6 5 518 17 7250 4008 2.1 19 9 4 14 7% 119212 309869 121881 71%
c u  3.57 152 126 6 5 779 21 8256 4400 2.1 20 10 4 14 7% 119212 309869 121881 71%
c v  3.65 152 126 6 5 779 21 8256 3524 2.1 20 10 4 14 7% 119212 309869 121881 71%
c w  3.71 152 126 6 5 779 21 8256 3522 2.1 20 10 4 14 7% 119212 309869 121881 71%
c -  4.05 152 123 6 6 966 22 9385 3902 2.0 19 9 4 16 6% 119212 309869 121881 71%
c o  4.20 152 126 6 6 1070 23 10001 4420 2.0 19 10 4 16 6% 119212 309869 121881 71%
c }  4.35 152 129 7 6 1119 23 11319 5593 2.0 18 9 4 16 5% 119212 309869 121881 71%
c [  4.35 152 110 7 6 1119 1 11319 5593 2.9 67 23 9 35 19% 119212 309869 121881 71%
c B  4.36 152 110 7 6 1119 1 11319 5593 2.9 67 23 9 35 19% 119212 309869 121881 71%
c -  4.51 152 108 7 7 1119 1 11835 5265 2.8 68 25 8 37 18% 119212 309869 121881 71%
c
c seconds    switched   rate        size/glue  tier1      binary            remaining
c         MB  reductions  conflicts       size   tier2        irredundant
c           level  restarts    redundant     glue    trail            variables
c
c ]  4.82 152 105 8 7 1120 1 13208 6609 2.8 68 25 8 37 18% 119212 309869 121881 71%
c {  4.82 152 129 8 7 1120 23 13208 6609 2.0 18 9 4 16 5% 119212 309869 121881 71%
c s  4.93 152 130 8 7 1152 23 13400 6766 2.0 19 9 4 16 5% 119213 309866 121881 71%
c e  5.45 182 130 8 7 1152 23 13400 6766 2.0 19 9 4 16 5% 2622 374621 55878 33%
c s  5.56 182 130 8 7 1152 23 13400 6766 2.0 19 9 4 16 5% 2622 373938 55878 33%
c e  5.60 182 130 8 7 1152 23 13400 6766 2.0 19 9 4 16 5% 2612 373926 55854 33%
c ^  5.60 182 130 8 7 1152 23 13400 6766 2.0 19 9 4 16 5% 2612 373926 55854 33%
c -  5.77 177 142 8 8 1230 22 14480 1950 2.0 18 9 4 14 6% 2612 373926 55854 33%
c u  6.27 157 156 8 8 1530 22 16914 3127 2.0 18 9 4 14 5% 2612 373926 55854 33%
c v  6.31 157 156 8 8 1530 22 16914 2662 2.0 18 9 4 14 5% 2612 373926 55854 33%
c w  6.36 157 156 8 8 1530 22 16914 2645 2.0 18 9 4 14 5% 2612 373926 55854 33%
c x  6.41 157 156 8 8 1530 22 16914 2645 2.0 18 9 4 14 5% 2612 373926 55854 33%
c f  6.74 154 156 8 8 1530 22 16914 2645 2.0 18 9 4 14 5% 2638 373886 55860 33%
c u  6.80 154 156 8 8 1530 22 16914 2619 2.0 18 9 4 14 5% 2638 373886 55860 33%
c v  6.84 154 156 8 8 1530 22 16914 2497 2.0 18 9 4 14 5% 2638 373886 55860 33%
c w  6.93 154 156 8 8 1530 22 16914 2442 2.0 18 9 4 14 5% 2638 373886 55860 33%
c -  7.03 154 153 8 9 1559 22 17310 2645 2.0 19 9 4 14 5% 2638 373886 55860 33%
c }  7.28 154 149 9 9 1816 22 19367 4182 2.0 19 9 4 14 5% 2638 373886 55860 33%
c [  7.28 154 105 9 9 1816 1 19367 4182 2.8 68 25 8 37 18% 2638 373886 55860 33%
c W  7.34 154 105 9 9 1816 1 19367 4182 2.8 68 25 8 37 18% 2638 373886 55860 33%
c
c seconds    switched    rate        size/glue  tier1     binary          remaining
c         MB   reductions  conflicts       size   tier2      irredundant
c           level   restarts    redundant     glue    trail          variables
c
c -  7.51 154 100 9 10 1816 1 20311 4677 2.8 72 26 7 35 17% 2638 373886 55860 33%
c -  7.94 154 95 9 11 1818 1 23474 6594 2.6 72 27 6 38 15% 2638 373886 55860 33%
c ]  8.04 154 94 10 11 1819 1 24230 7328 2.6 72 28 6 38 15% 2638 373886 55860 33%
c {  8.04 154 149 10 11 1819 22 24230 7328 2.0 19 9 4 14 5% 2638 373886 55860 33%
c o  8.07 154 149 10 11 1823 22 24247 7341 2.0 19 9 4 14 5% 2638 373886 55860 33%
c s  8.34 154 149 10 11 2045 21 26646 9091 2.0 19 9 4 14 5% 2638 373691 55860 33%
c e  8.72 154 149 10 11 2045 21 26646 9091 2.0 19 9 4 14 5% 1190 375271 54989 32%
c s  8.73 154 149 10 11 2045 21 26646 9091 2.0 19 9 4 14 5% 1190 374386 54989 32%
c e  8.78 154 149 10 11 2045 21 26646 9091 2.0 19 9 4 14 5% 1190 374361 54957 32%
c ^  8.78 154 149 10 11 2045 21 26646 9091 2.0 19 9 4 14 5% 1190 374361 54957 32%
c -  8.81 154 148 10 12 2059 21 26790 6160 2.0 19 9 4 14 5% 1190 374361 54957 32%
c u  9.10 170 157 10 12 2224 20 28705 6574 2.0 19 9 4 14 5% 1190 374361 54957 32%
c v  9.17 170 157 10 12 2224 20 28705 5547 2.0 19 9 4 14 5% 1190 374361 54957 32%
c w  9.24 170 157 10 12 2224 20 28705 5541 2.0 19 9 4 14 5% 1190 374361 54957 32%
c -  9.70 170 157 10 13 2367 20 30254 5801 2.0 19 9 4 14 5% 1190 374361 54957 32%
c } 10.04 171 152 11 13 2730 21 32861 7818 2.0 19 10 4 14 5% 1190 374361 54957 32%
c [ 10.04 171 94 11 13 2730 1 32861 7818 2.6 72 28 6 38 15% 1190 374361 54957 32%
c O 10.04 171 94 11 13 2730 1 32861 7818 2.6 72 28 6 38 15% 1190 374361 54957 32%
c - 10.18 171 92 11 14 2730 1 33859 7792 2.6 71 28 6 38 15% 1190 374361 54957 32%
c - 10.74 171 88 11 15 2733 1 37600 9623 2.5 70 28 6 36 13% 1190 374361 54957 32%
c
c seconds    switched    rate         size/glue  tier1     binary          remaining
c         MB   reductions  conflicts        size   tier2      irredundant
c          level    restarts     redundant     glue    trail          variables
c
c ] 11.13 171 87 12 15 2735 1 39838 11791 2.5 69 28 6 36 13% 1190 374361 54957 32%
c { 11.13 171 152 12 15 2735 21 39838 11791 2.0 19 10 4 14 5% 1190 374361 54957 32%
c - 11.38 171 150 12 16 2979 21 41473 10387 2.0 19 10 3 14 5% 1190 374361 54957 32%
c u 11.74 154 150 12 16 3280 20 43882 11372 2.0 19 10 3 14 5% 1190 374361 54957 32%
c v 11.83 154 150 12 16 3280 20 43882 9725 2.0 19 10 3 14 5% 1190 374361 54957 32%
c w 11.87 154 150 12 16 3280 20 43882 9725 2.0 19 10 3 14 5% 1190 374361 54957 32%
c x 11.93 154 150 12 16 3280 20 43882 9725 2.0 19 10 3 14 5% 1190 374322 54957 32%
c o 12.07 154 151 12 16 3334 21 44251 9993 2.0 19 10 3 14 5% 1190 374322 54957 32%
c - 12.24 154 150 12 17 3456 20 45476 8812 2.0 19 10 3 14 5% 1190 374322 54957 32%
c - 12.71 154 155 12 18 3964 20 49603 9986 2.0 19 10 3 13 5% 1190 374322 54957 32%
c } 12.91 170 156 13 18 4154 20 51318 11307 2.0 19 10 3 13 5% 1190 374322 54957 32%
c [ 12.91 170 87 13 18 4154 1 51318 11307 2.5 69 28 6 36 13% 1190 374322 54957 32%
c B 12.91 170 87 13 18 4154 1 51318 11307 2.5 69 28 6 36 13% 1190 374322 54957 32%
c - 13.28 170 86 13 19 4156 1 53846 11469 2.4 69 28 5 35 13% 1190 374322 54957 32%
c e 13.89 170 85 13 19 4156 1 55356 12932 2.4 68 28 5 35 13% 1116 375336 54436 32%
c s 13.90 170 85 13 19 4156 1 55356 12932 2.4 68 28 5 35 13% 1116 374700 54436 32%
c e 13.93 170 85 13 19 4156 1 55356 12932 2.4 68 28 5 35 13% 1116 374701 54435 32%
c ^ 13.93 170 85 13 19 4156 1 55356 12932 2.4 68 28 5 35 13% 1116 374701 54435 32%
c - 14.36 171 84 13 20 4159 1 58204 12423 2.4 67 28 3 32 12% 1116 374701 54435 32%
c ] 14.74 171 83 14 20 4160 1 60949 15116 2.5 67 27 3 32 12% 1116 374701 54435 32%
c
c seconds     switched     rate         size/glue  tier1    binary          remaining
c         MB    reductions   conflicts        size   tier2     irredundant
c           level    restarts      redundant     glue   trail          variables
c
c { 14.74 171 156 14 20 4160 20 60949 15116 2.0 19 10 3 13 5% 1116 374701 54435 32%
c u 15.00 171 154 14 20 4354 20 62556 15272 2.0 20 10 3 13 5% 1116 374701 54435 32%
c v 15.14 171 154 14 20 4354 20 62556 13086 2.0 20 10 3 13 5% 1116 374701 54435 32%
c w 15.24 172 154 14 20 4354 20 62556 13083 2.0 20 10 3 13 5% 1116 374701 54435 32%
c - 15.37 172 154 14 21 4363 20 62677 10882 2.0 20 10 3 13 5% 1116 374701 54435 32%
c - 15.95 173 156 14 22 4724 19 67259 11992 2.0 20 10 3 13 5% 1116 374701 54435 32%
c - 16.59 173 157 14 23 5156 19 71949 13235 2.0 20 10 3 13 5% 1116 374701 54435 32%
c o 16.89 173 159 14 23 5370 19 74260 15031 2.0 20 10 3 13 5% 1116 374701 54435 32%
c } 17.06 173 160 15 23 5465 18 75665 16115 2.0 20 10 3 13 5% 1116 374701 54435 32%
c [ 17.06 173 83 15 23 5465 1 75665 16115 2.5 67 27 3 32 12% 1116 374701 54435 32%
c W 17.15 154 83 15 23 5465 1 75665 16115 2.5 67 27 3 32 12% 1116 374701 54435 32%
c - 17.32 154 83 15 24 5466 1 76745 14442 2.4 68 28 3 31 12% 1116 374701 54435 32%
c - 18.00 154 82 15 25 5469 1 81644 15449 2.4 67 28 3 30 12% 1116 374701 54435 32%
c u 18.59 154 81 15 25 5471 1 84860 17150 2.4 67 28 3 30 12% 1116 374701 54435 32%
c v 18.70 154 81 15 25 5471 1 84860 15380 2.4 67 28 3 30 12% 1116 374701 54435 32%
c w 18.76 154 81 15 25 5471 1 84860 15380 2.4 67 28 3 30 12% 1116 374701 54435 32%
c x 18.86 170 81 15 25 5471 1 84860 15380 2.4 67 28 3 30 12% 1116 374652 54435 32%
c - 19.23 170 81 15 26 5471 1 86645 13570 2.4 67 28 2 29 12% 1116 374652 54435 32%
c ] 19.42 170 81 16 26 5471 1 87797 14708 2.4 68 28 2 29 12% 1116 374652 54435 32%
c { 19.42 170 160 16 26 5471 18 87797 14708 2.0 20 10 3 13 5% 1116 374652 54435 32%
c
c seconds     switched     rate         size/glue  tier1    binary          remaining
c         MB    reductions   conflicts        size   tier2     irredundant
c           level    restarts      redundant     glue   trail          variables
c
c - 19.93 171 158 16 27 5947 18 91744 14784 2.0 20 10 3 12 5% 1116 374652 54435 32%
c - 20.57 172 156 16 28 6499 18 96940 15198 2.0 20 10 2 12 5% 1116 374652 54435 32%
c e 21.64 173 155 16 28 7016 18 101603 18873 2.0 20 10 2 12 5% 182 382338 52453 31%
c s 21.67 173 155 16 28 7016 18 101603 18873 2.0 20 10 2 12 5% 182 381445 52453 31%
c e 21.73 173 155 16 28 7016 18 101603 18873 2.0 20 10 2 12 5% 180 381518 52434 31%
c ^ 21.73 173 155 16 28 7016 18 101603 18873 2.0 20 10 2 12 5% 180 381518 52434 31%
c - 21.82 173 154 16 29 7083 18 102231 14308 2.0 20 10 2 12 5% 180 381518 52434 31%
c } 22.36 174 155 17 29 7540 18 106136 17378 2.0 21 10 2 12 5% 180 381518 52434 31%
c [ 22.36 174 81 17 29 7540 1 106136 17378 2.4 68 28 2 29 12% 180 381518 52434 31%
c I 22.36 174 81 17 29 7540 1 106136 17378 2.4 68 28 2 29 12% 180 381518 52434 31%
c - 22.66 174 81 17 30 7541 1 107616 15855 2.4 67 28 2 28 12% 180 381518 52434 31%
c u 23.27 174 81 17 30 7543 1 110924 18102 2.5 69 28 2 28 12% 180 381518 52434 31%
c v 23.41 174 81 17 30 7543 1 110924 15395 2.5 69 28 2 28 12% 180 381518 52434 31%
c w 23.65 174 81 17 30 7543 1 110924 15379 2.5 69 28 2 28 12% 180 381518 52434 31%
c - 24.58 174 81 17 31 7545 1 113095 14401 2.5 68 28 2 27 12% 180 381518 52434 31%
c - 25.38 175 81 17 32 7546 1 118663 16217 2.5 66 27 2 26 13% 180 381518 52434 31%
c o 25.43 175 81 17 32 7547 1 118748 16300 2.5 66 27 2 26 13% 180 381518 52434 31%
c ] 25.84 175 81 18 32 7549 1 122187 19660 2.5 65 27 2 26 13% 180 381518 52434 31%
c { 25.84 175 155 18 32 7549 18 122187 19660 2.0 21 10 2 12 5% 180 381518 52434 31%
c - 26.11 175 154 18 33 7643 18 124319 17451 2.0 20 10 2 12 5% 180 381518 52434 31%
c
c seconds     switched     rate          size/glue  tier1   binary          remaining
c         MB    reductions   conflicts         size   tier2    irredundant
c           level    restarts       redundant     glue   trail         variables
c
c - 26.70 175 150 18 34 7872 17 130065 17842 2.0 20 10 2 11 5% 180 381518 52434 31%
c - 27.24 175 148 18 35 8089 16 135895 18434 2.0 20 10 2 11 5% 180 381518 52434 31%
c u 27.96 154 145 18 35 8342 16 140870 21337 2.0 20 10 2 11 5% 180 381518 52434 31%
c v 28.11 154 145 18 35 8342 16 140870 17534 2.0 20 10 2 11 5% 180 381518 52434 31%
c w 28.25 154 145 18 35 8342 16 140870 17464 2.0 20 10 2 11 5% 180 381518 52434 31%
c - 28.43 154 144 18 36 8363 15 141812 15567 2.0 20 10 2 11 5% 180 381518 52434 31%
c } 28.73 170 143 19 36 8532 15 144532 17761 2.0 20 10 2 11 5% 180 381518 52434 31%
c [ 28.73 170 81 19 36 8532 1 144532 17761 2.5 65 27 2 26 13% 180 381518 52434 31%
c B 28.73 170 81 19 36 8532 1 144532 17761 2.5 65 27 2 26 13% 180 381518 52434 31%
c - 29.27 170 81 19 37 8534 1 147813 17784 2.4 65 26 2 25 13% 180 381518 52434 31%
c - 30.41 171 80 19 38 8538 1 153896 18965 2.4 65 27 2 24 13% 180 381518 52434 31%
c ] 30.87 171 80 20 38 8538 1 156120 21145 2.5 65 27 2 24 13% 180 381518 52434 31%
c { 30.87 171 143 20 38 8538 15 156120 21145 2.0 20 10 2 11 5% 180 381518 52434 31%
c - 31.35 171 143 20 39 8920 15 160060 19937 2.0 20 10 2 11 5% 180 381518 52434 31%
c - 32.20 172 146 20 40 9546 15 166304 21262 2.0 20 10 2 10 5% 180 381518 52434 31%
c s 32.32 172 146 20 40 9640 15 167406 22128 2.0 20 10 2 10 5% 180 381312 52434 31%
c e 32.88 177 146 20 40 9640 15 167406 22128 2.0 20 10 2 10 5%  36 433925 43503 25%
c s 32.97 177 146 20 40 9640 15 167406 22128 2.0 20 10 2 10 5%  36 433604 43503 25%
c e 33.02 177 146 20 40 9640 15 167406 22128 2.0 20 10 2 10 5%  36 433637 43498 25%
c ^ 33.02 177 146 20 40 9640 15 167406 22128 2.0 20 10 2 10 5%  36 433637 43498 25%
c
c seconds     switched     rate          size/glue  tier1   binary          remaining
c         MB    reductions   conflicts         size   tier2    irredundant
c           level    restarts       redundant     glue   trail         variables
c
c o 33.26 178 146 20 40 9800 15 168749 20984 2.0 20 10 2 10 5%  36 433637 43498 25%
c - 33.83 178 146 20 41 10287 15 172630 20715 2.0 21 10 2 10 5%  36 433637 43498 25%
c u 34.23 178 146 20 41 10485 15 174768 21130 2.0 21 10 2 10 5%  36 433637 43498 25%
c v 34.34 178 146 20 41 10485 15 174768 18121 2.0 21 10 2 10 5%  36 433637 43498 25%
c w 34.54 178 146 20 41 10485 15 174768 17971 2.0 21 10 2 10 5%  36 433637 43498 25%
c - 35.39 178 143 20 42 10808 15 179033 19097 2.0 21 10 2 10 5%  36 433637 43498 25%
c } 35.89 178 142 21 42 11117 15 182861 22251 2.0 21 10 2 10 5%  36 433637 43498 25%
c [ 35.89 178 80 21 42 11117 1 182861 22251 2.5 65 27 2 24 13%  36 433637 43498 25%
c W 35.99 171 80 21 42 11117 1 182861 22251 2.5 65 27 2 24 13%  36 433637 43498 25%
c - 36.34 172 80 21 43 11119 1 185516 21827 2.4 64 26 2 24 13%  36 433637 43498 25%
c - 37.97 173 80 21 44 11123 1 192073 22821 2.5 65 26 2 22 14%  36 433637 43498 25%
c - 39.40 173 81 21 45 11126 1 198706 22498 2.5 66 27 2 22 14%  36 433637 43498 25%
c ] 39.63 173 80 22 45 11127 1 200033 23798 2.5 66 27 2 22 14%  36 433637 43498 25%
c { 39.63 173 142 22 45 11127 15 200033 23798 2.0 21 10 2 10 5%  36 433637 43498 25%
c - 40.37 174 139 22 46 11538 15 205414 23427 2.0 21 10 2 10 5%  36 433637 43498 25%
c - 41.26 175 136 22 47 12218 15 212196 25282 2.0 21 10 2 10 5%  36 433637 43498 25%
c u 41.50 175 135 22 47 12320 15 213158 24858 2.0 21 10 2 10 5%  36 433637 43498 25%
c v 41.62 175 135 22 47 12320 15 213158 22096 2.0 21 10 2 10 5%  36 433637 43498 25%
c w 41.99 175 135 22 47 12320 15 213158 21676 2.0 21 10 2 10 5%  36 433637 43498 25%
c - 43.29 176 133 22 48 12972 15 219051 23509 2.0 21 11 2 10 5%  36 433637 43498 25%
c
c seconds     switched      rate          size/glue  tier1  binary          remaining
c         MB    reductions    conflicts         size   tier2   irredundant
c           level    restarts        redundant     glue  trail         variables
c
c - 44.54 176 130 22 49 13686 15 225979 26081 2.0 22 11 2 9 6%  36 433637 43498 25%
c o 44.93 176 129 22 49 13898 15 228752 28428 2.0 22 11 2 9 6%  36 433637 43498 25%
c } 45.45 176 128 23 49 14269 15 231549 30879 2.0 22 11 2 9 6%  36 433637 43498 25%
c [ 45.45 176 80 23 49 14269 1 231549 30879 2.5 66 27 2 22 14%  36 433637 43498 25%
c O 45.46 176 80 23 49 14269 1 231549 30879 2.5 66 27 2 22 14%  36 433637 43498 25%
c - 45.65 176 80 23 50 14270 1 232979 27672 2.5 66 27 2 22 14%  36 433637 43498 25%
c - 46.76 176 80 23 51 14275 1 240050 27140 2.4 67 27 2 21 14%  36 433637 43498 25%
c - 47.91 176 80 23 52 14278 1 247192 25460 2.4 67 28 1 20 13%  36 433637 43498 25%
c - 49.41 177 81 23 53 14282 1 254403 25525 2.4 68 28 1 20 14%  36 433637 43498 25%
c s 49.79 177 81 23 53 14282 1 255505 26623 2.5 68 28 1 20 14%  36 433460 43498 25%
c e 50.53 181 81 23 53 14282 1 255505 26623 2.5 68 28 1 20 14%   5 483068 39252 23%
c s 50.68 181 81 23 53 14282 1 255505 26623 2.5 68 28 1 20 14%   5 479025 39252 23%
c e 50.78 181 81 23 53 14282 1 255505 26623 2.5 68 28 1 20 14%   5 479473 39215 23%
c ! 50.78 181 81 23 53 14282 1 255505 26623 2.5 68 28 1 20 14%   5 479473 39215 23%
c ] 50.82 182 81 24 53 14282 1 255558 22976 2.5 68 28 1 20 14%   5 479473 39215 23%
c { 50.82 182 128 24 53 14282 15 255558 22976 2.0 22 11 2 9 6%   5 479473 39215 23%
c u 50.99 182 128 24 53 14310 15 255707 22075 2.0 22 11 2 9 6%   5 479473 39215 23%
c v 51.06 182 128 24 53 14310 15 255707 20295 2.0 22 11 2 9 6%   5 479473 39215 23%
c w 51.41 182 128 24 53 14310 15 255707 19752 2.0 22 11 2 9 6%   5 479473 39215 23%
c - 52.51 183 129 24 54 14769 15 261684 21556 2.0 22 11 2 9 6%   5 479473 39215 23%
c
c seconds     switched      rate          size/glue  tier1  binary          remaining
c         MB    reductions    conflicts         size   tier2   irredundant
c           level    restarts        redundant     glue  trail         variables
c
c - 53.65 183 129 24 55 15543 15 269033 25240 2.0 22 11 2 9 6%   5 479473 39215 23%
c - 54.77 184 129 24 56 16193 15 276449 25905 2.0 22 11 1 9 6%   5 479473 39215 23%
c - 55.77 184 127 24 57 16863 15 283932 26512 2.1 22 11 1 9 6%   5 479473 39215 23%
c - 56.91 184 127 24 58 17521 15 291481 27443 2.1 22 11 1 9 6%   5 479473 39215 23%
c } 57.03 184 127 25 58 17629 15 292235 28079 2.1 23 11 1 9 6%   5 479473 39215 23%
c [ 57.03 184 81 25 58 17629 1 292235 28079 2.5 68 28 1 20 14%   5 479473 39215 23%
c B 57.03 184 81 25 58 17629 1 292235 28079 2.5 68 28 1 20 14%   5 479473 39215 23%
c - 58.20 184 80 25 59 17634 1 299098 27016 2.5 68 28 1 19 14%   5 479473 39215 23%
c u 59.06 184 80 25 59 17635 1 302972 29950 2.5 69 28 1 19 14%   5 479473 39215 23%
c v 59.21 184 80 25 59 17635 1 302972 26224 2.5 69 28 1 19 14%   5 479473 39215 23%
c w 59.75 185 80 25 59 17635 1 302972 26176 2.5 69 28 1 19 14%   5 479473 39215 23%
c o 60.92 185 80 25 59 17635 1 302972 26176 2.5 69 28 1 19 14%   5 479473 39215 23%
c - 61.63 168 80 25 60 17638 1 306780 22421 2.5 69 28 1 18 14%   5 479473 39215 23%
c - 62.68 169 80 25 61 17642 1 314526 22781 2.5 70 28 1 18 14%   5 479473 39215 23%
c - 63.86 169 79 25 62 17643 1 322336 22804 2.5 70 28 1 18 14%   5 479473 39215 23%
c W 64.19 174 79 25 62 17643 1 323687 24125 2.5 70 28 1 18 13%   5 479473 39215 23%
c ] 64.57 175 79 26 62 17644 1 326057 26407 2.5 70 28 1 18 13%   5 479473 39215 23%
c { 64.57 175 127 26 62 17644 15 326057 26407 2.1 23 11 1 9 6%   5 479473 39215 23%
c - 65.27 177 126 26 63 18070 15 330212 24055 2.1 23 11 1 8 6%   5 479473 39215 23%
c - 66.11 178 127 26 64 18756 15 338149 26106 2.0 23 11 1 8 6%   5 479473 39215 23%
c
c seconds     switched      rate          size/glue  tier1  binary          remaining
c         MB    reductions    conflicts         size   tier2   irredundant
c           level    restarts        redundant     glue  trail         variables
c
c - 67.23 179 127 26 65 19510 15 346149 27879 2.0 23 11 1 8 6%   5 479473 39215 23%
c - 68.30 179 129 26 66 20242 14 354212 29371 2.0 23 11 1 8 6%   5 479473 39215 23%
c u 68.58 172 129 26 66 20296 14 354599 29070 2.0 23 11 1 8 6%   5 479473 39215 23%
c v 68.69 173 129 26 66 20296 14 354599 24852 2.0 23 11 1 8 6%   5 479473 39215 23%
c w 68.92 174 129 26 66 20296 14 354599 24107 2.0 23 11 1 8 6%   5 479473 39215 23%
c x 69.11 176 129 26 66 20296 14 354599 24107 2.0 23 11 1 8 6%   5 479131 39215 23%
c - 70.14 177 129 26 67 21047 14 362337 26364 2.0 23 11 1 8 6%   5 479131 39215 23%
c s 70.97 178 129 26 67 21636 14 367882 31125 2.0 23 11 1 8 6%   5 479119 39215 23%
c e 71.04 179 129 26 67 21636 14 367882 31125 2.0 23 11 1 8 6%   5 479233 39178 23%
c s 71.05 179 129 26 67 21636 14 367882 31125 2.0 23 11 1 8 6%   5 479164 39178 23%
c } 71.14 179 129 27 67 21680 14 368275 31442 2.1 23 11 1 8 6%   5 479164 39178 23%
c [ 71.14 179 79 27 67 21680 1 368275 31442 2.5 70 28 1 18 13%   5 479164 39178 23%
c I 71.14 179 79 27 67 21680 1 368275 31442 2.5 70 28 1 18 13%   5 479164 39178 23%
c - 71.60 179 79 27 68 21682 1 370522 28624 2.5 69 28 1 17 14%   5 479164 39178 23%
c - 72.97 179 79 27 69 21686 1 378768 28288 2.5 70 28 1 17 14%   5 479164 39178 23%
c o 74.13 179 78 27 69 21690 1 384865 34275 2.5 70 28 1 17 14%   5 479164 39178 23%
c - 74.44 180 79 27 70 21692 1 387074 27013 2.5 70 28 1 17 14%   5 479164 39178 23%
c - 75.91 180 78 27 71 21694 1 395440 27158 2.5 70 28 1 16 14%   5 479164 39178 23%
c ] 76.92 180 79 28 71 21694 1 399374 31073 2.5 70 28 1 16 14%   5 479164 39178 23%
c { 76.92 180 129 28 71 21694 14 399374 31073 2.1 23 11 1 8 6%   5 479164 39178 23%
c
c seconds     switched      rate          size/glue  tier1  binary          remaining
c         MB    reductions    conflicts         size   tier2   irredundant
c           level    restarts        redundant     glue  trail         variables
c
c - 77.62 180 128 28 72 22252 14 403869 27851 2.0 23 11 1 8 6%   5 479164 39178 23%
c u 78.71 181 127 28 72 22969 14 410664 32925 2.1 23 11 1 8 6%   5 479164 39178 23%
c v 78.87 181 127 28 72 22969 14 410664 29020 2.1 23 11 1 8 6%   5 479164 39178 23%
c w 79.56 181 127 28 72 22969 14 410664 28203 2.1 23 11 1 8 6%   5 479164 39178 23%
c - 79.96 181 127 28 73 23181 14 412355 25371 2.1 24 11 1 8 6%   5 479164 39178 23%
c - 81.22 181 128 28 74 23821 14 420900 28371 2.1 24 11 1 8 6%   5 479164 39178 23%
c - 82.47 181 128 28 75 24615 14 429505 30962 2.1 24 12 1 7 6%   5 479164 39178 23%
c - 83.74 181 127 28 76 25545 14 438165 32625 2.1 24 12 1 7 6%   5 479164 39178 23%
c - 85.01 181 128 28 77 26354 14 446884 33914 2.1 24 12 1 7 6%   5 479164 39178 23%
c } 85.13 182 129 29 77 26395 14 447512 34435 2.1 24 12 1 7 6%   5 479164 39178 23%
c [ 85.13 182 79 29 77 26395 1 447512 34435 2.5 70 28 1 16 14%   5 479164 39178 23%
c B 85.14 182 79 29 77 26395 1 447512 34435 2.5 70 28 1 16 14%   5 479164 39178 23%
c - 86.63 182 79 29 78 26400 1 455659 33736 2.5 70 28 1 16 14%   5 479164 39178 23%
c - 88.13 182 79 29 79 26405 1 464490 31889 2.5 70 28 1 15 14%   5 479164 39178 23%
c u 89.80 182 79 29 79 26408 1 471226 37522 2.5 70 28 1 15 14%   5 479164 39178 23%
c v 89.94 182 79 29 79 26408 1 471226 34164 2.5 70 28 1 15 14%   5 479164 39178 23%
c w 90.51 183 79 29 79 26408 1 471226 34132 2.5 70 28 1 15 14%   5 479164 39178 23%
c x 90.79 184 79 29 79 26408 1 471226 34132 2.5 70 28 1 15 14%   5 479061 39178 23%
c - 91.43 184 79 29 80 26409 1 473380 28276 2.5 70 28 1 15 15%   5 479061 39178 23%
c o 93.30 184 79 29 80 26410 1 480558 35412 2.5 70 28 1 15 15%   5 479061 39178 23%
c
c seconds    switched     rate          size/glue  tier1    binary          remaining
c         MB   reductions   conflicts         size   tier2     irredundant
c          level    restarts       redundant     glue    trail         variables
c
c - 93.63 184 79 29 81 26411 1 482325 28874 2.5 71 28 1 15 15%   5 479061 39178 23%
c ] 93.71 184 79 30 81 26412 1 482814 29347 2.5 71 28 1 15 15%   5 479061 39178 23%
c { 93.71 184 129 30 81 26412 14 482814 29347 2.1 24 12 1 7 6%   5 479061 39178 23%
c - 95.24 185 129 30 82 27121 14 491325 31153 2.1 24 12 1 7 6%   5 479061 39178 23%
c - 96.81 185 130 30 83 27919 14 500381 33617 2.1 24 12 1 7 6%   5 479061 39178 23%
c s 97.49 185 130 30 83 28296 14 505306 37768 2.1 24 12 1 7 6%   5 479045 39178 23%
c e 97.59 185 130 30 83 28296 14 505306 37768 2.1 24 12 1 7 6%   5 478740 39066 23%
c s 97.60 185 130 30 83 28296 14 505306 37768 2.1 24 12 1 7 6%   5 478638 39066 23%
c e 97.64 185 130 30 83 28296 14 505306 37768 2.1 24 12 1 7 6%   5 478654 39065 23%
c - 98.25 185 130 30 84 28581 13 509491 34977 2.1 24 12 1 7 6%   5 478654 39065 23%
c - 99.47 185 131 30 85 29415 13 518657 36005 2.1 24 12 1 7 6%   5 478654 39065 23%
c - 100.84 185 129 30 86 30148 13 527876 37191 2.1 25 12 1 7 6%   5 478654 39065 23%
c u 102.45 185 128 30 86 31111 13 536362 43179 2.1 25 12 1 7 6%   5 478654 39065 23%
c v 102.65 185 128 30 86 31111 13 536362 37077 2.1 25 12 1 7 6%   5 478654 39065 23%
c w 103.12 185 128 30 86 31111 13 536362 36819 2.1 25 12 1 7 6%   5 478654 39065 23%
c x 103.40 185 128 30 86 31111 13 536362 36819 2.1 25 12 1 7 6%   5 478605 39065 23%
c - 103.66 168 128 30 87 31161 13 537150 32079 2.1 25 12 1 7 6%   5 478605 39065 23%
c } 103.68 170 128 31 87 31164 13 537248 32167 2.1 25 12 1 7 6%   5 478605 39065 23%
c [ 103.68 170 79 31 87 31164 1 537248 32167 2.5 71 28 1 15 15%   5 478605 39065 23%
c W 103.85 174 79 31 87 31164 1 537248 32167 2.5 71 28 1 15 15%   5 478605 39065 23%
c
c seconds     switched     rate          size/glue  tier1    binary          remaining
c          MB   reductions   conflicts         size   tier2     irredundant
c           level    restarts       redundant     glue    trail         variables
c
c - 105.17 176 79 31 88 31170 1 546479 32772 2.5 70 28 1 14 15%   5 478605 39065 23%
c - 106.40 176 79 31 89 31175 1 555859 32548 2.6 70 28 1 14 15%   5 478605 39065 23%
c - 107.75 177 79 31 90 31178 1 565294 32504 2.6 71 27 1 14 14%   5 478605 39065 23%
c - 109.30 178 79 31 91 31182 1 574780 32727 2.6 70 27 1 14 14%   5 478605 39065 23%
c - 111.25 178 79 31 92 31187 1 584320 33120 2.6 70 27 1 14 14%   5 478605 39065 23%
c o 111.37 178 79 31 92 31188 1 585027 33806 2.6 70 27 1 14 14%   5 478605 39065 23%
c O 111.43 178 79 31 92 31188 1 585409 34184 2.6 70 27 1 14 14%   5 478605 39065 23%
c ] 111.76 178 79 32 92 31189 1 587375 36109 2.6 70 27 1 14 14%   5 478605 39065 23%
c { 111.76 178 128 32 92 31189 13 587375 36109 2.1 25 12 1 7 6%   5 478605 39065 23%
c - 112.82 179 127 32 93 31756 13 593911 34682 2.1 25 12 1 7 6%   5 478605 39065 23%
c - 114.19 180 126 32 94 32602 13 603554 36656 2.1 25 12 1 7 6%   5 478605 39065 23%
c u 114.76 180 126 32 94 32844 13 606123 38228 2.1 25 12 1 7 6%   5 478605 39065 23%
c v 114.91 180 126 32 94 32844 13 606123 34061 2.1 25 12 1 7 6%   5 478605 39065 23%
c w 115.40 180 126 32 94 32844 13 606123 32527 2.1 25 12 1 7 6%   5 478605 39065 23%
c - 116.61 180 126 32 95 33507 13 613250 33679 2.1 25 12 1 6 6%   5 478605 39065 23%
c - 118.25 181 126 32 96 34323 13 622996 37089 2.1 25 12 1 6 6%   5 478605 39065 23%
c - 119.66 181 126 32 97 35109 13 632794 39181 2.1 26 12 1 6 6%   5 478605 39065 23%
c - 121.15 181 124 32 98 36089 13 642642 40417 2.1 26 12 1 6 6%   5 478605 39065 23%
c } 122.11 181 124 33 98 36579 13 648479 45557 2.1 26 12 1 6 6%   5 478605 39065 23%
c [ 122.11 181 79 33 98 36579 1 648479 45557 2.6 70 27 1 14 14%   5 478605 39065 23%
c
c seconds     switched     rate          size/glue  tier1    binary          remaining
c          MB   reductions   conflicts         size   tier2     irredundant
c           level    restarts       redundant     glue    trail         variables
c
c B 122.11 181 79 33 98 36579 1 648479 45557 2.6 70 27 1 14 14%   5 478605 39065 23%
c - 122.85 181 79 33 99 36581 1 652543 40408 2.6 71 28 1 13 14%   5 478605 39065 23%
c - 124.93 181 78 33 100 36587 1 662493 38409 2.6 72 28 1 13 14%   5 478605 39065 23%
c s 126.05 182 78 33 100 36592 1 669310 45121 2.5 72 28 1 13 14%   5 478588 39065 23%
c e 126.11 182 78 33 100 36592 1 669310 45121 2.5 72 28 1 13 14%   5 478604 39063 23%
c - 126.70 182 78 33 101 36592 1 672495 36385 2.6 72 28 1 13 14%   5 478604 39063 23%
c u 128.29 182 78 33 101 36593 1 680568 43222 2.5 73 29 1 13 14%   5 478604 39063 23%
c v 128.38 182 78 33 101 36593 1 680568 40683 2.5 73 29 1 13 14%   5 478604 39063 23%
c w 129.06 184 78 33 101 36593 1 680568 40634 2.5 73 29 1 13 14%   5 478604 39063 23%
c x 129.37 185 78 33 101 36593 1 680568 40634 2.5 73 29 1 13 14%   5 478583 39063 23%
c - 131.31 185 78 33 102 36594 1 682545 33148 2.6 73 28 1 13 14%   5 478583 39063 23%
c - 132.89 166 78 33 103 36600 1 692646 33838 2.5 73 29 1 13 14%   5 478583 39063 23%
c o 134.02 167 78 33 103 36606 1 700212 41268 2.5 72 29 1 13 13%   5 478583 39063 23%
c - 134.42 171 78 33 104 36607 1 702795 34395 2.5 72 29 1 13 14%   5 478583 39063 23%
c ] 134.78 171 78 34 104 36607 1 704661 36240 2.5 73 29 1 13 13%   5 478583 39063 23%
c { 134.78 171 124 34 104 36607 13 704661 36240 2.1 26 12 1 6 6%   5 478583 39063 23%
c - 135.73 175 122 34 105 36923 12 712993 36653 2.1 26 12 1 6 6%   5 478583 39063 23%
c - 136.87 177 120 34 106 37283 12 723239 39569 2.1 26 12 1 6 6%   5 478583 39063 23%
c - 137.94 178 118 34 107 37626 12 733535 41825 2.1 26 12 1 6 6%   5 478583 39063 23%
c - 139.27 178 117 34 108 38040 11 743879 43290 2.1 25 12 1 6 6%   5 478583 39063 23%
c
c seconds      switched       rate          size/glue  tier1  binary          remaining
c          MB    reductions     conflicts         size   tier2   irredundant
c            level     restarts        redundant     glue  trail         variables
c
c - 140.42 179 115 34 109 38450 11 754272 44187 2.1 25 12 1 6 6%   5 478583 39063 23%
c u 141.35 173 114 34 109 38673 11 759752 47462 2.1 25 12 1 6 6%   5 478583 39063 23%
c v 141.50 174 114 34 109 38673 11 759752 41965 2.1 25 12 1 6 6%   5 478583 39063 23%
c w 142.06 175 114 34 109 38673 11 759752 39550 2.1 25 12 1 6 6%   5 478583 39063 23%
c - 142.82 176 114 34 110 38878 11 764712 38326 2.1 25 12 1 6 6%   5 478583 39063 23%
c } 143.85 177 113 35 110 39244 10 772808 45235 2.1 25 12 1 6 6%   5 478583 39063 23%
c [ 143.85 177 78 35 110 39244 1 772808 45235 2.5 73 29 1 13 13%   5 478583 39063 23%
c W 144.03 174 78 35 110 39244 1 772808 45235 2.5 73 29 1 13 13%   5 478583 39063 23%
c - 144.47 175 78 35 111 39246 1 775202 41270 2.5 72 29 1 13 13%   5 478583 39063 23%
c - 146.36 177 78 35 112 39251 1 785737 40826 2.5 73 29 1 12 13%   5 478583 39063 23%
c - 147.84 177 78 35 113 39257 1 796321 38559 2.5 72 29 1 12 13%   5 478583 39063 23%
c - 149.85 177 78 35 114 39259 1 806952 37209 2.5 74 29 1 12 13%   5 478583 39063 23%
c - 151.75 178 78 35 115 39265 1 817629 36750 2.5 74 30 1 12 13%   5 478583 39063 23%
c ] 152.33 178 78 36 115 39268 1 820869 39971 2.5 75 30 1 12 13%   5 478583 39063 23%
c { 152.33 178 113 36 115 39268 10 820869 39971 2.1 25 12 1 6 6%   5 478583 39063 23%
c o 152.36 178 113 36 115 39274 10 820898 39998 2.1 25 12 1 6 6%   5 478583 39063 23%
c - 153.41 180 112 36 116 39959 11 828353 38720 2.1 25 12 1 6 6%   5 478583 39063 23%
c - 154.97 180 112 36 117 40792 11 839124 42322 2.1 25 12 1 6 6%   5 478583 39063 23%
c u 155.89 180 112 36 117 41315 11 843732 45505 2.1 26 12 1 6 6%   5 478583 39063 23%
c v 156.02 181 112 36 117 41315 11 843732 41132 2.1 26 12 1 6 6%   5 478583 39063 23%
c
c seconds      switched       rate          size/glue  tier1  binary          remaining
c          MB    reductions     conflicts         size   tier2   irredundant
c            level     restarts        redundant     glue  trail         variables
c
c w 156.75 181 112 36 117 41315 11 843732 39094 2.1 26 12 1 6 6%   5 478583 39063 23%
c - 157.78 181 112 36 118 41919 11 849941 38985 2.1 26 12 1 6 6%   5 478583 39063 23%
c - 159.54 181 113 36 119 42840 11 860803 42674 2.1 26 12 1 6 6%   5 478583 39063 23%
c s 159.64 181 114 36 119 42873 11 861312 43106 2.1 26 12 1 6 6%   5 478582 39063 23%
c e 159.68 181 114 36 119 42873 11 861312 43106 2.1 26 12 1 6 6%   5 478601 39061 23%
c s 159.68 181 114 36 119 42873 11 861312 43106 2.1 26 12 1 6 6%   5 478590 39061 23%
c - 161.55 181 114 36 120 43826 11 871711 45455 2.1 26 12 1 6 6%   5 478590 39061 23%
c - 163.29 182 114 36 121 44740 11 882667 47433 2.1 26 12 1 6 6%   5 478590 39061 23%
c - 164.96 182 114 36 122 45727 11 893668 48822 2.1 26 12 1 6 6%   5 478590 39061 23%
c } 165.38 182 114 37 122 45952 11 896425 51256 2.1 26 12 1 6 6%   5 478590 39061 23%
c [ 165.38 182 78 37 122 45952 1 896425 51256 2.5 75 30 1 12 13%   5 478590 39061 23%
c I 165.38 182 78 37 122 45952 1 896425 51256 2.5 75 30 1 12 13%   5 478590 39061 23%
c - 167.11 182 78 37 123 45958 1 904713 48680 2.5 74 29 1 12 13%   5 478590 39061 23%
c - 169.41 182 78 37 124 45964 1 915803 46558 2.6 75 29 1 12 13%   5 478590 39061 23%
c - 171.22 182 78 37 125 45966 1 926938 44817 2.6 74 29 1 12 13%   5 478590 39061 23%
c u 172.44 182 78 37 125 45969 1 932557 48817 2.6 74 29 1 12 13%   5 478590 39061 23%
c v 172.56 182 78 37 125 45969 1 932557 45547 2.6 74 29 1 12 13%   5 478590 39061 23%
c w 173.35 184 78 37 125 45969 1 932557 45488 2.6 74 29 1 12 13%   5 478590 39061 23%
c x 173.77 185 78 37 125 45969 1 932557 45488 2.6 74 29 1 12 13%   5 478509 39061 23%
c - 175.20 185 78 37 126 45973 1 938118 40387 2.6 74 29 1 11 13%   5 478509 39061 23%
c
c seconds     switched      rate          size/glue  tier1    binary          remaining
c          MB   reductions    conflicts         size   tier2     irredundant
c           level     restarts       redundant     glue    trail         variables
c
c - 177.44 185 78 37 127 45979 1 949342 41092 2.6 74 29 1 11 13%   5 478509 39061 23%
c ] 179.08 185 78 38 127 45981 1 956571 48237 2.6 75 29 1 11 13%   5 478509 39061 23%
c { 179.08 185 114 38 127 45981 11 956571 48237 2.1 26 12 1 6 6%   5 478509 39061 23%
c o 179.13 185 114 38 127 45988 11 956600 48262 2.1 26 12 1 6 6%   5 478509 39061 23%
c - 179.70 186 114 38 128 46221 11 960611 42072 2.1 27 12 1 6 6%   5 478509 39061 23%
c - 181.82 175 113 38 129 47065 11 971924 44669 2.2 27 12 1 6 7%   5 478509 39061 23%
c - 184.02 176 111 38 130 47975 12 983282 47479 2.2 27 13 1 6 7%   5 478509 39061 23%
c - 186.54 177 110 38 131 48945 12 994683 49495 2.2 28 13 1 6 7%   5 478509 39061 23%
c - 188.85 178 109 38 132 50013 12 1006128 50740 2.2 28 13 1 6 7%   5 478509 39061 23%
c - 191.55 178 108 38 133 51236 12 1017618 51754 2.2 28 13 1 6 7%   5 478509 39061 23%
c u 193.72 178 107 38 133 52043 12 1026282 58517 2.2 28 13 1 6 7%   5 478509 39061 23%
c v 193.91 178 107 38 133 52043 12 1026282 52894 2.2 28 13 1 6 7%   5 478509 39061 23%
c w 195.21 179 107 38 133 52043 12 1026282 50947 2.2 28 13 1 6 7%   5 478509 39061 23%
c - 195.94 179 107 38 134 52307 12 1029150 45833 2.2 28 13 1 6 7%   5 478509 39061 23%
c } 197.82 179 106 39 134 53312 12 1039905 55625 2.2 29 13 1 6 7%   5 478509 39061 23%
c [ 197.82 179 78 39 134 53312 1 1039905 55625 2.6 75 29 1 11 13%   5 478509 39061 23%
c B 197.82 179 78 39 134 53312 1 1039905 55625 2.6 75 29 1 11 13%   5 478509 39061 23%
c - 198.00 179 78 39 135 53312 1 1040725 48254 2.6 74 29 1 11 13%   5 478509 39061 23%
c - 200.51 179 78 39 136 53318 1 1052344 48446 2.6 75 29 1 11 13%   5 478509 39061 23%
c - 202.97 180 78 39 137 53325 1 1064006 45248 2.6 75 29 1 11 14%   5 478509 39061 23%
c
c seconds     switched      rate           size/glue  tier1    binary          remaining
c          MB   reductions     conflicts         size   tier2     irredundant
c           level     restarts        redundant     glue    trail         variables
c
c - 205.40 180 78 39 138 53329 1 1075711 44281 2.6 75 29 1 11 13%   5 478509 39061 23%
c s 206.83 180 78 39 138 53333 1 1082723 51188 2.6 75 29 1 11 13%   5 478504 39061 23%
c e 206.89 181 78 39 138 53333 1 1082723 51188 2.6 75 29 1 11 13%   5 478533 39055 23%
c s 206.90 181 78 39 138 53333 1 1082723 51188 2.6 75 29 1 11 13%   5 478522 39055 23%
c - 207.87 181 78 39 139 53335 1 1087458 44279 2.6 75 29 1 11 13%   5 478522 39055 23%
c - 209.88 181 78 39 140 53341 1 1099248 44188 2.6 75 29 1 11 13%   5 478522 39055 23%
c o 211.05 181 78 39 140 53342 1 1106328 51122 2.6 74 29 1 11 13%   5 478522 39055 23%
c - 212.00 181 78 39 141 53342 1 1111081 43886 2.6 75 29 1 11 13%   5 478522 39055 23%
c W 212.43 174 79 39 141 53342 1 1112881 45674 2.6 76 29 1 11 13%   5 478522 39055 23%
c ] 214.00 177 79 40 141 53342 1 1121253 54019 2.6 76 29 1 11 14%   5 478522 39055 23%
c { 214.00 177 106 40 141 53342 12 1121253 54019 2.2 29 13 1 6 7%   5 478522 39055 23%
c - 214.39 178 106 40 142 53552 12 1122955 44657 2.2 29 13 1 6 7%   5 478522 39055 23%
c u 214.74 179 106 40 142 53678 12 1124965 45824 2.2 29 13 1 6 7%   5 478522 39055 23%
c v 214.83 179 106 40 142 53678 12 1124965 43662 2.2 29 13 1 6 7%   5 478522 39055 23%
c w 215.16 179 106 40 142 53678 12 1124965 42147 2.2 29 13 1 6 7%   5 478522 39055 23%
c - 216.87 180 106 40 143 54564 12 1134871 44440 2.2 29 13 1 6 7%   5 478522 39055 23%
c - 218.80 180 105 40 144 55521 12 1146830 48771 2.2 29 13 1 6 7%   5 478522 39055 23%
c - 220.62 181 105 40 145 56485 12 1158831 51177 2.2 29 13 1 6 7%   5 478522 39055 23%
c - 222.88 181 106 40 146 57570 12 1170872 52853 2.2 29 13 1 6 7%   5 478522 39055 23%
c - 225.00 181 108 40 147 58427 12 1182957 54324 2.2 29 13 1 6 7%   5 478522 39055 23%
c
c seconds      switched       rate           size/glue  tier1  binary          remaining
c          MB    reductions      conflicts         size   tier2   irredundant
c            level     restarts         redundant     glue  trail         variables
c
c - 226.94 181 108 40 148 59549 12 1195081 55680 2.2 30 13 1 6 7%   5 478522 39055 23%
c - 228.95 182 109 40 149 60490 12 1207247 56769 2.2 30 13 1 6 7%   5 478522 39055 23%
c } 229.94 182 109 41 149 60993 12 1212725 61726 2.2 30 13 1 6 7%   5 478522 39055 23%
c [ 229.94 182 79 41 149 60993 1 1212725 61726 2.6 76 29 1 11 14%   5 478522 39055 23%
c O 229.94 182 79 41 149 60993 1 1212725 61726 2.6 76 29 1 11 14%   5 478522 39055 23%
c - 231.33 182 79 41 150 60998 1 1219453 55891 2.6 76 29 1 10 14%   5 478522 39055 23%
c u 233.11 182 79 41 150 61002 1 1228629 62851 2.6 76 29 1 10 13%   5 478522 39055 23%
c v 233.33 182 79 41 150 61002 1 1228629 56504 2.6 76 29 1 10 13%   5 478522 39055 23%
c w 234.70 183 79 41 150 61002 1 1228629 56369 2.6 76 29 1 10 13%   5 478522 39055 23%
c - 235.31 183 79 41 151 61005 1 1231700 47353 2.6 75 29 1 10 13%   5 478522 39055 23%
c - 238.08 184 79 41 152 61007 1 1243989 46728 2.7 76 28 1 10 14%   5 478522 39055 23%
c - 240.71 184 79 41 153 61014 1 1256319 46672 2.7 76 28 1 10 14%   5 478522 39055 23%
c o 241.09 184 79 41 153 61016 1 1259333 49642 2.7 76 28 1 10 14%   5 478522 39055 23%
c - 242.78 184 79 41 154 61021 1 1268688 46976 2.7 75 28 1 10 14%   5 478522 39055 23%
c - 244.67 184 79 41 155 61023 1 1281097 46647 2.6 75 28 1 10 13%   5 478522 39055 23%
c ] 246.67 185 78 42 155 61023 1 1293536 58924 2.6 75 29 1 10 13%   5 478522 39055 23%
c { 246.67 185 109 42 155 61023 12 1293536 58924 2.2 30 13 1 6 7%   5 478522 39055 23%
c - 246.69 185 109 42 156 61024 12 1293547 45736 2.2 30 13 1 6 7%   5 478522 39055 23%
c - 248.53 185 109 42 157 61912 12 1306036 49052 2.2 30 13 1 6 7%   5 478522 39055 23%
c - 250.70 185 109 42 158 63002 12 1318565 53154 2.2 30 13 1 6 7%   5 478522 39055 23%
c
c seconds      switched       rate           size/glue  tier1  binary          remaining
c          MB    reductions      conflicts         size   tier2   irredundant
c            level     restarts         redundant     glue  trail         variables
c
c - 252.92 185 110 42 159 64051 12 1331137 55446 2.2 30 14 1 5 7%   5 478522 39055 23%
c u 253.97 185 110 42 159 64457 12 1337331 59833 2.2 30 14 1 5 7%   5 478522 39055 23%
c v 254.15 185 110 42 159 64457 12 1337331 54427 2.2 30 14 1 5 7%   5 478522 39055 23%
c w 255.00 185 110 42 159 64457 12 1337331 52811 2.2 30 14 1 5 7%   5 478522 39055 23%
c x 255.49 186 110 42 159 64457 12 1337331 52810 2.2 30 14 1 5 7%   5 478515 39055 23%
c s 257.76 186 110 42 159 64457 12 1337331 52810 2.2 30 14 1 5 7%   5 478513 39055 23%
c e 257.79 186 110 42 159 64457 12 1337331 52810 2.2 30 14 1 5 7%   5 478517 39049 23%
c s 257.80 186 110 42 159 64457 12 1337331 52810 2.2 30 14 1 5 7%   5 478499 39049 23%
c - 258.76 186 110 42 160 64836 11 1343746 51010 2.2 30 14 1 5 7%   5 478499 39049 23%
c - 261.19 186 109 42 161 65875 11 1356397 54222 2.2 30 14 1 5 7%   5 478499 39049 23%
c - 263.65 186 110 42 162 66925 11 1369087 56746 2.2 31 14 1 5 7%   5 478499 39049 23%
c - 265.98 186 111 42 163 67852 11 1381818 58171 2.2 31 14 1 5 7%   5 478499 39049 23%
c } 268.12 186 111 43 163 68838 11 1393509 68694 2.2 31 14 1 5 7%   5 478499 39049 23%
c [ 268.12 186 78 43 163 68838 1 1393509 68694 2.6 75 29 1 10 13%   5 478499 39049 23%
c B 268.12 186 78 43 163 68838 1 1393509 68694 2.6 75 29 1 10 13%   5 478499 39049 23%
c - 268.31 186 78 43 164 68839 1 1394585 59327 2.6 75 29 1 10 13%   5 478499 39049 23%
c - 270.50 187 77 43 165 68846 1 1407392 57565 2.6 75 29 1 10 13%   5 478499 39049 23%
c - 272.58 170 77 43 166 68852 1 1420238 53825 2.6 75 29 1 10 13%   5 478499 39049 23%
c o 273.79 170 77 43 166 68854 1 1427700 61164 2.6 74 29 1 10 13%   5 478499 39049 23%
c - 274.92 171 77 43 167 68858 1 1433122 53236 2.6 74 29 1 10 13%   5 478499 39049 23%
c
c seconds     switched      rate           size/glue  tier1    binary          remaining
c          MB   reductions     conflicts         size   tier2     irredundant
c           level     restarts        redundant     glue    trail         variables
c
c - 277.47 172 77 43 168 68865 1 1446045 53478 2.6 75 29 1 10 13%   5 478499 39049 23%
c u 278.97 174 77 43 168 68866 1 1451125 56988 2.6 76 29 1 10 12%   5 478499 39049 23%
c v 279.08 174 77 43 168 68866 1 1451125 54496 2.6 76 29 1 10 12%   5 478499 39049 23%
c w 280.64 175 77 43 168 68866 1 1451125 53617 2.6 76 29 1 10 12%   5 478499 39049 23%
c - 282.40 176 76 43 169 68867 1 1459006 49618 2.7 76 29 1 10 12%   5 478499 39049 23%
c - 284.73 177 76 43 170 68868 1 1472007 50030 2.7 77 29 1 10 12%   5 478499 39049 23%
c W 287.01 174 76 43 170 68874 1 1483309 61234 2.7 78 29 1 10 12%   5 478499 39049 23%
c ] 287.06 175 76 44 170 68874 1 1483572 61495 2.7 77 29 1 10 12%   5 478499 39049 23%
c { 287.06 175 111 44 170 68874 11 1483572 61495 2.2 31 14 1 5 7%   5 478499 39049 23%
c - 287.35 177 111 44 171 68998 11 1485046 50839 2.2 31 14 1 5 7%   5 478499 39049 23%
c - 289.36 180 111 44 172 69898 11 1498123 55062 2.2 31 14 1 5 7%   5 478499 39049 23%
c - 291.38 181 110 44 173 70828 11 1511238 58170 2.3 31 14 1 5 7%   5 478499 39049 23%
c - 293.79 181 111 44 174 71822 11 1524390 60150 2.3 31 14 1 5 7%   5 478499 39049 23%
c - 296.15 181 112 44 175 72745 11 1537580 61867 2.3 31 14 1 5 7%   5 478499 39049 23%
c - 298.42 182 112 44 176 73834 11 1550808 63187 2.3 32 14 1 5 7%   5 478499 39049 23%
c - 300.76 182 111 44 177 75033 11 1564074 64082 2.3 32 14 1 5 7%   5 478499 39049 23%
c u 302.20 182 111 44 177 75477 11 1570008 67655 2.3 32 14 1 5 7%   5 478499 39049 23%
c v 302.38 182 111 44 177 75477 11 1570008 61206 2.3 32 14 1 5 7%   5 478499 39049 23%
c w 303.36 182 111 44 177 75477 11 1570008 58409 2.3 32 14 1 5 7%   5 478499 39049 23%
c - 304.68 182 111 44 178 76087 11 1577379 56596 2.3 32 14 1 5 7%   5 478499 39049 23%
c
c seconds      switched       rate           size/glue  tier1  binary          remaining
c          MB    reductions      conflicts         size   tier2   irredundant
c            level     restarts         redundant     glue  trail         variables
c
c - 306.59 182 112 44 179 77001 11 1590721 60226 2.3 32 14 1 5 7%   5 478499 39049 23%
c } 306.96 182 113 45 179 77093 11 1592404 61781 2.3 32 14 1 5 7%   5 478499 39049 23%
c [ 306.96 182 76 45 179 77093 1 1592404 61781 2.7 77 29 1 10 12%   5 478499 39049 23%
c I 306.96 182 76 45 179 77093 1 1592404 61781 2.7 77 29 1 10 12%   5 478499 39049 23%
c o 308.17 182 76 45 179 77098 1 1598589 67913 2.7 77 29 1 10 12%   5 478499 39049 23%
c - 309.16 182 77 45 180 77099 1 1604101 61269 2.7 77 29 1 10 13%   5 478499 39049 23%
c - 311.46 183 77 45 181 77107 1 1617517 58805 2.7 77 29 1 10 13%   5 478499 39049 23%
c - 313.94 183 77 45 182 77112 1 1630970 57077 2.7 77 29 1 10 13%   5 478499 39049 23%
c - 316.13 183 78 45 183 77120 1 1644461 57235 2.7 77 28 1 10 13%   5 478499 39049 23%
c - 318.76 184 77 45 184 77122 1 1657989 57360 2.7 77 28 1 10 13%   5 478499 39049 23%
c - 321.21 184 77 45 185 77123 1 1671554 57282 2.7 77 28 1 10 13%   5 478499 39049 23%
c - 323.49 184 76 45 186 77130 1 1685158 57208 2.7 77 29 1 10 13%   5 478499 39049 23%
c u 325.17 184 76 45 186 77136 1 1694063 64996 2.7 77 29 1 10 12%   5 478499 39049 23%
c v 325.28 184 76 45 186 77136 1 1694063 63085 2.7 77 29 1 10 12%   5 478499 39049 23%
c w 326.93 186 76 45 186 77136 1 1694063 62937 2.7 77 29 1 10 12%   5 478499 39049 23%
c B 327.06 186 76 45 186 77136 1 1694181 63054 2.7 77 29 1 10 12%   5 478499 39049 23%
c ] 327.61 186 77 46 186 77137 1 1696407 65261 2.7 77 29 1 10 13%   5 478499 39049 23%
c { 327.61 186 113 46 186 77137 11 1696407 65261 2.3 32 14 1 5 7%   5 478499 39049 23%
c - 328.15 186 112 46 187 77351 11 1698796 55352 2.3 32 14 1 5 7%   5 478499 39049 23%
c - 330.39 175 112 46 188 78320 11 1712472 58969 2.3 33 14 1 5 7%   5 478499 39049 23%
c
c seconds      switched       rate           size/glue  tier1  binary          remaining
c          MB    reductions      conflicts         size   tier2   irredundant
c            level     restarts         redundant     glue  trail         variables
c
c - 332.66 177 112 46 189 79293 10 1726185 62397 2.3 33 14 1 5 7%   5 478499 39049 23%
c - 334.86 177 112 46 190 80147 10 1739933 64440 2.3 33 14 1 5 7%   5 478499 39049 23%
c - 337.09 178 111 46 191 81192 10 1753718 65992 2.3 33 14 1 5 7%   5 478499 39049 23%
c - 339.61 178 111 46 192 82278 10 1767539 67044 2.3 33 14 1 5 7%   5 478499 39049 23%
c o 341.61 179 110 46 192 83139 10 1778683 77193 2.3 34 14 1 5 7%   5 478499 39049 23%
c - 342.12 179 110 46 193 83296 10 1781395 68158 2.3 34 14 1 5 7%   5 478499 39049 23%
c - 344.58 179 111 46 194 84256 10 1795288 69241 2.3 34 15 1 5 7%   5 478499 39049 23%
c - 346.77 179 111 46 195 85230 10 1809216 70218 2.3 34 15 1 5 7%   5 478499 39049 23%
c } 347.89 179 112 47 195 85720 10 1814451 75117 2.3 34 15 1 5 7%   5 478499 39049 23%
c [ 347.89 179 77 47 195 85720 1 1814451 75117 2.7 77 29 1 10 13%   5 478499 39049 23%
c W 348.24 175 77 47 195 85720 1 1814451 75117 2.7 77 29 1 10 13%   5 478499 39049 23%
c - 350.02 177 77 47 196 85726 1 1823180 68740 2.7 77 29 1 9 12%   5 478499 39049 23%
c u 350.35 178 77 47 196 85726 1 1823318 66401 2.7 77 29 1 9 12%   5 478499 39049 23%
c v 350.55 178 77 47 196 85726 1 1823318 60315 2.7 77 29 1 9 12%   5 478499 39049 23%
c w 350.74 178 77 47 196 85726 1 1823318 58616 2.7 77 29 1 9 12%   5 478499 39049 23%
c - 353.24 179 77 47 197 85733 1 1837181 58149 2.6 77 29 1 9 12%   5 478499 39049 23%
c - 356.68 179 79 47 198 85737 1 1851217 58145 2.7 78 29 1 9 13%   5 478499 39049 23%
c - 359.69 180 79 47 199 85746 1 1865289 58967 2.7 78 29 1 9 13%   5 478499 39049 23%
c - 362.64 180 78 47 200 85749 1 1879396 58435 2.7 79 30 1 9 13%   5 478499 39049 23%
c - 365.47 181 78 47 201 85750 1 1893538 58061 2.6 79 30 1 9 13%   5 478499 39049 23%
c
c seconds     switched      rate           size/glue  tier1   binary          remaining
c          MB   reductions     conflicts         size   tier2    irredundant
c           level     restarts        redundant     glue   trail         variables
c
c - 368.74 181 78 47 202 85757 1 1907716 59095 2.6 80 30 1 9 13%   5 478499 39049 23%
c ] 369.47 181 78 48 202 85760 1 1911729 63060 2.7 80 30 1 9 13%   5 478499 39049 23%
c { 369.47 181 112 48 202 85760 10 1911729 63060 2.3 34 15 1 5 7%   5 478499 39049 23%
c - 371.22 182 110 48 203 86543 10 1921928 61440 2.3 34 15 1 5 7%   5 478499 39049 23%
c - 373.45 183 109 48 204 87514 10 1936176 64889 2.3 34 15 1 5 7%   5 478499 39049 23%
c - 375.81 183 111 48 205 88447 10 1950458 67242 2.3 35 15 1 5 7%   5 478499 39049 23%
c u 377.42 183 111 48 205 88947 10 1957799 72726 2.3 35 15 1 5 7%   5 478499 39049 23%
c v 377.64 183 111 48 205 88947 10 1957799 67333 2.3 35 15 1 5 7%   5 478499 39049 23%
c w 378.96 183 111 48 205 88947 10 1957799 66462 2.3 35 15 1 5 7%   5 478499 39049 23%
c x 379.65 185 111 48 205 88947 10 1957799 66461 2.3 35 15 1 5 7%   5 478480 39049 23%
c s 379.78 185 111 48 205 88947 10 1957799 66461 2.3 35 15 1 5 7%   5 478479 39049 23%
c e 379.84 186 111 48 205 88947 10 1957799 66461 2.3 35 15 1 5 7%   5 478571 39016 23%
c s 379.85 186 111 48 205 88947 10 1957799 66461 2.3 35 15 1 5 7%   5 478534 39016 23%
c e 379.88 186 111 48 205 88947 10 1957799 66461 2.3 35 15 1 5 7%   5 478546 39015 23%
c - 381.20 186 110 48 206 89449 10 1964778 63082 2.3 35 15 1 5 7%   5 478546 39015 23%
c o 381.92 186 110 48 206 89704 10 1968686 66682 2.4 35 15 1 5 7%   5 478546 39015 23%
c - 383.85 186 110 48 207 90553 10 1979130 65886 2.4 35 15 1 5 7%   5 478546 39015 23%
c - 386.49 186 109 48 208 91634 10 1993519 68168 2.4 35 15 1 5 7%   5 478546 39015 23%
c - 389.49 186 109 48 209 92757 10 2007942 69731 2.4 36 15 1 5 7%   5 478546 39015 23%
c - 392.62 186 110 48 210 93951 10 2022398 71036 2.4 36 15 1 5 7%   5 478546 39015 23%
c
c seconds      switched       rate           size/glue  tier1  binary          remaining
c          MB    reductions      conflicts         size   tier2   irredundant
c            level     restarts         redundant     glue  trail         variables
c
c - 395.47 186 110 48 211 95022 10 2036889 71922 2.4 36 15 1 4 7%   5 478546 39015 23%
c } 395.88 187 110 49 211 95207 10 2039341 74151 2.4 36 15 1 4 7%   5 478546 39015 23%
c [ 395.88 187 78 49 211 95207 1 2039341 74151 2.7 80 30 1 9 13%   5 478546 39015 23%
c O 395.88 187 78 49 211 95207 1 2039341 74151 2.7 80 30 1 9 13%   5 478546 39015 23%
c - 397.94 187 77 49 212 95213 1 2051414 70230 2.6 79 30 1 9 12%   5 478546 39015 23%
c - 400.58 187 77 49 213 95221 1 2065975 66190 2.6 78 30 1 9 12%   5 478546 39015 23%
c - 403.56 187 77 49 214 95227 1 2080570 64938 2.6 78 30 1 9 12%   5 478546 39015 23%
c - 406.69 170 77 49 215 95235 1 2095199 64819 2.6 77 30 1 9 12%   5 478546 39015 23%
c u 407.39 171 77 49 215 95236 1 2097533 65353 2.6 77 30 1 9 12%   5 478546 39015 23%
c v 407.46 171 77 49 215 95236 1 2097533 63047 2.6 77 30 1 9 12%   5 478546 39015 23%
c w 408.10 172 77 49 215 95236 1 2097533 61167 2.6 77 30 1 9 12%   5 478546 39015 23%
c - 410.52 174 77 49 216 95237 1 2109861 60391 2.6 78 30 1 9 12%   5 478546 39015 23%
c - 413.61 175 77 49 217 95240 1 2124557 61578 2.7 78 29 1 9 12%   5 478546 39015 23%
c - 416.10 175 76 49 218 95248 1 2139288 63067 2.7 78 29 1 9 12%   5 478546 39015 23%
c - 419.71 176 77 49 219 95252 1 2154056 63390 2.7 78 29 1 9 13%   5 478546 39015 23%
c ] 419.74 176 77 50 219 95252 1 2154218 63551 2.7 78 29 1 9 13%   5 478546 39015 23%
c { 419.74 176 110 50 219 95252 10 2154218 63551 2.4 36 15 1 4 7%   5 478546 39015 23%
c o 422.25 180 110 50 219 95828 10 2168689 76440 2.4 37 15 1 4 7%   5 478546 39015 23%
c - 422.30 180 110 50 220 95841 10 2168854 66180 2.4 37 15 1 4 7%   5 478546 39015 23%
c - 424.80 181 109 50 221 96533 9 2183686 69797 2.4 36 15 1 4 7%   5 478546 39015 23%
c
c seconds      switched      rate           size/glue  tier1  binary          remaining
c          MB    reductions     conflicts         size   tier2   irredundant
c            level     restarts        redundant     glue  trail         variables
c
c - 427.75 182 108 50 222 97156 9 2198553 72046 2.4 37 15 1 4 7%   5 478546 39015 23%
c - 430.26 182 108 50 223 97971 9 2213452 73516 2.4 37 15 1 4 7%   5 478546 39015 23%
c - 432.95 182 107 50 224 98632 8 2228385 74777 2.5 37 15 1 4 8%   5 478546 39015 23%
c u 435.82 183 107 50 224 99295 8 2242576 85387 2.4 37 15 1 4 8%   5 478546 39015 23%
c v 436.05 183 107 50 224 99295 8 2242576 79484 2.4 37 15 1 4 8%   5 478546 39015 23%
c w 438.23 183 107 50 224 99295 8 2242576 78459 2.4 37 15 1 4 8%   5 478546 39015 23%
c - 438.51 183 107 50 225 99353 8 2243351 68989 2.4 37 15 1 4 8%   5 478546 39015 23%
c - 441.39 183 108 50 226 100086 8 2258351 71714 2.5 37 15 1 4 8%   5 478546 39015 23%
c - 444.10 184 107 50 227 100847 8 2273384 74294 2.4 37 15 1 4 8%   5 478546 39015 23%
c - 446.60 184 106 50 228 101622 8 2288450 75828 2.4 37 15 1 4 7%   5 478546 39015 23%
c } 447.18 184 105 51 228 101852 8 2291743 78774 2.4 37 15 1 4 7%   5 478546 39015 23%
c [ 447.18 184 77 51 228 101852 1 2291743 78774 2.7 78 29 1 9 13%   5 478546 39015 23%
c B 447.18 184 77 51 228 101852 1 2291743 78774 2.7 78 29 1 9 13%   5 478546 39015 23%
c - 449.15 184 77 51 229 101858 1 2303549 74961 2.6 77 29 1 9 12%   5 478546 39015 23%
c - 451.94 184 78 51 230 101866 1 2318681 71846 2.7 77 29 1 9 12%   5 478546 39015 23%
c - 455.42 184 77 51 231 101873 1 2333846 70380 2.7 79 29 1 9 13%   5 478546 39015 23%
c - 458.21 184 78 51 232 101880 1 2349044 70046 2.7 78 29 1 9 12%   5 478546 39015 23%
c - 460.84 185 77 51 233 101882 1 2364275 69257 2.6 76 29 1 9 12%   5 478546 39015 23%
c - 463.54 185 76 51 234 101886 1 2379540 68554 2.6 76 30 1 9 12%   5 478546 39015 23%
c o 464.74 185 76 51 234 101890 1 2386831 75737 2.6 76 30 1 9 12%   5 478546 39015 23%
c
c seconds     switched       rate           size/glue  tier1   binary          remaining
c          MB   reductions      conflicts         size   tier2    irredundant
c           level      restarts        redundant     glue   trail         variables
c
c u 466.21 185 76 51 234 101894 1 2392956 80226 2.6 76 29 1 9 12%   5 478546 39015 23%
c v 466.29 185 76 51 234 101894 1 2392956 78222 2.6 76 29 1 9 12%   5 478546 39015 23%
c w 468.43 187 76 51 234 101894 1 2392956 77696 2.6 76 29 1 9 12%   5 478546 39015 23%
c - 472.05 187 77 51 235 101895 1 2394837 66930 2.6 76 29 1 9 12%   5 478546 39015 23%
c - 476.21 170 77 51 236 101900 1 2410167 67632 2.6 77 29 1 9 13%   5 478546 39015 23%
c W 478.78 175 77 51 236 101904 1 2419212 76595 2.7 77 29 1 9 13%   5 478546 39015 23%
c ] 479.44 176 77 52 236 101907 1 2422691 80042 2.6 77 29 1 9 13%   5 478546 39015 23%
c { 479.44 176 105 52 236 101907 8 2422691 80042 2.4 37 15 1 4 7%   5 478546 39015 23%
c - 480.09 179 105 52 237 102135 8 2425529 68208 2.4 37 15 1 4 7%   5 478546 39015 23%
c s 481.21 180 105 52 237 102661 8 2430185 72608 2.4 37 15 1 4 7%   5 478540 39015 23%
c - 483.56 181 105 52 238 103877 9 2440923 70839 2.4 37 15 1 4 7%   5 478540 39015 23%
c - 486.73 182 106 52 239 105419 9 2456352 73676 2.4 37 16 1 4 8%   5 478540 39015 23%
c - 490.39 183 107 52 240 106900 9 2471811 75857 2.4 38 16 1 4 8%   5 478540 39015 23%
c - 493.77 183 108 52 241 108355 9 2487305 77376 2.4 39 16 1 4 8%   5 478540 39015 23%
c - 497.77 183 109 52 242 109820 10 2502830 78488 2.4 39 16 1 4 8%   5 478540 39015 23%
c - 501.90 183 109 52 243 111259 10 2518388 79551 2.4 40 17 1 4 8%   5 478540 39015 23%
c - 505.62 184 110 52 244 112487 10 2533976 80530 2.4 41 17 1 4 9%   5 478540 39015 23%
c u 509.44 175 111 52 244 113545 10 2548723 92690 2.4 42 17 1 4 9%   5 478540 39015 23%
c v 509.62 176 111 52 244 113545 10 2548723 86126 2.4 42 17 1 4 9%   5 478540 39015 23%
c w 512.44 179 111 52 244 113545 10 2548723 85198 2.4 42 17 1 4 9%   5 478540 39015 23%
c
c seconds      switched        rate           size/glue  tier1  binary          remaining
c          MB    reductions       conflicts         size   tier2   irredundant
c            level      restarts         redundant     glue  trail         variables
c
c - 512.76 179 111 52 245 113624 10 2549599 74128 2.4 42 17 1 4 9%   5 478540 39015 23%
c - 516.54 181 111 52 246 114833 9 2565251 76187 2.5 42 17 1 4 9%   5 478540 39015 23%
c } 517.64 181 111 53 246 115048 9 2570479 81273 2.5 43 17 1 4 9%   5 478540 39015 23%
c [ 517.64 181 77 53 246 115048 1 2570479 81273 2.6 77 29 1 9 13%   5 478540 39015 23%
c I 517.64 181 77 53 246 115048 1 2570479 81273 2.6 77 29 1 9 13%   5 478540 39015 23%
c - 519.97 181 78 53 247 115054 1 2580935 76058 2.6 77 29 1 8 13%   5 478540 39015 23%
c - 523.15 181 77 53 248 115062 1 2596654 73778 2.6 77 29 1 8 13%   5 478540 39015 23%
c o 525.80 182 78 53 248 115066 1 2607651 84654 2.7 78 29 1 8 13%   5 478540 39015 23%
c - 526.90 182 78 53 249 115069 1 2612402 71878 2.7 78 29 1 8 13%   5 478540 39015 23%
c - 530.63 182 77 53 250 115076 1 2628181 71145 2.6 80 30 1 8 13%   5 478540 39015 23%
c - 534.53 183 77 53 251 115078 1 2643993 69973 2.6 81 31 1 8 12%   5 478540 39015 23%
c - 538.70 183 77 53 252 115084 1 2659836 69960 2.6 82 31 1 8 12%   5 478540 39015 23%
c - 542.26 183 77 53 253 115092 1 2675710 70749 2.6 82 31 1 8 12%   5 478540 39015 23%
c - 545.69 184 77 53 254 115098 1 2691616 70996 2.6 82 32 1 8 12%   5 478540 39015 23%
c - 548.69 184 77 53 255 115107 1 2707553 70779 2.6 81 31 1 8 12%   5 478540 39015 23%
c u 549.36 184 77 53 255 115107 1 2709880 72176 2.6 81 31 1 8 12%   5 478540 39015 23%
c v 549.45 184 77 53 255 115107 1 2709880 70371 2.6 81 31 1 8 12%   5 478540 39015 23%
c w 550.06 184 77 53 255 115107 1 2709880 68896 2.6 81 31 1 8 12%   5 478540 39015 23%
c ] 550.39 184 77 54 255 115108 1 2711467 70460 2.6 81 31 1 8 12%   5 478540 39015 23%
c { 550.39 184 111 54 255 115108 9 2711467 70460 2.5 43 17 1 4 9%   5 478540 39015 23%
c
c seconds      switched       rate           size/glue  tier1   binary          remaining
c          MB    reductions      conflicts         size   tier2    irredundant
c            level      restarts        redundant     glue   trail         variables
c
c - 552.65 185 109 54 256 115274 9 2723522 70051 2.6 44 17 1 4 10%   5 478540 39015 23%
c - 555.58 185 108 54 257 115581 8 2739522 73754 2.6 45 17 1 4 10%   5 478540 39015 23%
c - 558.70 185 106 54 258 115938 8 2755554 75788 2.7 45 17 1 4 10%   5 478540 39015 23%
c - 562.18 185 105 54 259 116354 8 2771617 77035 2.7 46 17 1 4 11%   5 478540 39015 23%
c - 565.34 186 103 54 260 116769 7 2787711 77976 2.8 47 17 1 4 11%   5 478540 39015 23%
c - 567.98 186 100 54 261 117094 7 2803836 78284 2.8 47 17 1 4 11%   5 478540 39015 23%
c - 570.95 186 98 54 262 117522 7 2819991 78609 2.8 46 16 1 4 11%   5 478540 39015 23%
c - 574.16 187 97 54 263 117971 7 2836179 79399 2.8 46 16 1 4 11%   5 478540 39015 23%
c o 574.48 187 97 54 263 118002 7 2837825 81020 2.8 46 16 1 4 11%   5 478540 39015 23%
c - 577.72 187 97 54 264 118477 7 2852396 80100 2.8 46 16 1 4 11%   5 478540 39015 23%
c - 581.28 187 96 54 265 119088 7 2868644 80269 2.8 46 16 1 4 11%   5 478540 39015 23%
c } 581.58 187 96 55 265 119130 7 2869861 81454 2.8 46 16 1 4 11%   5 478540 39015 23%
c [ 581.58 187 77 55 265 119130 1 2869861 81454 2.6 81 31 1 8 12%   5 478540 39015 23%
c B 581.58 187 77 55 265 119130 1 2869861 81454 2.6 81 31 1 8 12%   5 478540 39015 23%
c u 583.41 187 77 55 265 119135 1 2876479 86941 2.6 80 31 1 8 12%   5 478540 39015 23%
c v 583.58 187 77 55 265 119135 1 2876479 82078 2.6 80 31 1 8 12%   5 478540 39015 23%
c w 584.93 187 77 55 265 119135 1 2876479 81925 2.6 80 31 1 8 12%   5 478540 39015 23%
c x 585.67 190 77 55 265 119135 1 2876479 81924 2.6 80 31 1 8 12%   5 478529 39015 23%
c - 587.59 172 77 55 266 119139 1 2884922 74496 2.6 80 31 1 8 12%   5 478529 39015 23%
c - 591.68 176 77 55 267 119144 1 2901231 72985 2.6 79 30 1 8 13%   5 478529 39015 23%
c
c seconds     switched       rate           size/glue  tier1   binary          remaining
c          MB   reductions      conflicts         size   tier2    irredundant
c           level      restarts        redundant     glue   trail         variables
c
c - 595.60 177 77 55 268 119154 1 2917572 72570 2.6 79 30 1 8 13%   5 478529 39015 23%
c - 599.48 178 78 55 269 119159 1 2933944 73157 2.7 79 30 1 8 13%   5 478529 39015 23%
c - 604.08 179 77 55 270 119160 1 2950345 72596 2.7 80 30 1 8 14%   5 478529 39015 23%
c - 607.99 179 77 55 271 119169 1 2966776 72153 2.8 81 29 1 8 13%   5 478529 39015 23%
c - 611.50 181 77 55 272 119175 1 2983239 72318 2.8 81 29 1 8 14%   5 478529 39015 23%
c ] 612.46 181 77 56 272 119176 1 2985769 74819 2.8 81 29 1 8 14%   5 478529 39015 23%
c { 612.46 181 96 56 272 119176 7 2985769 74819 2.8 46 16 1 4 11%   5 478529 39015 23%
c - 615.69 183 98 56 273 120263 7 2999731 74577 2.8 46 16 1 4 11%   5 478529 39015 23%
c - 619.70 184 100 56 274 121778 7 3016253 77604 2.8 46 17 1 4 11%   5 478529 39015 23%
c - 623.64 184 102 56 275 122981 8 3032806 79734 2.7 46 17 1 4 11%   5 478529 39015 23%
c u 627.85 184 103 56 275 124185 8 3048521 93717 2.7 46 17 1 4 11%   5 478529 39015 23%
c v 628.14 184 103 56 275 124185 8 3048521 88880 2.7 46 17 1 4 11%   5 478529 39015 23%
c w 631.91 185 103 56 275 124185 8 3048521 88247 2.7 46 17 1 4 11%   5 478529 39015 23%
c - 632.27 185 104 56 276 124230 8 3049390 75900 2.7 46 17 1 4 11%   5 478529 39015 23%
c - 636.41 185 104 56 277 125454 8 3066003 77869 2.7 46 17 1 4 11%   5 478529 39015 23%
c o 639.23 185 105 56 277 126283 8 3077830 89320 2.7 46 17 1 4 11%   5 478529 39015 23%
c - 640.35 185 104 56 278 126441 8 3082646 79547 2.7 47 17 1 4 11%   5 478529 39015 23%
c - 643.39 186 102 56 279 126734 7 3099319 80111 2.9 49 17 1 4 11%   5 478529 39015 23%
c - 647.45 186 101 56 280 127538 7 3116023 80555 3.0 50 17 1 4 11%   5 478529 39015 23%
c - 651.32 186 101 56 281 128927 7 3132756 81969 2.9 50 17 1 4 11%   5 478529 39015 23%
c
c seconds      switched       rate           size/glue  tier1   binary          remaining
c          MB    reductions      conflicts         size   tier2    irredundant
c            level      restarts        redundant     glue   trail         variables
c
c - 655.49 186 102 56 282 129925 7 3149520 82675 2.9 50 17 1 4 11%   5 478529 39015 23%
c } 656.83 186 102 57 282 130423 7 3155113 88067 2.9 50 17 1 4 11%   5 478529 39015 23%
c [ 656.83 186 77 57 282 130423 1 3155113 88067 2.8 81 29 1 8 14%   5 478529 39015 23%
c W 657.49 175 77 57 282 130423 1 3155113 88067 2.8 81 29 1 8 14%   5 478529 39015 23%
c - 659.84 178 77 57 283 130429 1 3166312 81712 2.7 80 29 1 8 14%   5 478529 39015 23%
c - 664.06 180 78 57 284 130437 1 3183136 78673 2.7 81 30 1 8 14%   5 478529 39015 23%
c - 668.43 180 78 57 285 130444 1 3199988 76849 2.7 82 30 1 8 14%   5 478529 39015 23%
c - 671.60 181 78 57 286 130452 1 3216869 76266 2.7 81 30 1 8 13%   5 478529 39015 23%
c u 673.80 181 77 57 286 130453 1 3226060 83875 2.7 81 30 1 8 13%   5 478529 39015 23%
c v 673.94 181 77 57 286 130453 1 3226060 81020 2.7 81 30 1 8 13%   5 478529 39015 23%
c w 677.26 184 77 57 286 130453 1 3226060 80216 2.7 81 30 1 8 13%   5 478529 39015 23%
c - 679.01 184 77 57 287 130453 1 3233781 72478 2.7 81 30 1 8 13%   5 478529 39015 23%
c s 680.74 184 77 57 287 130456 1 3240432 79080 2.7 81 30 1 8 13%   5 478528 39015 23%
c e 680.80 184 77 57 287 130456 1 3240432 79080 2.7 81 30 1 8 13%   5 478520 39000 23%
c s 680.80 184 77 57 287 130456 1 3240432 79080 2.7 81 30 1 8 13%   5 478510 39000 23%
c - 683.29 184 77 57 288 130461 1 3250724 73763 2.7 81 29 1 8 13%   5 478510 39000 23%
c - 687.11 185 77 57 289 130468 1 3267695 74430 2.7 82 30 1 8 13%   5 478510 39000 23%
c - 691.78 185 78 57 290 130477 1 3284695 74651 2.7 82 30 1 8 13%   5 478510 39000 23%
c - 695.78 185 78 57 291 130483 1 3301724 75598 2.8 82 29 1 8 14%   5 478510 39000 23%
c O 698.03 185 78 57 291 130484 1 3310475 84303 2.8 82 29 1 8 14%   5 478510 39000 23%
c
c seconds     switched       rate           size/glue  tier1   binary          remaining
c          MB   reductions      conflicts         size   tier2    irredundant
c           level      restarts        redundant     glue   trail         variables
c
c ] 699.39 185 78 58 291 130484 1 3315790 89558 2.8 82 29 1 8 14%   5 478510 39000 23%
c { 699.39 185 102 58 291 130484 7 3315790 89558 2.9 50 17 1 4 11%   5 478510 39000 23%
c - 699.91 186 102 58 292 130667 7 3318782 76207 2.9 50 17 1 4 11%   5 478510 39000 23%
c o 701.95 187 102 58 292 131199 7 3327833 84895 2.9 50 17 1 4 11%   5 478510 39000 23%
c - 704.13 187 104 58 293 131843 8 3335870 78885 2.8 49 17 1 4 11%   5 478510 39000 23%
c - 707.95 187 103 58 294 133007 8 3352988 81276 2.8 50 17 1 4 11%   5 478510 39000 23%
c - 712.37 188 103 58 295 134245 8 3370135 82373 2.8 49 18 1 4 11%   5 478510 39000 23%
c - 716.60 188 104 58 296 135163 8 3387311 83415 2.8 50 18 1 4 11%   5 478510 39000 23%
c - 720.97 189 103 58 297 136040 7 3404516 84306 2.9 51 18 1 4 11%   5 478510 39000 23%
c u 722.45 189 103 58 297 136217 7 3409124 87350 2.9 51 18 1 4 11%   5 478510 39000 23%
c v 722.69 189 103 58 297 136217 7 3409124 82451 2.9 51 18 1 4 11%   5 478510 39000 23%
c w 724.97 189 103 58 297 136217 7 3409124 79352 2.9 51 18 1 4 11%   5 478510 39000 23%
c - 727.81 177 103 58 298 136750 7 3421749 78254 2.9 51 18 1 4 11%   5 478510 39000 23%
c - 732.05 179 103 58 299 137623 7 3439012 80841 2.9 52 18 1 4 11%   5 478510 39000 23%
c - 736.58 180 103 58 300 138717 7 3456304 82823 2.9 52 18 1 4 11%   5 478510 39000 23%
c - 740.34 180 103 58 301 139411 7 3473624 84252 2.9 52 18 1 4 11%   5 478510 39000 23%
c - 744.72 181 104 58 302 140452 7 3490975 85463 2.9 52 18 1 4 11%   5 478510 39000 23%
c } 746.06 181 105 59 302 140874 7 3496419 90684 2.9 52 18 1 4 11%   5 478510 39000 23%
c [ 746.06 181 78 59 302 140874 1 3496419 90684 2.8 82 29 1 8 14%   5 478510 39000 23%
c B 746.06 181 78 59 302 140874 1 3496419 90684 2.8 82 29 1 8 14%   5 478510 39000 23%
c
c seconds     switched       rate           size/glue  tier1   binary          remaining
c          MB   reductions      conflicts         size   tier2    irredundant
c           level      restarts        redundant     glue   trail         variables
c
c - 749.35 181 79 59 303 140880 1 3508353 84712 2.8 82 29 1 8 14%   5 478510 39000 23%
c - 754.98 182 79 59 304 140888 1 3525759 82202 2.8 83 30 1 8 14%   5 478510 39000 23%
c - 758.99 182 79 59 305 140897 1 3543195 79940 2.8 82 30 1 8 14%   5 478510 39000 23%
c - 762.04 183 78 59 306 140903 1 3560659 79384 2.7 80 30 1 8 14%   5 478510 39000 23%
c - 765.93 183 78 59 307 140904 1 3578152 79833 2.7 81 30 1 8 14%   5 478510 39000 23%
c o 769.75 183 78 59 307 140914 1 3593516 95079 2.7 81 30 1 8 14%   5 478510 39000 23%
c - 770.20 183 78 59 308 140915 1 3595673 79892 2.7 81 30 1 8 14%   5 478510 39000 23%
c u 770.91 183 78 59 308 140917 1 3597738 80489 2.7 81 30 1 8 14%   5 478510 39000 23%
c v 771.03 183 78 59 308 140917 1 3597738 77766 2.7 81 30 1 8 14%   5 478510 39000 23%
c w 771.68 183 78 59 308 140917 1 3597738 75883 2.7 81 30 1 8 14%   5 478510 39000 23%
c - 775.91 184 79 59 309 140921 1 3613222 75689 2.8 82 30 1 8 14%   5 478510 39000 23%
c - 780.33 184 79 59 310 140932 1 3630801 76802 2.7 81 30 1 8 14%   5 478510 39000 23%
c - 785.10 184 78 59 311 140935 1 3648408 77342 2.8 82 29 1 8 14%   5 478510 39000 23%
c ] 788.33 185 78 60 311 140935 1 3660106 88977 2.8 83 29 1 8 14%   5 478510 39000 23%
c { 788.33 185 105 60 311 140935 7 3660106 88977 2.9 52 18 1 4 11%   5 478510 39000 23%
c - 789.78 185 105 60 312 141099 7 3666045 78466 2.9 52 18 1 4 11%   5 478510 39000 23%
c - 793.64 185 106 60 313 141805 7 3683708 81400 2.9 52 18 1 4 11%   5 478510 39000 23%
c s 797.98 185 106 60 313 142742 7 3701284 98355 2.9 52 18 1 4 11%   5 478509 39000 23%
c - 798.13 186 106 60 314 142756 7 3701399 83501 2.9 52 18 1 4 11%   5 478509 39000 23%
c - 802.08 186 107 60 315 143452 7 3719120 84884 2.9 53 18 1 4 11%   5 478509 39000 23%
c
c seconds      switched       rate           size/glue  tier1   binary          remaining
c          MB    reductions      conflicts         size   tier2    irredundant
c            level      restarts        redundant     glue   trail         variables
c
c - 805.89 187 107 60 316 144017 6 3736868 86248 3.0 53 18 1 4 12%   5 478509 39000 23%
c - 809.65 187 106 60 317 144622 6 3754644 87540 3.0 53 18 1 4 12%   5 478509 39000 23%
c - 814.01 187 106 60 318 145607 6 3772449 88406 3.0 53 18 1 4 12%   5 478509 39000 23%
c - 817.90 187 104 60 319 146465 6 3790282 88829 3.0 53 18 1 4 11%   5 478509 39000 23%
c u 818.57 187 104 60 319 146465 6 3791931 88761 3.0 53 18 1 4 12%   5 478509 39000 23%
c v 818.81 187 104 60 319 146465 6 3791931 83177 3.0 53 18 1 4 12%   5 478509 39000 23%
c w 819.58 187 104 60 319 146465 6 3791931 80450 3.0 53 18 1 4 12%   5 478509 39000 23%
c - 823.58 187 103 60 320 147142 6 3808142 82031 3.1 54 18 1 4 12%   5 478509 39000 23%
c - 828.20 187 106 60 321 148516 7 3826030 84978 3.0 53 18 1 4 11%   5 478509 39000 23%
c - 832.35 187 105 60 322 149471 7 3843946 86646 3.0 53 18 1 4 11%   5 478509 39000 23%
c } 834.22 187 105 61 322 149775 6 3852358 94836 3.0 53 18 1 4 11%   5 478509 39000 23%
c [ 834.22 187 78 61 322 149775 1 3852358 94836 2.8 83 29 1 8 14%   5 478509 39000 23%
c W 834.51 176 78 61 322 149775 1 3852358 94836 2.8 83 29 1 8 14%   5 478509 39000 23%
c - 836.40 178 78 61 323 149781 1 3861890 85642 2.8 82 29 1 7 14%   5 478509 39000 23%
c o 838.20 179 77 61 323 149787 1 3870920 94576 2.8 81 29 1 7 14%   5 478509 39000 23%
c - 839.98 180 77 61 324 149789 1 3879862 83448 2.8 82 29 1 7 14%   5 478509 39000 23%
c - 844.39 181 77 61 325 149797 1 3897862 80992 2.8 83 30 1 7 13%   5 478509 39000 23%
c - 848.49 181 76 61 326 149804 1 3915891 79953 2.7 83 31 1 7 13%   5 478509 39000 23%
c - 852.27 182 76 61 327 149805 1 3933946 80296 2.8 84 30 1 7 13%   5 478509 39000 23%
c - 855.86 183 76 61 328 149816 1 3952029 80181 2.7 82 30 1 7 13%   5 478509 39000 23%
c
c seconds     switched       rate           size/glue  tier1   binary          remaining
c          MB   reductions      conflicts         size   tier2    irredundant
c           level      restarts        redundant     glue   trail         variables
c
c - 859.65 183 76 61 329 149823 1 3970139 80476 2.7 81 30 1 7 13%   5 478509 39000 23%
c - 863.17 184 76 61 330 149833 1 3988277 80773 2.7 81 30 1 7 12%   5 478509 39000 23%
c u 864.34 184 76 61 330 149834 1 3991730 82851 2.7 81 30 1 7 12%   5 478509 39000 23%
c v 864.50 184 76 61 330 149834 1 3991730 80440 2.7 81 30 1 7 12%   5 478509 39000 23%
c w 865.86 184 76 61 330 149834 1 3991730 79000 2.7 81 30 1 7 12%   5 478509 39000 23%
c - 871.57 185 75 61 331 149836 1 4006443 76791 2.7 81 30 1 7 12%   5 478509 39000 23%
c - 875.77 185 75 61 332 149837 1 4024636 77221 2.7 81 30 1 7 12%   5 478509 39000 23%
c I 876.86 185 75 61 332 149837 1 4030012 82542 2.7 81 30 1 7 12%   5 478509 39000 23%
c ] 879.77 186 76 62 332 149837 1 4040191 92631 2.8 82 29 1 7 13%   5 478509 39000 23%
c { 879.77 186 105 62 332 149837 6 4040191 92631 3.0 53 18 1 4 11%   5 478509 39000 23%
c - 880.23 186 104 62 333 149914 6 4042856 78943 3.0 54 18 1 4 11%   5 478509 39000 23%
c - 884.37 187 104 62 334 150701 6 4061106 81997 3.0 54 18 1 4 11%   5 478509 39000 23%
c - 888.22 188 105 62 335 151574 6 4079382 84228 3.0 54 18 1 4 11%   5 478509 39000 23%
c - 892.80 188 104 62 336 152623 6 4097686 85487 3.0 54 18 1 4 11%   5 478509 39000 23%
c - 897.09 188 103 62 337 153337 6 4116016 86518 3.0 54 18 1 4 12%   5 478509 39000 23%
c - 901.76 189 104 62 338 154419 6 4134373 87451 3.0 54 18 1 4 11%   5 478509 39000 23%
c o 905.98 189 104 62 338 155322 6 4151460 104077 3.0 54 18 1 4 12%   5 478509 39000 23%
c - 906.42 189 104 62 339 155449 6 4152757 88397 3.0 54 18 1 4 12%   5 478509 39000 23%
c - 910.71 189 105 62 340 156291 6 4171171 89226 3.1 55 18 1 4 12%   5 478509 39000 23%
c - 915.48 189 106 62 341 157228 6 4189611 90086 3.0 54 18 1 4 12%   5 478509 39000 23%
c
c seconds      switched       rate           size/glue  tier1   binary          remaining
c          MB    reductions      conflicts         size   tier2    irredundant
c            level      restarts        redundant     glue   trail         variables
c
c u 917.95 178 105 62 341 157555 6 4197162 95555 3.1 55 18 1 4 12%   5 478509 39000 23%
c v 918.23 178 105 62 341 157555 6 4197162 89732 3.1 55 18 1 4 12%   5 478509 39000 23%
c w 920.86 180 105 62 341 157555 6 4197162 89285 3.1 55 18 1 4 12%   5 478509 39000 23%
c x 921.87 185 105 62 341 157555 6 4197162 89285 3.1 55 18 1 4 12%   5 478500 39000 23%
c s 922.92 186 105 62 341 157624 6 4200619 92674 3.1 55 18 1 4 12%   5 478472 39000 23%
c e 922.97 186 105 62 341 157624 6 4200619 92674 3.1 55 18 1 4 12%   5 478524 38986 23%
c s 922.97 186 105 62 341 157624 6 4200619 92674 3.1 55 18 1 4 12%   5 478506 38986 23%
c - 924.68 187 105 62 342 157936 6 4208078 84568 3.1 55 18 1 4 12%   5 478506 38986 23%
c - 928.74 187 103 62 343 158533 6 4226571 86613 3.1 55 18 1 4 12%   5 478506 38986 23%
c } 934.31 188 104 63 343 159029 6 4244401 103900 3.4 59 17 1 4 13%   5 478506 38986 23%
c [ 934.31 188 76 63 343 159029 1 4244401 103900 2.8 82 29 1 7 13%   5 478506 38986 23%
c B 934.31 188 76 63 343 159029 1 4244401 103900 2.8 82 29 1 7 13%   5 478506 38986 23%
c - 934.48 188 76 63 344 159029 1 4245094 88219 2.8 82 29 1 7 14%   5 478506 38986 23%
c - 938.99 190 79 63 345 159041 1 4263641 87562 3.0 86 29 1 7 15%   5 478506 38986 23%
c - 944.83 190 83 63 346 159047 1 4282216 85071 3.1 88 29 1 7 17%   5 478506 38986 23%
c - 950.20 192 85 63 347 159057 1 4300818 84508 3.3 95 29 1 7 18%   5 478506 38986 23%
c - 956.53 193 85 63 348 159059 1 4319445 84019 3.3 95 29 1 7 19%   5 478506 38986 23%
c - 962.82 174 85 63 349 159066 1 4338099 84020 3.4 101 29 1 7 20%   5 478506 38986 23%
c - 967.96 176 86 63 350 159074 1 4356780 85420 3.5 101 29 1 7 20%   5 478506 38986 23%
c - 973.19 176 87 63 351 159084 1 4375488 85573 3.6 104 29 1 7 21%   5 478506 38986 23%
c
c seconds     switched       rate           size/glue   tier1   binary          remaining
c          MB   reductions      conflicts         size    tier2    irredundant
c           level      restarts        redundant      glue   trail         variables
c
c - 978.96 177 88 63 352 159090 1 4394222 85761 3.6 108 30 1 7 21%   5 478506 38986 23%
c ] 981.49 177 88 64 352 159090 1 4404291 95774 3.4 106 31 1 7 20%   5 478506 38986 23%
c { 981.49 177 104 64 352 159090 6 4404291 95774 3.4 59 17 1 4 13%   5 478506 38986 23%
c u 982.79 183 105 64 352 159342 6 4408252 98240 3.3 58 17 1 4 13%   5 478506 38986 23%
c v 982.97 184 105 64 352 159342 6 4408252 95352 3.3 58 17 1 4 13%   5 478506 38986 23%
c w 987.69 188 105 64 352 159342 6 4408252 94408 3.3 58 17 1 4 13%   5 478506 38986 23%
c - 988.99 189 104 64 353 159642 6 4412983 82441 3.3 58 17 1 4 13%   5 478506 38986 23%
c - 992.88 191 103 64 354 160622 6 4431772 84212 3.2 57 18 1 4 12%   5 478506 38986 23%
c o 995.07 191 105 64 354 161241 6 4441489 93522 3.2 56 18 1 4 12%   5 478506 38986 23%
c - 996.92 192 103 64 355 161623 6 4450587 86684 3.2 56 18 1 4 12%   5 478506 38986 23%
c - 1001.44 192 105 64 356 162620 6 4469430 88479 3.1 56 18 1 4 12%   5 478506 38986 23%
c - 1005.79 193 106 64 357 163752 6 4488298 89668 3.1 55 18 1 4 12%   5 478506 38986 23%
c - 1009.81 193 105 64 358 164792 6 4507194 90528 3.1 54 18 1 4 11%   5 478506 38986 23%
c - 1014.24 183 104 64 359 165618 6 4526116 91256 3.1 55 18 1 4 12%   5 478506 38986 23%
c - 1018.31 184 104 64 360 166734 7 4545065 91958 3.1 55 18 1 4 11%   5 478506 38986 23%
c - 1022.79 185 104 64 361 167697 6 4564040 92627 3.1 55 18 1 4 11%   5 478506 38986 23%
c - 1027.44 186 105 64 362 168594 6 4583042 93471 3.1 55 18 1 4 12%   5 478506 38986 23%
c - 1031.40 186 102 64 363 169168 6 4602069 93886 3.2 56 18 1 3 12%   5 478506 38986 23%
c } 1036.33 187 104 65 363 170485 6 4620789 111988 3.1 55 18 1 3 12%   5 478506 38986 23%
c [ 1036.33 187 88 65 363 170485 1 4620789 111988 3.4 106 31 1 7 20%   5 478506 38986 23%
c
c  seconds     switched       rate            size/glue   tier1   binary          remaining
c           MB   reductions      conflicts          size    tier2    irredundant
c            level      restarts        redundant       glue   trail         variables
c
c W 1037.16 180 88 65 363 170485 1 4620789 111988 3.4 106 31 1 7 20%   5 478506 38986 23%
c - 1037.26 181 88 65 364 170485 1 4621123 94425 3.4 106 31 1 7 20%   5 478506 38986 23%
c u 1038.68 184 88 65 364 170488 1 4625029 95744 3.4 105 31 1 7 20%   5 478506 38986 23%
c v 1038.90 184 88 65 364 170488 1 4625029 90715 3.4 105 31 1 7 20%   5 478506 38986 23%
c w 1041.11 185 88 65 364 170488 1 4625029 87602 3.4 105 31 1 7 20%   5 478506 38986 23%
c - 1045.78 185 89 65 365 170497 1 4640202 85564 3.5 108 31 1 7 21%   5 478506 38986 23%
c - 1051.60 186 91 65 366 170504 1 4659306 84969 3.3 106 32 1 7 20%   5 478506 38986 23%
c - 1056.65 187 91 65 367 170514 1 4678437 85293 3.4 107 32 1 7 20%   5 478506 38986 23%
c - 1062.25 187 91 65 368 170515 1 4697595 86083 3.3 106 32 1 7 20%   5 478506 38986 23%
c - 1068.13 188 91 65 369 170524 1 4716778 86395 3.4 106 31 1 7 20%   5 478506 38986 23%
c - 1074.03 188 92 65 370 170530 1 4735987 87574 3.5 111 32 1 7 21%   5 478506 38986 23%
c o 1075.99 188 93 65 370 170536 1 4742260 93745 3.5 111 32 1 7 21%   5 478506 38986 23%
c - 1079.15 189 91 65 371 170543 1 4755225 87904 3.4 109 32 1 7 20%   5 478506 38986 23%
c - 1083.41 190 89 65 372 170546 1 4774486 87262 3.4 104 31 1 7 19%   5 478506 38986 23%
c - 1087.14 190 88 65 373 170547 1 4793773 85625 3.3 103 31 1 7 19%   5 478506 38986 23%
c - 1091.04 191 86 65 374 170547 1 4813087 84569 3.3 100 31 1 7 18%   5 478506 38986 23%
c ] 1092.14 191 86 66 374 170547 1 4817660 89116 3.3 101 31 1 7 18%   5 478506 38986 23%
c { 1092.14 191 104 66 374 170547 6 4817660 89116 3.1 55 18 1 3 12%   5 478506 38986 23%
c - 1095.23 192 104 66 375 170675 6 4832426 87327 3.1 55 18 1 3 12%   5 478506 38986 23%
c u 1098.75 192 102 66 375 170838 5 4847522 100885 3.2 56 17 1 3 12%   5 478506 38986 23%
c
c  seconds      switched       rate           size/glue  tier1   binary          remaining
c           MB    reductions      conflicts         size   tier2    irredundant
c             level      restarts        redundant     glue   trail         variables
c
c v 1098.92 192 102 66 375 170838 5 4847522 98767 3.2 56 17 1 3 12%   5 478506 38986 23%
c w 1103.59 193 102 66 375 170838 5 4847522 97801 3.2 56 17 1 3 12%   5 478506 38986 23%
c - 1104.78 193 102 66 376 170900 5 4851790 86703 3.2 56 17 1 3 12%   5 478506 38986 23%
c - 1108.86 184 100 66 377 171181 5 4871180 88582 3.3 56 17 1 3 12%   5 478506 38986 23%
c - 1112.94 185 100 66 378 171552 5 4890597 90403 3.2 55 17 1 3 12%   5 478506 38986 23%
c - 1116.61 186 98 66 379 171910 5 4910040 91851 3.3 54 17 1 3 12%   5 478506 38986 23%
c - 1121.22 187 99 66 380 172632 5 4929508 93247 3.2 53 17 1 3 11%   5 478506 38986 23%
c - 1125.31 188 98 66 381 173384 5 4949002 94582 3.1 52 17 1 3 11%   5 478506 38986 23%
c - 1129.47 188 98 66 382 173938 5 4968521 95730 3.1 52 16 1 3 11%   5 478506 38986 23%
c - 1133.86 188 98 66 383 174536 5 4988066 96685 3.2 51 16 1 3 11%   5 478506 38986 23%
c - 1137.95 189 98 66 384 175570 5 5007638 97736 3.1 50 16 1 3 10%   5 478506 38986 23%
c - 1142.49 189 97 66 385 176334 5 5027234 98492 3.1 50 16 1 3 11%   5 478506 38986 23%
c } 1147.69 189 97 67 385 176950 5 5046775 116989 3.2 51 16 1 3 11%   5 478506 38986 23%
c [ 1147.69 189 86 67 385 176950 1 5046775 116989 3.3 101 31 1 7 18%   5 478506 38986 23%
c O 1147.69 189 86 67 385 176950 1 5046775 116989 3.3 101 31 1 7 18%   5 478506 38986 23%
c - 1147.73 189 86 67 386 176950 1 5046856 99585 3.3 100 31 1 7 18%   5 478506 38986 23%
c o 1149.00 189 85 67 386 176955 1 5052976 105643 3.3 99 30 1 7 18%   5 478506 38986 23%
c - 1151.89 189 85 67 387 176962 1 5066502 98197 3.2 96 30 1 7 17%   5 478506 38986 23%
c u 1154.06 190 84 67 387 176964 1 5075754 104155 3.1 95 30 1 7 17%   5 478506 38986 23%
c v 1154.24 190 84 67 387 176964 1 5075754 99182 3.1 95 30 1 7 17%   5 478506 38986 23%
c
c  seconds     switched       rate           size/glue  tier1   binary          remaining
c           MB   reductions      conflicts         size   tier2    irredundant
c            level      restarts        redundant     glue   trail         variables
c
c w 1157.44 192 84 67 387 176964 1 5075754 95529 3.1 95 30 1 7 17%   5 478506 38986 23%
c - 1159.60 192 83 67 388 176970 1 5086174 86395 3.1 93 30 1 7 16%   5 478506 38986 23%
c - 1163.76 192 82 67 389 176979 1 5105871 86257 3.0 91 30 1 7 15%   5 478506 38986 23%
c - 1167.97 193 80 67 390 176980 1 5125594 86370 2.9 89 30 1 7 15%   5 478506 38986 23%
c - 1172.21 193 79 67 391 176990 1 5145342 86624 2.9 87 30 1 7 14%   5 478506 38986 23%
c - 1177.21 193 78 67 392 176998 1 5165116 86897 2.8 86 31 1 7 14%   5 478506 38986 23%
c - 1181.57 177 78 67 393 177009 1 5184914 87274 2.7 84 31 1 7 14%   5 478506 38986 23%
c - 1185.44 178 78 67 394 177011 1 5204739 87781 2.7 83 31 1 7 13%   5 478506 38986 23%
c - 1189.12 179 77 67 395 177012 1 5224589 87232 2.8 83 30 1 7 13%   5 478506 38986 23%
c - 1193.17 180 76 67 396 177012 1 5244464 86606 2.8 83 30 1 7 13%   5 478506 38986 23%
c B 1195.61 181 76 67 396 177019 1 5255892 97937 2.7 82 30 1 7 13%   5 478506 38986 23%
c - 1197.81 182 76 67 397 177025 1 5264363 87609 2.7 82 30 1 7 13%   5 478506 38986 23%
c ] 1199.95 182 76 68 397 177027 1 5276152 99269 2.8 81 29 1 7 13%   5 478506 38986 23%
c { 1199.95 182 97 68 397 177027 5 5276152 99269 3.2 51 16 1 3 11%   5 478506 38986 23%
c - 1201.97 187 98 68 398 177821 5 5284288 89581 3.1 50 16 1 3 11%   5 478506 38986 23%
c - 1206.83 188 98 68 399 179662 6 5304237 91884 3.0 50 17 1 3 10%   5 478506 38986 23%
c u 1208.76 189 99 68 399 180196 7 5309727 95988 3.0 49 17 1 3 10%   5 478506 38986 23%
c v 1208.90 189 99 68 399 180196 7 5309727 93624 3.0 49 17 1 3 10%   5 478506 38986 23%
c w 1210.83 189 99 68 399 180196 7 5309727 89983 3.0 49 17 1 3 10%   5 478506 38986 23%
c - 1214.30 189 100 68 400 181118 7 5324212 89075 2.9 50 17 1 3 10%   5 478506 38986 23%
c
c  seconds      switched       rate           size/glue  tier1   binary          remaining
c           MB    reductions      conflicts         size   tier2    irredundant
c             level      restarts        redundant     glue   trail         variables
c
c - 1218.60 190 101 68 401 182679 7 5344213 92326 2.9 49 17 1 3 10%   5 478506 38986 23%
c - 1223.10 190 100 68 402 184466 8 5364238 94349 2.8 49 17 1 3 10%   5 478506 38986 23%
c o 1224.95 190 100 68 402 184982 8 5373124 102988 2.8 49 17 1 3 10%   5 478506 38986 23%
c - 1228.16 190 101 68 403 185699 8 5384287 95814 2.8 50 17 1 3 10%   5 478506 38986 23%
c - 1233.41 191 101 68 404 186816 7 5404361 97305 2.9 50 18 1 3 10%   5 478506 38986 23%
c - 1238.70 191 100 68 405 187540 7 5424460 98349 2.9 51 17 1 3 11%   5 478506 38986 23%
c - 1243.41 191 99 68 406 188695 7 5444585 98765 3.0 52 17 1 3 11%   5 478506 38986 23%
c - 1248.06 191 99 68 407 189902 7 5464735 99225 2.9 52 18 1 3 11%   5 478506 38986 23%
c - 1252.86 192 100 68 408 191058 7 5484911 100205 2.9 52 18 1 3 11%   5 478506 38986 23%
c - 1258.07 192 100 68 409 192392 7 5505110 100851 2.9 52 18 1 3 11%   5 478506 38986 23%
c } 1261.03 192 100 69 409 192880 7 5518211 113588 3.0 53 18 1 3 11%   5 478506 38986 23%
c [ 1261.03 192 76 69 409 192880 1 5518211 113588 2.8 81 29 1 7 13%   5 478506 38986 23%
c W 1263.27 181 76 69 409 192880 1 5518211 113588 2.8 81 29 1 7 13%   5 478506 38986 23%
c - 1264.81 183 76 69 410 192885 1 5525334 100866 2.8 82 29 1 7 13%   5 478506 38986 23%
c - 1269.66 185 76 69 411 192894 1 5545582 99234 2.8 80 29 1 7 13%   5 478506 38986 23%
c u 1271.11 186 76 69 411 192894 1 5549496 100474 2.8 80 29 1 7 13%   5 478506 38986 23%
c v 1271.28 186 76 69 411 192894 1 5549496 95767 2.8 80 29 1 7 13%   5 478506 38986 23%
c w 1272.93 186 76 69 411 192894 1 5549496 92816 2.8 80 29 1 7 13%   5 478506 38986 23%
c - 1276.71 187 77 69 412 192904 1 5565855 89821 2.8 80 28 1 7 13%   5 478506 38986 23%
c - 1281.80 187 77 69 413 192910 1 5586153 90514 2.8 81 29 1 7 13%   5 478506 38986 23%
c
c  seconds     switched       rate           size/glue  tier1   binary          remaining
c           MB   reductions      conflicts         size   tier2    irredundant
c            level      restarts        redundant     glue   trail         variables
c
c - 1287.46 187 77 69 414 192915 1 5606475 90882 2.9 82 28 1 7 14%   5 478506 38986 23%
c - 1291.47 188 76 69 415 192925 1 5626821 91533 2.8 80 29 1 7 13%   5 478506 38986 23%
c - 1295.75 188 76 69 416 192934 1 5647192 91110 2.7 79 29 1 7 13%   5 478506 38986 23%
c - 1300.51 189 77 69 417 192941 1 5667588 91157 2.8 79 28 1 7 13%   5 478506 38986 23%
c - 1305.28 190 77 69 418 192942 1 5688009 90540 2.7 80 29 1 7 13%   5 478506 38986 23%
c - 1310.11 190 77 69 419 192942 1 5708454 90796 2.8 79 28 1 7 13%   5 478506 38986 23%
c o 1312.07 190 77 69 419 192943 1 5716137 98371 2.8 79 28 1 7 13%   5 478506 38986 23%
c - 1314.72 191 77 69 420 192950 1 5728924 91389 2.8 79 28 1 7 13%   5 478506 38986 23%
c I 1317.94 191 77 69 420 192957 1 5743778 106127 2.8 80 29 1 7 13%   5 478506 38986 23%
c - 1319.39 192 79 69 421 192958 1 5749419 91427 2.8 81 29 1 7 13%   5 478506 38986 23%
c ] 1319.96 192 79 70 421 192960 1 5752742 94730 2.8 80 29 1 7 13%   5 478506 38986 23%
c { 1319.96 192 100 70 421 192960 7 5752742 94730 3.0 53 18 1 3 11%   5 478506 38986 23%
c - 1323.52 192 99 70 422 193197 7 5769937 92941 3.0 52 18 1 3 11%   5 478506 38986 23%
c - 1328.29 193 98 70 423 193568 6 5790481 95825 3.0 53 17 1 3 12%   5 478506 38986 23%
c u 1329.79 193 98 70 423 193621 6 5795060 99176 3.1 53 17 1 3 12%   5 478506 38986 23%
c v 1329.95 193 98 70 423 193621 6 5795060 96951 3.1 53 17 1 3 12%   5 478506 38986 23%
c w 1331.91 193 98 70 423 193621 6 5795060 92894 3.1 53 17 1 3 12%   5 478506 38986 23%
c - 1335.36 193 98 70 424 193909 6 5811048 91942 3.1 52 17 1 3 12%   5 478506 38986 23%
c - 1339.69 194 96 70 425 194354 6 5831639 94837 3.0 51 17 1 3 12%   5 478506 38986 23%
c - 1344.39 194 96 70 426 194818 6 5852254 96814 3.1 51 17 1 3 13%   5 478506 38986 23%
c
c  seconds     switched       rate           size/glue  tier1   binary          remaining
c           MB   reductions      conflicts         size   tier2    irredundant
c            level      restarts        redundant     glue   trail         variables
c
c - 1348.97 194 96 70 427 195361 6 5872893 98154 3.1 50 16 1 3 13%   5 478506 38986 23%
c - 1352.84 183 94 70 428 195811 6 5893556 98868 3.1 50 16 1 3 13%   5 478506 38986 23%
c - 1357.09 184 93 70 429 196360 6 5914248 98857 3.1 49 16 1 3 12%   5 478506 38986 23%
c - 1361.96 185 93 70 430 197163 6 5934961 98886 3.0 48 16 1 3 12%   5 478506 38986 23%
c - 1366.38 186 91 70 431 197702 6 5955697 99273 3.0 48 16 1 3 12%   5 478506 38986 23%
c - 1371.63 187 91 70 432 198579 6 5976458 99877 3.0 47 16 1 3 12%   5 478506 38986 23%
c - 1376.39 187 90 70 433 199451 6 5997242 100432 3.0 47 16 1 3 12%   5 478506 38986 23%
c } 1378.81 187 90 71 433 199967 6 6008069 110921 3.0 46 16 1 3 12%   5 478506 38986 23%
c [ 1378.81 187 79 71 433 199967 1 6008069 110921 2.8 80 29 1 7 13%   5 478506 38986 23%
c B 1378.81 187 79 71 433 199967 1 6008069 110921 2.8 80 29 1 7 13%   5 478506 38986 23%
c - 1380.51 187 79 71 434 199973 1 6018051 100017 2.8 80 28 1 7 13%   5 478506 38986 23%
c - 1384.58 188 79 71 435 199981 1 6038883 97320 2.8 80 29 1 7 13%   5 478506 38986 23%
c u 1386.56 188 79 71 435 199986 1 6046447 103355 2.8 79 29 1 7 13%   5 478506 38986 23%
c v 1386.74 188 79 71 435 199986 1 6046447 99779 2.8 79 29 1 7 13%   5 478506 38986 23%
c w 1389.13 189 79 71 435 199986 1 6046447 98968 2.8 79 29 1 7 13%   5 478506 38986 23%
c x 1390.22 193 79 71 435 199986 1 6046447 98965 2.8 79 29 1 7 13%   5 478502 38986 23%
c o 1393.03 194 78 71 435 199994 1 6059669 112026 2.8 79 29 1 7 13%   5 478502 38986 23%
c - 1393.12 194 78 71 436 199994 1 6059740 91069 2.8 79 29 1 7 13%   5 478502 38986 23%
c - 1398.43 179 79 71 437 199997 1 6080620 91785 2.8 80 28 1 7 13%   5 478502 38986 23%
c - 1402.53 181 78 71 438 200004 1 6101524 91101 2.8 79 29 1 7 13%   5 478502 38986 23%
c
c  seconds     switched       rate           size/glue  tier1   binary          remaining
c           MB   reductions      conflicts         size   tier2    irredundant
c            level      restarts        redundant     glue   trail         variables
c
c - 1406.67 182 78 71 439 200012 1 6122452 90638 2.7 79 29 1 7 13%   5 478502 38986 23%
c - 1410.79 183 77 71 440 200025 1 6143404 91132 2.7 78 29 1 7 12%   5 478502 38986 23%
c - 1415.43 184 77 71 441 200028 1 6164381 91359 2.7 80 29 1 7 12%   5 478502 38986 23%
c - 1420.35 185 76 71 442 200029 1 6185381 90749 2.8 81 29 1 7 13%   5 478502 38986 23%
c - 1424.62 186 76 71 443 200030 1 6206406 90159 2.7 82 30 1 7 12%   5 478502 38986 23%
c - 1429.81 187 76 71 444 200043 1 6227454 90099 2.7 81 30 1 7 12%   5 478502 38986 23%
c ] 1431.60 187 76 72 444 200044 1 6233912 96500 2.7 81 30 1 7 12%   5 478502 38986 23%
c { 1431.60 187 90 72 444 200044 6 6233912 96500 3.0 46 16 1 3 12%   5 478502 38986 23%
c - 1435.88 190 92 72 445 201769 7 6248528 92677 2.9 46 16 1 3 11%   5 478502 38986 23%
c - 1441.47 191 93 72 446 203787 8 6269624 95955 2.8 46 16 1 3 11%   5 478502 38986 23%
c - 1446.59 191 96 72 447 205434 8 6290743 98608 2.8 46 17 1 3 10%   5 478502 38986 23%
c u 1450.25 191 96 72 447 206666 8 6303684 109848 2.7 46 17 1 3 10%   5 478502 38986 23%
c v 1450.44 191 96 72 447 206666 8 6303684 106266 2.7 46 17 1 3 10%   5 478502 38986 23%
c w 1455.79 192 96 72 447 206666 8 6303684 104152 2.7 46 17 1 3 10%   5 478502 38986 23%
c - 1464.43 193 97 72 448 207387 8 6311885 95187 2.7 46 17 1 3 10%   5 478502 38986 23%
c - 1469.66 193 98 72 449 208792 8 6333051 97923 2.7 47 17 1 3 10%   5 478502 38986 23%
c - 1475.58 193 99 72 450 210380 8 6354240 100024 2.7 48 17 1 3 10%   5 478502 38986 23%
c - 1480.68 193 100 72 451 211580 8 6375455 101285 2.8 49 18 1 3 11%   5 478502 38986 23%
c s 1480.98 193 100 72 451 211682 8 6377185 102915 2.8 49 18 1 3 10%   5 478501 38986 23%
c e 1481.03 193 100 72 451 211682 8 6377185 102915 2.8 49 18 1 3 10%   5 478495 38970 23%
c
c  seconds      switched       rate            size/glue  tier1   binary          remaining
c           MB    reductions      conflicts          size   tier2    irredundant
c             level      restarts        redundant      glue   trail         variables
c
c s 1481.04 193 100 72 451 211682 8 6377185 102915 2.8 49 18 1 3 10%   5 478483 38970 23%
c - 1485.80 194 100 72 452 212676 8 6396693 102349 2.8 50 18 1 3 11%   5 478483 38970 23%
c o 1489.58 194 101 72 452 213469 8 6409682 115011 2.8 50 18 1 3 11%   5 478483 38970 23%
c - 1491.49 194 101 72 453 213955 8 6417953 103271 2.8 51 18 1 3 11%   5 478483 38970 23%
c - 1496.29 194 101 72 454 215116 7 6439238 104118 2.9 51 18 1 3 11%   5 478483 38970 23%
c - 1501.31 194 101 72 455 216412 7 6460545 104718 2.9 52 18 1 3 11%   5 478483 38970 23%
c - 1506.51 194 101 72 456 217377 7 6481876 105265 2.9 53 18 1 3 11%   5 478483 38970 23%
c } 1511.83 194 101 73 456 218387 7 6502828 125756 3.0 53 18 1 3 11%   5 478483 38970 23%
c [ 1511.83 194 76 73 456 218387 1 6502828 125756 2.7 81 30 1 7 12%   5 478483 38970 23%
c W 1512.15 181 76 73 456 218387 1 6502828 125756 2.7 81 30 1 7 12%   5 478483 38970 23%
c - 1512.28 182 76 73 457 218387 1 6503230 105762 2.7 81 30 1 7 12%   5 478483 38970 23%
c - 1518.30 185 76 73 458 218400 1 6524608 104398 2.6 80 30 1 7 13%   5 478483 38970 23%
c - 1523.47 186 76 73 459 218408 1 6546009 101001 2.7 80 30 1 7 13%   5 478483 38970 23%
c u 1529.50 182 76 73 459 218416 1 6566795 119032 2.7 80 29 1 7 13%   5 478483 38970 23%
c v 1529.70 183 76 73 459 218416 1 6566795 114708 2.7 80 29 1 7 13%   5 478483 38970 23%
c w 1535.81 188 76 73 459 218416 1 6566795 114463 2.7 80 29 1 7 13%   5 478483 38970 23%
c - 1536.12 188 76 73 460 218416 1 6567434 94781 2.7 80 29 1 7 13%   5 478483 38970 23%
c - 1542.07 189 76 73 461 218420 1 6588881 94194 2.7 81 30 1 7 13%   5 478483 38970 23%
c - 1546.65 190 76 73 462 218432 1 6610351 94053 2.6 80 30 1 7 13%   5 478483 38970 23%
c - 1551.12 190 75 73 463 218441 1 6631846 94632 2.6 79 30 1 7 12%   5 478483 38970 23%
c
c  seconds     switched       rate           size/glue  tier1   binary          remaining
c           MB   reductions      conflicts         size   tier2    irredundant
c            level      restarts        redundant     glue   trail         variables
c
c - 1556.00 191 75 73 464 218448 1 6653363 95359 2.6 79 30 1 7 13%   5 478483 38970 23%
c - 1560.68 192 75 73 465 218449 1 6674904 95149 2.7 80 30 1 7 12%   5 478483 38970 23%
c - 1565.73 193 76 73 466 218449 1 6696468 94371 2.7 83 30 1 7 13%   5 478483 38970 23%
c - 1570.37 193 76 73 467 218461 1 6718056 94775 2.7 82 30 1 7 12%   5 478483 38970 23%
c - 1576.05 194 75 73 468 218470 1 6739666 95212 2.7 84 31 1 7 12%   5 478483 38970 23%
c O 1579.61 194 75 73 468 218477 1 6753938 109382 2.7 85 31 1 7 12%   5 478483 38970 23%
c ] 1580.33 194 75 74 468 218478 1 6757665 113060 2.7 84 31 1 7 12%   5 478483 38970 23%
c { 1580.33 194 101 74 468 218478 7 6757665 113060 3.0 53 18 1 3 11%   5 478483 38970 23%
c - 1581.16 194 100 74 469 218663 7 6761299 95869 3.0 54 18 1 3 11%   5 478483 38970 23%
c o 1582.91 180 99 74 469 218769 6 6769748 104251 3.1 55 18 1 3 11%   5 478483 38970 23%
c - 1585.85 184 100 74 470 219472 7 6782955 99336 3.1 55 18 1 3 11%   5 478483 38970 23%
c - 1590.75 186 100 74 471 220757 7 6804634 101763 3.0 54 18 1 3 11%   5 478483 38970 23%
c - 1595.38 187 100 74 472 221659 6 6826336 103233 3.1 55 18 1 3 11%   5 478483 38970 23%
c u 1597.75 187 100 74 472 222045 6 6835783 111060 3.1 55 18 1 3 11%   5 478483 38970 23%
c v 1597.92 187 100 74 472 222045 6 6835783 107174 3.1 55 18 1 3 11%   5 478483 38970 23%
c w 1602.46 188 100 74 472 222045 6 6835783 102489 3.1 55 18 1 3 11%   5 478483 38970 23%
c - 1605.21 188 99 74 473 222484 6 6848061 97103 3.1 56 18 1 3 11%   5 478483 38970 23%
c - 1609.74 188 99 74 474 223204 6 6869810 99999 3.2 56 18 1 3 12%   5 478483 38970 23%
c - 1614.97 189 99 74 475 224214 6 6891581 102010 3.2 56 18 1 3 12%   5 478483 38970 23%
c - 1620.57 189 99 74 476 225625 6 6913375 103392 3.1 55 18 1 3 12%   5 478483 38970 23%
c
c  seconds     switched       rate            size/glue  tier1   binary          remaining
c           MB   reductions      conflicts          size   tier2    irredundant
c            level      restarts        redundant      glue   trail         variables
c
c - 1625.44 189 99 74 477 226865 6 6935193 104174 3.1 55 18 1 3 12%   5 478483 38970 23%
c - 1630.96 190 98 74 478 227868 6 6957033 105017 3.1 56 18 1 3 12%   5 478483 38970 23%
c - 1636.33 190 99 74 479 228899 6 6978896 106020 3.1 56 18 1 3 12%   5 478483 38970 23%
c - 1641.72 190 100 74 480 229957 6 7000782 107003 3.1 55 18 1 3 12%   5 478483 38970 23%
c - 1646.97 190 101 74 481 231031 6 7022691 107795 3.1 56 18 1 3 12%   5 478483 38970 23%
c } 1651.46 191 101 75 481 231834 6 7040492 125200 3.1 56 18 1 3 12%   5 478483 38970 23%
c [ 1651.46 191 75 75 481 231834 1 7040492 125200 2.7 84 31 1 7 12%   5 478483 38970 23%
c B 1651.46 191 75 75 481 231834 1 7040492 125200 2.7 84 31 1 7 12%   5 478483 38970 23%
c - 1652.68 191 75 75 482 231837 1 7044623 108198 2.7 84 31 1 7 12%   5 478483 38970 23%
c - 1658.58 191 76 75 483 231848 1 7066579 106114 2.7 85 31 1 7 12%   5 478483 38970 23%
c - 1664.73 191 76 75 484 231858 1 7088556 102601 2.7 85 31 1 7 12%   5 478483 38970 23%
c - 1670.49 192 76 75 485 231864 1 7110556 101667 2.8 86 31 1 7 13%   5 478483 38970 23%
c u 1671.05 192 76 75 485 231864 1 7110700 99372 2.8 86 31 1 7 13%   5 478483 38970 23%
c v 1671.21 192 76 75 485 231864 1 7110700 95885 2.8 86 31 1 7 13%   5 478483 38970 23%
c w 1671.38 192 76 75 485 231864 1 7110700 94315 2.8 86 31 1 7 13%   5 478483 38970 23%
c - 1677.86 192 75 75 486 231871 1 7132578 95556 2.7 86 32 1 7 12%   5 478483 38970 23%
c o 1681.89 192 75 75 486 231879 1 7147394 110322 2.7 86 32 1 7 12%   5 478483 38970 23%
c - 1683.70 192 76 75 487 231879 1 7154624 96199 2.7 87 32 1 7 13%   5 478483 38970 23%
c - 1689.39 193 78 75 488 231893 1 7176693 97039 2.7 86 32 1 7 13%   5 478483 38970 23%
c - 1694.53 194 78 75 489 231895 1 7198783 96798 2.7 86 32 1 7 13%   5 478483 38970 23%
c
c  seconds     switched       rate           size/glue  tier1   binary          remaining
c           MB   reductions      conflicts         size   tier2    irredundant
c            level      restarts        redundant     glue   trail         variables
c
c - 1701.61 194 78 75 490 231896 1 7220897 96885 2.8 87 32 1 7 14%   5 478483 38970 23%
c - 1707.39 175 78 75 491 231900 1 7243032 97002 2.8 88 32 1 7 14%   5 478483 38970 23%
c - 1713.11 178 78 75 492 231911 1 7265191 98053 2.8 86 31 1 7 14%   5 478483 38970 23%
c ] 1718.01 179 79 76 492 231918 1 7282412 115155 2.8 86 31 1 7 14%   5 478483 38970 23%
c { 1718.01 179 101 76 492 231918 6 7282412 115155 3.1 56 18 1 3 12%   5 478483 38970 23%
c - 1720.54 185 102 76 493 232052 6 7287373 99204 3.2 57 18 1 3 12%   5 478483 38970 23%
c - 1725.17 187 102 76 494 232700 6 7309577 101990 3.2 57 18 1 3 12%   5 478483 38970 23%
c - 1731.21 188 101 76 495 233788 6 7331804 104396 3.2 57 18 1 3 12%   5 478483 38970 23%
c - 1736.93 189 102 76 496 235015 6 7354052 105767 3.1 56 18 1 3 12%   5 478483 38970 23%
c - 1743.00 189 102 76 497 236064 6 7376324 106881 3.1 56 18 1 3 12%   5 478483 38970 23%
c u 1747.55 190 103 76 497 236734 6 7391550 120025 3.1 56 18 1 3 12%   5 478483 38970 23%
c v 1747.77 190 103 76 497 236734 6 7391550 115632 3.1 56 18 1 3 12%   5 478483 38970 23%
c w 1754.87 190 103 76 497 236734 6 7391550 114186 3.1 56 18 1 3 12%   5 478483 38970 23%
c - 1756.58 191 103 76 498 237122 6 7398617 102286 3.1 56 18 1 3 12%   5 478483 38970 23%
c - 1762.22 191 103 76 499 237926 6 7420933 104513 3.2 57 18 1 3 12%   5 478483 38970 23%
c - 1768.32 191 103 76 500 239504 6 7443272 106254 3.1 56 18 1 3 12%   5 478483 38970 23%
c - 1773.11 191 103 76 501 240802 6 7465634 107454 3.1 56 18 1 3 11%   5 478483 38970 23%
c - 1777.95 192 101 76 502 241570 6 7488018 108066 3.2 57 18 1 3 12%   5 478483 38970 23%
c - 1783.39 192 101 76 503 242494 6 7510423 108954 3.2 57 18 1 3 12%   5 478483 38970 23%
c o 1787.37 192 100 76 503 243135 6 7527760 125910 3.2 57 18 1 3 12%   5 478483 38970 23%
c
c  seconds      switched       rate            size/glue  tier1   binary          remaining
c           MB    reductions      conflicts          size   tier2    irredundant
c             level      restarts        redundant      glue   trail         variables
c
c - 1788.53 192 100 76 504 243422 6 7532850 109995 3.2 57 18 1 3 12%   5 478483 38970 23%
c - 1794.49 192 100 76 505 244567 6 7555300 110710 3.2 57 18 1 3 12%   5 478483 38970 23%
c - 1800.31 193 101 76 506 246048 6 7577772 111299 3.1 56 18 1 3 12%   5 478483 38970 23%
c } 1800.89 193 101 77 506 246234 6 7579463 112943 3.1 56 18 1 3 12%   5 478483 38970 23%
c [ 1800.89 193 79 77 506 246234 1 7579463 112943 2.8 86 31 1 7 14%   5 478483 38970 23%
c W 1802.79 181 79 77 506 246234 1 7579463 112943 2.8 86 31 1 7 14%   5 478483 38970 23%
c - 1808.57 185 79 77 507 246247 1 7600267 110104 2.8 85 30 1 7 14%   5 478483 38970 23%
c - 1813.43 186 78 77 508 246255 1 7622784 106256 2.8 84 30 1 7 13%   5 478483 38970 23%
c - 1818.93 187 77 77 509 246263 1 7645323 104275 2.7 83 31 1 7 13%   5 478483 38970 23%
c - 1824.53 188 77 77 510 246269 1 7667886 103634 2.7 84 31 1 7 13%   5 478483 38970 23%
c u 1827.07 189 76 77 510 246274 1 7678355 111561 2.7 83 31 1 7 13%   5 478483 38970 23%
c v 1827.22 189 76 77 510 246274 1 7678355 108430 2.7 83 31 1 7 13%   5 478483 38970 23%
c w 1830.96 191 76 77 510 246274 1 7678355 105289 2.7 83 31 1 7 13%   5 478483 38970 23%
c - 1833.79 191 76 77 511 246279 1 7690470 97065 2.7 83 31 1 7 13%   5 478483 38970 23%
c - 1839.01 191 76 77 512 246291 1 7713076 98593 2.7 82 31 1 7 13%   5 478483 38970 23%
c - 1845.43 192 77 77 513 246295 1 7735703 99708 2.7 84 31 1 7 13%   5 478483 38970 23%
c - 1850.55 192 76 77 514 246296 1 7758354 99326 2.8 87 31 1 7 13%   5 478483 38970 23%
c - 1855.98 193 75 77 515 246299 1 7781026 98605 2.8 88 32 1 7 12%   5 478483 38970 23%
c - 1861.27 193 75 77 516 246311 1 7803719 99653 2.7 86 32 1 7 12%   5 478483 38970 23%
c - 1866.45 193 76 77 517 246321 1 7826435 100756 2.7 83 31 1 7 12%   5 478483 38970 23%
c
c  seconds     switched       rate            size/glue  tier1   binary          remaining
c           MB   reductions      conflicts          size   tier2    irredundant
c            level      restarts        redundant      glue   trail         variables
c
c - 1872.31 193 76 77 518 246327 1 7849173 101143 2.7 84 31 1 7 13%   5 478483 38970 23%
c I 1874.12 193 76 77 518 246327 1 7857126 109025 2.7 84 31 1 7 13%   5 478483 38970 23%
c ] 1875.19 194 76 78 518 246330 1 7862147 114002 2.7 84 31 1 7 13%   5 478483 38970 23%
c { 1875.19 194 101 78 518 246330 6 7862147 114002 3.1 56 18 1 3 12%   5 478483 38970 23%
c - 1877.66 195 101 78 519 246853 6 7871932 102168 3.1 56 18 1 3 12%   5 478483 38970 23%
c - 1882.64 184 101 78 520 247913 6 7894715 105398 3.1 56 18 1 3 12%   5 478483 38970 23%
c - 1887.42 186 99 78 521 248633 6 7917519 107651 3.1 57 18 1 3 12%   5 478483 38970 23%
c o 1888.05 186 98 78 521 248639 6 7919906 110029 3.1 57 18 1 3 12%   5 478483 38970 23%
c - 1893.38 188 99 78 522 249945 6 7940345 108932 3.1 56 18 1 3 12%   5 478483 38970 23%
c - 1898.86 188 98 78 523 250786 6 7963196 109777 3.1 56 18 1 3 12%   5 478483 38970 23%
c u 1901.55 188 98 78 523 251134 6 7971119 115862 3.1 56 18 1 3 12%   5 478483 38970 23%
c v 1901.78 188 98 78 523 251134 6 7971119 111358 3.1 56 18 1 3 12%   5 478483 38970 23%
c w 1906.47 189 98 78 523 251134 6 7971119 106729 3.1 56 18 1 3 12%   5 478483 38970 23%
c - 1910.69 189 99 78 524 251836 6 7986065 102964 3.1 57 18 1 3 12%   5 478483 38970 23%
c - 1916.67 189 98 78 525 252657 6 8008957 106061 3.2 57 18 1 3 12%   5 478483 38970 23%
c - 1921.85 190 99 78 526 253950 6 8031870 108229 3.1 56 18 1 3 12%   5 478483 38970 23%
c - 1927.14 190 98 78 527 254800 6 8054806 109321 3.1 57 18 1 3 12%   5 478483 38970 23%
c - 1933.52 190 97 78 528 255832 6 8077762 109940 3.2 57 18 1 3 12%   5 478483 38970 23%
c - 1939.46 190 97 78 529 257119 6 8100741 110612 3.1 57 18 1 3 12%   5 478483 38970 23%
c - 1944.77 190 97 78 530 258126 6 8123742 111435 3.1 57 18 1 3 12%   5 478483 38970 23%
c
c  seconds     switched       rate            size/glue  tier1   binary          remaining
c           MB   reductions      conflicts          size   tier2    irredundant
c            level      restarts        redundant      glue   trail         variables
c
c - 1950.70 191 97 78 531 259123 6 8146765 112249 3.2 57 18 1 3 12%   5 478483 38970 23%
c - 1957.18 191 98 78 532 260581 6 8169808 112895 3.1 57 18 1 3 12%   5 478483 38970 23%
c } 1958.16 191 99 79 532 260786 6 8173739 116697 3.1 57 18 1 3 12%   5 478483 38970 23%
c [ 1958.16 191 76 79 532 260786 1 8173739 116697 2.7 84 31 1 7 13%   5 478483 38970 23%
c B 1958.16 191 76 79 532 260786 1 8173739 116697 2.7 84 31 1 7 13%   5 478483 38970 23%
c - 1962.40 191 76 79 533 260798 1 8192873 112015 2.7 82 30 1 7 13%   5 478483 38970 23%
c - 1968.04 191 76 79 534 260807 1 8215960 108806 2.7 81 30 1 7 13%   5 478483 38970 23%
c - 1975.05 192 77 79 535 260815 1 8239068 107251 2.7 82 30 1 7 14%   5 478483 38970 23%
c - 1982.37 192 78 79 536 260821 1 8262198 105762 2.8 83 30 1 7 14%   5 478483 38970 23%
c u 1985.06 192 78 79 536 260825 1 8269895 110901 2.8 83 30 1 7 14%   5 478483 38970 23%
c v 1985.21 192 78 79 536 260825 1 8269895 108139 2.8 83 30 1 7 14%   5 478483 38970 23%
c w 1989.52 193 78 79 536 260825 1 8269895 105483 2.8 83 30 1 7 14%   5 478483 38970 23%
c - 1992.87 193 77 79 537 260831 1 8285349 99619 2.7 81 30 1 7 14%   5 478483 38970 23%
c - 1998.11 194 78 79 538 260844 1 8308522 100979 2.7 80 30 1 7 14%   5 478483 38970 23%
c o 2001.12 194 78 79 538 260847 1 8322132 114451 2.7 80 30 1 7 14%   5 478483 38970 23%
c - 2003.23 194 79 79 539 260847 1 8331716 102069 2.7 82 30 1 7 14%   5 478483 38970 23%
c - 2009.05 194 78 79 540 260848 1 8354932 101930 2.7 83 31 1 7 14%   5 478483 38970 23%
c - 2015.21 178 77 79 541 260854 1 8378169 101835 2.7 84 31 1 7 14%   5 478483 38970 23%
c - 2019.63 179 77 79 542 260863 1 8401429 102680 2.7 81 30 1 7 13%   5 478483 38970 23%
c - 2024.44 180 77 79 543 260876 1 8424709 103028 2.7 79 30 1 7 13%   5 478483 38970 23%
c
c  seconds     switched       rate            size/glue  tier1   binary          remaining
c           MB   reductions      conflicts          size   tier2    irredundant
c            level      restarts        redundant      glue   trail         variables
c
c - 2029.30 181 76 79 544 260879 1 8448011 102893 2.7 79 30 1 7 13%   5 478483 38970 23%
c W 2035.32 181 76 79 544 260889 1 8469649 124219 2.7 78 29 1 7 13%   5 478483 38970 23%
c - 2035.65 182 76 79 545 260890 1 8471335 102769 2.7 78 29 1 7 13%   5 478483 38970 23%
c ] 2039.63 184 76 80 545 260899 1 8493133 124246 2.6 78 30 1 7 12%   5 478483 38970 23%
c { 2039.63 184 99 80 545 260899 6 8493133 124246 3.1 57 18 1 3 12%   5 478483 38970 23%
c - 2039.97 186 98 80 546 260963 6 8494681 103277 3.1 57 18 1 3 12%   5 478483 38970 23%
c - 2045.32 189 98 80 547 261802 6 8518048 106008 3.2 57 18 1 3 12%   5 478483 38970 23%
c - 2050.98 190 97 80 548 262665 6 8541440 109223 3.2 58 18 1 3 12%   5 478483 38970 23%
c - 2057.22 191 97 80 549 263785 6 8564849 110842 3.2 57 18 1 3 12%   5 478483 38970 23%
c u 2059.80 191 97 80 549 264057 6 8574682 118976 3.2 57 18 1 3 12%   5 478483 38970 23%
c v 2060.04 191 97 80 549 264057 6 8574682 115264 3.2 57 18 1 3 12%   5 478483 38970 23%
c w 2064.01 192 97 80 549 264057 6 8574682 113610 3.2 57 18 1 3 12%   5 478483 38970 23%
c x 2065.08 194 97 80 549 264057 6 8574682 113609 3.2 57 18 1 3 12%   5 478476 38970 23%
c e 2067.21 175 98 80 549 264578 6 8583066 121641 3.1 57 18 1 3 12%   5 478490 38965 23%
c s 2067.22 175 98 80 549 264578 6 8583066 121641 3.1 57 18 1 3 12%   5 478482 38965 23%
c - 2068.22 181 98 80 550 264647 6 8588280 106938 3.2 57 18 1 3 12%   5 478482 38965 23%
c - 2073.38 185 98 80 551 265979 6 8611732 108764 3.2 57 18 1 3 12%   5 478482 38965 23%
c - 2079.21 187 98 80 552 267292 6 8635206 110439 3.1 56 18 1 3 11%   5 478482 38965 23%
c - 2085.02 188 98 80 553 268670 6 8658701 111783 3.1 56 18 1 3 11%   5 478482 38965 23%
c - 2090.35 188 97 80 554 269437 6 8682216 112566 3.1 56 18 1 3 11%   5 478482 38965 23%
c
c  seconds     switched       rate            size/glue  tier1   binary          remaining
c           MB   reductions      conflicts          size   tier2    irredundant
c            level      restarts        redundant      glue   trail         variables
c
c - 2095.44 189 96 80 555 270260 6 8705754 112963 3.2 57 18 1 3 11%   5 478482 38965 23%
c - 2101.67 189 97 80 556 271311 6 8729313 113799 3.2 57 18 1 3 12%   5 478482 38965 23%
c o 2102.47 189 97 80 556 271512 6 8732138 116543 3.2 57 18 1 3 12%   5 478482 38965 23%
c - 2107.87 189 97 80 557 272350 6 8752892 115074 3.2 57 18 1 3 12%   5 478482 38965 23%
c - 2113.76 190 97 80 558 273550 6 8776493 115402 3.2 57 18 1 3 12%   5 478482 38965 23%
c - 2120.55 191 94 80 559 274191 5 8800116 115642 3.3 58 18 1 3 13%   5 478482 38965 23%
c } 2125.80 191 94 81 559 275505 6 8819577 134751 3.2 57 18 1 3 12%   5 478482 38965 23%
c [ 2125.80 191 76 81 559 275505 1 8819577 134751 2.6 78 30 1 7 12%   5 478482 38965 23%
c O 2125.80 191 76 81 559 275505 1 8819577 134751 2.6 78 30 1 7 12%   5 478482 38965 23%
c - 2126.75 191 76 81 560 275508 1 8823760 115674 2.6 78 30 1 7 12%   5 478482 38965 23%
c - 2132.56 191 77 81 561 275519 1 8847424 113797 2.6 78 30 1 7 13%   5 478482 38965 23%
c - 2138.58 192 77 81 562 275531 1 8871109 110084 2.6 79 30 1 7 13%   5 478482 38965 23%
c u 2142.84 192 77 81 562 275534 1 8885481 121545 2.7 78 29 1 7 13%   5 478482 38965 23%
c v 2143.07 192 77 81 562 275534 1 8885481 117741 2.7 78 29 1 7 13%   5 478482 38965 23%
c w 2149.75 195 77 81 562 275534 1 8885481 116626 2.7 78 29 1 7 13%   5 478482 38965 23%
c - 2152.46 195 77 81 563 275535 1 8894815 103788 2.7 78 29 1 7 13%   5 478482 38965 23%
c - 2157.74 176 77 81 564 275545 1 8918542 104991 2.7 78 29 1 7 13%   5 478482 38965 23%
c - 2164.17 178 77 81 565 275556 1 8942291 105545 2.8 81 29 1 7 13%   5 478482 38965 23%
c - 2169.25 179 76 81 566 275565 1 8966060 105276 2.7 81 30 1 7 13%   5 478482 38965 23%
c - 2175.14 180 76 81 567 275567 1 8989850 105187 2.7 81 30 1 7 13%   5 478482 38965 23%
c
c  seconds     switched       rate            size/glue  tier1   binary          remaining
c           MB   reductions      conflicts          size   tier2    irredundant
c            level      restarts        redundant      glue   trail         variables
c
c - 2180.54 181 76 81 568 275567 1 9013661 104945 2.6 81 31 1 7 13%   5 478482 38965 23%
c - 2187.05 181 76 81 569 275580 1 9037493 105182 2.6 81 31 1 7 13%   5 478482 38965 23%
c - 2193.73 182 77 81 570 275589 1 9061346 106113 2.6 81 31 1 7 13%   5 478482 38965 23%
c - 2200.08 183 77 81 571 275598 1 9085220 106700 2.7 80 30 1 7 13%   5 478482 38965 23%
c - 2207.93 184 77 81 572 275605 1 9109118 106440 2.7 84 32 1 7 14%   5 478482 38965 23%
c ] 2209.26 184 77 82 572 275606 1 9113028 110336 2.7 84 31 1 7 14%   5 478482 38965 23%
c { 2209.26 184 94 82 572 275606 6 9113028 110336 3.2 57 18 1 3 12%   5 478482 38965 23%
c - 2212.42 187 90 82 573 275664 5 9133036 107557 3.5 59 17 1 3 12%   5 478482 38965 23%
c o 2216.17 191 89 82 573 275906 5 9152172 126231 3.6 60 17 1 3 12%   5 478482 38965 23%
c - 2217.20 191 89 82 574 276071 5 9156973 110256 3.5 59 17 1 3 11%   5 478482 38965 23%
c - 2222.70 193 89 82 575 276886 5 9180931 113383 3.4 57 17 1 3 11%   5 478482 38965 23%
c u 2228.35 193 91 82 575 277690 5 9202346 131872 3.3 55 17 1 3 11%   5 478482 38965 23%
c v 2228.58 193 91 82 575 277690 5 9202346 127989 3.3 55 17 1 3 11%   5 478482 38965 23%
c w 2235.70 194 91 82 575 277690 5 9202346 126465 3.3 55 17 1 3 11%   5 478482 38965 23%
c - 2236.44 194 91 82 576 277782 5 9204910 109094 3.3 55 17 1 3 11%   5 478482 38965 23%
c - 2241.87 195 91 82 577 278599 5 9228910 112022 3.3 54 16 1 3 11%   5 478482 38965 23%
c - 2247.35 186 91 82 578 279408 5 9252931 114779 3.3 54 16 1 3 11%   5 478482 38965 23%
c - 2252.51 188 91 82 579 280586 5 9276972 116500 3.2 52 16 1 3 10%   5 478482 38965 23%
c - 2258.07 188 92 82 580 281690 5 9301035 118230 3.1 50 16 1 3 10%   5 478482 38965 23%
c - 2263.73 189 91 82 581 282912 6 9325119 119780 3.0 49 16 1 3 10%   5 478482 38965 23%
c
c  seconds     switched       rate            size/glue  tier1  binary          remaining
c           MB   reductions      conflicts          size   tier2   irredundant
c            level      restarts        redundant      glue  trail         variables
c
c - 2269.29 190 92 82 582 284259 6 9349222 121007 2.9 48 16 1 3 9%   5 478482 38965 23%
c - 2275.30 190 92 82 583 285643 6 9373346 122350 2.9 48 16 1 3 9%   5 478482 38965 23%
c - 2281.51 190 92 82 584 286604 6 9397492 123152 3.0 49 16 1 3 10%   5 478482 38965 23%
c - 2286.69 191 92 82 585 287833 6 9421659 123873 2.9 48 16 1 3 9%   5 478482 38965 23%
c - 2292.06 191 92 82 586 289068 6 9445845 124826 2.9 47 16 1 3 9%   5 478482 38965 23%
c } 2294.35 191 92 83 586 289746 6 9454634 133090 2.9 47 16 1 3 9%   5 478482 38965 23%
c [ 2294.35 191 77 83 586 289746 1 9454634 133090 2.7 84 31 1 7 14%   5 478482 38965 23%
c B 2294.35 191 77 83 586 289746 1 9454634 133090 2.7 84 31 1 7 14%   5 478482 38965 23%
c - 2297.59 191 77 83 587 289755 1 9470053 123698 2.7 83 31 1 7 14%   5 478482 38965 23%
c - 2303.32 192 77 83 588 289766 1 9494284 120638 2.7 81 30 1 7 14%   5 478482 38965 23%
c - 2309.64 192 77 83 589 289775 1 9518532 117826 2.7 80 30 1 7 14%   5 478482 38965 23%
c u 2311.79 192 76 83 589 289776 1 9525278 120044 2.7 80 30 1 7 14%   5 478482 38965 23%
c v 2311.95 192 76 83 589 289776 1 9525278 115368 2.7 80 30 1 7 14%   5 478482 38965 23%
c w 2314.12 193 76 83 589 289776 1 9525278 112273 2.7 80 30 1 7 14%   5 478482 38965 23%
c - 2326.95 194 77 83 590 289781 1 9542801 107726 2.8 80 29 1 7 14%   5 478482 38965 23%
c - 2331.87 194 76 83 591 289791 1 9567090 108734 2.7 80 30 1 7 13%   5 478482 38965 23%
c o 2334.63 195 76 83 591 289799 1 9582522 123963 2.7 80 30 1 7 13%   5 478482 38965 23%
c - 2337.08 195 76 83 592 289805 1 9591400 109480 2.7 80 30 1 7 13%   5 478482 38965 23%
c - 2342.95 195 76 83 593 289807 1 9615732 109997 2.7 80 30 1 7 13%   5 478482 38965 23%
c - 2351.57 176 78 83 594 289808 1 9640084 109041 2.7 82 30 1 7 13%   5 478482 38965 23%
c
c  seconds     switched       rate            size/glue  tier1   binary          remaining
c           MB   reductions      conflicts          size   tier2    irredundant
c            level      restarts        redundant      glue   trail         variables
c
c - 2359.06 178 79 83 595 289815 1 9664457 109220 2.7 83 30 1 7 14%   5 478482 38965 23%
c - 2364.42 179 79 83 596 289826 1 9688850 110264 2.7 82 30 1 7 13%   5 478482 38965 23%
c - 2369.50 180 78 83 597 289838 1 9713265 110245 2.7 82 30 1 7 13%   5 478482 38965 23%
c - 2375.99 183 78 83 598 289842 1 9737698 109535 2.7 84 31 1 7 13%   5 478482 38965 23%
c ] 2381.49 184 78 84 598 289854 1 9762088 133750 2.7 82 30 1 7 13%   5 478482 38965 23%
c { 2381.49 184 92 84 598 289854 6 9762088 133750 2.9 47 16 1 3 9%   5 478482 38965 23%
c - 2381.58 185 92 84 599 289858 6 9762152 110657 2.9 47 16 1 3 9%   5 478482 38965 23%
c - 2387.55 190 92 84 600 292069 7 9786627 115237 2.8 47 17 1 3 9%   5 478482 38965 23%
c - 2393.44 191 94 84 601 294272 8 9811121 118152 2.8 48 17 1 3 9%   5 478482 38965 23%
c - 2399.29 192 93 84 602 296046 8 9835636 119627 2.8 49 18 1 3 10%   5 478482 38965 23%
c u 2404.33 183 94 84 602 297196 8 9854301 135943 2.8 50 18 1 3 10%   5 478482 38965 23%
c v 2404.53 184 94 84 602 297196 8 9854301 131196 2.8 50 18 1 3 10%   5 478482 38965 23%
c w 2411.19 187 94 84 602 297196 8 9854301 129208 2.8 50 18 1 3 10%   5 478482 38965 23%
c - 2412.54 188 94 84 603 297355 7 9860171 114599 2.9 51 18 1 3 10%   5 478482 38965 23%
c - 2418.43 190 95 84 604 298850 7 9884729 117339 2.9 51 18 1 3 10%   5 478482 38965 23%
c - 2424.61 190 96 84 605 300447 7 9909305 119473 2.9 52 18 1 3 11%   5 478482 38965 23%
c - 2429.86 191 96 84 606 301362 7 9933901 120901 3.0 53 18 1 3 11%   5 478482 38965 23%
c - 2435.99 191 96 84 607 302802 7 9958518 121950 3.0 54 18 1 3 11%   5 478482 38965 23%
c - 2441.95 192 97 84 608 304119 7 9983155 122743 3.0 54 18 1 3 11%   5 478482 38965 23%
c - 2448.30 192 97 84 609 305307 7 10007814 123384 3.0 55 18 1 3 11%   5 478482 38965 23%
c
c  seconds     switched       rate             size/glue  tier1   binary          remaining
c           MB   reductions      conflicts           size   tier2    irredundant
c            level      restarts         redundant      glue   trail         variables
c
c o 2451.13 192 94 84 609 305769 6 10023655 139043 3.1 56 18 1 3 11%   5 478482 38965 23%
c - 2453.20 192 94 84 610 306218 6 10032491 124198 3.1 56 18 1 3 11%   5 478482 38965 23%
c - 2458.87 193 93 84 611 307324 6 10057189 124892 3.2 57 18 1 3 11%   5 478482 38965 23%
c - 2464.93 193 94 84 612 309038 6 10081907 125347 3.1 56 18 1 3 11%   5 478482 38965 23%
c - 2470.48 193 94 84 613 310204 6 10106646 125947 3.1 56 18 1 3 11%   5 478482 38965 23%
c } 2473.40 193 94 85 613 310604 6 10119169 138342 3.1 57 18 1 3 12%   5 478482 38965 23%
c [ 2473.40 193 78 85 613 310604 1 10119169 138342 2.7 82 30 1 7 13%   5 478482 38965 23%
c W 2475.89 181 78 85 613 310604 1 10119169 138342 2.7 82 30 1 7 13%   5 478482 38965 23%
c - 2478.53 184 77 85 614 310610 1 10131405 125104 2.7 82 30 1 7 13%   5 478482 38965 23%
c - 2483.73 186 77 85 615 310621 1 10156184 121330 2.6 80 30 1 7 12%   5 478482 38965 23%
c - 2489.34 187 77 85 616 310633 1 10180983 118982 2.6 78 30 1 7 13%   5 478482 38965 23%
c u 2491.98 188 77 85 616 310634 1 10189418 124451 2.6 78 30 1 7 13%   5 478482 38965 23%
c v 2492.15 188 77 85 616 310634 1 10189418 119995 2.6 78 30 1 7 13%   5 478482 38965 23%
c w 2495.12 190 77 85 616 310634 1 10189418 116873 2.6 78 30 1 7 13%   5 478482 38965 23%
c - 2499.52 190 77 85 617 310637 1 10205804 111353 2.6 78 29 1 7 13%   5 478482 38965 23%
c - 2506.36 191 77 85 618 310649 1 10230643 113011 2.7 78 29 1 7 13%   5 478482 38965 23%
c - 2511.65 191 76 85 619 310663 1 10255504 113841 2.6 77 30 1 7 13%   5 478482 38965 23%
c - 2517.60 193 77 85 620 310665 1 10280383 113534 2.7 78 30 1 7 13%   5 478482 38965 23%
c - 2523.52 193 76 85 621 310666 1 10305283 112016 2.6 81 31 1 7 12%   5 478482 38965 23%
c - 2529.05 194 76 85 622 310674 1 10330203 111867 2.7 81 31 1 7 12%   5 478482 38965 23%
c
c  seconds     switched       rate             size/glue  tier1   binary          remaining
c           MB   reductions      conflicts           size   tier2    irredundant
c            level      restarts         redundant      glue   trail         variables
c
c - 2533.81 194 77 85 623 310685 1 10355143 113769 2.7 80 30 1 7 12%   5 478482 38965 23%
c - 2538.95 195 76 85 624 310696 1 10380102 115000 2.7 79 29 1 7 12%   5 478482 38965 23%
c - 2545.42 196 76 85 625 310702 1 10405081 115164 2.7 80 29 1 7 12%   5 478482 38965 23%
c - 2551.51 176 76 85 626 310712 1 10430082 115314 2.8 81 30 1 7 13%   5 478482 38965 23%
c I 2555.73 177 76 85 626 310725 1 10452841 137838 2.7 80 30 1 7 12%   5 478482 38965 23%
c - 2556.20 178 76 85 627 310726 1 10455102 114773 2.7 80 30 1 7 12%   5 478482 38965 23%
c ] 2560.46 180 76 86 627 310728 1 10470387 129957 2.8 82 30 1 7 13%   5 478482 38965 23%
c { 2560.46 180 94 86 627 310728 6 10470387 129957 3.1 57 18 1 3 12%   5 478482 38965 23%
c o 2561.45 183 94 86 627 310774 6 10474432 133973 3.2 57 18 1 3 12%   5 478482 38965 23%
c - 2562.85 186 94 86 628 310862 6 10480141 116208 3.2 57 18 1 3 12%   5 478482 38965 23%
c - 2568.47 188 94 86 629 311219 6 10505201 119708 3.2 56 18 1 3 13%   5 478482 38965 23%
c - 2573.71 190 94 86 630 311670 5 10530281 122297 3.2 56 17 1 3 13%   5 478482 38965 23%
c u 2574.44 190 94 86 630 311685 5 10530655 121284 3.2 56 17 1 3 13%   5 478482 38965 23%
c v 2574.60 190 94 86 630 311685 5 10530655 117645 3.2 56 17 1 3 13%   5 478482 38965 23%
c w 2575.00 190 94 86 630 311685 5 10530655 113239 3.2 56 17 1 3 13%   5 478482 38965 23%
c - 2580.57 190 94 86 631 312086 5 10555382 116905 3.2 55 17 1 3 13%   5 478482 38965 23%
c - 2586.30 191 93 86 632 312568 5 10580501 120368 3.2 54 17 1 3 14%   5 478482 38965 23%
c - 2591.83 191 92 86 633 313343 5 10605641 121532 3.2 53 17 1 3 13%   5 478482 38965 23%
c - 2597.64 191 92 86 634 314176 6 10630801 122359 3.2 53 17 1 3 13%   5 478482 38965 23%
c - 2604.13 192 92 86 635 314995 6 10655980 122949 3.1 52 17 1 3 13%   5 478482 38965 23%
c
c  seconds     switched       rate             size/glue  tier1   binary          remaining
c           MB   reductions      conflicts           size   tier2    irredundant
c            level      restarts         redundant      glue   trail         variables
c
c - 2610.00 192 91 86 636 315796 6 10681180 123247 3.1 51 16 1 3 13%   5 478482 38965 23%
c - 2615.94 192 91 86 637 316683 6 10706401 123899 3.1 50 16 1 3 13%   5 478482 38965 23%
c - 2622.54 192 92 86 638 317585 6 10731639 124625 3.0 50 16 1 3 13%   5 478482 38965 23%
c - 2628.53 193 91 86 639 318517 6 10756898 125189 3.0 49 16 1 3 13%   5 478482 38965 23%
c - 2634.52 193 91 86 640 319675 7 10782176 125735 3.0 48 16 1 3 13%   5 478482 38965 23%
c - 2641.04 193 91 86 641 320631 7 10807475 126155 3.0 48 16 1 3 13%   5 478482 38965 23%
c - 2645.76 194 89 86 642 321366 6 10832792 126036 3.0 47 16 1 3 12%   5 478482 38965 23%
c } 2647.99 194 89 87 642 321711 6 10843243 136006 3.0 46 16 1 3 12%   5 478482 38965 23%
c [ 2647.99 194 76 87 642 321711 1 10843243 136006 2.8 82 30 1 7 13%   5 478482 38965 23%
c B 2647.99 194 76 87 642 321711 1 10843243 136006 2.8 82 30 1 7 13%   5 478482 38965 23%
c - 2652.07 194 76 87 643 321720 1 10858131 124657 2.8 82 30 1 7 13%   5 478482 38965 23%
c u 2657.67 194 77 87 643 321727 1 10878039 142506 2.8 84 30 1 7 13%   5 478482 38965 23%
c v 2657.87 194 77 87 643 321727 1 10878039 137672 2.8 84 30 1 7 13%   5 478482 38965 23%
c w 2664.23 198 77 87 643 321727 1 10878039 137255 2.8 84 30 1 7 13%   5 478482 38965 23%
c - 2665.90 176 77 87 644 321731 1 10883490 116011 2.8 84 30 1 7 13%   5 478482 38965 23%
c - 2672.12 178 77 87 645 321740 1 10908867 114235 2.7 83 31 1 7 13%   5 478482 38965 23%
c - 2678.69 179 77 87 646 321748 1 10934263 115091 2.8 84 30 1 7 13%   5 478482 38965 23%
c o 2680.88 180 77 87 646 321753 1 10943115 123866 2.8 84 30 1 7 13%   5 478482 38965 23%
c - 2685.17 185 76 87 647 321758 1 10959680 115941 2.8 85 30 1 7 13%   5 478482 38965 23%
c - 2691.46 186 77 87 648 321771 1 10985117 115641 2.8 84 30 1 7 13%   5 478482 38965 23%
c
c  seconds     switched       rate             size/glue  tier1   binary          remaining
c           MB   reductions      conflicts           size   tier2    irredundant
c            level      restarts         redundant      glue   trail         variables
c
c - 2697.84 187 76 87 649 321773 1 11010572 115541 2.8 83 30 1 7 13%   5 478482 38965 23%
c - 2705.36 190 77 87 650 321773 1 11036048 115433 2.8 89 31 1 7 14%   5 478482 38965 23%
c - 2711.72 190 76 87 651 321786 1 11061543 115899 2.8 88 32 1 7 13%   5 478482 38965 23%
c - 2718.22 191 77 87 652 321796 1 11087057 115634 2.7 86 32 1 7 13%   5 478482 38965 23%
c - 2724.00 191 77 87 653 321804 1 11112592 115061 2.7 85 31 1 7 13%   5 478482 38965 23%
c - 2729.17 191 77 87 654 321814 1 11138148 114952 2.7 83 31 1 7 13%   5 478482 38965 23%
c ] 2731.93 192 76 88 654 321819 1 11151058 127767 2.7 83 31 1 7 12%   5 478482 38965 23%
c { 2731.93 192 89 88 654 321819 6 11151058 127767 3.0 46 16 1 3 12%   5 478482 38965 23%
c - 2735.26 194 89 88 655 323620 7 11163721 116850 2.9 46 16 1 3 12%   5 478482 38965 23%
c - 2741.99 195 91 88 656 326645 8 11189313 120144 2.7 46 17 1 3 11%   5 478482 38965 23%
c - 2748.95 196 93 88 657 329069 9 11214926 122978 2.7 47 17 1 3 11%   5 478482 38965 23%
c u 2752.95 196 92 88 657 330135 9 11231571 137732 2.8 48 17 1 3 11%   5 478482 38965 23%
c v 2753.15 196 92 88 657 330135 9 11231571 133629 2.8 48 17 1 3 11%   5 478482 38965 23%
c w 2760.26 197 92 88 657 330135 9 11231571 127298 2.8 48 17 1 3 11%   5 478482 38965 23%
c - 2762.86 197 93 88 658 330863 9 11240560 116465 2.8 49 18 1 3 11%   5 478482 38965 23%
c - 2768.97 198 93 88 659 332530 8 11266212 120002 2.8 50 18 1 3 11%   5 478482 38965 23%
c - 2775.26 187 94 88 660 334296 8 11291882 123212 2.8 50 18 1 3 11%   5 478482 38965 23%
c - 2781.90 189 93 88 661 335671 8 11317572 124628 2.9 52 18 1 3 11%   5 478482 38965 23%
c - 2788.48 189 94 88 662 337113 8 11343282 125627 3.0 53 18 1 3 11%   5 478482 38965 23%
c - 2794.92 190 94 88 663 338790 8 11369012 126685 3.0 54 18 1 3 11%   5 478482 38965 23%
c
c  seconds     switched       rate             size/glue  tier1   binary          remaining
c           MB   reductions      conflicts           size   tier2    irredundant
c            level      restarts         redundant      glue   trail         variables
c
c - 2801.06 191 94 88 664 339729 7 11394760 127644 3.1 55 18 1 3 11%   5 478482 38965 23%
c o 2805.66 191 94 88 664 340397 7 11413171 145561 3.1 56 18 1 3 11%   5 478482 38965 23%
c - 2807.51 191 94 88 665 340936 7 11420529 128582 3.1 55 18 1 3 11%   5 478482 38965 23%
c - 2814.46 192 94 88 666 342598 7 11446316 129302 3.1 56 18 1 3 12%   5 478482 38965 23%
c - 2821.71 192 95 88 667 344124 7 11472124 129841 3.1 57 18 1 3 12%   5 478482 38965 23%
c - 2828.15 192 94 88 668 345448 7 11497950 130589 3.1 57 18 1 3 12%   5 478482 38965 23%
c - 2834.72 192 94 88 669 346625 6 11523797 131287 3.1 57 18 1 3 12%   5 478482 38965 23%
c } 2838.52 192 94 89 669 347370 6 11539995 147188 3.1 57 18 1 3 12%   5 478482 38965 23%
c [ 2838.52 192 76 89 669 347370 1 11539995 147188 2.7 83 31 1 7 12%   5 478482 38965 23%
c W 2839.14 184 76 89 669 347370 1 11539995 147188 2.7 83 31 1 7 12%   5 478482 38965 23%
c - 2841.10 187 76 89 670 347376 1 11549663 131167 2.7 82 31 1 7 12%   5 478482 38965 23%
c - 2846.93 189 77 89 671 347387 1 11575547 128321 2.6 81 31 1 7 12%   5 478482 38965 23%
c u 2851.60 190 77 89 671 347396 1 11591276 140651 2.6 81 31 1 7 12%   5 478482 38965 23%
c v 2851.95 190 77 89 671 347396 1 11591276 135099 2.6 81 31 1 7 12%   5 478482 38965 23%
c w 2859.39 193 77 89 671 347396 1 11591276 134108 2.6 81 31 1 7 12%   5 478482 38965 23%
c - 2861.68 193 77 89 672 347399 1 11601450 118059 2.6 81 31 1 7 12%   5 478482 38965 23%
c - 2867.10 194 76 89 673 347404 1 11627373 117713 2.6 81 31 1 7 12%   5 478482 38965 23%
c - 2873.30 194 76 89 674 347415 1 11653315 118065 2.7 81 30 1 7 12%   5 478482 38965 23%
c - 2879.10 194 76 89 675 347429 1 11679276 118896 2.7 81 30 1 7 12%   5 478482 38965 23%
c - 2884.39 195 76 89 676 347432 1 11705256 119155 2.7 81 30 1 7 12%   5 478482 38965 23%
c
c  seconds     switched       rate             size/glue  tier1   binary          remaining
c           MB   reductions      conflicts           size   tier2    irredundant
c            level      restarts         redundant      glue   trail         variables
c
c - 2890.22 196 75 89 677 347432 1 11731256 118077 2.6 82 31 1 7 12%   5 478482 38965 23%
c - 2896.56 196 75 89 678 347445 1 11757277 117455 2.6 83 31 1 7 12%   5 478482 38965 23%
c - 2903.38 197 75 89 679 347455 1 11783317 117752 2.6 84 32 1 7 12%   5 478482 38965 23%
c - 2909.63 197 75 89 680 347463 1 11809375 118159 2.7 86 31 1 7 12%   5 478482 38965 23%
c - 2914.92 178 75 89 681 347473 1 11835451 118719 2.8 86 31 1 7 12%   5 478482 38965 23%
c - 2920.08 179 75 89 682 347485 1 11861546 117819 2.7 84 31 1 7 12%   5 478482 38965 23%
c - 2927.35 183 76 89 683 347494 1 11887663 118935 2.7 84 31 1 7 13%   5 478482 38965 23%
c o 2931.16 183 76 89 683 347495 1 11902422 133619 2.8 85 31 1 7 13%   5 478482 38965 23%
c O 2931.32 185 76 89 683 347495 1 11903066 134261 2.8 85 31 1 7 13%   5 478482 38965 23%
c - 2934.28 187 75 89 684 347495 1 11913799 119942 2.8 85 31 1 7 13%   5 478482 38965 23%
c ] 2938.75 187 75 90 684 347495 1 11930550 136617 2.8 85 30 1 7 13%   5 478482 38965 23%
c { 2938.75 187 94 90 684 347495 6 11930550 136617 3.1 57 18 1 3 12%   5 478482 38965 23%
c - 2941.18 191 94 90 685 348058 6 11939952 120971 3.1 57 18 1 3 12%   5 478482 38965 23%
c u 2945.34 192 95 90 685 348550 6 11957155 136539 3.2 57 18 1 3 12%   5 478482 38965 23%
c v 2945.48 192 95 90 685 348550 6 11957155 134086 3.2 57 18 1 3 12%   5 478482 38965 23%
c w 2950.23 193 95 90 685 348550 6 11957155 133458 3.2 57 18 1 3 12%   5 478482 38965 23%
c x 2951.28 198 95 90 685 348550 6 11957155 133458 3.2 57 18 1 3 12%   5 478471 38965 23%
c - 2953.81 199 95 90 686 348907 6 11966126 120471 3.2 58 18 1 3 12%   5 478471 38965 23%
c - 2958.87 188 94 90 687 349629 6 11992318 123345 3.2 58 18 1 3 12%   5 478471 38965 23%
c - 2965.23 190 93 90 688 350420 5 12018528 124984 3.3 59 18 1 3 12%   5 478471 38965 23%
c
c  seconds     switched       rate             size/glue  tier1   binary          remaining
c           MB   reductions      conflicts           size   tier2    irredundant
c            level      restarts         redundant      glue   trail         variables
c
c - 2971.18 191 93 90 689 351688 5 12044757 126414 3.3 58 18 1 3 12%   5 478471 38965 23%
c s 2973.42 191 93 90 689 352323 6 12054073 135501 3.2 58 18 1 3 12%   5 478467 38965 23%
c e 2973.47 192 93 90 689 352323 6 12054073 135501 3.2 58 18 1 3 12%   5 478480 38939 23%
c s 2973.47 192 93 90 689 352323 6 12054073 135501 3.2 58 18 1 3 12%   5 478469 38939 23%
c - 2977.84 193 93 90 690 353558 6 12071006 127625 3.2 57 18 1 3 12%   5 478469 38939 23%
c - 2983.39 193 94 90 691 354556 6 12097274 128433 3.2 57 18 1 3 12%   5 478469 38939 23%
c - 2989.32 194 94 90 692 356078 6 12123562 129285 3.1 57 18 1 3 11%   5 478469 38939 23%
c - 2996.68 194 94 90 693 357370 6 12149867 130007 3.2 57 18 1 3 12%   5 478469 38939 23%
c - 3003.52 194 94 90 694 358749 6 12176193 130879 3.2 57 18 1 3 12%   5 478469 38939 23%
c - 3009.55 195 94 90 695 359673 6 12202536 131686 3.2 58 18 1 3 12%   5 478469 38939 23%
c - 3015.21 195 95 90 696 361034 6 12228898 132437 3.2 58 18 1 3 12%   5 478469 38939 23%
c - 3021.07 195 94 90 697 362484 6 12255280 132909 3.2 57 18 1 3 12%   5 478469 38939 23%
c - 3027.55 196 93 90 698 363787 6 12281681 132694 3.2 58 18 1 3 12%   5 478469 38939 23%
c - 3034.53 196 93 90 699 365345 6 12308102 133745 3.2 58 18 1 3 12%   5 478469 38939 23%
c u 3039.98 196 95 90 699 366455 6 12329264 151091 3.1 57 18 1 3 12%   5 478469 38939 23%
c v 3040.23 196 95 90 699 366455 6 12329264 144524 3.1 57 18 1 3 12%   5 478469 38939 23%
c w 3047.82 197 95 90 699 366455 6 12329264 142905 3.1 57 18 1 3 12%   5 478469 38939 23%
c - 3049.55 197 95 90 700 366637 6 12334541 125443 3.2 57 18 1 3 12%   5 478469 38939 23%
c } 3049.75 197 95 91 700 366701 6 12335870 126740 3.2 57 18 1 3 12%   5 478469 38939 23%
c [ 3049.75 197 75 91 700 366701 1 12335870 126740 2.8 85 30 1 7 13%   5 478469 38939 23%
c
c  seconds     switched       rate             size/glue  tier1   binary          remaining
c           MB   reductions      conflicts           size   tier2    irredundant
c            level      restarts         redundant      glue   trail         variables
c
c B 3049.75 197 75 91 700 366701 1 12335870 126740 2.8 85 30 1 7 13%   5 478469 38939 23%
c - 3054.99 197 75 91 701 366715 1 12360999 125158 2.7 84 31 1 7 13%   5 478469 38939 23%
c - 3061.71 198 76 91 702 366728 1 12387475 122218 2.7 84 31 1 7 13%   5 478469 38939 23%
c o 3063.21 177 76 91 702 366730 1 12393639 128305 2.7 83 31 1 7 13%   5 478469 38939 23%
c - 3066.90 182 76 91 703 366731 1 12413972 121584 2.8 84 30 1 7 13%   5 478469 38939 23%
c - 3072.46 184 76 91 704 366745 1 12440486 121545 2.8 83 30 1 7 13%   5 478469 38939 23%
c - 3078.61 185 76 91 705 366756 1 12467018 121953 2.8 83 30 1 7 13%   5 478469 38939 23%
c - 3086.23 185 76 91 706 366762 1 12493571 122517 2.8 84 30 1 7 13%   5 478469 38939 23%
c - 3093.77 186 76 91 707 366763 1 12520142 122783 2.8 85 30 1 7 13%   5 478469 38939 23%
c - 3100.15 187 76 91 708 366771 1 12546732 122846 2.8 84 30 1 7 13%   5 478469 38939 23%
c - 3107.18 187 76 91 709 366784 1 12573341 123227 2.8 84 30 1 7 13%   5 478469 38939 23%
c - 3112.88 188 76 91 710 366794 1 12599968 123416 2.8 83 30 1 7 13%   5 478469 38939 23%
c - 3118.96 189 75 91 711 366801 1 12626613 122469 2.7 83 31 1 7 12%   5 478469 38939 23%
c - 3124.55 190 75 91 712 366813 1 12653277 122829 2.7 82 30 1 7 12%   5 478469 38939 23%
c - 3131.05 191 76 91 713 366824 1 12679961 123359 2.7 82 30 1 7 12%   5 478469 38939 23%
c - 3136.41 192 75 91 714 366826 1 12706663 122512 2.7 82 31 1 7 12%   5 478469 38939 23%
c u 3137.17 192 75 91 714 366826 1 12707574 122180 2.7 82 31 1 7 12%   5 478469 38939 23%
c v 3137.30 192 75 91 714 366826 1 12707574 119895 2.7 82 31 1 7 12%   5 478469 38939 23%
c w 3137.61 192 75 91 714 366826 1 12707574 118076 2.7 82 31 1 7 12%   5 478469 38939 23%
c W 3141.34 183 75 91 714 366826 1 12719039 129429 2.7 82 31 1 7 12%   5 478469 38939 23%
c
c  seconds     switched       rate             size/glue  tier1   binary          remaining
c           MB   reductions      conflicts           size   tier2    irredundant
c            level      restarts         redundant      glue   trail         variables
c
c ] 3141.59 184 75 92 714 366826 1 12720266 130642 2.7 82 31 1 7 12%   5 478469 38939 23%
c { 3141.59 184 95 92 714 366826 6 12720266 130642 3.2 57 18 1 3 12%   5 478469 38939 23%
c - 3144.77 191 96 92 715 367386 6 12733383 120098 3.2 57 18 1 3 12%   5 478469 38939 23%
c - 3151.18 192 95 92 716 368665 6 12760123 124746 3.2 57 18 1 3 12%   5 478469 38939 23%
c - 3157.56 193 95 92 717 369938 6 12786881 127661 3.2 57 18 1 3 12%   5 478469 38939 23%
c - 3163.43 194 94 92 718 370692 6 12813657 129356 3.2 58 18 1 3 13%   5 478469 38939 23%
c - 3170.32 194 95 92 719 372326 6 12840453 130674 3.2 57 18 1 3 12%   5 478469 38939 23%
c - 3176.47 195 93 92 720 373488 6 12867267 131230 3.2 58 18 1 3 12%   5 478469 38939 23%
c - 3183.06 195 94 92 721 374924 6 12894100 132164 3.2 58 18 1 3 12%   5 478469 38939 23%
c o 3183.13 195 94 92 721 374925 6 12894435 132499 3.2 58 18 1 3 12%   5 478469 38939 23%
c - 3189.24 196 94 92 722 376479 6 12920951 133300 3.1 57 18 1 3 12%   5 478469 38939 23%
c - 3195.87 196 96 92 723 377933 6 12947823 134237 3.1 56 18 1 3 12%   5 478469 38939 23%
c - 3202.15 196 96 92 724 379316 6 12974711 135113 3.1 57 18 1 3 12%   5 478469 38939 23%
c - 3210.57 197 96 92 725 381103 7 13001620 135488 3.1 58 18 1 3 12%   5 478469 38939 23%
c - 3217.02 197 96 92 726 382411 6 13028546 135975 3.1 58 18 1 3 12%   5 478469 38939 23%
c - 3223.04 197 94 92 727 383158 6 13055490 136759 3.3 59 18 1 3 12%   5 478469 38939 23%
c - 3229.57 197 95 92 728 384705 6 13082452 137493 3.2 58 18 1 3 12%   5 478469 38939 23%
c u 3232.61 197 95 92 728 385208 6 13092138 143595 3.2 58 18 1 3 12%   5 478469 38939 23%
c v 3232.84 197 95 92 728 385208 6 13092138 137199 3.2 58 18 1 3 12%   5 478469 38939 23%
c w 3237.56 198 95 92 728 385208 6 13092138 131669 3.2 58 18 1 3 12%   5 478469 38939 23%
c
c  seconds     switched       rate             size/glue  tier1   binary          remaining
c           MB   reductions      conflicts           size   tier2    irredundant
c            level      restarts         redundant      glue   trail         variables
c
c - 3241.43 198 94 92 729 385851 6 13109433 126455 3.2 59 18 1 3 12%   5 478469 38939 23%
c - 3247.52 198 94 92 730 387222 6 13136433 129601 3.2 58 18 1 3 12%   5 478469 38939 23%
c } 3248.93 198 94 93 730 387434 6 13142271 135360 3.2 58 18 1 3 12%   5 478469 38939 23%
c [ 3248.93 198 75 93 730 387434 1 13142271 135360 2.7 82 31 1 7 12%   5 478469 38939 23%
c I 3248.93 198 75 93 730 387434 1 13142271 135360 2.7 82 31 1 7 12%   5 478469 38939 23%
c - 3254.29 198 76 93 731 387447 1 13163452 130204 2.7 81 30 1 7 13%   5 478469 38939 23%
c - 3260.96 198 78 93 732 387458 1 13190490 128551 2.8 80 29 1 7 14%   5 478469 38939 23%
c - 3267.72 179 79 93 733 387464 1 13217546 126895 2.8 81 29 1 7 14%   5 478469 38939 23%
c - 3274.88 180 79 93 734 387477 1 13244619 126259 2.8 82 29 1 7 14%   5 478469 38939 23%
c - 3281.53 182 78 93 735 387488 1 13271712 125935 2.8 82 29 1 7 14%   5 478469 38939 23%
c - 3287.43 182 79 93 736 387495 1 13298824 126472 2.9 81 28 1 7 14%   5 478469 38939 23%
c - 3293.52 183 78 93 737 387496 1 13325953 126242 2.8 82 29 1 7 14%   5 478469 38939 23%
c - 3301.11 184 78 93 738 387504 1 13353100 126346 2.9 86 29 1 7 14%   5 478469 38939 23%
c - 3307.52 185 78 93 739 387517 1 13380266 127276 2.8 84 30 1 7 14%   5 478469 38939 23%
c o 3313.04 186 78 93 739 387527 1 13405870 152635 2.8 83 30 1 7 14%   5 478469 38939 23%
c - 3313.42 188 78 93 740 387527 1 13407450 127415 2.8 83 30 1 7 14%   5 478469 38939 23%
c - 3321.44 188 79 93 741 387535 1 13434653 126998 2.8 86 31 1 7 14%   5 478469 38939 23%
c - 3328.13 189 79 93 742 387548 1 13461876 127272 2.8 84 30 1 7 14%   5 478469 38939 23%
c u 3335.31 191 79 93 742 387557 1 13482958 146516 2.8 83 30 1 7 14%   5 478469 38939 23%
c v 3335.53 191 79 93 742 387557 1 13482958 143599 2.8 83 30 1 7 14%   5 478469 38939 23%
c
c  seconds     switched       rate             size/glue  tier1   binary          remaining
c           MB   reductions      conflicts           size   tier2    irredundant
c            level      restarts         redundant      glue   trail         variables
c
c w 3344.76 196 79 93 742 387557 1 13482958 143016 2.8 83 30 1 7 14%   5 478469 38939 23%
c - 3346.42 196 78 93 743 387558 1 13489115 123876 2.8 83 30 1 7 14%   5 478469 38939 23%
c - 3353.17 196 78 93 744 387559 1 13516374 124726 2.8 82 29 1 7 14%   5 478469 38939 23%
c - 3359.21 197 77 93 745 387560 1 13543651 124082 2.7 82 30 1 7 14%   5 478469 38939 23%
c B 3359.57 197 77 93 745 387560 1 13545928 126323 2.7 82 30 1 7 14%   5 478469 38939 23%
c ] 3363.39 198 77 94 745 387560 1 13559126 139414 2.8 82 29 1 7 14%   5 478469 38939 23%
c { 3363.39 198 94 94 745 387560 6 13559126 139414 3.2 58 18 1 3 12%   5 478469 38939 23%
c - 3366.56 199 95 94 746 387911 6 13570945 125388 3.2 58 18 1 3 12%   5 478469 38939 23%
c - 3372.97 188 95 94 747 388930 6 13598258 128953 3.2 58 18 1 3 12%   5 478469 38939 23%
c - 3379.83 190 95 94 748 390014 6 13625590 130917 3.2 58 18 1 3 12%   5 478469 38939 23%
c - 3386.79 191 95 94 749 391580 6 13652940 132559 3.2 58 18 1 3 12%   5 478469 38939 23%
c - 3393.23 191 94 94 750 392725 6 13680307 133474 3.2 58 18 1 3 12%   5 478469 38939 23%
c - 3400.52 192 95 94 751 394156 6 13707694 134487 3.2 58 18 1 3 12%   5 478469 38939 23%
c - 3407.17 192 94 94 752 394964 5 13735099 135718 3.3 59 18 1 3 12%   5 478469 38939 23%
c - 3413.72 193 92 94 753 395729 5 13762521 136377 3.4 60 18 1 3 13%   5 478469 38939 23%
c - 3420.58 193 92 94 754 397244 5 13789961 136877 3.3 59 18 1 3 12%   5 478469 38939 23%
c - 3427.13 193 92 94 755 399083 6 13817421 137019 3.2 58 18 1 3 12%   5 478469 38939 23%
c - 3434.30 194 93 94 756 400508 6 13844898 137989 3.2 58 18 1 3 12%   5 478469 38939 23%
c - 3441.32 194 92 94 757 401761 6 13872393 138945 3.2 59 18 1 3 12%   5 478469 38939 23%
c u 3443.80 194 92 94 757 402092 6 13880032 143347 3.2 59 18 1 3 12%   5 478469 38939 23%
c
c  seconds     switched       rate             size/glue  tier1   binary          remaining
c           MB   reductions      conflicts           size   tier2    irredundant
c            level      restarts         redundant      glue   trail         variables
c
c v 3444.10 194 92 94 757 402092 6 13880032 137204 3.2 59 18 1 3 12%   5 478469 38939 23%
c w 3447.62 194 92 94 757 402092 6 13880032 132119 3.2 59 18 1 3 12%   5 478469 38939 23%
c - 3462.05 195 92 94 758 403041 6 13899907 128594 3.2 59 18 1 3 12%   5 478469 38939 23%
c o 3468.38 195 91 94 758 403756 5 13925875 154231 3.3 60 18 1 3 13%   5 478469 38939 23%
c - 3468.88 195 92 94 759 403929 5 13927438 131813 3.3 59 18 1 3 12%   5 478469 38939 23%
c - 3475.29 195 91 94 760 405350 6 13954987 133797 3.3 59 18 1 3 12%   5 478469 38939 23%
c - 3482.77 195 91 94 761 406557 6 13982555 135229 3.3 59 18 1 3 13%   5 478469 38939 23%
c } 3486.01 196 92 95 761 407463 6 13998113 150442 3.3 59 18 1 3 12%   5 478469 38939 23%
c [ 3486.01 196 77 95 761 407463 1 13998113 150442 2.8 82 29 1 7 14%   5 478469 38939 23%
c W 3487.94 184 77 95 761 407463 1 13998113 150442 2.8 82 29 1 7 14%   5 478469 38939 23%
c - 3490.84 188 77 95 762 407469 1 14010141 135457 2.8 82 29 1 7 14%   5 478469 38939 23%
c - 3498.11 189 77 95 763 407483 1 14037746 133011 2.8 81 29 1 7 14%   5 478469 38939 23%
c - 3505.85 190 77 95 764 407493 1 14065369 129843 2.8 83 30 1 7 14%   5 478469 38939 23%
c - 3513.41 191 77 95 765 407501 1 14093011 128834 2.7 83 31 1 7 13%   5 478469 38939 23%
c - 3520.33 193 76 95 766 407514 1 14120670 128776 2.7 82 31 1 7 13%   5 478469 38939 23%
c - 3527.79 194 76 95 767 407524 1 14148346 129122 2.7 81 30 1 7 13%   5 478469 38939 23%
c - 3535.72 194 75 95 768 407525 1 14176041 129950 2.7 83 30 1 7 13%   5 478469 38939 23%
c - 3543.25 195 75 95 769 407531 1 14203754 129896 2.8 83 29 1 7 14%   5 478469 38939 23%
c - 3551.36 196 76 95 770 407543 1 14231484 130498 2.8 83 29 1 7 14%   5 478469 38939 23%
c - 3558.45 197 76 95 771 407555 1 14259233 129821 2.8 81 29 1 7 13%   5 478469 38939 23%
c
c  seconds     switched       rate             size/glue  tier1   binary          remaining
c           MB   reductions      conflicts           size   tier2    irredundant
c            level      restarts         redundant      glue   trail         variables
c
c u 3565.05 186 76 95 771 407561 1 14283391 151645 2.7 80 29 1 7 13%   5 478469 38939 23%
c v 3565.31 187 76 95 771 407561 1 14283391 148589 2.7 80 29 1 7 13%   5 478469 38939 23%
c w 3574.64 195 76 95 771 407561 1 14283391 147853 2.7 80 29 1 7 13%   5 478469 38939 23%
c - 3575.71 195 76 95 772 407563 1 14286999 125169 2.7 80 29 1 7 13%   5 478469 38939 23%
c - 3582.82 197 76 95 773 407574 1 14314784 126173 2.7 80 29 1 7 13%   5 478469 38939 23%
c - 3590.42 198 76 95 774 407586 1 14342587 126888 2.7 81 30 1 7 13%   5 478469 38939 23%
c - 3597.56 199 76 95 775 407588 1 14370407 127095 2.7 81 30 1 7 13%   5 478469 38939 23%
c ] 3603.48 180 76 96 775 407589 1 14395753 152164 2.7 80 30 1 7 13%   5 478469 38939 23%
c { 3603.48 180 92 96 775 407589 6 14395753 152164 3.3 59 18 1 3 12%   5 478469 38939 23%
c - 3604.14 185 92 96 776 407678 6 14398246 127008 3.3 59 18 1 3 12%   5 478469 38939 23%
c - 3611.47 190 93 96 777 409421 6 14426102 130704 3.2 58 18 1 3 12%   5 478469 38939 23%
c - 3618.23 192 93 96 778 410551 6 14453976 134021 3.2 58 18 1 3 12%   5 478469 38939 23%
c o 3618.69 192 93 96 778 410654 6 14455903 135916 3.2 58 18 1 3 12%   5 478469 38939 23%
c - 3624.43 193 92 96 779 411463 5 14481869 135949 3.3 59 18 1 3 12%   5 478469 38939 23%
c - 3631.99 193 92 96 780 412995 6 14509782 136784 3.2 58 18 1 3 12%   5 478469 38939 23%
c - 3638.88 194 92 96 781 414798 6 14537711 137429 3.2 57 18 1 3 12%   5 478469 38939 23%
c - 3646.73 194 92 96 782 416716 6 14565657 138404 3.1 57 18 1 3 11%   5 478469 38939 23%
c - 3653.71 195 91 96 783 418018 6 14593621 139348 3.1 57 18 1 3 12%   5 478469 38939 23%
c - 3661.89 196 92 96 784 419655 6 14621606 139961 3.1 57 18 1 3 12%   5 478469 38939 23%
c - 3668.66 196 92 96 785 420910 6 14649607 140604 3.2 58 18 1 3 12%   5 478469 38939 23%
c
c  seconds     switched       rate             size/glue  tier1   binary          remaining
c           MB   reductions      conflicts           size   tier2    irredundant
c            level      restarts         redundant      glue   trail         variables
c
c - 3675.51 196 91 96 786 421993 6 14677624 141398 3.2 58 18 1 3 12%   5 478469 38939 23%
c u 3681.09 196 92 96 786 422944 6 14693060 153639 3.2 58 18 1 3 12%   5 478469 38939 23%
c v 3681.38 196 92 96 786 422944 6 14693060 147549 3.2 58 18 1 3 12%   5 478469 38939 23%
c w 3691.80 197 92 96 786 422944 6 14693060 144008 3.2 58 18 1 3 12%   5 478469 38939 23%
c - 3695.22 197 93 96 787 423685 6 14705662 132482 3.2 58 18 1 3 12%   5 478469 38939 23%
c - 3702.26 197 92 96 788 424911 6 14733716 134924 3.2 58 18 1 3 12%   5 478469 38939 23%
c - 3708.98 197 92 96 789 426042 6 14761787 137166 3.2 58 18 1 3 12%   5 478469 38939 23%
c - 3715.23 197 92 96 790 427145 6 14789876 138252 3.2 58 18 1 3 12%   5 478469 38939 23%
c - 3722.33 197 92 96 791 428793 6 14817982 139036 3.1 57 18 1 3 11%   5 478469 38939 23%
c - 3728.96 197 92 96 792 430237 6 14846106 139761 3.2 57 18 1 3 11%   5 478469 38939 23%
c } 3730.37 197 92 97 792 430523 6 14852016 145586 3.2 58 18 1 3 11%   5 478469 38939 23%
c [ 3730.37 197 76 97 792 430523 1 14852016 145586 2.7 80 30 1 7 13%   5 478469 38939 23%
c O 3730.37 197 76 97 792 430523 1 14852016 145586 2.7 80 30 1 7 13%   5 478469 38939 23%
c - 3735.70 198 77 97 793 430536 1 14874248 138314 2.7 80 29 1 7 14%   5 478469 38939 23%
c - 3741.40 198 77 97 794 430548 1 14902409 134476 2.7 79 30 1 7 13%   5 478469 38939 23%
c - 3746.51 199 77 97 795 430553 1 14930587 131344 2.6 79 30 1 7 12%   5 478469 38939 23%
c - 3752.78 183 77 97 796 430567 1 14958782 131103 2.6 78 30 1 7 12%   5 478469 38939 23%
c - 3759.79 184 78 97 797 430581 1 14986996 132132 2.6 78 30 1 7 13%   5 478469 38939 23%
c o 3763.47 185 78 97 797 430584 1 15000338 145371 2.6 78 29 1 7 13%   5 478469 38939 23%
c - 3766.91 186 79 97 798 430584 1 15015227 132135 2.7 81 30 1 7 14%   5 478469 38939 23%
c
c  seconds     switched       rate             size/glue  tier1   binary          remaining
c           MB   reductions      conflicts           size   tier2    irredundant
c            level      restarts         redundant      glue   trail         variables
c
c - 3773.97 188 78 97 799 430585 1 15043475 132228 2.8 81 29 1 7 14%   5 478469 38939 23%
c - 3781.53 189 78 97 800 430599 1 15071743 132133 2.8 82 30 1 7 14%   5 478469 38939 23%
c - 3789.48 190 78 97 801 430611 1 15100027 131897 2.7 84 31 1 7 13%   5 478469 38939 23%
c u 3792.47 190 78 97 801 430615 1 15109037 138468 2.7 84 31 1 7 13%   5 478469 38939 23%
c v 3792.66 191 78 97 801 430615 1 15109037 135738 2.7 84 31 1 7 13%   5 478469 38939 23%
c w 3796.96 193 78 97 801 430615 1 15109037 132334 2.7 84 31 1 7 13%   5 478469 38939 23%
c - 3802.88 194 77 97 802 430616 1 15128331 126053 2.7 84 31 1 7 14%   5 478469 38939 23%
c - 3810.36 195 77 97 803 430630 1 15156651 128032 2.8 83 30 1 7 14%   5 478469 38939 23%
c - 3817.43 195 77 97 804 430644 1 15184988 129399 2.8 83 30 1 7 13%   5 478469 38939 23%
c - 3825.80 196 77 97 805 430647 1 15213343 129155 2.7 84 31 1 7 14%   5 478469 38939 23%
c - 3836.27 198 78 97 806 430648 1 15241715 128470 2.7 87 32 1 7 14%   5 478469 38939 23%
c - 3843.99 198 77 97 807 430649 1 15270105 129196 2.8 88 31 1 7 14%   5 478469 38939 23%
c ] 3846.16 177 77 98 807 430649 1 15277468 136505 2.8 88 31 1 7 14%   5 478469 38939 23%
c { 3846.16 177 92 98 807 430649 6 15277468 136505 3.2 58 18 1 3 11%   5 478469 38939 23%
c - 3850.98 189 91 98 808 431069 5 15298512 132770 3.2 57 18 1 3 11%   5 478469 38939 23%
c - 3858.05 191 93 98 809 431702 5 15326938 136737 3.2 56 17 1 3 11%   5 478469 38939 23%
c - 3865.47 192 91 98 810 432213 5 15355380 138979 3.3 57 17 1 3 12%   5 478469 38939 23%
c - 3872.36 193 90 98 811 433122 5 15383840 140455 3.3 56 17 1 3 11%   5 478469 38939 23%
c - 3879.60 194 90 98 812 434205 5 15412318 141861 3.3 55 17 1 3 11%   5 478469 38939 23%
c - 3885.59 195 89 98 813 435026 5 15440815 142966 3.3 55 17 1 3 11%   5 478469 38939 23%
c
c  seconds     switched       rate             size/glue  tier1   binary          remaining
c           MB   reductions      conflicts           size   tier2    irredundant
c            level      restarts         redundant      glue   trail         variables
c
c - 3892.60 195 89 98 814 436344 5 15469328 143741 3.2 53 17 1 3 11%   5 478469 38939 23%
c - 3899.80 195 88 98 815 437750 5 15497859 144788 3.2 53 17 1 3 11%   5 478469 38939 23%
c - 3906.53 196 89 98 816 438942 5 15526407 146401 3.1 51 17 1 3 10%   5 478469 38939 23%
c u 3908.58 196 89 98 816 439163 5 15531350 147459 3.1 51 17 1 3 10%   5 478469 38939 23%
c v 3908.89 196 89 98 816 439163 5 15531350 141062 3.1 51 17 1 3 10%   5 478469 38939 23%
c w 3910.79 196 89 98 816 439163 5 15531350 135657 3.1 51 17 1 3 10%   5 478469 38939 23%
c o 3915.47 196 90 98 816 440116 5 15550358 153100 3.1 50 16 1 3 10%   5 478469 38939 23%
c - 3916.70 196 90 98 817 440318 6 15554973 136564 3.0 50 16 1 3 10%   5 478469 38939 23%
c - 3922.70 197 89 98 818 441706 6 15583556 140803 3.0 49 17 1 3 10%   5 478469 38939 23%
c - 3929.47 197 88 98 819 442839 5 15612157 142895 3.1 50 16 1 3 10%   5 478469 38939 23%
c - 3936.41 197 88 98 820 444273 6 15640775 144680 3.0 49 16 1 3 10%   5 478469 38939 23%
c - 3943.55 197 88 98 821 445910 6 15669410 146217 3.0 49 16 1 3 9%   5 478469 38939 23%
c - 3950.75 197 89 98 822 447366 6 15698064 147485 2.9 48 17 1 3 9%   5 478469 38939 23%
c - 3957.41 198 89 98 823 448529 6 15726736 148970 2.9 49 16 1 3 9%   5 478469 38939 23%
c } 3963.33 198 89 99 823 449794 6 15751303 172622 2.9 49 16 1 3 9%   5 478469 38939 23%
c [ 3963.33 198 77 99 823 449794 1 15751303 172622 2.8 88 31 1 7 14%   5 478469 38939 23%
c B 3963.33 198 77 99 823 449794 1 15751303 172622 2.8 88 31 1 7 14%   5 478469 38939 23%
c - 3964.29 198 77 99 824 449797 1 15755423 149340 2.8 88 31 1 7 14%   5 478469 38939 23%
c - 3971.06 198 77 99 825 449808 1 15784129 146380 2.8 85 31 1 7 14%   5 478469 38939 23%
c - 3977.70 198 77 99 826 449823 1 15812852 141605 2.8 83 30 1 7 13%   5 478469 38939 23%
c
c  seconds     switched       rate             size/glue  tier1   binary          remaining
c           MB   reductions      conflicts           size   tier2    irredundant
c            level      restarts         redundant      glue   trail         variables
c
c - 3984.03 199 78 99 827 449830 1 15841592 139889 2.8 82 30 1 7 13%   5 478469 38939 23%
c - 3989.76 182 79 99 828 449842 1 15870349 139124 2.8 81 29 1 7 13%   5 478469 38939 23%
c - 3997.07 186 79 99 829 449854 1 15899123 139590 2.8 81 29 1 7 14%   5 478469 38939 23%
c - 4004.45 187 78 99 830 449856 1 15927915 139232 2.9 82 29 1 7 14%   5 478469 38939 23%
c - 4012.05 188 77 99 831 449862 1 15956724 138185 2.9 82 29 1 7 14%   5 478469 38939 23%
c u 4013.48 189 77 99 831 449863 1 15960001 137584 2.8 82 29 1 7 13%   5 478469 38939 23%
c v 4013.60 189 77 99 831 449863 1 15960001 134379 2.8 82 29 1 7 13%   5 478469 38939 23%
c w 4014.73 190 77 99 831 449863 1 15960001 131986 2.8 82 29 1 7 13%   5 478469 38939 23%
c - 4020.49 190 77 99 832 449874 1 15985551 131967 2.9 82 29 1 7 13%   5 478469 38939 23%
c - 4029.10 190 77 99 833 449886 1 16014396 134328 2.9 82 28 1 7 14%   5 478469 38939 23%
c - 4037.49 191 77 99 834 449894 1 16043259 134131 2.9 81 28 1 6 14%   5 478469 38939 23%
c - 4044.90 192 77 99 835 449908 1 16072139 134584 3.0 85 28 1 6 15%   5 478469 38939 23%
c - 4053.24 192 77 99 836 449918 1 16101036 135043 3.1 85 28 1 6 15%   5 478469 38939 23%
c o 4056.93 192 76 99 836 449919 1 16113926 147813 3.1 86 27 1 6 15%   5 478469 38939 23%
c - 4060.64 193 76 99 837 449919 1 16129951 135667 3.1 86 28 1 6 15%   5 478469 38939 23%
c - 4067.90 194 76 99 838 449920 1 16158882 135503 3.1 86 28 1 6 15%   5 478469 38939 23%
c - 4076.62 195 76 99 839 449920 1 16187830 135749 3.1 86 28 1 6 15%   5 478469 38939 23%
c W 4080.26 184 75 99 839 449920 1 16197076 144910 3.1 86 27 1 6 15%   5 478469 38939 23%
c ] 4080.38 185 75 100 839 449920 1 16197523 145352 3.1 86 27 1 6 15%   5 478469 38939 23%
c { 4080.38 185 89 100 839 449920 6 16197523 145352 2.9 49 16 1 3 9%   5 478469 38939 23%
c
c  seconds     switched        rate             size/glue  tier1  binary          remaining
c           MB    reductions      conflicts           size   tier2   irredundant
c            level       restarts         redundant      glue  trail         variables
c
c - 4086.60 193 91 100 840 452230 7 16216795 137768 2.8 48 17 1 3 9%   5 478469 38939 23%
c - 4095.56 194 91 100 841 454870 8 16245778 140627 2.8 49 18 1 3 9%   5 478469 38939 23%
c - 4103.40 195 91 100 842 456741 8 16274780 142166 2.8 50 18 1 3 10%   5 478469 38939 23%
c - 4111.26 195 92 100 843 458529 7 16303797 143740 2.9 51 18 1 3 10%   5 478469 38939 23%
c - 4119.36 196 92 100 844 460230 7 16332832 144590 2.9 53 18 1 3 11%   5 478469 38939 23%
c - 4126.81 196 92 100 845 461861 7 16361884 145104 3.0 54 18 1 3 11%   5 478469 38939 23%
c - 4133.90 196 93 100 846 463513 7 16390953 146102 3.0 55 18 1 3 11%   5 478469 38939 23%
c u 4135.45 196 93 100 846 463758 7 16395014 147577 3.0 55 18 1 3 11%   5 478469 38939 23%
c v 4135.74 196 93 100 846 463758 7 16395014 140882 3.0 55 18 1 3 11%   5 478469 38939 23%
c w 4137.24 196 93 100 846 463758 7 16395014 137177 3.0 55 18 1 3 11%   5 478469 38939 23%
c x 4138.29 199 93 100 846 463758 7 16395014 137177 3.0 55 18 1 3 11%   5 478464 38939 23%
c - 4143.62 190 92 100 847 464286 6 16420039 136578 3.1 56 18 1 3 11%   5 478464 38939 23%
c - 4150.10 192 91 100 848 465402 6 16449142 139363 3.1 57 18 1 3 11%   5 478464 38939 23%
c - 4157.89 193 93 100 849 467106 6 16478263 141604 3.1 57 18 1 3 11%   5 478464 38939 23%
c e 4163.31 194 92 100 849 468254 6 16501843 164727 3.1 57 18 1 3 11%   5 478456 38937 23%
c - 4164.57 194 92 100 850 468329 6 16507403 143041 3.1 57 18 1 3 11%   5 478456 38937 23%
c - 4171.98 195 93 100 851 470149 6 16536558 144067 3.1 57 18 1 3 11%   5 478456 38937 23%
c - 4179.60 195 93 100 852 471586 6 16565730 144963 3.2 58 18 1 3 12%   5 478456 38937 23%
c - 4186.87 196 92 100 853 473015 6 16594921 145453 3.2 58 18 1 3 12%   5 478456 38937 23%
c - 4193.79 196 92 100 854 474287 6 16624127 146286 3.2 58 18 1 3 12%   5 478456 38937 23%
c
c  seconds     switched        rate             size/glue  tier1   binary          remaining
c           MB    reductions      conflicts           size   tier2    irredundant
c            level       restarts         redundant      glue   trail         variables
c
c - 4201.44 196 92 100 855 475920 6 16653350 147010 3.2 58 18 1 3 12%   5 478456 38937 23%
c - 4208.52 196 92 100 856 477300 6 16682591 147408 3.2 58 18 1 3 12%   5 478456 38937 23%
c o 4208.92 196 91 100 856 477301 6 16685253 150066 3.2 58 18 1 3 12%   5 478456 38937 23%
c } 4209.85 196 91 101 856 477592 6 16689222 153968 3.2 58 18 1 3 12%   5 478456 38937 23%
c [ 4209.85 196 75 101 856 477592 1 16689222 153968 3.1 86 27 1 6 15%   5 478456 38937 23%
c I 4209.85 196 75 101 856 477592 1 16689222 153968 3.1 86 27 1 6 15%   5 478456 38937 23%
c - 4216.58 197 77 101 857 477605 1 16711848 146494 3.0 84 28 1 6 15%   5 478456 38937 23%
c - 4223.88 197 77 101 858 477619 1 16741122 144006 3.0 83 28 1 6 15%   5 478456 38937 23%
c - 4229.88 198 77 101 859 477622 1 16770413 142048 2.9 82 28 1 6 14%   5 478456 38937 23%
c - 4237.89 198 77 101 860 477637 1 16799721 141512 2.9 82 28 1 6 14%   5 478456 38937 23%
c - 4246.59 198 76 101 861 477651 1 16829047 141308 2.8 82 29 1 6 13%   5 478456 38937 23%
c u 4249.60 198 75 101 861 477652 1 16836391 145503 2.8 82 29 1 6 13%   5 478456 38937 23%
c v 4249.75 198 75 101 861 477652 1 16836391 141463 2.8 82 29 1 6 13%   5 478456 38937 23%
c w 4252.95 200 75 101 861 477652 1 16836391 138917 2.8 82 29 1 6 13%   5 478456 38937 23%
c - 4259.02 177 74 101 862 477654 1 16858390 133742 2.9 85 29 1 6 13%   5 478456 38937 23%
c - 4267.69 180 72 101 863 477655 1 16887751 134608 3.0 88 29 1 6 13%   5 478456 38937 23%
c - 4274.95 185 73 101 864 477669 1 16917127 136143 2.9 86 29 1 6 13%   5 478456 38937 23%
c - 4282.18 186 73 101 865 477684 1 16946521 137487 2.9 85 29 1 6 13%   5 478456 38937 23%
c - 4288.90 187 73 101 866 477691 1 16975931 137989 2.9 84 29 1 6 13%   5 478456 38937 23%
c - 4296.33 188 74 101 867 477703 1 17005358 138103 2.9 84 29 1 6 13%   5 478456 38937 23%
c
c  seconds     switched        rate             size/glue  tier1   binary          remaining
c           MB    reductions      conflicts           size   tier2    irredundant
c            level       restarts         redundant      glue   trail         variables
c
c - 4305.35 189 74 101 868 477715 1 17034802 138560 2.9 84 29 1 6 14%   5 478456 38937 23%
c - 4312.39 190 75 101 869 477717 1 17064264 138927 2.9 84 29 1 6 14%   5 478456 38937 23%
c - 4319.82 190 75 101 870 477718 1 17093742 138908 2.9 85 29 1 6 13%   5 478456 38937 23%
c - 4327.47 191 75 101 871 477718 1 17123237 138718 2.9 86 30 1 6 13%   5 478456 38937 23%
c ] 4328.29 191 75 102 871 477718 1 17126804 142245 2.9 86 30 1 6 13%   5 478456 38937 23%
c { 4328.29 191 91 102 871 477718 6 17126804 142245 3.2 58 18 1 3 12%   5 478456 38937 23%
c - 4334.74 197 92 102 872 478028 5 17152749 140162 3.2 58 18 1 3 13%   5 478456 38937 23%
c - 4341.29 198 92 102 873 478446 5 17182280 143185 3.2 56 17 1 3 13%   5 478456 38937 23%
c - 4348.68 199 92 102 874 479070 5 17211826 144825 3.2 55 17 1 3 14%   5 478456 38937 23%
c - 4355.98 199 91 102 875 479678 5 17241389 145635 3.2 54 17 1 3 14%   5 478456 38937 23%
c o 4361.29 200 91 102 875 480262 5 17265350 169116 3.2 53 17 1 3 14%   5 478456 38937 23%
c - 4362.99 200 90 102 876 480449 5 17270969 146160 3.2 53 17 1 3 14%   5 478456 38937 23%
c u 4367.05 200 90 102 876 480847 5 17284158 157415 3.2 52 17 1 3 14%   5 478456 38937 23%
c v 4367.29 200 90 102 876 480847 5 17284158 152134 3.2 52 17 1 3 14%   5 478456 38937 23%
c w 4373.03 201 90 102 876 480847 5 17284158 145967 3.2 52 17 1 3 14%   5 478456 38937 23%
c - 4376.82 188 91 102 877 481301 5 17300566 137304 3.1 51 16 1 3 13%   5 478456 38937 23%
c - 4383.76 190 90 102 878 482122 6 17330180 140412 3.1 51 16 1 3 13%   5 478456 38937 23%
c - 4390.95 191 90 102 879 483087 6 17359812 142787 3.1 50 16 1 3 13%   5 478456 38937 23%
c - 4398.60 192 90 102 880 484252 6 17389461 144184 3.1 49 16 1 3 13%   5 478456 38937 23%
c - 4405.50 193 88 102 881 485267 6 17419125 144513 3.1 49 16 1 3 13%   5 478456 38937 23%
c
c  seconds     switched        rate             size/glue  tier1   binary          remaining
c           MB    reductions      conflicts           size   tier2    irredundant
c            level       restarts         redundant      glue   trail         variables
c
c - 4410.30 194 86 102 882 485860 6 17448806 144303 3.1 48 15 1 3 12%   5 478456 38937 23%
c - 4418.07 194 86 102 883 487416 6 17478504 144877 3.0 47 15 1 3 12%   5 478456 38937 23%
c - 4426.00 195 87 102 884 488872 7 17508219 145417 3.0 46 15 1 3 12%   5 478456 38937 23%
c - 4434.03 195 87 102 885 490383 7 17537951 145865 2.9 45 15 1 3 12%   5 478456 38937 23%
c - 4441.29 196 87 102 886 491772 7 17567699 145944 2.9 44 15 1 3 11%   5 478456 38937 23%
c - 4449.40 196 88 102 887 493566 8 17597464 146186 2.9 44 16 1 3 11%   5 478456 38937 23%
c - 4456.94 196 87 102 888 495054 8 17627246 146619 2.8 44 16 1 3 11%   5 478456 38937 23%
c } 4459.39 196 87 103 888 495636 8 17636656 155759 2.8 44 16 1 3 11%   5 478456 38937 23%
c [ 4459.39 196 75 103 888 495636 1 17636656 155759 2.9 86 30 1 6 13%   5 478456 38937 23%
c B 4459.39 196 75 103 888 495636 1 17636656 155759 2.9 86 30 1 6 13%   5 478456 38937 23%
c - 4465.25 197 75 103 889 495648 1 17657046 145923 2.9 85 29 1 6 14%   5 478456 38937 23%
c - 4472.13 198 75 103 890 495661 1 17686862 142637 2.8 82 30 1 6 13%   5 478456 38937 23%
c - 4479.08 198 75 103 891 495666 1 17716695 139052 2.7 81 30 1 6 12%   5 478456 38937 23%
c u 4485.09 198 74 103 891 495679 1 17738317 158452 2.7 81 30 1 6 12%   5 478456 38937 23%
c v 4485.31 198 74 103 891 495679 1 17738317 155589 2.7 81 30 1 6 12%   5 478456 38937 23%
c w 4495.22 203 74 103 891 495679 1 17738317 154888 2.7 81 30 1 6 12%   5 478456 38937 23%
c - 4497.88 183 75 103 892 495681 1 17746545 134854 2.7 81 30 1 6 12%   5 478456 38937 23%
c - 4505.64 185 76 103 893 495695 1 17776413 136097 2.7 80 30 1 6 12%   5 478456 38937 23%
c - 4513.35 188 76 103 894 495698 1 17806296 136708 2.7 80 29 1 6 13%   5 478456 38937 23%
c - 4521.52 190 75 103 895 495700 1 17836195 136173 2.7 81 30 1 6 12%   5 478456 38937 23%
c
c  seconds     switched        rate             size/glue  tier1   binary          remaining
c           MB    reductions      conflicts           size   tier2    irredundant
c            level       restarts         redundant      glue   trail         variables
c
c o 4527.98 190 76 103 895 495713 1 17859403 159211 2.7 81 30 1 6 12%   5 478456 38937 23%
c - 4529.62 190 76 103 896 495713 1 17866111 136295 2.7 82 30 1 6 13%   5 478456 38937 23%
c - 4537.12 191 76 103 897 495728 1 17896045 137171 2.7 82 30 1 6 12%   5 478456 38937 23%
c - 4543.91 192 75 103 898 495736 1 17925994 137291 2.7 82 30 1 6 12%   5 478456 38937 23%
c - 4551.47 193 75 103 899 495749 1 17955961 137638 2.7 81 30 1 6 12%   5 478456 38937 23%
c - 4559.76 193 76 103 900 495760 1 17985944 138812 2.7 80 29 1 6 12%   5 478456 38937 23%
c - 4568.37 194 76 103 901 495761 1 18015946 139197 2.7 81 30 1 6 12%   5 478456 38937 23%
c - 4575.77 195 75 103 902 495762 1 18045962 138390 2.7 81 30 1 6 13%   5 478456 38937 23%
c - 4582.36 195 74 103 903 495762 1 18075996 137125 2.7 82 31 1 6 12%   5 478456 38937 23%
c ] 4585.06 196 74 104 903 495762 1 18089011 150044 2.7 82 31 1 6 12%   5 478456 38937 23%
c { 4585.06 196 87 104 903 495762 8 18089011 150044 2.8 44 16 1 3 11%   5 478456 38937 23%
c - 4591.39 198 88 104 904 498286 9 18106046 138635 2.7 44 16 1 3 11%   5 478456 38937 23%
c - 4599.85 199 89 104 905 501392 9 18136112 142300 2.7 46 17 1 3 10%   5 478456 38937 23%
c - 4607.94 199 89 104 906 503741 9 18166195 145074 2.8 48 17 1 3 10%   5 478456 38937 23%
c - 4616.40 200 90 104 907 505687 9 18196294 147033 2.8 50 18 1 3 11%   5 478456 38937 23%
c u 4618.15 200 90 104 907 505787 9 18198894 147899 2.8 50 18 1 3 11%   5 478456 38937 23%
c v 4618.41 200 90 104 907 505787 9 18198894 142895 2.8 50 18 1 3 11%   5 478456 38937 23%
c w 4619.78 200 90 104 907 505787 9 18198894 139389 2.8 50 18 1 3 11%   5 478456 38937 23%
c - 4627.19 189 91 104 908 507789 8 18226412 140611 2.8 50 18 1 3 10%   5 478456 38937 23%
c - 4635.32 190 91 104 909 509131 8 18256546 143355 2.9 52 18 1 3 11%   5 478456 38937 23%
c
c  seconds     switched        rate             size/glue  tier1   binary          remaining
c           MB    reductions      conflicts           size   tier2    irredundant
c            level       restarts         redundant      glue   trail         variables
c
c - 4643.60 191 91 104 910 510508 7 18286695 144707 3.0 54 18 1 3 11%   5 478456 38937 23%
c - 4652.07 192 91 104 911 511996 7 18316861 146317 3.1 55 18 1 3 11%   5 478456 38937 23%
c - 4659.81 193 91 104 912 513754 7 18347045 147525 3.1 56 18 1 3 11%   5 478456 38937 23%
c - 4668.49 193 91 104 913 515352 7 18377244 148376 3.1 56 18 1 3 12%   5 478456 38937 23%
c - 4676.71 193 91 104 914 517081 7 18407460 149416 3.1 56 18 1 3 12%   5 478456 38937 23%
c - 4684.69 194 91 104 915 518574 6 18437693 150286 3.1 56 18 1 3 11%   5 478456 38937 23%
c o 4691.19 194 91 104 915 519979 7 18461090 173302 3.1 57 18 1 3 11%   5 478456 38937 23%
c - 4692.86 194 91 104 916 520323 7 18467942 150768 3.1 57 18 1 3 11%   5 478456 38937 23%
c - 4700.23 194 91 104 917 521827 6 18498207 151445 3.1 57 18 1 3 11%   5 478456 38937 23%
c - 4708.47 195 91 104 918 523277 6 18528491 152381 3.2 58 18 1 3 12%   5 478456 38937 23%
c - 4716.67 195 92 104 919 524808 6 18558792 153007 3.2 58 18 1 3 12%   5 478456 38937 23%
c - 4725.15 195 92 104 920 526098 6 18589107 153592 3.2 58 18 1 3 12%   5 478456 38937 23%
c s 4730.02 195 93 104 920 527163 6 18607415 171523 3.2 58 18 1 3 11%   5 478455 38937 23%
c } 4732.86 196 93 105 920 527506 6 18617306 181331 3.2 58 18 1 3 12%   5 478455 38937 23%
c [ 4732.86 196 74 105 920 527506 1 18617306 181331 2.7 82 31 1 6 12%   5 478455 38937 23%
c W 4733.00 186 74 105 920 527506 1 18617306 181331 2.7 82 31 1 6 12%   5 478455 38937 23%
c - 4733.48 187 74 105 921 527508 1 18619438 154533 2.7 82 31 1 6 12%   5 478455 38937 23%
c - 4740.62 189 74 105 922 527520 1 18649785 152515 2.6 80 31 1 6 12%   5 478455 38937 23%
c u 4745.77 191 74 105 922 527530 1 18665888 164580 2.6 80 31 1 6 12%   5 478455 38937 23%
c v 4746.06 192 74 105 922 527530 1 18665888 158038 2.6 80 31 1 6 12%   5 478455 38937 23%
c
c  seconds     switched        rate             size/glue  tier1   binary          remaining
c           MB    reductions      conflicts           size   tier2    irredundant
c            level       restarts         redundant      glue   trail         variables
c
c w 4755.66 196 74 105 922 527530 1 18665888 153605 2.6 80 31 1 6 12%   5 478455 38937 23%
c - 4758.98 197 74 105 923 527535 1 18680149 138888 2.6 79 31 1 6 12%   5 478455 38937 23%
c - 4766.31 198 75 105 924 527543 1 18710530 140397 2.7 80 30 1 6 12%   5 478455 38937 23%
c - 4773.36 199 76 105 925 527557 1 18740928 140810 2.7 80 30 1 6 12%   5 478455 38937 23%
c - 4780.19 200 76 105 926 527567 1 18771342 141218 2.6 80 30 1 6 12%   5 478455 38937 23%
c - 4789.06 201 75 105 927 527568 1 18801772 141597 2.6 81 31 1 6 12%   5 478455 38937 23%
c - 4796.83 183 75 105 928 527579 1 18832218 142044 2.6 80 31 1 6 12%   5 478455 38937 23%
c - 4804.85 185 75 105 929 527593 1 18862684 142245 2.6 80 31 1 6 12%   5 478455 38937 23%
c - 4812.34 186 76 105 930 527599 1 18893165 141947 2.7 81 30 1 6 12%   5 478455 38937 23%
c - 4819.74 187 76 105 931 527614 1 18923660 142272 2.6 80 31 1 6 12%   5 478455 38937 23%
c - 4827.19 188 75 105 932 527628 1 18954172 142997 2.6 80 30 1 6 12%   5 478455 38937 23%
c - 4834.17 189 74 105 933 527631 1 18984702 142637 2.7 80 30 1 6 12%   5 478455 38937 23%
c - 4842.70 189 74 105 934 527632 1 19015248 142419 2.8 82 29 1 6 13%   5 478455 38937 23%
c - 4854.16 191 73 105 935 527632 1 19045809 142608 3.0 87 29 1 6 14%   5 478455 38937 23%
c - 4865.32 192 73 105 936 527632 1 19076387 142922 3.2 91 28 1 6 15%   5 478455 38937 23%
c o 4865.86 192 73 105 936 527633 1 19078595 145123 3.2 91 28 1 6 15%   5 478455 38937 23%
c O 4872.00 194 74 105 936 527647 1 19106676 172798 3.0 88 29 1 6 14%   5 478455 38937 23%
c - 4872.10 194 74 105 937 527647 1 19106982 143744 3.0 88 29 1 6 14%   5 478455 38937 23%
c ] 4878.34 194 74 106 937 527661 1 19133624 170204 2.9 87 30 1 6 13%   5 478455 38937 23%
c { 4878.34 194 93 106 937 527661 6 19133624 170204 3.2 58 18 1 3 12%   5 478455 38937 23%
c
c  seconds     switched        rate             size/glue  tier1   binary          remaining
c           MB    reductions      conflicts           size   tier2    irredundant
c            level       restarts         redundant      glue   trail         variables
c
c - 4879.49 196 93 106 938 527838 6 19137593 142876 3.2 58 18 1 3 12%   5 478455 38937 23%
c u 4880.77 197 93 106 938 527838 6 19139328 143166 3.2 58 18 1 3 12%   5 478455 38937 23%
c v 4880.92 197 93 106 938 527838 6 19139328 140672 3.2 58 18 1 3 12%   5 478455 38937 23%
c w 4881.62 197 93 106 938 527838 6 19139328 138936 3.2 58 18 1 3 12%   5 478455 38937 23%
c - 4889.35 200 94 106 939 529145 6 19168221 141101 3.2 58 18 1 3 12%   5 478455 38937 23%
c - 4897.26 201 93 106 940 530456 6 19198865 144934 3.2 58 18 1 3 12%   5 478455 38937 23%
c - 4905.17 201 93 106 941 532086 6 19229524 146633 3.2 58 18 1 3 12%   5 478455 38937 23%
c - 4913.57 202 93 106 942 533744 6 19260201 147861 3.2 58 18 1 3 12%   5 478455 38937 23%
c - 4921.83 192 92 106 943 535166 6 19290894 149170 3.2 58 18 1 3 12%   5 478455 38937 23%
c - 4930.47 193 93 106 944 536553 6 19321604 150396 3.2 59 18 1 3 12%   5 478455 38937 23%
c - 4939.22 194 93 106 945 538104 6 19352328 151492 3.2 58 18 1 3 12%   5 478455 38937 23%
c - 4947.74 195 94 106 946 539413 6 19383068 152508 3.2 58 18 1 3 12%   5 478455 38937 23%
c - 4955.13 196 92 106 947 540753 6 19413826 153095 3.2 59 18 1 3 12%   5 478455 38937 23%
c - 4962.90 196 91 106 948 542394 6 19444600 153588 3.2 59 18 1 3 12%   5 478455 38937 23%
c - 4970.02 196 91 106 949 543507 5 19475389 154099 3.2 59 18 1 3 12%   5 478455 38937 23%
c - 4978.68 197 91 106 950 545052 6 19506194 154567 3.2 59 18 1 3 12%   5 478455 38937 23%
c - 4986.87 197 90 106 951 546129 5 19537017 154845 3.3 59 18 1 3 12%   5 478455 38937 23%
c - 4995.75 197 91 106 952 547864 6 19567856 155524 3.2 59 18 1 3 12%   5 478455 38937 23%
c - 5003.16 198 91 106 953 549093 5 19598711 156494 3.2 59 18 1 3 12%   5 478455 38937 23%
c u 5010.50 198 91 106 953 550562 6 19619213 172686 3.2 58 18 1 3 12%   5 478455 38937 23%
c
c  seconds     switched        rate             size/glue  tier1   binary          remaining
c           MB    reductions      conflicts           size   tier2    irredundant
c            level       restarts         redundant      glue   trail         variables
c
c v 5010.77 198 91 106 953 550562 6 19619213 165795 3.2 58 18 1 3 12%   5 478455 38937 23%
c w 5021.87 198 91 106 953 550562 6 19619213 164053 3.2 58 18 1 3 12%   5 478455 38937 23%
c - 5036.76 199 91 106 954 550957 6 19629582 147406 3.2 58 18 1 3 12%   5 478455 38937 23%
c - 5045.30 199 91 106 955 552185 6 19660469 149669 3.2 59 18 1 3 12%   5 478455 38937 23%
c } 5050.83 199 91 107 955 553142 6 19680649 169511 3.2 59 18 1 3 12%   5 478455 38937 23%
c [ 5050.83 199 74 107 955 553142 1 19680649 169511 2.9 87 30 1 6 13%   5 478455 38937 23%
c B 5050.83 199 74 107 955 553142 1 19680649 169511 2.9 87 30 1 6 13%   5 478455 38937 23%
c - 5053.36 199 74 107 956 553148 1 19691372 150857 2.9 86 30 1 6 13%   5 478455 38937 23%
c o 5055.59 199 75 107 956 553154 1 19699192 158629 2.8 86 30 1 6 13%   5 478455 38937 23%
c - 5062.74 200 76 107 957 553163 1 19722292 149725 2.9 88 30 1 6 14%   5 478455 38937 23%
c - 5070.25 200 76 107 958 553172 1 19753229 147623 2.9 86 30 1 6 13%   5 478455 38937 23%
c - 5077.94 200 76 107 959 553186 1 19784180 147055 2.9 85 30 1 6 13%   5 478455 38937 23%
c - 5085.77 201 76 107 960 553200 1 19815147 147111 2.8 83 30 1 6 12%   5 478455 38937 23%
c - 5093.02 202 76 107 961 553204 1 19846130 146647 2.8 83 29 1 6 13%   5 478455 38937 23%
c - 5100.47 179 74 107 962 553204 1 19877130 145743 2.8 85 30 1 6 12%   5 478455 38937 23%
c - 5108.36 185 75 107 963 553219 1 19908147 146047 2.8 84 30 1 6 12%   5 478455 38937 23%
c - 5116.04 186 76 107 964 553234 1 19939179 147093 2.8 83 30 1 6 12%   5 478455 38937 23%
c - 5124.62 187 76 107 965 553242 1 19970227 147080 2.7 84 31 1 6 12%   5 478455 38937 23%
c - 5133.94 188 76 107 966 553256 1 20001292 147315 2.7 84 31 1 6 12%   5 478455 38937 23%
c - 5142.61 189 77 107 967 553266 1 20032374 147975 2.8 85 30 1 6 13%   5 478455 38937 23%
c
c  seconds     switched        rate             size/glue  tier1   binary          remaining
c           MB    reductions      conflicts           size   tier2    irredundant
c            level       restarts         redundant      glue   trail         variables
c
c - 5150.41 189 77 107 968 553267 1 20063470 149032 2.9 84 29 1 6 13%   5 478455 38937 23%
c - 5158.65 190 77 107 969 553268 1 20094582 149012 2.9 84 29 1 6 13%   5 478455 38937 23%
c u 5162.55 189 77 107 969 553268 1 20105570 157900 2.8 83 29 1 6 13%   5 478455 38937 23%
c v 5162.75 189 77 107 969 553268 1 20105570 154454 2.8 83 29 1 6 13%   5 478455 38937 23%
c w 5168.67 193 77 107 969 553268 1 20105570 150808 2.8 83 29 1 6 13%   5 478455 38937 23%
c - 5173.43 194 77 107 970 553268 1 20125711 141538 2.7 82 30 1 6 12%   5 478455 38937 23%
c - 5180.95 195 76 107 971 553278 1 20156855 142046 2.6 81 31 1 6 12%   5 478455 38937 23%
c - 5188.55 196 77 107 972 553291 1 20188017 143326 2.6 80 31 1 6 12%   5 478455 38937 23%
c W 5190.51 186 77 107 972 553294 1 20192358 147608 2.6 80 31 1 6 12%   5 478455 38937 23%
c ] 5194.32 189 77 108 972 553299 1 20209609 164687 2.7 82 31 1 6 12%   5 478455 38937 23%
c { 5194.32 189 91 108 972 553299 6 20209609 164687 3.2 59 18 1 3 12%   5 478455 38937 23%
c - 5197.67 195 91 108 973 554020 6 20219194 144250 3.2 58 18 1 3 12%   5 478455 38937 23%
c - 5206.21 197 91 108 974 555142 6 20250388 147471 3.2 59 18 1 3 13%   5 478455 38937 23%
c - 5215.72 198 93 108 975 557048 6 20281596 150290 3.2 58 18 1 3 12%   5 478455 38937 23%
c - 5223.77 199 92 108 976 558332 6 20312820 151756 3.2 58 18 1 3 12%   5 478455 38937 23%
c o 5227.34 199 92 108 976 558911 6 20329196 167929 3.2 58 18 1 3 12%   5 478455 38937 23%
c - 5231.64 199 92 108 977 559793 6 20344060 152830 3.2 58 18 1 3 12%   5 478455 38937 23%
c - 5239.58 199 91 108 978 561215 6 20375316 153335 3.2 58 18 1 3 12%   5 478455 38937 23%
c - 5248.11 200 91 108 979 562869 6 20406588 154395 3.2 58 18 1 3 12%   5 478455 38937 23%
c - 5256.55 200 91 108 980 564204 6 20437878 155126 3.2 58 18 1 3 12%   5 478455 38937 23%
c
c  seconds     switched        rate             size/glue  tier1   binary          remaining
c           MB    reductions      conflicts           size   tier2    irredundant
c            level       restarts         redundant      glue   trail         variables
c
c - 5264.55 200 91 108 981 565648 6 20469182 155354 3.2 59 18 1 3 12%   5 478455 38937 23%
c - 5273.54 200 90 108 982 567295 6 20500503 155912 3.2 59 18 1 3 12%   5 478455 38937 23%
c - 5283.60 201 91 108 983 569029 6 20531839 156672 3.2 59 19 1 3 12%   5 478455 38937 23%
c - 5293.07 201 91 108 984 570853 6 20563192 157254 3.1 58 19 1 3 12%   5 478455 38937 23%
c - 5302.62 201 91 108 985 572394 6 20594560 157838 3.2 59 19 1 3 12%   5 478455 38937 23%
c u 5304.80 201 91 108 985 572492 6 20598425 158328 3.2 59 19 1 3 12%   5 478455 38937 23%
c v 5305.08 201 91 108 985 572492 6 20598425 152236 3.2 59 19 1 3 12%   5 478455 38937 23%
c w 5306.77 201 91 108 985 572492 6 20598425 148666 3.2 59 19 1 3 12%   5 478455 38937 23%
c - 5314.80 201 91 108 986 573691 6 20625945 148304 3.2 59 18 1 3 12%   5 478455 38937 23%
c - 5322.76 191 91 108 987 574473 5 20657346 150998 3.3 60 18 1 3 12%   5 478455 38937 23%
c - 5331.67 193 91 108 988 575665 5 20688762 152581 3.3 60 18 1 3 12%   5 478455 38937 23%
c - 5341.39 194 92 108 989 577451 6 20720194 153959 3.3 59 18 1 3 12%   5 478455 38937 23%
c - 5349.93 195 92 108 990 579033 6 20751643 154915 3.2 59 18 1 3 12%   5 478455 38937 23%
c } 5357.07 195 92 109 990 579957 5 20775649 178592 3.3 59 18 1 3 12%   5 478455 38937 23%
c [ 5357.07 195 77 109 990 579957 1 20775649 178592 2.7 82 31 1 6 12%   5 478455 38937 23%
c I 5357.07 195 77 109 990 579957 1 20775649 178592 2.7 82 31 1 6 12%   5 478455 38937 23%
c - 5358.32 195 77 109 991 579962 1 20783107 155189 2.7 81 30 1 6 12%   5 478455 38937 23%
c - 5367.18 196 78 109 992 579976 1 20814587 153822 2.7 81 30 1 6 12%   5 478455 38937 23%
c - 5376.79 196 78 109 993 579987 1 20846084 151248 2.8 82 29 1 6 13%   5 478455 38937 23%
c - 5385.34 197 78 109 994 580000 1 20877595 150702 2.9 82 28 1 6 14%   5 478455 38937 23%
c
c  seconds     switched        rate             size/glue  tier1   binary          remaining
c           MB    reductions      conflicts           size   tier2    irredundant
c            level       restarts         redundant      glue   trail         variables
c
c - 5394.35 198 78 109 995 580014 1 20909124 150844 2.9 82 28 1 6 14%   5 478455 38937 23%
c - 5406.22 199 78 109 996 580019 1 20940667 150885 3.0 86 29 1 6 14%   5 478455 38937 23%
c - 5418.82 200 77 109 997 580019 1 20972227 150220 3.1 88 29 1 6 15%   5 478455 38937 23%
c o 5419.50 200 77 109 997 580021 1 20974440 152422 3.1 88 29 1 6 15%   5 478455 38937 23%
c - 5426.48 200 77 109 998 580034 1 21003803 149999 2.9 85 29 1 6 14%   5 478455 38937 23%
c - 5433.72 200 77 109 999 580049 1 21035395 149948 2.8 83 29 1 6 13%   5 478455 38937 23%
c - 5439.98 201 76 109 1000 580057 1 21067001 149451 2.7 81 30 1 6 13%   5 478455 38937 23%
c u 5448.36 202 76 109 1000 580072 1 21097753 177456 2.6 79 30 1 6 12%   5 478455 38937 23%
c v 5448.61 202 76 109 1000 580072 1 21097753 174179 2.6 79 30 1 6 12%   5 478455 38937 23%
c w 5462.21 208 76 109 1000 580072 1 21097753 173384 2.6 79 30 1 6 12%   5 478455 38937 23%
c - 5462.58 179 76 109 1001 580072 1 21098623 144838 2.6 79 30 1 6 12%   5 478455 38937 23%
c - 5469.65 182 76 109 1002 580081 1 21130262 145956 2.7 79 30 1 6 12%   5 478455 38937 23%
c - 5477.82 184 75 109 1003 580082 1 21161916 146858 2.7 80 29 1 6 12%   5 478455 38937 23%
c - 5485.79 186 74 109 1004 580083 1 21193586 147460 2.7 80 29 1 6 12%   5 478455 38937 23%
c - 5494.31 187 73 109 1005 580083 1 21225271 147593 2.7 81 30 1 6 12%   5 478455 38937 23%
c - 5501.76 188 73 109 1006 580096 1 21256975 147503 2.6 80 30 1 6 12%   5 478455 38937 23%
c - 5509.74 189 74 109 1007 580111 1 21288692 147545 2.6 80 31 1 6 12%   5 478455 38937 23%
c B 5513.80 189 74 109 1007 580114 1 21310050 168715 2.6 79 30 1 6 12%   5 478455 38937 23%
c - 5516.18 189 74 109 1008 580115 1 21320425 147270 2.6 79 30 1 6 11%   5 478455 38937 23%
c - 5523.14 190 74 109 1009 580129 1 21352174 145970 2.6 80 31 1 6 11%   5 478455 38937 23%
c
c  seconds     switched         rate             size/glue  tier1   binary          remaining
c           MB     reductions      conflicts           size   tier2    irredundant
c            level        restarts         redundant      glue   trail         variables
c
c ] 5524.19 190 75 110 1009 580132 1 21356627 150359 2.6 80 31 1 6 11%   5 478455 38937 23%
c { 5524.19 190 92 110 1009 580132 5 21356627 150359 3.3 59 18 1 3 12%   5 478455 38937 23%
c - 5531.13 197 91 110 1010 581258 5 21383938 147892 3.3 59 18 1 3 12%   5 478455 38937 23%
c - 5540.03 198 91 110 1011 582700 5 21415718 150715 3.2 58 18 1 3 12%   5 478455 38937 23%
c - 5548.11 199 88 110 1012 584193 5 21447515 152451 3.3 59 18 1 3 12%   5 478455 38937 23%
c - 5556.66 200 90 110 1013 586138 6 21479326 153592 3.2 58 18 1 3 12%   5 478455 38937 23%
c - 5566.47 200 90 110 1014 587925 6 21511155 154525 3.2 58 18 1 3 12%   5 478455 38937 23%
c - 5575.29 201 90 110 1015 589028 6 21542998 155241 3.3 59 18 1 3 12%   5 478455 38937 23%
c - 5583.72 201 90 110 1016 590799 6 21574857 156170 3.2 59 18 1 3 12%   5 478455 38937 23%
c u 5593.10 201 90 110 1016 592342 6 21603579 181926 3.2 59 18 1 3 12%   5 478455 38937 23%
c v 5593.50 201 90 110 1016 592342 6 21603579 176889 3.2 59 18 1 3 12%   5 478455 38937 23%
c w 5606.20 203 90 110 1016 592342 6 21603579 175724 3.2 59 18 1 3 12%   5 478455 38937 23%
c - 5607.05 203 90 110 1017 592677 6 21606731 149790 3.2 58 18 1 3 12%   5 478455 38937 23%
c o 5611.46 189 90 110 1017 593678 6 21624451 167186 3.2 59 18 1 3 12%   5 478455 38937 23%
c - 5615.09 191 90 110 1018 594379 6 21638622 151348 3.2 58 18 1 3 12%   5 478455 38937 23%
c - 5623.46 193 91 110 1019 595757 6 21670529 152828 3.2 58 18 1 3 12%   5 478455 38937 23%
c - 5631.58 194 90 110 1020 597074 6 21702452 154087 3.2 58 18 1 3 12%   5 478455 38937 23%
c - 5639.76 195 91 110 1021 598832 6 21734389 155226 3.2 58 18 1 3 12%   5 478455 38937 23%
c - 5649.27 195 92 110 1022 600470 6 21766342 156316 3.2 58 18 1 3 12%   5 478455 38937 23%
c - 5658.20 196 91 110 1023 602049 6 21798310 157244 3.1 58 18 1 3 12%   5 478455 38937 23%
c
c  seconds     switched         rate             size/glue  tier1   binary          remaining
c           MB     reductions      conflicts           size   tier2    irredundant
c            level        restarts         redundant      glue   trail         variables
c
c - 5667.52 196 91 110 1024 603215 6 21830295 157985 3.2 58 18 1 3 12%   5 478455 38937 23%
c - 5676.09 197 91 110 1025 604895 6 21862296 159119 3.2 58 18 1 3 12%   5 478455 38937 23%
c - 5684.42 197 91 110 1026 606540 6 21894312 159902 3.2 59 18 1 3 12%   5 478455 38937 23%
c - 5693.52 197 91 110 1027 608250 6 21926344 160627 3.2 59 18 1 3 12%   5 478455 38937 23%
c } 5697.92 198 92 111 1027 609136 6 21941966 175943 3.2 58 18 1 3 12%   5 478455 38937 23%
c [ 5697.92 198 75 111 1027 609136 1 21941966 175943 2.6 80 31 1 6 11%   5 478455 38937 23%
c W 5700.01 187 75 111 1027 609136 1 21941966 175943 2.6 80 31 1 6 11%   5 478455 38937 23%
c - 5703.35 190 75 111 1028 609145 1 21958392 160381 2.6 79 31 1 6 11%   5 478455 38937 23%
c - 5711.33 193 75 111 1029 609160 1 21990455 158093 2.6 78 30 1 6 11%   5 478455 38937 23%
c - 5721.05 194 75 111 1030 609166 1 22022533 155408 2.7 82 30 1 6 12%   5 478455 38937 23%
c - 5731.09 195 74 111 1031 609181 1 22054626 154645 2.8 83 30 1 6 12%   5 478455 38937 23%
c - 5741.36 195 75 111 1032 609196 1 22086736 154636 2.8 83 30 1 6 12%   5 478455 38937 23%
c u 5751.13 197 75 111 1032 609198 1 22115933 180226 2.7 85 32 1 6 12%   5 478455 38937 23%
c v 5751.40 197 75 111 1032 609198 1 22115933 176211 2.7 85 32 1 6 12%   5 478455 38937 23%
c w 5760.24 207 75 111 1032 609198 1 22115933 176053 2.7 85 32 1 6 12%   5 478455 38937 23%
c x 5761.38 210 75 111 1032 609198 1 22115933 176052 2.7 85 32 1 6 12%   5 478449 38937 23%
c - 5762.37 185 75 111 1033 609198 1 22118861 148036 2.7 85 32 1 6 12%   5 478449 38937 23%
c s 5768.18 187 74 111 1033 609199 1 22140044 169056 2.7 87 32 1 6 12%   5 478447 38937 23%
c e 5768.23 190 74 111 1033 609199 1 22140044 169056 2.7 87 32 1 6 12%   5 478395 38897 23%
c s 5768.24 190 74 111 1033 609199 1 22140044 169056 2.7 87 32 1 6 12%   5 478382 38897 23%
c
c  seconds     switched         rate             size/glue  tier1   binary          remaining
c           MB     reductions      conflicts           size   tier2    irredundant
c            level        restarts         redundant      glue   trail         variables
c
c - 5771.52 191 74 111 1034 609205 1 22151003 148294 2.8 88 32 1 6 11%   5 478382 38897 23%
c - 5781.00 194 75 111 1035 609220 1 22183158 149457 2.8 87 31 1 6 12%   5 478382 38897 23%
c - 5790.03 195 75 111 1036 609229 1 22215329 149807 2.7 87 32 1 6 12%   5 478382 38897 23%
c - 5798.97 196 75 111 1037 609244 1 22247515 149546 2.6 86 32 1 6 12%   5 478382 38897 23%
c - 5808.02 197 75 111 1038 609259 1 22279719 149985 2.6 85 32 1 6 12%   5 478382 38897 23%
c - 5817.19 197 75 111 1039 609261 1 22311937 150527 2.6 83 31 1 6 12%   5 478382 38897 23%
c - 5825.50 198 75 111 1040 609262 1 22344170 150052 2.6 81 32 1 6 12%   5 478382 38897 23%
c - 5835.05 199 74 111 1041 609262 1 22376420 149460 2.6 82 32 1 6 12%   5 478382 38897 23%
c o 5842.23 199 74 111 1041 609263 1 22402824 175639 2.6 82 32 1 6 12%   5 478382 38897 23%
c - 5843.54 200 74 111 1042 609267 1 22408684 149904 2.6 81 32 1 6 12%   5 478382 38897 23%
c - 5853.06 201 74 111 1043 609281 1 22440965 150705 2.6 80 31 1 6 12%   5 478382 38897 23%
c ] 5858.16 201 75 112 1043 609291 1 22459278 168905 2.7 81 30 1 6 12%   5 478382 38897 23%
c { 5858.16 201 92 112 1043 609291 6 22459278 168905 3.2 58 18 1 3 12%   5 478382 38897 23%
c - 5862.31 202 91 112 1044 609837 6 22473260 152015 3.2 58 18 1 3 12%   5 478382 38897 23%
c - 5870.64 193 90 112 1045 611033 6 22505571 154340 3.3 59 18 1 3 12%   5 478382 38897 23%
c - 5879.11 194 90 112 1046 612485 6 22537899 156435 3.3 59 18 1 2 11%   5 478382 38897 23%
c - 5887.99 196 90 112 1047 614008 6 22570240 158027 3.3 59 18 1 2 12%   5 478382 38897 23%
c - 5897.62 196 91 112 1048 615823 6 22602598 159168 3.2 59 18 1 2 12%   5 478382 38897 23%
c u 5907.14 197 91 112 1048 617185 6 22634812 188599 3.2 59 18 1 2 12%   5 478382 38897 23%
c v 5907.37 197 91 112 1048 617185 6 22634812 185444 3.2 59 18 1 2 12%   5 478382 38897 23%
c
c  seconds     switched         rate             size/glue  tier1   binary          remaining
c           MB     reductions      conflicts           size   tier2    irredundant
c            level        restarts         redundant      glue   trail         variables
c
c w 5922.79 199 91 112 1048 617185 6 22634812 183578 3.2 59 18 1 2 12%   5 478382 38897 23%
c - 5923.08 199 91 112 1049 617204 6 22634970 154158 3.2 59 18 1 2 12%   5 478382 38897 23%
c - 5931.11 200 90 112 1050 618537 6 22667358 155807 3.3 59 18 1 2 12%   5 478382 38897 23%
c - 5939.47 200 90 112 1051 619839 5 22699761 157561 3.3 60 18 1 2 12%   5 478382 38897 23%
c - 5948.89 200 90 112 1052 621908 6 22732181 158707 3.2 59 18 1 2 12%   5 478382 38897 23%
c - 5957.11 200 89 112 1053 622984 5 22764615 159384 3.3 59 18 1 2 12%   5 478382 38897 23%
c - 5966.16 201 89 112 1054 624916 6 22797064 160390 3.3 58 18 1 2 12%   5 478382 38897 23%
c - 5975.01 201 88 112 1055 626627 6 22829530 161120 3.2 58 18 1 2 12%   5 478382 38897 23%
c - 5985.23 201 89 112 1056 628979 7 22862010 161661 3.1 57 18 1 2 12%   5 478382 38897 23%
c - 5994.32 201 90 112 1057 630921 7 22894506 161892 3.1 57 18 1 2 11%   5 478382 38897 23%
c - 6003.81 201 90 112 1058 632464 6 22927017 162110 3.1 58 18 1 2 11%   5 478382 38897 23%
c - 6013.48 202 90 112 1059 634270 6 22959544 163150 3.1 57 18 1 2 11%   5 478382 38897 23%
c - 6022.45 202 91 112 1060 635920 6 22992086 163971 3.1 57 19 1 2 11%   5 478382 38897 23%
c - 6031.29 202 91 112 1061 637762 6 23024644 164653 3.1 57 19 1 2 11%   5 478382 38897 23%
c - 6040.45 202 91 112 1062 639214 6 23057216 165289 3.1 58 19 1 2 11%   5 478382 38897 23%
c } 6042.81 202 91 113 1062 639508 6 23064196 172145 3.2 59 19 1 2 12%   5 478382 38897 23%
c [ 6042.81 202 75 113 1062 639508 1 23064196 172145 2.7 81 30 1 6 12%   5 478382 38897 23%
c O 6042.81 202 75 113 1062 639508 1 23064196 172145 2.7 81 30 1 6 12%   5 478382 38897 23%
c o 6047.41 202 75 113 1062 639517 1 23078665 186454 2.7 81 30 1 6 13%   5 478382 38897 23%
c - 6050.77 202 75 113 1063 639522 1 23089805 164744 2.7 82 30 1 6 13%   5 478382 38897 23%
c
c  seconds     switched         rate             size/glue  tier1   binary          remaining
c           MB     reductions      conflicts           size   tier2    irredundant
c            level        restarts         redundant      glue   trail         variables
c
c - 6059.92 203 75 113 1064 639537 1 23122408 161805 2.7 81 30 1 6 13%   5 478382 38897 23%
c - 6068.08 180 75 113 1065 639545 1 23155029 158262 2.6 79 30 1 6 12%   5 478382 38897 23%
c u 6070.22 187 75 113 1065 639547 1 23160237 159536 2.6 79 31 1 6 12%   5 478382 38897 23%
c v 6070.47 187 75 113 1065 639547 1 23160237 155588 2.6 79 31 1 6 12%   5 478382 38897 23%
c w 6072.22 189 75 113 1065 639547 1 23160237 152724 2.6 79 31 1 6 12%   5 478382 38897 23%
c - 6078.43 191 75 113 1066 639559 1 23187664 149669 2.6 78 31 1 6 12%   5 478382 38897 23%
c - 6086.36 193 75 113 1067 639569 1 23220313 151894 2.7 79 30 1 6 12%   5 478382 38897 23%
c - 6098.28 195 75 113 1068 639570 1 23252978 152948 2.8 81 29 1 6 13%   5 478382 38897 23%
c - 6107.92 196 75 113 1069 639584 1 23285661 153183 2.7 80 29 1 6 13%   5 478382 38897 23%
c - 6116.94 197 76 113 1070 639599 1 23318356 153281 2.7 80 29 1 6 13%   5 478382 38897 23%
c - 6125.82 198 76 113 1071 639607 1 23351066 152820 2.7 80 29 1 6 13%   5 478382 38897 23%
c - 6134.80 199 76 113 1072 639622 1 23383792 152938 2.7 81 30 1 6 13%   5 478382 38897 23%
c - 6143.74 199 76 113 1073 639632 1 23416534 153819 2.7 80 30 1 6 13%   5 478382 38897 23%
c - 6153.90 202 77 113 1074 639633 1 23449290 153588 2.6 79 30 1 6 13%   5 478382 38897 23%
c - 6162.61 185 77 113 1075 639634 1 23482061 153501 2.6 78 30 1 6 13%   5 478382 38897 23%
c - 6171.82 188 76 113 1076 639634 1 23514849 153785 2.7 78 29 1 6 14%   5 478382 38897 23%
c - 6179.89 189 77 113 1077 639648 1 23547651 154406 2.8 77 28 1 6 14%   5 478382 38897 23%
c - 6188.27 191 77 113 1078 639663 1 23580469 154655 2.8 79 28 1 6 14%   5 478382 38897 23%
c - 6197.81 193 76 113 1079 639670 1 23613302 154037 2.8 82 29 1 6 13%   5 478382 38897 23%
c ] 6201.49 193 75 114 1079 639678 1 23626892 167545 2.8 82 29 1 6 13%   5 478382 38897 23%
c
c  seconds     switched         rate             size/glue  tier1   binary          remaining
c           MB     reductions      conflicts           size   tier2    irredundant
c            level        restarts         redundant      glue   trail         variables
c
c { 6201.49 193 91 114 1079 639678 6 23626892 167545 3.2 59 19 1 2 12%   5 478382 38897 23%
c - 6206.30 197 91 114 1080 639806 5 23646150 155537 3.3 59 18 1 2 12%   5 478382 38897 23%
c - 6214.36 199 88 114 1081 640292 5 23679013 158649 3.4 59 18 1 2 12%   5 478382 38897 23%
c u 6219.06 199 88 114 1081 640682 5 23692215 169341 3.3 59 18 1 2 12%   5 478382 38897 23%
c v 6219.29 199 88 114 1081 640682 5 23692215 166959 3.3 59 18 1 2 12%   5 478382 38897 23%
c w 6226.97 200 88 114 1081 640682 5 23692215 160401 3.3 59 18 1 2 12%   5 478382 38897 23%
c - 6232.23 201 89 114 1082 641078 4 23711891 152917 3.4 59 17 1 2 11%   5 478382 38897 23%
c - 6240.20 201 88 114 1083 641691 4 23744785 156781 3.4 58 17 1 2 11%   5 478382 38897 23%
c o 6244.43 202 88 114 1083 642210 4 23758667 170134 3.4 57 17 1 2 11%   5 478382 38897 23%
c - 6250.02 202 88 114 1084 642699 4 23777693 159489 3.4 57 17 1 2 11%   5 478382 38897 23%
c - 6257.83 202 88 114 1085 643864 4 23810618 161360 3.4 56 17 1 2 11%   5 478382 38897 23%
c - 6266.77 194 89 114 1086 645557 5 23843559 163383 3.2 54 17 1 2 10%   5 478382 38897 23%
c - 6275.95 195 88 114 1087 647080 5 23876513 164831 3.2 53 17 1 2 10%   5 478382 38897 23%
c - 6285.03 196 89 114 1088 648568 5 23909483 165905 3.1 52 17 1 2 10%   5 478382 38897 23%
c - 6293.79 197 89 114 1089 650191 5 23942468 167243 3.1 51 17 1 2 10%   5 478382 38897 23%
c - 6303.38 197 89 114 1090 651815 6 23975470 168646 3.0 51 17 1 2 10%   5 478382 38897 23%
c - 6312.77 198 88 114 1091 653454 6 24008485 169677 3.1 51 17 1 2 10%   5 478382 38897 23%
c - 6321.64 198 88 114 1092 654990 6 24041515 170471 3.1 51 17 1 2 10%   5 478382 38897 23%
c - 6330.71 199 87 114 1093 656614 6 24074561 170763 3.1 52 17 1 2 10%   5 478382 38897 23%
c - 6340.03 199 87 114 1094 658316 6 24107621 171722 3.1 51 17 1 2 10%   5 478382 38897 23%
c
c  seconds     switched         rate             size/glue  tier1   binary          remaining
c           MB     reductions      conflicts           size   tier2    irredundant
c            level        restarts         redundant      glue   trail         variables
c
c - 6349.34 199 86 114 1095 660267 6 24140697 173022 3.0 51 17 1 2 10%   5 478382 38897 23%
c - 6357.84 200 85 114 1096 661456 6 24173787 173511 3.1 52 17 1 2 10%   5 478382 38897 23%
c - 6366.86 200 85 114 1097 662864 5 24206895 174729 3.1 51 17 1 2 10%   5 478382 38897 23%
c u 6375.15 200 86 114 1097 664320 6 24230747 191116 3.0 50 17 1 2 10%   5 478382 38897 23%
c v 6375.45 200 86 114 1097 664320 6 24230747 185140 3.0 50 17 1 2 10%   5 478382 38897 23%
c w 6389.01 201 86 114 1097 664320 6 24230747 174473 3.0 50 17 1 2 10%   5 478382 38897 23%
c - 6391.92 201 85 114 1098 664643 6 24240015 158964 3.0 50 17 1 2 10%   5 478382 38897 23%
c } 6394.80 201 85 115 1098 665250 6 24251669 170249 3.0 50 17 1 2 10%   5 478382 38897 23%
c [ 6394.80 201 75 115 1098 665250 1 24251669 170249 2.8 82 29 1 6 13%   5 478382 38897 23%
c B 6394.80 201 75 115 1098 665250 1 24251669 170249 2.8 82 29 1 6 13%   5 478382 38897 23%
c - 6401.23 201 76 115 1099 665263 1 24273153 161657 2.8 82 29 1 6 13%   5 478382 38897 23%
c - 6410.33 202 77 115 1100 665278 1 24306305 161342 2.8 81 29 1 6 13%   5 478382 38897 23%
c - 6419.73 203 77 115 1101 665285 1 24339472 158998 2.8 84 30 1 6 13%   5 478382 38897 23%
c - 6428.75 187 77 115 1102 665300 1 24372654 159385 2.8 84 30 1 6 13%   5 478382 38897 23%
c - 6438.40 190 77 115 1103 665311 1 24405851 159768 2.7 83 30 1 6 13%   5 478382 38897 23%
c - 6450.11 192 78 115 1104 665312 1 24439062 158501 2.8 83 30 1 6 14%   5 478382 38897 23%
c o 6453.20 192 78 115 1104 665313 1 24449178 168576 2.8 84 30 1 6 14%   5 478382 38897 23%
c - 6458.69 193 78 115 1105 665326 1 24472289 159167 2.8 83 30 1 6 13%   5 478382 38897 23%
c - 6466.02 194 77 115 1106 665341 1 24505530 159676 2.8 81 29 1 6 13%   5 478382 38897 23%
c - 6475.29 196 75 115 1107 665349 1 24538786 159210 2.7 83 30 1 6 12%   5 478382 38897 23%
c
c  seconds     switched         rate             size/glue  tier1   binary          remaining
c           MB     reductions      conflicts           size   tier2    irredundant
c            level        restarts         redundant      glue   trail         variables
c
c - 6484.74 197 76 115 1108 665364 1 24572058 160203 2.8 83 30 1 6 13%   5 478382 38897 23%
c - 6492.25 197 77 115 1109 665374 1 24605345 160333 2.7 82 30 1 6 12%   5 478382 38897 23%
c - 6503.33 199 76 115 1110 665375 1 24638646 159771 2.8 85 31 1 6 13%   5 478382 38897 23%
c - 6513.53 199 76 115 1111 665376 1 24671964 159028 2.8 87 31 1 6 14%   5 478382 38897 23%
c - 6522.29 200 76 115 1112 665376 1 24705295 158948 2.8 88 32 1 6 14%   5 478382 38897 23%
c - 6529.86 201 76 115 1113 665391 1 24738642 159259 2.7 87 32 1 6 13%   5 478382 38897 23%
c - 6537.05 202 76 115 1114 665406 1 24772003 159257 2.7 85 32 1 6 12%   5 478382 38897 23%
c u 6539.60 202 76 115 1114 665406 1 24775859 161196 2.7 85 32 1 6 12%   5 478382 38897 23%
c v 6539.78 202 76 115 1114 665406 1 24775859 159406 2.7 85 32 1 6 12%   5 478382 38897 23%
c w 6541.64 202 76 115 1114 665406 1 24775859 156653 2.7 85 32 1 6 12%   5 478382 38897 23%
c - 6548.55 182 76 115 1115 665414 1 24805380 155710 2.8 83 30 1 6 12%   5 478382 38897 23%
c W 6558.13 187 76 115 1115 665426 1 24832487 182534 2.8 81 29 1 6 12%   5 478382 38897 23%
c - 6559.88 190 76 115 1116 665429 1 24838771 157073 2.7 81 29 1 6 12%   5 478382 38897 23%
c ] 6567.69 192 77 116 1116 665438 1 24863485 181480 2.8 82 30 1 6 13%   5 478382 38897 23%
c { 6567.69 192 85 116 1116 665438 6 24863485 181480 3.0 50 17 1 2 10%   5 478382 38897 23%
c - 6570.96 196 86 116 1117 666567 6 24872177 158025 2.9 50 17 1 2 9%   5 478382 38897 23%
c - 6580.52 198 86 116 1118 669032 7 24905598 160942 3.0 52 17 1 2 10%   5 478382 38897 23%
c - 6589.60 199 87 116 1119 671327 7 24939035 163830 3.0 53 18 1 2 10%   5 478382 38897 23%
c - 6598.73 199 88 116 1120 673042 7 24972487 165487 3.0 54 18 1 2 10%   5 478382 38897 23%
c - 6609.43 200 90 116 1121 675553 7 25005954 166635 3.0 54 18 1 2 10%   5 478382 38897 23%
c
c  seconds     switched         rate             size/glue  tier1   binary          remaining
c           MB     reductions      conflicts           size   tier2    irredundant
c            level        restarts         redundant      glue   trail         variables
c
c - 6619.13 201 90 116 1122 676968 7 25039435 167318 3.1 56 18 1 2 11%   5 478382 38897 23%
c - 6627.93 201 89 116 1123 678603 6 25072933 168098 3.2 57 18 1 2 11%   5 478382 38897 23%
c - 6636.87 201 90 116 1124 680416 6 25106445 168832 3.1 57 18 1 2 11%   5 478382 38897 23%
c - 6646.09 202 89 116 1125 681501 6 25139972 169331 3.3 59 18 1 2 11%   5 478382 38897 23%
c o 6648.87 202 89 116 1125 681748 6 25149822 179054 3.3 59 18 1 2 12%   5 478382 38897 23%
c - 6657.32 202 90 116 1126 683699 6 25173513 170066 3.2 58 18 1 2 12%   5 478382 38897 23%
c - 6665.92 202 89 116 1127 685089 6 25207068 171113 3.2 58 18 1 2 12%   5 478382 38897 23%
c - 6676.09 202 90 116 1128 686939 6 25240640 171875 3.2 59 18 1 2 12%   5 478382 38897 23%
c - 6686.44 202 89 116 1129 688674 6 25274225 172455 3.2 58 18 1 2 12%   5 478382 38897 23%
c - 6695.68 203 89 116 1130 689816 6 25307825 173213 3.3 59 18 1 2 12%   5 478382 38897 23%
c u 6702.11 203 89 116 1130 690795 6 25327578 188641 3.3 59 18 1 2 12%   5 478382 38897 23%
c v 6702.40 203 89 116 1130 690795 6 25327578 183633 3.3 59 18 1 2 12%   5 478382 38897 23%
c w 6716.75 204 89 116 1130 690795 6 25327578 174979 3.3 59 18 1 2 12%   5 478382 38897 23%
c - 6719.95 190 89 116 1131 691380 6 25341440 160410 3.3 59 18 1 2 12%   5 478382 38897 23%
c - 6728.12 193 89 116 1132 693091 6 25375072 163813 3.3 59 18 1 2 12%   5 478382 38897 23%
c - 6736.75 194 89 116 1133 694644 6 25408717 166385 3.3 59 18 1 2 12%   5 478382 38897 23%
c - 6746.84 195 89 116 1134 696490 6 25442377 168165 3.3 58 18 1 2 12%   5 478382 38897 23%
c - 6756.81 196 89 116 1135 698619 6 25476051 169554 3.2 58 18 1 2 12%   5 478382 38897 23%
c } 6766.74 196 90 117 1135 700636 6 25508400 201507 3.2 58 18 1 2 12%   5 478382 38897 23%
c [ 6766.74 196 77 117 1135 700636 1 25508400 201507 2.8 82 30 1 6 13%   5 478382 38897 23%
c
c  seconds     switched         rate             size/glue  tier1   binary          remaining
c           MB     reductions      conflicts           size   tier2    irredundant
c            level        restarts         redundant      glue   trail         variables
c
c I 6766.74 196 77 117 1135 700636 1 25508400 201507 2.8 82 30 1 6 13%   5 478382 38897 23%
c - 6767.22 196 77 117 1136 700637 1 25509741 170612 2.8 82 30 1 6 13%   5 478382 38897 23%
c - 6779.60 197 78 117 1137 700653 1 25543446 169282 2.8 83 30 1 6 13%   5 478382 38897 23%
c - 6790.36 197 78 117 1138 700666 1 25577166 166019 2.8 84 30 1 6 14%   5 478382 38897 23%
c - 6802.75 198 78 117 1139 700679 1 25610900 165383 2.8 85 30 1 6 14%   5 478382 38897 23%
c - 6814.31 199 78 117 1140 700695 1 25644649 165569 2.8 86 30 1 6 14%   5 478382 38897 23%
c - 6826.02 200 78 117 1141 700698 1 25678412 164941 2.8 88 31 1 6 14%   5 478382 38897 23%
c - 6836.68 201 78 117 1142 700704 1 25712191 164202 2.8 89 31 1 6 14%   5 478382 38897 23%
c - 6845.97 201 77 117 1143 700719 1 25745984 164340 2.8 87 31 1 6 13%   5 478382 38897 23%
c - 6853.12 202 78 117 1144 700729 1 25779793 164073 2.7 84 31 1 6 13%   5 478382 38897 23%
c - 6860.36 202 77 117 1145 700744 1 25813617 164003 2.7 82 30 1 6 12%   5 478382 38897 23%
c - 6869.36 203 77 117 1146 700759 1 25847454 164523 2.7 82 30 1 6 12%   5 478382 38897 23%
c - 6880.62 204 78 117 1147 700761 1 25881307 164487 2.8 87 31 1 6 13%   5 478382 38897 23%
c u 6882.64 186 79 117 1147 700761 1 25885904 166214 2.8 86 31 1 6 13%   5 478382 38897 23%
c v 6882.82 187 79 117 1147 700761 1 25885904 163554 2.8 86 31 1 6 13%   5 478382 38897 23%
c w 6884.15 189 79 117 1147 700761 1 25885904 160633 2.8 86 31 1 6 13%   5 478382 38897 23%
c o 6884.25 189 79 117 1147 700761 1 25885904 160633 2.8 86 31 1 6 13%   5 478382 38897 23%
c - 6891.25 191 79 117 1148 700762 1 25915174 158044 2.8 88 31 1 6 13%   5 478382 38897 23%
c - 6900.37 193 78 117 1149 700762 1 25949056 159331 2.8 88 31 1 6 13%   5 478382 38897 23%
c - 6913.10 194 77 117 1150 700771 1 25982952 160221 2.8 89 32 1 6 13%   5 478382 38897 23%
c
c  seconds     switched         rate             size/glue  tier1   binary          remaining
c           MB     reductions      conflicts           size   tier2    irredundant
c            level        restarts         redundant      glue   trail         variables
c
c - 6923.97 196 78 117 1151 700787 1 26016863 160512 2.8 88 32 1 6 13%   5 478382 38897 23%
c - 6935.00 197 77 117 1152 700793 1 26050790 160999 2.9 89 30 1 6 14%   5 478382 38897 23%
c ] 6941.81 197 77 118 1152 700807 1 26071940 182011 2.9 88 30 1 6 14%   5 478382 38897 23%
c { 6941.81 197 90 118 1152 700807 6 26071940 182011 3.2 58 18 1 2 12%   5 478382 38897 23%
c - 6945.42 200 90 118 1153 701022 6 26084731 162919 3.2 58 18 1 2 12%   5 478382 38897 23%
c - 6954.20 201 91 118 1154 701515 6 26118688 166421 3.2 57 18 1 2 13%   5 478382 38897 23%
c - 6962.95 202 90 118 1155 702109 5 26152659 168178 3.3 56 17 1 2 13%   5 478382 38897 23%
c - 6971.69 203 90 118 1156 702952 6 26186644 169314 3.3 55 17 1 2 13%   5 478382 38897 23%
c - 6980.45 203 89 118 1157 703689 5 26220645 170394 3.2 54 17 1 2 13%   5 478382 38897 23%
c - 6989.62 204 89 118 1158 704706 6 26254659 171303 3.2 52 16 1 2 13%   5 478382 38897 23%
c - 6998.98 204 89 118 1159 705988 6 26288689 171937 3.1 51 16 1 2 13%   5 478382 38897 23%
c - 7009.03 204 89 118 1160 707210 6 26322733 172636 3.1 50 16 1 2 13%   5 478382 38897 23%
c - 7017.77 194 89 118 1161 708421 6 26356791 173133 3.1 50 16 1 2 13%   5 478382 38897 23%
c - 7028.37 196 89 118 1162 709795 6 26390864 173716 3.0 48 16 1 2 13%   5 478382 38897 23%
c - 7036.77 197 86 118 1163 710848 6 26424952 174168 3.0 47 16 1 2 12%   5 478382 38897 23%
c u 7046.46 197 86 118 1163 712190 7 26450837 197102 3.0 47 16 1 2 12%   5 478382 38897 23%
c v 7046.72 197 86 118 1163 712190 7 26450837 193019 3.0 47 16 1 2 12%   5 478382 38897 23%
c w 7061.17 199 86 118 1163 712190 7 26450837 180828 3.0 47 16 1 2 12%   5 478382 38897 23%
c - 7063.84 199 87 118 1164 712662 7 26459055 161472 3.0 47 16 1 2 12%   5 478382 38897 23%
c - 7074.62 200 88 118 1165 714077 7 26493172 165024 3.0 47 16 1 2 12%   5 478382 38897 23%
c
c  seconds     switched         rate             size/glue  tier1   binary          remaining
c           MB     reductions      conflicts           size   tier2    irredundant
c            level        restarts         redundant      glue   trail         variables
c
c - 7082.80 201 85 118 1166 715497 7 26527304 167602 2.9 45 15 1 2 12%   5 478382 38897 23%
c - 7093.05 201 86 118 1167 717440 7 26561450 168778 2.9 45 16 1 2 11%   5 478382 38897 23%
c - 7104.26 201 87 118 1168 719323 8 26595612 169838 2.8 45 16 1 2 12%   5 478382 38897 23%
c o 7107.46 201 87 118 1168 719900 8 26605937 179933 2.8 45 16 1 2 12%   5 478382 38897 23%
c - 7114.62 202 87 118 1169 721053 8 26629789 170984 2.8 44 16 1 2 12%   5 478382 38897 23%
c - 7124.74 202 87 118 1170 722672 8 26663979 172033 2.9 45 16 1 2 11%   5 478382 38897 23%
c - 7135.52 202 86 118 1171 724199 8 26698184 172724 2.8 45 16 1 2 12%   5 478382 38897 23%
c - 7145.36 202 86 118 1172 725805 8 26732403 173336 2.8 44 16 1 2 11%   5 478382 38897 23%
c } 7146.65 202 86 119 1172 726065 8 26737271 178093 2.8 44 16 1 2 11%   5 478382 38897 23%
c [ 7146.65 202 77 119 1172 726065 1 26737271 178093 2.9 88 30 1 6 14%   5 478382 38897 23%
c B 7146.66 202 77 119 1172 726065 1 26737271 178093 2.9 88 30 1 6 14%   5 478382 38897 23%
c - 7154.88 203 78 119 1173 726079 1 26766639 171959 2.8 86 30 1 6 14%   5 478382 38897 23%
c - 7163.61 204 78 119 1174 726094 1 26800889 167042 2.7 84 31 1 6 13%   5 478382 38897 23%
c - 7172.81 186 77 119 1175 726105 1 26835153 165637 2.8 84 30 1 6 13%   5 478382 38897 23%
c - 7182.74 190 76 119 1176 726121 1 26869431 165562 2.8 84 30 1 6 12%   5 478382 38897 23%
c - 7192.09 192 75 119 1177 726127 1 26903724 164406 2.8 83 30 1 6 12%   5 478382 38897 23%
c - 7200.55 194 74 119 1178 726130 1 26938031 163328 2.8 82 30 1 6 12%   5 478382 38897 23%
c - 7207.88 195 75 119 1179 726146 1 26972354 164153 2.8 80 29 1 6 12%   5 478382 38897 23%
c - 7216.34 196 77 119 1180 726158 1 27006690 164573 2.8 83 29 1 6 12%   5 478382 38897 23%
c u 7221.19 197 77 119 1180 726162 1 27022379 177834 2.8 82 30 1 6 12%   5 478382 38897 23%
c
c  seconds     switched         rate             size/glue  tier1   binary          remaining
c           MB     reductions      conflicts           size   tier2    irredundant
c            level        restarts         redundant      glue   trail         variables
c
c v 7221.37 197 77 119 1180 726162 1 27022379 175898 2.8 82 30 1 6 12%   5 478382 38897 23%
c w 7229.49 201 77 119 1180 726162 1 27022379 171374 2.8 82 30 1 6 12%   5 478382 38897 23%
c - 7237.40 203 78 119 1181 726172 1 27041041 158877 2.8 81 29 1 6 12%   5 478382 38897 23%
c - 7244.27 204 77 119 1182 726188 1 27075407 160769 2.7 79 29 1 6 12%   5 478382 38897 23%
c - 7252.33 184 76 119 1183 726190 1 27109787 162217 2.7 79 29 1 6 12%   5 478382 38897 23%
c - 7259.86 187 75 119 1184 726191 1 27144182 162375 2.7 80 30 1 6 12%   5 478382 38897 23%
c - 7267.12 189 75 119 1185 726191 1 27178592 161413 2.7 83 31 1 6 12%   5 478382 38897 23%
c - 7274.49 190 75 119 1186 726200 1 27213015 160750 2.7 84 31 1 6 12%   5 478382 38897 23%
c - 7284.23 193 74 119 1187 726216 1 27247453 161753 2.7 82 30 1 6 12%   5 478382 38897 23%
c - 7292.62 195 74 119 1188 726223 1 27281906 161510 2.7 79 30 1 6 12%   5 478382 38897 23%
c - 7300.93 196 75 119 1189 726240 1 27316373 160899 2.7 80 30 1 6 12%   5 478382 38897 23%
c o 7307.74 196 75 119 1189 726252 1 27338957 183326 2.7 80 29 1 6 12%   5 478382 38897 23%
c - 7310.20 197 75 119 1190 726253 1 27350855 161586 2.8 80 29 1 6 12%   5 478382 38897 23%
c W 7312.69 188 75 119 1190 726253 1 27353789 164489 2.8 80 29 1 6 12%   5 478382 38897 23%
c - 7321.85 194 75 119 1191 726254 1 27385351 161393 2.7 82 30 1 6 12%   5 478382 38897 23%
c ] 7323.15 194 74 120 1191 726254 1 27390979 167000 2.7 82 30 1 6 12%   5 478382 38897 23%
c { 7323.15 194 86 120 1191 726254 8 27390979 167000 2.8 44 16 1 2 11%   5 478382 38897 23%
c - 7332.17 199 87 120 1192 730346 9 27419862 163145 2.7 45 17 1 2 10%   5 478382 38897 23%
c - 7341.80 200 88 120 1193 733647 9 27454387 166026 2.7 46 17 1 2 10%   5 478382 38897 23%
c - 7352.75 201 90 120 1194 735933 9 27488927 168569 2.8 49 18 1 2 11%   5 478382 38897 23%
c
c  seconds     switched         rate             size/glue  tier1   binary          remaining
c           MB     reductions      conflicts           size   tier2    irredundant
c            level        restarts         redundant      glue   trail         variables
c
c - 7362.33 201 91 120 1195 738644 9 27523482 170391 2.8 50 18 1 2 10%   5 478382 38897 23%
c - 7371.26 202 90 120 1196 740532 8 27558050 171730 2.9 52 18 1 2 10%   5 478382 38897 23%
c - 7380.50 202 89 120 1197 741567 7 27592633 172847 3.1 55 18 1 2 11%   5 478382 38897 23%
c u 7383.46 191 88 120 1197 741727 7 27600581 178291 3.2 56 18 1 2 11%   5 478382 38897 23%
c v 7383.67 192 88 120 1197 741727 7 27600581 175329 3.2 56 18 1 2 11%   5 478382 38897 23%
c w 7386.93 193 88 120 1197 741727 7 27600581 168416 3.2 56 18 1 2 11%   5 478382 38897 23%
c - 7394.10 196 88 120 1198 743485 7 27627230 163952 3.1 56 18 1 2 11%   5 478382 38897 23%
c - 7403.77 198 89 120 1199 745340 7 27661842 166975 3.1 56 18 1 2 11%   5 478382 38897 23%
c - 7412.43 199 89 120 1200 747275 7 27696469 169404 3.1 57 18 1 2 11%   5 478382 38897 23%
c - 7423.41 199 90 120 1201 749112 6 27731111 171036 3.1 57 18 1 2 11%   5 478382 38897 23%
c - 7435.15 200 89 120 1202 750479 6 27765766 172034 3.2 58 18 1 2 12%   5 478382 38897 23%
c - 7447.76 200 89 120 1203 752549 6 27800436 173222 3.2 58 18 1 2 12%   5 478382 38897 23%
c - 7457.35 201 88 120 1204 753891 6 27835120 174332 3.2 59 18 1 2 12%   5 478382 38897 23%
c - 7469.22 201 89 120 1205 755775 6 27869819 175145 3.2 59 18 1 2 12%   5 478382 38897 23%
c - 7483.10 201 91 120 1206 757916 6 27904533 176319 3.2 59 19 1 2 12%   5 478382 38897 23%
c - 7494.55 202 90 120 1207 759303 6 27939263 177263 3.2 59 18 1 2 12%   5 478382 38897 23%
c - 7504.82 202 90 120 1208 761356 6 27974004 178072 3.2 58 18 1 2 12%   5 478382 38897 23%
c - 7516.41 202 89 120 1209 763256 6 28008761 179095 3.2 58 19 1 2 12%   5 478382 38897 23%
c - 7526.32 203 89 120 1210 764600 6 28043531 179772 3.2 59 18 1 2 12%   5 478382 38897 23%
c } 7538.49 203 89 121 1210 766425 6 28076998 212765 3.2 59 18 1 2 12%   5 478382 38897 23%
c
c  seconds     switched         rate             size/glue  tier1   binary          remaining
c           MB     reductions      conflicts           size   tier2    irredundant
c            level        restarts         redundant      glue   trail         variables
c
c [ 7538.49 203 74 121 1210 766425 1 28076998 212765 2.7 82 30 1 6 12%   5 478382 38897 23%
c O 7538.49 203 74 121 1210 766425 1 28076998 212765 2.7 82 30 1 6 12%   5 478382 38897 23%
c - 7538.97 203 74 121 1211 766426 1 28078316 180445 2.7 82 30 1 6 12%   5 478382 38897 23%
c o 7539.23 203 74 121 1211 766427 1 28079050 181177 2.7 82 30 1 6 12%   5 478382 38897 23%
c - 7548.76 204 76 121 1212 766442 1 28113116 178908 2.7 81 30 1 6 12%   5 478382 38897 23%
c - 7557.79 204 76 121 1213 766455 1 28147930 174094 2.6 80 30 1 6 12%   5 478382 38897 23%
c - 7568.05 204 76 121 1214 766469 1 28182759 172781 2.6 79 30 1 6 12%   5 478382 38897 23%
c u 7570.45 187 76 121 1214 766470 1 28185419 171116 2.7 79 30 1 6 12%   5 478382 38897 23%
c v 7570.69 187 76 121 1214 766470 1 28185419 166568 2.7 79 30 1 6 12%   5 478382 38897 23%
c w 7572.97 188 76 121 1214 766470 1 28185419 163950 2.7 79 30 1 6 12%   5 478382 38897 23%
c - 7582.92 191 76 121 1215 766485 1 28217601 163991 2.6 80 30 1 6 12%   5 478382 38897 23%
c - 7595.15 193 77 121 1216 766487 1 28252457 165273 2.7 84 31 1 6 12%   5 478382 38897 23%
c - 7608.38 194 76 121 1217 766495 1 28287330 166271 2.8 87 31 1 6 13%   5 478382 38897 23%
c - 7619.85 195 76 121 1218 766512 1 28322217 167666 2.8 85 30 1 6 12%   5 478382 38897 23%
c - 7631.23 196 76 121 1219 766519 1 28357117 167508 2.7 85 32 1 6 12%   5 478382 38897 23%
c - 7640.97 197 76 121 1220 766536 1 28392031 167276 2.6 84 32 1 6 12%   5 478382 38897 23%
c - 7649.75 198 76 121 1221 766549 1 28426959 167591 2.6 82 32 1 6 11%   5 478382 38897 23%
c - 7659.14 198 75 121 1222 766550 1 28461901 167899 2.6 81 32 1 6 11%   5 478382 38897 23%
c - 7667.38 199 74 121 1223 766551 1 28496860 168192 2.6 82 31 1 6 11%   5 478382 38897 23%
c - 7677.89 200 73 121 1224 766551 1 28531832 168184 2.7 84 31 1 6 12%   5 478382 38897 23%
c
c  seconds     switched         rate             size/glue  tier1   binary          remaining
c           MB     reductions      conflicts           size   tier2    irredundant
c            level        restarts         redundant      glue   trail         variables
c
c - 7687.22 200 73 121 1225 766566 1 28566817 168361 2.6 82 31 1 6 11%   5 478382 38897 23%
c - 7696.97 201 74 121 1226 766581 1 28601818 168353 2.6 81 31 1 6 11%   5 478382 38897 23%
c - 7706.17 202 74 121 1227 766592 1 28636834 168019 2.6 79 30 1 6 11%   5 478382 38897 23%
c - 7717.07 202 75 121 1228 766610 1 28671864 167855 2.6 79 30 1 6 12%   5 478382 38897 23%
c - 7729.68 203 75 121 1229 766614 1 28706906 167507 2.7 83 31 1 6 12%   5 478382 38897 23%
c B 7735.82 203 75 121 1229 766614 1 28717727 178260 2.7 86 32 1 6 13%   5 478382 38897 23%
c - 7746.02 205 75 121 1230 766620 1 28741963 166731 2.8 88 32 1 6 13%   5 478382 38897 23%
c ] 7749.46 182 75 122 1230 766624 1 28750578 175301 2.8 87 31 1 6 13%   5 478382 38897 23%
c { 7749.46 182 89 122 1230 766624 6 28750578 175301 3.2 59 18 1 2 12%   5 478382 38897 23%
c u 7759.32 195 89 122 1230 767325 5 28776918 199637 3.3 60 18 1 2 13%   5 478382 38897 23%
c v 7759.49 195 89 122 1230 767325 5 28776918 197550 3.3 60 18 1 2 13%   5 478382 38897 23%
c w 7778.36 200 89 122 1230 767325 5 28776918 196419 3.3 60 18 1 2 13%   5 478382 38897 23%
c - 7778.53 200 89 122 1231 767336 6 28777035 165052 3.3 60 18 1 2 13%   5 478382 38897 23%
c - 7787.75 201 89 122 1232 768792 5 28812120 168407 3.3 60 18 1 2 12%   5 478382 38897 23%
c o 7792.18 201 89 122 1232 769426 5 28829062 185168 3.3 60 18 1 2 12%   5 478382 38897 23%
c - 7797.73 202 89 122 1233 770398 5 28847220 170535 3.3 60 18 1 2 12%   5 478382 38897 23%
c - 7808.40 202 88 122 1234 771855 5 28882335 171918 3.3 60 18 1 2 12%   5 478382 38897 23%
c - 7819.20 203 89 122 1235 773860 6 28917464 172736 3.2 59 18 1 2 12%   5 478382 38897 23%
c - 7830.01 203 89 122 1236 775832 6 28952607 173870 3.2 59 18 1 2 12%   5 478382 38897 23%
c - 7840.51 203 88 122 1237 777280 6 28987763 174898 3.3 59 18 1 2 12%   5 478382 38897 23%
c
c  seconds     switched         rate             size/glue  tier1   binary          remaining
c           MB     reductions      conflicts           size   tier2    irredundant
c            level        restarts         redundant      glue   trail         variables
c
c - 7852.41 204 89 122 1238 779251 6 29022935 175616 3.2 59 18 1 2 12%   5 478382 38897 23%
c - 7864.92 204 88 122 1239 780632 6 29058120 176217 3.2 59 18 1 2 12%   5 478382 38897 23%
c - 7876.51 204 88 122 1240 782822 6 29093319 176772 3.2 59 18 1 2 12%   5 478382 38897 23%
c - 7887.26 205 89 122 1241 784547 6 29128532 177326 3.2 59 18 1 2 12%   5 478382 38897 23%
c - 7899.03 205 88 122 1242 786123 6 29163760 178260 3.2 59 18 1 2 12%   5 478382 38897 23%
c - 7911.18 205 88 122 1243 787961 6 29199003 179218 3.2 59 18 1 2 12%   5 478382 38897 23%
c - 7922.00 205 89 122 1244 789950 6 29234260 179950 3.2 59 19 1 2 12%   5 478382 38897 23%
c - 7934.17 206 90 122 1245 791616 6 29269533 180922 3.2 59 19 1 2 12%   5 478382 38897 23%
c - 7945.28 196 88 122 1246 793319 6 29304819 181438 3.2 60 19 1 2 12%   5 478382 38897 23%
c - 7957.63 197 89 122 1247 795378 6 29340117 182406 3.2 59 19 1 2 12%   5 478382 38897 23%
c u 7969.45 199 87 122 1247 796585 6 29375079 212492 3.2 59 18 1 2 12%   5 478382 38897 23%
c v 7969.87 199 87 122 1247 796585 6 29375079 206895 3.2 59 18 1 2 12%   5 478382 38897 23%
c w 7983.41 201 87 122 1247 796585 6 29375079 206050 3.2 59 18 1 2 12%   5 478382 38897 23%
c x 7985.03 206 87 122 1247 796585 6 29375079 206049 3.2 59 18 1 2 12%   5 478380 38897 23%
c - 7985.42 206 87 122 1248 796614 6 29375430 174001 3.2 59 18 1 2 12%   5 478380 38897 23%
c s 7996.20 197 87 122 1248 798155 6 29406691 204869 3.2 59 18 1 2 12%   5 478377 38897 23%
c e 7996.29 198 87 122 1248 798155 6 29406691 204869 3.2 59 18 1 2 12%   5 478367 38874 23%
c s 7996.30 198 87 122 1248 798155 6 29406691 204869 3.2 59 18 1 2 12%   5 478356 38874 23%
c - 7997.65 199 87 122 1249 798212 6 29410758 175879 3.2 59 18 1 2 12%   5 478356 38874 23%
c - 8008.27 200 87 122 1250 799783 6 29446100 177378 3.3 60 18 1 2 12%   5 478356 38874 23%
c
c  seconds     switched         rate             size/glue  tier1   binary          remaining
c           MB     reductions      conflicts           size   tier2    irredundant
c            level        restarts         redundant      glue   trail         variables
c
c } 8012.11 200 88 123 1250 800619 6 29457558 188564 3.2 59 18 1 2 12%   5 478356 38874 23%
c [ 8012.11 200 75 123 1250 800619 1 29457558 188564 2.8 87 31 1 6 13%   5 478356 38874 23%
c W 8012.38 189 75 123 1250 800619 1 29457558 188564 2.8 87 31 1 6 13%   5 478356 38874 23%
c - 8019.98 194 76 123 1251 800632 1 29481459 177374 2.8 86 31 1 6 13%   5 478356 38874 23%
c - 8030.66 195 76 123 1252 800648 1 29516828 174686 2.8 84 31 1 6 13%   5 478356 38874 23%
c - 8043.21 196 75 123 1253 800656 1 29552212 172380 2.7 82 30 1 6 13%   5 478356 38874 23%
c - 8058.20 198 75 123 1254 800674 1 29587610 171835 2.7 84 31 1 6 13%   5 478356 38874 23%
c o 8059.88 198 75 123 1254 800677 1 29591447 175647 2.7 84 31 1 6 13%   5 478356 38874 23%
c - 8070.48 200 75 123 1255 800681 1 29623022 172194 2.8 85 30 1 6 13%   5 478356 38874 23%
c - 8085.80 201 74 123 1256 800684 1 29658449 171826 2.9 85 29 1 6 13%   5 478356 38874 23%
c - 8100.71 202 74 123 1257 800701 1 29693889 172241 2.9 86 29 1 6 13%   5 478356 38874 23%
c - 8114.91 202 74 123 1258 800712 1 29729344 172023 2.8 85 30 1 6 13%   5 478356 38874 23%
c - 8127.35 203 74 123 1259 800727 1 29764813 171985 2.7 82 30 1 6 13%   5 478356 38874 23%
c - 8139.17 203 74 123 1260 800742 1 29800295 172556 2.7 81 30 1 6 13%   5 478356 38874 23%
c - 8149.60 204 73 123 1261 800744 1 29835795 173014 2.8 83 30 1 6 13%   5 478356 38874 23%
c - 8160.42 205 73 123 1262 800745 1 29871306 172603 2.7 82 30 1 6 13%   5 478356 38874 23%
c - 8172.75 205 72 123 1263 800745 1 29906832 172434 2.7 80 30 1 6 12%   5 478356 38874 23%
c - 8183.48 187 72 123 1264 800759 1 29942371 171221 2.6 78 30 1 6 12%   5 478356 38874 23%
c - 8194.21 189 73 123 1265 800775 1 29977924 171598 2.6 78 30 1 6 12%   5 478356 38874 23%
c u 8196.35 191 73 123 1265 800775 1 29979928 171234 2.6 77 30 1 6 12%   5 478356 38874 23%
c
c  seconds     switched         rate             size/glue  tier1   binary          remaining
c           MB     reductions      conflicts           size   tier2    irredundant
c            level        restarts         redundant      glue   trail         variables
c
c v 8196.65 191 73 123 1265 800775 1 29979928 168540 2.6 77 30 1 6 12%   5 478356 38874 23%
c w 8197.35 191 73 123 1265 800775 1 29979928 165642 2.6 77 30 1 6 12%   5 478356 38874 23%
c - 8206.76 194 73 123 1266 800783 1 30013490 165421 2.6 78 30 1 6 11%   5 478356 38874 23%
c - 8216.42 196 73 123 1267 800801 1 30049071 166795 2.6 77 29 1 6 12%   5 478356 38874 23%
c - 8227.16 197 73 123 1268 800808 1 30084666 166901 2.6 79 30 1 6 11%   5 478356 38874 23%
c ] 8235.67 198 72 124 1268 800808 1 30116537 198435 2.8 81 29 1 6 11%   5 478356 38874 23%
c { 8235.67 198 88 124 1268 800808 6 30116537 198435 3.2 59 18 1 2 12%   5 478356 38874 23%
c - 8237.09 200 88 124 1269 800910 6 30120276 166862 3.2 59 18 1 2 12%   5 478356 38874 23%
c - 8246.91 203 89 124 1270 802385 6 30155901 169888 3.3 59 18 1 2 12%   5 478356 38874 23%
c - 8256.62 204 89 124 1271 804120 6 30191541 172944 3.3 60 18 1 2 12%   5 478356 38874 23%
c - 8267.47 205 89 124 1272 805650 5 30227192 174256 3.3 59 18 1 2 12%   5 478356 38874 23%
c - 8276.58 205 88 124 1273 807224 5 30262857 175472 3.3 60 18 1 2 12%   5 478356 38874 23%
c - 8286.38 196 88 124 1274 808707 5 30298537 176590 3.3 59 18 1 2 12%   5 478356 38874 23%
c - 8298.01 198 89 124 1275 810772 6 30334230 177824 3.2 59 18 1 2 12%   5 478356 38874 23%
c o 8304.79 198 90 124 1275 811624 5 30361841 205122 3.3 60 18 1 2 12%   5 478356 38874 23%
c - 8307.40 199 90 124 1276 812208 6 30369938 178861 3.3 59 18 1 2 12%   5 478356 38874 23%
c - 8317.36 200 90 124 1277 813985 6 30405659 179951 3.2 59 18 1 2 12%   5 478356 38874 23%
c - 8327.56 200 89 124 1278 815910 6 30441396 180576 3.2 59 18 1 2 12%   5 478356 38874 23%
c - 8336.85 201 89 124 1279 817725 6 30477145 181272 3.2 59 18 1 2 11%   5 478356 38874 23%
c - 8347.06 201 89 124 1280 819983 6 30512909 181934 3.1 58 19 1 2 11%   5 478356 38874 23%
c
c  seconds     switched         rate             size/glue  tier1   binary          remaining
c           MB     reductions      conflicts           size   tier2    irredundant
c            level        restarts         redundant      glue   trail         variables
c
c - 8358.44 202 89 124 1281 821725 6 30548686 182514 3.2 59 19 1 2 11%   5 478356 38874 23%
c - 8369.35 202 88 124 1282 823279 6 30584477 183209 3.2 59 18 1 2 12%   5 478356 38874 23%
c u 8372.69 202 88 124 1282 823651 6 30591463 186312 3.2 59 18 1 2 12%   5 478356 38874 23%
c v 8372.94 202 88 124 1282 823651 6 30591463 181531 3.2 59 18 1 2 12%   5 478356 38874 23%
c w 8376.78 202 88 124 1282 823651 6 30591463 175062 3.2 59 18 1 2 12%   5 478356 38874 23%
c - 8384.90 202 87 124 1283 824750 6 30620282 172120 3.2 59 18 1 2 12%   5 478356 38874 23%
c - 8394.49 203 87 124 1284 826553 6 30656100 175565 3.2 59 18 1 2 12%   5 478356 38874 23%
c - 8403.70 203 88 124 1285 828229 6 30691933 177986 3.2 59 18 1 2 12%   5 478356 38874 23%
c - 8413.99 203 88 124 1286 830137 6 30727779 179598 3.2 59 18 1 2 12%   5 478356 38874 23%
c - 8425.05 203 88 124 1287 831869 6 30763639 180905 3.3 59 18 1 2 12%   5 478356 38874 23%
c - 8436.16 203 89 124 1288 834096 6 30799514 182376 3.2 59 18 1 2 12%   5 478356 38874 23%
c - 8447.55 203 90 124 1289 836128 6 30835403 183229 3.2 59 19 1 2 12%   5 478356 38874 23%
c } 8450.82 204 90 125 1289 836785 6 30844752 192400 3.1 58 19 1 2 12%   5 478356 38874 23%
c [ 8450.82 204 72 125 1289 836785 1 30844752 192400 2.8 81 29 1 6 11%   5 478356 38874 23%
c I 8450.82 204 72 125 1289 836785 1 30844752 192400 2.8 81 29 1 6 11%   5 478356 38874 23%
c - 8457.90 204 74 125 1290 836799 1 30871306 182459 2.7 80 29 1 6 12%   5 478356 38874 23%
c - 8466.94 204 75 125 1291 836814 1 30907222 179881 2.7 80 30 1 6 12%   5 478356 38874 23%
c - 8477.42 205 76 125 1292 836825 1 30943153 177256 2.7 80 30 1 6 12%   5 478356 38874 23%
c - 8486.47 205 76 125 1293 836843 1 30979098 177039 2.7 79 30 1 6 12%   5 478356 38874 23%
c - 8495.67 189 76 125 1294 836847 1 31015057 176493 2.7 80 30 1 6 12%   5 478356 38874 23%
c
c  seconds     switched         rate             size/glue  tier1   binary          remaining
c           MB     reductions      conflicts           size   tier2    irredundant
c            level        restarts         redundant      glue   trail         variables
c
c - 8505.69 193 77 125 1295 836854 1 31051029 175551 2.8 82 29 1 6 12%   5 478356 38874 23%
c - 8515.50 195 76 125 1296 836869 1 31087015 175258 2.7 81 30 1 6 12%   5 478356 38874 23%
c - 8524.92 196 75 125 1297 836878 1 31123016 175620 2.7 80 29 1 6 12%   5 478356 38874 23%
c o 8530.30 196 75 125 1297 836890 1 31142418 194844 2.7 78 29 1 6 12%   5 478356 38874 23%
c - 8535.34 196 75 125 1298 836895 1 31159029 176468 2.7 79 29 1 6 12%   5 478356 38874 23%
c - 8546.38 197 75 125 1299 836909 1 31195056 177506 2.8 81 29 1 6 13%   5 478356 38874 23%
c u 8552.80 198 75 125 1299 836910 1 31209712 188757 2.9 81 28 1 6 13%   5 478356 38874 23%
c v 8553.07 198 75 125 1299 836910 1 31209712 185350 2.9 81 28 1 6 13%   5 478356 38874 23%
c w 8566.37 200 75 125 1299 836910 1 31209712 180130 2.9 81 28 1 6 13%   5 478356 38874 23%
c - 8573.95 201 75 125 1300 836910 1 31231099 169315 2.9 82 28 1 6 14%   5 478356 38874 23%
c - 8585.80 202 74 125 1301 836911 1 31267156 170525 2.9 85 29 1 6 14%   5 478356 38874 23%
c - 8597.12 203 73 125 1302 836911 1 31303225 170626 3.0 89 30 1 6 13%   5 478356 38874 23%
c - 8606.93 205 74 125 1303 836927 1 31339308 171583 2.9 86 30 1 6 13%   5 478356 38874 23%
c - 8616.68 206 74 125 1304 836942 1 31375405 171959 2.7 85 31 1 6 12%   5 478356 38874 23%
c - 8628.36 190 75 125 1305 836956 1 31411515 171814 2.7 85 31 1 6 12%   5 478356 38874 23%
c - 8640.19 192 76 125 1306 836972 1 31447640 172739 2.7 84 31 1 6 13%   5 478356 38874 23%
c - 8650.94 194 77 125 1307 836974 1 31483778 172681 2.7 84 31 1 6 12%   5 478356 38874 23%
c - 8660.32 195 77 125 1308 836985 1 31519932 171953 2.7 83 31 1 6 12%   5 478356 38874 23%
c B 8660.89 196 77 125 1308 836987 1 31522408 174385 2.7 82 31 1 6 12%   5 478356 38874 23%
c ] 8663.66 196 77 126 1308 836989 1 31531039 182946 2.7 83 31 1 6 12%   5 478356 38874 23%
c
c  seconds     switched         rate             size/glue  tier1   binary          remaining
c           MB     reductions      conflicts           size   tier2    irredundant
c            level        restarts         redundant      glue   trail         variables
c
c { 8663.66 196 90 126 1308 836989 6 31531039 182946 3.1 58 19 1 2 12%   5 478356 38874 23%
c - 8670.27 200 89 126 1309 838004 6 31556100 174129 3.1 58 19 1 2 12%   5 478356 38874 23%
c - 8681.10 201 89 126 1310 839232 6 31592280 176898 3.3 60 18 1 2 12%   5 478356 38874 23%
c - 8690.67 202 89 126 1311 840704 5 31628475 179092 3.3 59 18 1 2 12%   5 478356 38874 23%
c - 8702.79 203 90 126 1312 842482 6 31664682 180470 3.3 60 18 1 2 12%   5 478356 38874 23%
c - 8714.51 203 90 126 1313 844721 6 31700903 180836 3.2 59 18 1 2 12%   5 478356 38874 23%
c - 8724.51 204 87 126 1314 845990 5 31737139 181294 3.3 59 18 1 2 12%   5 478356 38874 23%
c - 8735.13 204 87 126 1315 847684 5 31773389 182358 3.3 59 18 1 2 12%   5 478356 38874 23%
c - 8744.79 205 86 126 1316 849577 6 31809651 183012 3.3 60 18 1 2 11%   5 478356 38874 23%
c u 8753.81 205 87 126 1316 850847 6 31834650 204546 3.3 59 18 1 2 11%   5 478356 38874 23%
c v 8754.11 205 87 126 1316 850847 6 31834650 200668 3.3 59 18 1 2 11%   5 478356 38874 23%
c w 8773.56 206 87 126 1316 850847 6 31834650 195419 3.3 59 18 1 2 11%   5 478356 38874 23%
c - 8776.59 206 87 126 1317 851323 6 31845927 174892 3.2 59 18 1 2 11%   5 478356 38874 23%
c - 8785.16 194 86 126 1318 852648 5 31882217 177296 3.4 60 18 1 2 11%   5 478356 38874 23%
c - 8796.27 197 86 126 1319 855098 6 31918521 178659 3.3 60 18 1 2 11%   5 478356 38874 23%
c o 8800.11 197 86 126 1319 855849 6 31932422 192334 3.3 59 18 1 2 11%   5 478356 38874 23%
c - 8807.40 198 87 126 1320 857060 6 31954840 180164 3.3 59 18 1 2 11%   5 478356 38874 23%
c - 8818.49 199 88 126 1321 858947 6 31991172 181632 3.3 59 18 1 2 11%   5 478356 38874 23%
c - 8828.24 200 88 126 1322 860846 6 32027518 182585 3.2 59 18 1 2 11%   5 478356 38874 23%
c - 8838.15 201 87 126 1323 862886 6 32063878 183616 3.2 58 18 1 2 11%   5 478356 38874 23%
c
c  seconds     switched         rate             size/glue  tier1   binary          remaining
c           MB     reductions      conflicts           size   tier2    irredundant
c            level        restarts         redundant      glue   trail         variables
c
c - 8846.49 201 86 126 1324 863969 5 32100251 184674 3.4 60 18 1 2 11%   5 478356 38874 23%
c - 8858.39 202 87 126 1325 866499 6 32136637 185563 3.2 59 18 1 2 11%   5 478356 38874 23%
c - 8869.04 202 89 126 1326 868151 6 32173037 186306 3.3 59 18 1 2 11%   5 478356 38874 23%
c - 8880.31 202 88 126 1327 869339 5 32209453 187212 3.3 60 18 1 2 12%   5 478356 38874 23%
c - 8892.63 202 88 126 1328 871788 6 32245882 187863 3.2 59 18 1 2 12%   5 478356 38874 23%
c } 8903.45 203 88 127 1328 873486 6 32280759 222379 3.3 60 18 1 2 12%   5 478356 38874 23%
c [ 8903.45 203 77 127 1328 873486 1 32280759 222379 2.7 83 31 1 6 12%   5 478356 38874 23%
c W 8905.57 191 77 127 1328 873486 1 32280759 222379 2.7 83 31 1 6 12%   5 478356 38874 23%
c - 8906.28 193 77 127 1329 873487 1 32282324 188606 2.7 83 31 1 6 12%   5 478356 38874 23%
c - 8916.94 197 77 127 1330 873504 1 32318780 187171 2.7 82 30 1 6 13%   5 478356 38874 23%
c - 8927.48 198 76 127 1331 873516 1 32355249 182458 2.8 84 30 1 6 13%   5 478356 38874 23%
c - 8939.12 199 76 127 1332 873531 1 32391732 180898 2.7 84 31 1 6 13%   5 478356 38874 23%
c - 8948.69 199 75 127 1333 873546 1 32428229 179910 2.6 82 31 1 6 12%   5 478356 38874 23%
c - 8958.70 200 75 127 1334 873548 1 32464741 179485 2.6 81 31 1 6 12%   5 478356 38874 23%
c u 8960.53 201 74 127 1334 873548 1 32466332 177088 2.6 81 31 1 6 12%   5 478356 38874 23%
c v 8960.74 201 74 127 1334 873548 1 32466332 173492 2.6 81 31 1 6 12%   5 478356 38874 23%
c w 8961.41 201 74 127 1334 873548 1 32466332 170906 2.6 81 31 1 6 12%   5 478356 38874 23%
c - 8971.48 202 75 127 1335 873562 1 32501265 171918 2.6 80 31 1 6 12%   5 478356 38874 23%
c - 8983.18 202 76 127 1336 873578 1 32537802 173575 2.6 81 31 1 6 12%   5 478356 38874 23%
c - 8996.06 203 77 127 1337 873588 1 32574354 174282 2.7 85 32 1 6 13%   5 478356 38874 23%
c
c  seconds     switched         rate             size/glue  tier1   binary          remaining
c           MB     reductions      conflicts           size   tier2    irredundant
c            level        restarts         redundant      glue   trail         variables
c
c - 9006.68 203 77 127 1338 873605 1 32610920 175112 2.6 83 31 1 6 13%   5 478356 38874 23%
c - 9016.60 204 76 127 1339 873611 1 32647502 176008 2.6 82 31 1 6 13%   5 478356 38874 23%
c - 9026.74 204 76 127 1340 873612 1 32684095 176141 2.7 82 30 1 6 13%   5 478356 38874 23%
c - 9037.92 205 75 127 1341 873612 1 32720701 175118 2.7 83 30 1 6 13%   5 478356 38874 23%
c o 9045.87 205 75 127 1341 873614 1 32742972 197317 2.8 84 30 1 6 13%   5 478356 38874 23%
c - 9049.49 206 75 127 1342 873622 1 32757320 174280 2.7 83 30 1 6 13%   5 478356 38874 23%
c - 9061.37 188 75 127 1343 873640 1 32793954 174739 2.7 82 31 1 6 13%   5 478356 38874 23%
c - 9075.19 190 77 127 1344 873648 1 32830601 173596 2.7 84 32 1 6 13%   5 478356 38874 23%
c - 9085.25 193 76 127 1345 873665 1 32867261 174002 2.6 82 31 1 6 13%   5 478356 38874 23%
c - 9096.34 194 77 127 1346 873674 1 32903935 174570 2.7 83 31 1 6 13%   5 478356 38874 23%
c - 9106.59 199 77 127 1347 873676 1 32940622 173684 2.7 84 32 1 6 12%   5 478356 38874 23%
c ] 9116.57 200 75 128 1347 873694 1 32976903 209751 2.6 85 33 1 6 12%   5 478356 38874 23%
c { 9116.57 200 88 128 1347 873694 6 32976903 209751 3.3 60 18 1 2 12%   5 478356 38874 23%
c - 9116.76 201 88 128 1348 873710 6 32977323 172379 3.3 60 18 1 2 12%   5 478356 38874 23%
c - 9128.10 204 88 128 1349 875498 6 33014038 175404 3.3 60 18 1 2 12%   5 478356 38874 23%
c - 9138.63 204 88 128 1350 877153 6 33050767 178888 3.3 59 18 1 2 12%   5 478356 38874 23%
c - 9147.93 205 88 128 1351 878477 5 33087509 180583 3.3 60 18 1 2 12%   5 478356 38874 23%
c u 9154.96 205 88 128 1351 879587 6 33104728 195382 3.3 59 18 1 2 12%   5 478356 38874 23%
c v 9155.18 205 88 128 1351 879587 6 33104728 193254 3.3 59 18 1 2 12%   5 478356 38874 23%
c w 9169.51 206 88 128 1351 879587 6 33104728 184706 3.3 59 18 1 2 12%   5 478356 38874 23%
c
c  seconds     switched         rate             size/glue  tier1   binary          remaining
c           MB     reductions      conflicts           size   tier2    irredundant
c            level        restarts         redundant      glue   trail         variables
c
c - 9174.50 206 87 128 1352 880240 5 33124265 172406 3.3 59 18 1 2 12%   5 478356 38874 23%
c - 9184.59 195 87 128 1353 882241 6 33161034 176202 3.3 58 18 1 2 12%   5 478356 38874 23%
c - 9196.55 197 88 128 1354 884292 6 33197819 178433 3.2 58 18 1 2 12%   5 478356 38874 23%
c - 9207.91 198 89 128 1355 886211 6 33234615 179679 3.2 58 18 1 2 12%   5 478356 38874 23%
c - 9218.44 199 89 128 1356 888109 6 33271425 180748 3.2 59 18 1 2 12%   5 478356 38874 23%
c - 9229.81 200 90 128 1357 890332 6 33308248 181720 3.1 58 19 1 2 12%   5 478356 38874 23%
c - 9240.23 200 90 128 1358 891955 6 33345085 182840 3.1 58 19 1 2 11%   5 478356 38874 23%
c - 9250.51 201 89 128 1359 893261 6 33381936 183671 3.3 60 18 1 2 12%   5 478356 38874 23%
c - 9260.01 201 89 128 1360 894734 5 33418800 183957 3.3 60 18 1 2 11%   5 478356 38874 23%
c - 9270.13 202 88 128 1361 896130 5 33455678 184854 3.3 60 18 1 2 12%   5 478356 38874 23%
c - 9282.40 202 88 128 1362 898661 6 33492572 186569 3.2 59 18 1 2 11%   5 478356 38874 23%
c - 9292.54 203 89 128 1363 900583 6 33529477 187795 3.2 59 18 1 2 11%   5 478356 38874 23%
c o 9298.31 203 88 128 1363 901407 6 33553023 211033 3.3 59 18 1 2 11%   5 478356 38874 23%
c - 9301.66 203 88 128 1364 902673 6 33566395 188317 3.2 59 18 1 2 11%   5 478356 38874 23%
c - 9311.70 203 88 128 1365 904824 6 33603327 189426 3.1 59 19 1 2 11%   5 478356 38874 23%
c - 9320.12 204 87 128 1366 906095 6 33640272 190080 3.3 60 18 1 2 11%   5 478356 38874 23%
c - 9331.95 204 88 128 1367 908193 6 33677231 190936 3.4 62 18 1 2 12%   5 478356 38874 23%
c - 9341.75 204 88 128 1368 909543 6 33714203 192117 3.4 61 18 1 2 12%   5 478356 38874 23%
c } 9352.08 204 88 129 1368 911655 6 33748396 225726 3.3 60 18 1 2 11%   5 478356 38874 23%
c [ 9352.08 204 75 129 1368 911655 1 33748396 225726 2.6 85 33 1 6 12%   5 478356 38874 23%
c
c  seconds     switched         rate             size/glue  tier1   binary          remaining
c           MB     reductions      conflicts           size   tier2    irredundant
c            level        restarts         redundant      glue   trail         variables
c
c O 9352.08 204 75 129 1368 911655 1 33748396 225726 2.6 85 33 1 6 12%   5 478356 38874 23%
c u 9354.38 204 75 129 1368 911656 1 33749868 222367 2.6 85 33 1 6 12%   5 478356 38874 23%
c v 9354.77 204 75 129 1368 911656 1 33749868 216346 2.6 85 33 1 6 12%   5 478356 38874 23%
c w 9374.53 206 75 129 1368 911656 1 33749868 214668 2.6 85 33 1 6 12%   5 478356 38874 23%
c - 9374.99 206 75 129 1369 911657 1 33751189 182906 2.6 85 33 1 6 12%   5 478356 38874 23%
c - 9384.44 189 76 129 1370 911675 1 33788189 182032 2.6 83 32 1 6 12%   5 478356 38874 23%
c - 9395.62 191 77 129 1371 911685 1 33825204 180186 2.7 84 31 1 6 13%   5 478356 38874 23%
c - 9405.97 192 77 129 1372 911700 1 33862231 180433 2.7 84 32 1 6 13%   5 478356 38874 23%
c - 9416.27 193 76 129 1373 911716 1 33899271 179366 2.7 86 32 1 6 12%   5 478356 38874 23%
c - 9429.14 197 78 129 1374 911717 1 33936325 178240 2.9 88 30 1 6 15%   5 478356 38874 23%
c - 9439.22 198 78 129 1375 911732 1 33973392 178448 2.9 86 30 1 6 14%   5 478356 38874 23%
c - 9447.89 198 77 129 1376 911747 1 34010473 179147 2.8 84 30 1 6 13%   5 478356 38874 23%
c - 9456.89 199 77 129 1377 911761 1 34047569 178399 2.7 82 30 1 6 13%   5 478356 38874 23%
c - 9465.91 200 76 129 1378 911777 1 34084676 178493 2.7 80 30 1 6 12%   5 478356 38874 23%
c - 9475.30 202 75 129 1379 911780 1 34121798 178212 2.5 81 33 1 6 11%   5 478356 38874 23%
c - 9484.73 203 75 129 1380 911781 1 34158934 178216 2.5 81 32 1 6 12%   5 478356 38874 23%
c - 9502.44 209 75 129 1381 911781 1 34196082 179388 2.7 94 34 1 6 13%   5 478356 38874 23%
c - 9516.27 209 75 129 1382 911795 1 34233244 178928 2.8 94 34 1 6 13%   5 478356 38874 23%
c - 9526.37 210 74 129 1383 911811 1 34270419 179629 2.7 89 33 1 6 13%   5 478356 38874 23%
c - 9537.62 211 74 129 1384 911822 1 34307608 179398 2.7 87 32 1 6 13%   5 478356 38874 23%
c
c  seconds     switched         rate             size/glue  tier1   binary          remaining
c           MB     reductions      conflicts           size   tier2    irredundant
c            level        restarts         redundant      glue   trail         variables
c
c - 9547.23 193 75 129 1385 911840 1 34344812 179593 2.8 86 31 1 6 13%   5 478356 38874 23%
c o 9554.19 196 75 129 1385 911844 1 34373691 208023 2.8 85 31 1 6 13%   5 478356 38874 23%
c - 9556.19 197 76 129 1386 911844 1 34382027 179059 2.8 86 31 1 6 13%   5 478356 38874 23%
c u 9563.05 199 76 129 1386 911844 1 34401778 196640 2.8 89 32 1 6 13%   5 478356 38874 23%
c v 9563.32 199 76 129 1386 911844 1 34401778 194151 2.8 89 32 1 6 13%   5 478356 38874 23%
c w 9577.25 208 76 129 1386 911844 1 34401778 189401 2.8 89 32 1 6 13%   5 478356 38874 23%
c - 9581.91 208 76 129 1387 911852 1 34419257 172631 2.8 88 32 1 6 13%   5 478356 38874 23%
c ] 9589.91 209 76 130 1387 911867 1 34452107 205134 2.8 86 31 1 6 13%   5 478356 38874 23%
c { 9589.91 209 88 130 1387 911867 6 34452107 205134 3.3 60 18 1 2 11%   5 478356 38874 23%
c - 9591.17 210 88 130 1388 911964 6 34456500 174032 3.3 60 18 1 2 11%   5 478356 38874 23%
c - 9601.50 201 88 130 1389 912441 5 34493757 178098 3.4 60 18 1 2 12%   5 478356 38874 23%
c - 9611.97 203 87 130 1390 913395 5 34531026 181905 3.4 59 17 1 2 12%   5 478356 38874 23%
c - 9621.68 204 87 130 1391 914610 4 34568308 184276 3.4 58 17 1 2 12%   5 478356 38874 23%
c s 9626.36 204 87 130 1391 915105 4 34587186 202683 3.4 57 17 1 2 11%   5 478354 38874 23%
c - 9631.04 205 86 130 1392 915696 4 34605604 186287 3.4 57 17 1 2 11%   5 478354 38874 23%
c - 9640.43 206 85 130 1393 917419 5 34642914 187811 3.3 55 17 1 2 11%   5 478354 38874 23%
c - 9651.56 207 85 130 1394 919418 5 34680238 188996 3.2 53 17 1 2 10%   5 478354 38874 23%
c - 9661.73 207 85 130 1395 921019 5 34717574 190498 3.1 53 17 1 2 10%   5 478354 38874 23%
c - 9672.10 208 84 130 1396 922717 5 34754923 191383 3.2 53 17 1 2 10%   5 478354 38874 23%
c - 9683.49 208 84 130 1397 924463 5 34792287 192294 3.1 52 17 1 2 10%   5 478354 38874 23%
c
c  seconds     switched         rate             size/glue  tier1   binary          remaining
c           MB     reductions      conflicts           size   tier2    irredundant
c            level        restarts         redundant      glue   trail         variables
c
c - 9694.17 208 85 130 1398 926273 5 34829663 193333 3.1 52 17 1 2 10%   5 478354 38874 23%
c - 9705.42 209 86 130 1399 928505 6 34867054 194313 3.0 51 17 1 2 9%   5 478354 38874 23%
c - 9716.55 209 85 130 1400 930022 5 34904457 195187 3.1 52 17 1 2 10%   5 478354 38874 23%
c - 9726.56 209 85 130 1401 931251 5 34941875 196533 3.1 52 17 1 2 10%   5 478354 38874 23%
c - 9738.50 209 85 130 1402 933271 5 34979304 197746 3.1 52 17 1 2 10%   5 478354 38874 23%
c - 9750.44 210 85 130 1403 935530 6 35016748 198578 3.0 51 17 1 2 10%   5 478354 38874 23%
c - 9763.00 210 84 130 1404 937210 6 35054204 199377 3.1 52 17 1 2 10%   5 478354 38874 23%
c u 9766.28 210 85 130 1404 937596 6 35060457 198972 3.1 52 17 1 2 10%   5 478354 38874 23%
c v 9766.59 210 85 130 1404 937596 6 35060457 192900 3.1 52 17 1 2 10%   5 478354 38874 23%
c w 9770.11 210 85 130 1404 937596 6 35060457 185561 3.1 52 17 1 2 10%   5 478354 38874 23%
c - 9778.41 210 83 130 1405 938702 5 35091674 184957 3.2 53 17 1 2 10%   5 478354 38874 23%
c - 9789.54 210 84 130 1406 940565 5 35129158 189449 3.1 53 17 1 2 10%   5 478354 38874 23%
c - 9800.49 210 85 130 1407 942557 6 35166654 192516 3.1 52 17 1 2 10%   5 478354 38874 23%
c o 9810.72 210 84 130 1407 944103 5 35203692 228607 3.1 52 17 1 2 10%   5 478354 38874 23%
c - 9810.93 210 84 130 1408 944144 5 35204164 194521 3.1 52 17 1 2 10%   5 478354 38874 23%
c - 9823.45 211 85 130 1409 946395 6 35241688 196386 3.0 51 17 1 2 10%   5 478354 38874 23%
c } 9825.15 211 85 131 1409 946706 6 35245642 200211 3.0 51 17 1 2 10%   5 478354 38874 23%
c [ 9825.15 211 76 131 1409 946706 1 35245642 200211 2.8 86 31 1 6 13%   5 478354 38874 23%
c B 9825.15 211 76 131 1409 946706 1 35245642 200211 2.8 86 31 1 6 13%   5 478354 38874 23%
c - 9835.23 211 76 131 1410 946721 1 35279225 194880 2.7 84 31 1 6 13%   5 478354 38874 23%
c
c  seconds     switched         rate             size/glue  tier1   binary          remaining
c           MB     reductions      conflicts           size   tier2    irredundant
c            level        restarts         redundant      glue   trail         variables
c
c - 9847.28 211 76 131 1411 946736 1 35316776 190368 2.8 85 30 1 6 13%   5 478354 38874 23%
c - 9857.35 191 76 131 1412 946751 1 35354341 188289 2.7 84 31 1 6 12%   5 478354 38874 23%
c - 9868.39 192 77 131 1413 946766 1 35391917 187590 2.7 83 31 1 6 12%   5 478354 38874 23%
c - 9878.40 194 76 131 1414 946768 1 35429507 187248 2.8 85 31 1 6 12%   5 478354 38874 23%
c - 9887.71 197 76 131 1415 946782 1 35467110 186735 2.7 84 31 1 6 12%   5 478354 38874 23%
c - 9898.47 197 75 131 1416 946798 1 35504726 187890 2.8 85 30 1 6 12%   5 478354 38874 23%
c - 9912.28 199 74 131 1417 946810 1 35542355 188155 2.8 87 31 1 6 12%   5 478354 38874 23%
c - 9923.79 200 73 131 1418 946828 1 35579999 187005 2.8 88 32 1 6 11%   5 478354 38874 23%
c - 9937.22 204 75 131 1419 946831 1 35617655 186905 2.8 89 31 1 6 13%   5 478354 38874 23%
c - 9949.85 206 76 131 1420 946832 1 35655324 186568 2.7 89 33 1 6 13%   5 478354 38874 23%
c - 9963.01 207 75 131 1421 946832 1 35693007 185655 2.6 91 35 1 6 13%   5 478354 38874 23%
c u 9973.08 209 75 131 1421 946845 1 35725905 214840 2.6 90 34 1 6 13%   5 478354 38874 23%
c v 9973.28 209 75 131 1421 946845 1 35725905 212435 2.6 90 34 1 6 13%   5 478354 38874 23%
c w 9992.57 216 75 131 1421 946845 1 35725905 211467 2.6 90 34 1 6 13%   5 478354 38874 23%
c - 9993.87 186 76 131 1422 946846 1 35730703 181433 2.6 89 34 1 6 13%   5 478354 38874 23%
c - 10002.20 194 76 131 1423 946862 1 35768414 182788 2.6 85 33 1 6 12%   5 478354 38874 23%
c - 10012.46 197 76 131 1424 946874 1 35806136 183287 2.6 84 32 1 6 12%   5 478354 38874 23%
c - 10022.06 199 76 131 1425 946892 1 35843871 184201 2.7 82 30 1 6 12%   5 478354 38874 23%
c - 10034.63 200 77 131 1426 946895 1 35881622 183953 2.8 86 30 1 6 13%   5 478354 38874 23%
c - 10046.20 201 76 131 1427 946905 1 35919384 183545 2.9 86 29 1 6 14%   5 478354 38874 23%
c
c   seconds     switched         rate             size/glue  tier1   binary          remaining
c            MB     reductions      conflicts           size   tier2    irredundant
c             level        restarts         redundant      glue   trail         variables
c
c - 10056.32 201 76 131 1428 946923 1 35957160 183867 2.8 84 30 1 6 13%   5 478354 38874 23%
c W 10063.47 194 76 131 1428 946926 1 35973644 200178 2.7 83 30 1 6 13%   5 478354 38874 23%
c - 10068.56 199 76 131 1429 946932 1 35994948 182806 2.8 84 30 1 6 13%   5 478354 38874 23%
c ] 10072.25 200 76 132 1429 946940 1 36009386 197099 2.8 83 30 1 6 13%   5 478354 38874 23%
c { 10072.25 200 85 132 1429 946940 6 36009386 197099 3.0 51 17 1 2 10%   5 478354 38874 23%
c - 10078.86 205 86 132 1430 948829 6 36032752 184490 3.0 52 17 1 2 10%   5 478354 38874 23%
c o 10081.79 205 86 132 1430 949603 7 36043705 195218 3.0 52 17 1 2 10%   5 478354 38874 23%
c - 10091.20 207 87 132 1431 951679 7 36070567 187753 3.0 54 18 1 2 10%   5 478354 38874 23%
c - 10102.21 208 87 132 1432 954326 7 36108395 189720 3.0 54 18 1 2 10%   5 478354 38874 23%
c - 10112.29 208 88 132 1433 956335 7 36146236 191123 3.1 56 18 1 2 10%   5 478354 38874 23%
c - 10123.21 209 88 132 1434 958678 7 36184092 192354 3.1 56 18 1 2 10%   5 478354 38874 23%
c - 10134.81 209 88 132 1435 960532 7 36221960 193440 3.1 57 18 1 2 11%   5 478354 38874 23%
c - 10146.25 210 87 132 1436 961597 6 36259841 194212 3.3 59 18 1 2 11%   5 478354 38874 23%
c - 10158.37 210 88 132 1437 963700 6 36297736 194878 3.3 59 18 1 2 12%   5 478354 38874 23%
c - 10171.16 210 87 132 1438 965626 6 36335644 195334 3.2 59 18 1 2 12%   5 478354 38874 23%
c - 10182.96 211 87 132 1439 967366 6 36373564 195673 3.3 59 18 1 2 12%   5 478354 38874 23%
c u 10191.75 211 87 132 1439 968861 6 36398123 216210 3.2 59 18 1 2 12%   5 478354 38874 23%
c v 10192.05 211 87 132 1439 968861 6 36398123 212063 3.2 59 18 1 2 12%   5 478354 38874 23%
c w 10212.64 212 87 132 1439 968861 6 36398123 203619 3.2 59 18 1 2 12%   5 478354 38874 23%
c - 10232.94 198 87 132 1440 969682 6 36411498 184436 3.2 58 18 1 2 11%   5 478354 38874 23%
c
c   seconds     switched         rate             size/glue  tier1   binary          remaining
c            MB     reductions      conflicts           size   tier2    irredundant
c             level        restarts         redundant      glue   trail         variables
c
c - 10243.36 201 88 132 1441 971734 6 36449447 187718 3.2 58 18 1 2 12%   5 478354 38874 23%
c - 10253.81 203 88 132 1442 973209 6 36487409 190386 3.3 59 18 1 2 12%   5 478354 38874 23%
c - 10264.96 204 88 132 1443 975012 6 36525383 192329 3.3 59 18 1 2 12%   5 478354 38874 23%
c - 10277.75 205 89 132 1444 977389 6 36563370 193714 3.2 58 18 1 2 11%   5 478354 38874 23%
c - 10288.62 205 88 132 1445 978679 6 36601370 194769 3.3 59 18 1 2 11%   5 478354 38874 23%
c - 10301.71 206 88 132 1446 981574 6 36639383 195805 3.2 58 18 1 2 11%   5 478354 38874 23%
c - 10313.50 206 88 132 1447 983712 6 36677409 197001 3.2 59 19 1 2 11%   5 478354 38874 23%
c - 10324.80 207 87 132 1448 985375 6 36715449 198094 3.2 59 18 1 2 11%   5 478354 38874 23%
c - 10334.99 207 87 132 1449 987439 6 36753502 198872 3.2 59 18 1 2 11%   5 478354 38874 23%
c - 10347.00 207 88 132 1450 989197 6 36791570 200134 3.2 59 18 1 2 12%   5 478354 38874 23%
c } 10357.86 208 88 133 1450 990940 6 36825227 233330 3.3 60 18 1 2 12%   5 478354 38874 23%
c [ 10357.86 208 76 133 1450 990940 1 36825227 233330 2.8 83 30 1 6 13%   5 478354 38874 23%
c I 10357.86 208 76 133 1450 990940 1 36825227 233330 2.8 83 30 1 6 13%   5 478354 38874 23%
c - 10359.41 208 76 133 1451 990943 1 36829648 200834 2.8 83 30 1 6 13%   5 478354 38874 23%
c - 10372.09 208 76 133 1452 990961 1 36867739 198729 2.7 82 30 1 6 13%   5 478354 38874 23%
c - 10387.37 209 77 133 1453 990970 1 36905844 194252 2.8 83 30 1 6 14%   5 478354 38874 23%
c o 10388.31 209 77 133 1453 990972 1 36908490 196856 2.8 83 30 1 6 14%   5 478354 38874 23%
c - 10397.75 209 76 133 1454 990988 1 36943963 193913 2.8 81 29 1 6 14%   5 478354 38874 23%
c - 10414.52 210 77 133 1455 991001 1 36982095 193879 2.9 82 28 1 6 15%   5 478354 38874 23%
c - 10434.97 210 76 133 1456 991002 1 37020240 194350 3.3 87 27 1 6 17%   5 478354 38874 23%
c
c   seconds     switched         rate             size/glue  tier1   binary          remaining
c            MB     reductions      conflicts           size   tier2    irredundant
c             level        restarts         redundant      glue   trail         variables
c
c - 10446.65 211 76 133 1457 991020 1 37058398 194737 3.1 85 27 1 6 16%   5 478354 38874 23%
c u 10454.70 199 76 133 1457 991031 1 37077138 208968 3.0 83 27 1 6 16%   5 478354 38874 23%
c v 10455.00 199 76 133 1457 991031 1 37077138 204402 3.0 83 27 1 6 16%   5 478354 38874 23%
c w 10471.38 203 76 133 1457 991031 1 37077138 197959 3.0 83 27 1 6 16%   5 478354 38874 23%
c - 10476.43 204 76 133 1458 991033 1 37096568 184254 3.0 82 27 1 6 15%   5 478354 38874 23%
c - 10489.85 205 76 133 1459 991048 1 37134752 186788 2.9 81 28 1 6 15%   5 478354 38874 23%
c - 10502.82 205 77 133 1460 991064 1 37172949 188515 3.0 81 27 1 6 15%   5 478354 38874 23%
c - 10513.14 206 76 133 1461 991065 1 37211158 188381 2.9 84 29 1 6 14%   5 478354 38874 23%
c - 10525.25 208 75 133 1462 991066 1 37249381 186610 3.0 88 29 1 6 14%   5 478354 38874 23%
c - 10540.40 210 76 133 1463 991068 1 37287617 186337 3.2 88 27 1 6 16%   5 478354 38874 23%
c - 10550.99 210 77 133 1464 991087 1 37325866 187511 3.0 86 28 1 6 15%   5 478354 38874 23%
c - 10561.34 212 78 133 1465 991097 1 37364128 188063 2.9 86 29 1 6 15%   5 478354 38874 23%
c - 10573.99 195 77 133 1466 991114 1 37402403 188793 3.0 83 28 1 6 15%   5 478354 38874 23%
c - 10587.12 196 77 133 1467 991128 1 37440694 189010 2.9 83 29 1 6 14%   5 478354 38874 23%
c - 10598.91 197 76 133 1468 991129 1 37478995 188515 2.9 84 28 1 6 14%   5 478354 38874 23%
c - 10611.43 198 76 133 1469 991145 1 37517309 188896 2.9 82 28 1 6 14%   5 478354 38874 23%
c ] 10621.43 198 76 134 1469 991159 1 37548145 219572 2.9 82 28 1 6 15%   5 478354 38874 23%
c { 10621.43 198 88 134 1469 991159 6 37548145 219572 3.3 60 18 1 2 12%   5 478354 38874 23%
c - 10623.90 203 88 134 1470 991258 6 37555636 190012 3.3 59 18 1 2 12%   5 478354 38874 23%
c - 10634.63 206 89 134 1471 991695 5 37593978 192652 3.3 58 18 1 2 13%   5 478354 38874 23%
c
c   seconds     switched         rate             size/glue  tier1   binary          remaining
c            MB     reductions      conflicts           size   tier2    irredundant
c             level        restarts         redundant      glue   trail         variables
c
c - 10646.79 207 90 134 1472 992441 5 37632331 195064 3.3 57 17 1 2 14%   5 478354 38874 23%
c - 10657.82 208 89 134 1473 993122 5 37670698 196741 3.4 56 17 1 2 14%   5 478354 38874 23%
c - 10669.18 208 89 134 1474 994041 5 37709077 197736 3.4 55 16 1 2 14%   5 478354 38874 23%
c - 10681.54 209 89 134 1475 995254 5 37747469 198167 3.3 54 16 1 2 14%   5 478354 38874 23%
c u 10688.07 209 89 134 1475 995805 6 37762979 210839 3.3 53 16 1 2 14%   5 478354 38874 23%
c v 10688.34 209 89 134 1475 995805 6 37762979 207447 3.3 53 16 1 2 14%   5 478354 38874 23%
c w 10698.09 210 89 134 1475 995805 6 37762979 196703 3.3 53 16 1 2 14%   5 478354 38874 23%
c o 10700.23 210 88 134 1475 995994 6 37768525 202165 3.2 53 16 1 2 14%   5 478354 38874 23%
c - 10706.76 210 89 134 1476 996694 6 37785875 187385 3.2 52 16 1 2 14%   5 478354 38874 23%
c - 10718.37 210 89 134 1477 998125 6 37824294 191226 3.1 50 16 1 2 13%   5 478354 38874 23%
c - 10730.63 210 89 134 1478 999492 6 37862726 193885 3.1 49 16 1 2 13%   5 478354 38874 23%
c - 10741.14 211 87 134 1479 1000764 6 37901170 195048 3.1 48 16 1 2 13%   5 478354 38874 23%
c - 10753.87 211 86 134 1480 1002708 7 37939628 195343 3.0 47 16 1 2 12%   5 478354 38874 23%
c - 10767.48 211 87 134 1481 1004718 7 37978100 196068 2.9 46 16 1 2 12%   5 478354 38874 23%
c - 10779.67 211 88 134 1482 1006297 7 38016583 197403 2.9 47 16 1 2 12%   5 478354 38874 23%
c - 10792.93 201 87 134 1483 1007876 7 38055081 198177 2.9 46 16 1 2 12%   5 478354 38874 23%
c - 10806.32 203 87 134 1484 1009655 7 38093591 198834 2.9 46 16 1 2 12%   5 478354 38874 23%
c - 10819.91 204 87 134 1485 1011468 7 38132113 199727 2.9 46 16 1 2 12%   5 478354 38874 23%
c - 10834.63 205 88 134 1486 1013356 7 38170650 200773 2.9 46 16 1 2 12%   5 478354 38874 23%
c - 10849.57 205 88 134 1487 1015335 7 38209199 201227 2.9 46 16 1 2 12%   5 478354 38874 23%
c
c   seconds     switched          rate             size/glue  tier1   binary          remaining
c            MB     reductions       conflicts           size   tier2    irredundant
c             level        restarts          redundant      glue   trail         variables
c
c - 10862.61 206 88 134 1488 1017053 7 38247761 201804 2.9 46 16 1 2 12%   5 478354 38874 23%
c - 10876.14 206 88 134 1489 1018851 7 38286336 202733 2.9 46 16 1 2 12%   5 478354 38874 23%
c - 10889.82 206 88 134 1490 1020394 7 38324925 203591 2.9 47 16 1 2 12%   5 478354 38874 23%
c - 10902.46 207 87 134 1491 1021887 7 38363526 204145 3.0 48 16 1 2 12%   5 478354 38874 23%
c } 10909.52 207 88 135 1491 1022738 7 38386557 226662 3.0 48 16 1 2 12%   5 478354 38874 23%
c [ 10909.52 207 76 135 1491 1022738 1 38386557 226662 2.9 82 28 1 6 15%   5 478354 38874 23%
c B 10909.52 207 76 135 1491 1022738 1 38386557 226662 2.9 82 28 1 6 15%   5 478354 38874 23%
c - 10915.44 207 76 135 1492 1022747 1 38402140 203275 2.9 82 29 1 6 14%   5 478354 38874 23%
c - 10928.69 208 76 135 1493 1022766 1 38440767 199587 2.7 82 30 1 6 14%   5 478354 38874 23%
c u 10934.57 208 75 135 1493 1022768 1 38455616 211102 2.7 82 30 1 6 13%   5 478354 38874 23%
c v 10934.94 208 75 135 1493 1022768 1 38455616 205680 2.7 82 30 1 6 13%   5 478354 38874 23%
c w 10945.69 213 75 135 1493 1022768 1 38455616 198576 2.7 82 30 1 6 13%   5 478354 38874 23%
c x 10947.03 216 75 135 1493 1022768 1 38455616 198571 2.7 82 30 1 6 13%   5 478342 38874 23%
c - 10954.23 198 75 135 1494 1022775 1 38479406 185497 2.7 81 30 1 6 13%   5 478342 38874 23%
c - 10964.78 200 75 135 1495 1022793 1 38518059 186568 2.7 81 30 1 6 12%   5 478342 38874 23%
c - 10977.61 203 76 135 1496 1022800 1 38556724 187884 2.7 82 31 1 6 12%   5 478342 38874 23%
c - 10990.40 204 76 135 1497 1022807 1 38595404 188817 2.8 86 31 1 6 13%   5 478342 38874 23%
c - 10999.70 205 77 135 1498 1022826 1 38634096 189167 2.8 84 30 1 6 13%   5 478342 38874 23%
c o 11001.31 205 77 135 1498 1022830 1 38641916 196913 2.8 84 30 1 6 13%   5 478342 38874 23%
c - 11009.98 207 77 135 1499 1022837 1 38672802 190077 2.9 85 30 1 6 13%   5 478342 38874 23%
c
c   seconds     switched          rate             size/glue  tier1   binary          remaining
c            MB     reductions       conflicts           size   tier2    irredundant
c             level        restarts          redundant      glue   trail         variables
c
c - 11020.02 209 77 135 1500 1022853 1 38711518 190028 2.8 85 30 1 6 12%   5 478342 38874 23%
c - 11031.14 210 76 135 1501 1022863 1 38750248 189764 2.8 84 30 1 6 12%   5 478342 38874 23%
c - 11043.14 211 75 135 1502 1022864 1 38788991 189059 2.9 86 30 1 6 12%   5 478342 38874 23%
c - 11056.66 212 74 135 1503 1022864 1 38827747 188924 2.9 91 31 1 6 12%   5 478342 38874 23%
c - 11069.21 195 74 135 1504 1022877 1 38866516 188911 2.9 90 31 1 6 12%   5 478342 38874 23%
c - 11079.19 196 74 135 1505 1022894 1 38905297 189121 2.8 87 31 1 6 12%   5 478342 38874 23%
c - 11088.37 198 74 135 1506 1022904 1 38944092 188066 2.8 86 31 1 6 11%   5 478342 38874 23%
c - 11099.92 201 74 135 1507 1022923 1 38982899 188143 2.7 84 31 1 6 11%   5 478342 38874 23%
c - 11110.78 204 74 135 1508 1022927 1 39021719 188666 2.7 83 31 1 6 12%   5 478342 38874 23%
c - 11121.23 206 75 135 1509 1022937 1 39060551 187483 2.7 83 31 1 6 11%   5 478342 38874 23%
c - 11133.63 207 75 135 1510 1022956 1 39099398 187923 2.7 83 31 1 6 12%   5 478342 38874 23%
c - 11145.28 208 75 135 1511 1022965 1 39138257 187830 2.7 84 31 1 6 12%   5 478342 38874 23%
c W 11154.03 194 75 135 1511 1022973 1 39153132 202621 2.7 85 31 1 6 12%   5 478342 38874 23%
c u 11156.97 200 75 135 1511 1022973 1 39155074 203093 2.7 85 31 1 6 12%   5 478342 38874 23%
c v 11157.22 200 75 135 1511 1022973 1 39155074 201824 2.7 85 31 1 6 12%   5 478342 38874 23%
c w 11170.73 205 75 135 1511 1022973 1 39155074 196853 2.7 85 31 1 6 12%   5 478342 38874 23%
c ] 11178.75 205 75 136 1511 1022983 1 39177038 218662 2.7 86 32 1 6 12%   5 478342 38874 23%
c { 11178.75 205 88 136 1511 1022983 7 39177038 218662 3.0 48 16 1 2 12%   5 478342 38874 23%
c - 11178.88 205 88 136 1512 1022996 7 39177128 181899 3.0 48 16 1 2 12%   5 478342 38874 23%
c - 11193.33 209 89 136 1513 1026876 8 39216012 185894 2.8 49 17 1 2 11%   5 478342 38874 23%
c
c   seconds     switched          rate             size/glue  tier1   binary          remaining
c            MB     reductions       conflicts           size   tier2    irredundant
c             level        restarts          redundant      glue   trail         variables
c
c - 11205.50 210 88 136 1514 1029195 8 39254910 190200 2.9 51 18 1 2 11%   5 478342 38874 23%
c - 11215.64 210 88 136 1515 1030897 7 39293820 192731 3.0 54 18 1 2 11%   5 478342 38874 23%
c - 11227.56 211 87 136 1516 1032708 6 39332743 194544 3.1 55 18 1 2 11%   5 478342 38874 23%
c - 11239.94 211 87 136 1517 1035158 7 39371679 195709 3.1 56 18 1 2 11%   5 478342 38874 23%
c - 11251.68 202 88 136 1518 1036991 6 39410630 196832 3.1 57 18 1 2 11%   5 478342 38874 23%
c s 11251.70 202 88 136 1518 1037001 6 39410689 196889 3.1 57 18 1 2 11%   5 478340 38874 23%
c e 11251.76 203 88 136 1518 1037001 6 39410689 196889 3.1 57 18 1 2 11%   5 478251 38843 23%
c s 11251.77 203 88 136 1518 1037001 6 39410689 196889 3.1 57 18 1 2 11%   5 478239 38843 23%
c - 11263.58 204 88 136 1519 1038446 6 39449592 197779 3.2 58 18 1 2 12%   5 478239 38843 23%
c - 11275.45 205 88 136 1520 1040269 6 39488567 198717 3.2 59 18 1 2 12%   5 478239 38843 23%
c o 11287.02 206 89 136 1520 1041724 6 39521917 231592 3.3 60 18 1 2 12%   5 478239 38843 23%
c - 11288.71 206 89 136 1521 1041860 5 39527556 199581 3.3 60 18 1 2 13%   5 478239 38843 23%
c - 11300.73 207 89 136 1522 1043547 5 39566557 200329 3.3 60 18 1 2 12%   5 478239 38843 23%
c - 11312.12 207 88 136 1523 1045280 5 39605570 200737 3.2 60 18 1 2 12%   5 478239 38843 23%
c - 11324.20 208 88 136 1524 1047292 6 39644595 201294 3.2 60 19 1 2 12%   5 478239 38843 23%
c - 11336.23 208 88 136 1525 1049050 6 39683633 202024 3.2 60 19 1 2 11%   5 478239 38843 23%
c - 11347.15 208 88 136 1526 1050798 5 39722684 203424 3.2 59 19 1 2 11%   5 478239 38843 23%
c - 11358.75 209 89 136 1527 1052700 6 39761751 204882 3.1 59 19 1 2 11%   5 478239 38843 23%
c - 11369.12 209 87 136 1528 1053817 5 39800827 205748 3.3 61 19 1 2 12%   5 478239 38843 23%
c - 11380.67 209 88 136 1529 1055787 5 39839918 206320 3.2 61 19 1 2 12%   5 478239 38843 23%
c
c   seconds     switched          rate             size/glue  tier1   binary          remaining
c            MB     reductions       conflicts           size   tier2    irredundant
c             level        restarts          redundant      glue   trail         variables
c
c u 11389.48 209 87 136 1529 1056569 5 39861384 222628 3.3 61 19 1 2 12%   5 478239 38843 23%
c v 11389.90 209 87 136 1529 1056569 5 39861384 216565 3.3 61 19 1 2 12%   5 478239 38843 23%
c w 11409.84 210 87 136 1529 1056569 5 39861384 206706 3.3 61 19 1 2 12%   5 478239 38843 23%
c - 11416.25 210 88 136 1530 1057532 5 39879021 191710 3.2 61 19 1 2 12%   5 478239 38843 23%
c - 11427.33 211 88 136 1531 1059059 5 39918137 195518 3.2 60 19 1 2 11%   5 478239 38843 23%
c - 11439.69 211 87 136 1532 1060137 5 39957265 198644 3.3 61 18 1 2 12%   5 478239 38843 23%
c - 11453.45 211 88 136 1533 1062055 5 39996405 200524 3.3 60 18 1 2 12%   5 478239 38843 23%
c - 11465.59 211 88 136 1534 1063921 5 40035559 201852 3.2 60 19 1 2 12%   5 478239 38843 23%
c } 11466.68 211 88 137 1534 1064044 5 40038285 204550 3.2 60 19 1 2 12%   5 478239 38843 23%
c [ 11466.68 211 75 137 1534 1064044 1 40038285 204550 2.7 86 32 1 6 12%   5 478239 38843 23%
c O 11466.68 211 75 137 1534 1064044 1 40038285 204550 2.7 86 32 1 6 12%   5 478239 38843 23%
c - 11480.68 212 75 137 1535 1064061 1 40074726 200196 2.7 86 32 1 6 12%   5 478239 38843 23%
c - 11493.00 197 77 137 1536 1064074 1 40113906 196886 2.7 83 31 1 6 13%   5 478239 38843 23%
c - 11505.26 198 77 137 1537 1064089 1 40153097 195227 2.7 83 31 1 6 13%   5 478239 38843 23%
c - 11517.50 201 77 137 1538 1064105 1 40192303 195160 2.7 84 31 1 6 13%   5 478239 38843 23%
c - 11529.99 202 76 137 1539 1064106 1 40231521 194348 2.6 86 33 1 6 12%   5 478239 38843 23%
c - 11541.68 203 76 137 1540 1064123 1 40270752 194421 2.6 84 32 1 6 12%   5 478239 38843 23%
c - 11554.02 204 77 137 1541 1064137 1 40309995 196281 2.6 81 31 1 6 13%   5 478239 38843 23%
c - 11566.74 205 76 137 1542 1064152 1 40349251 197396 2.6 81 31 1 6 12%   5 478239 38843 23%
c - 11578.68 206 76 137 1543 1064168 1 40388519 196432 2.6 81 31 1 6 12%   5 478239 38843 23%
c
c   seconds     switched          rate             size/glue  tier1   binary          remaining
c            MB     reductions       conflicts           size   tier2    irredundant
c             level        restarts          redundant      glue   trail         variables
c
c - 11591.35 207 74 137 1544 1064169 1 40427800 195835 2.7 82 30 1 6 12%   5 478239 38843 23%
c o 11593.07 207 74 137 1544 1064170 1 40433291 201298 2.7 82 30 1 6 12%   5 478239 38843 23%
c - 11604.89 208 75 137 1545 1064170 1 40467093 196045 2.7 87 32 1 6 13%   5 478239 38843 23%
c - 11617.39 209 75 137 1546 1064176 1 40506399 195630 2.8 90 32 1 6 13%   5 478239 38843 23%
c - 11631.37 210 74 137 1547 1064194 1 40545718 195261 2.8 89 32 1 6 12%   5 478239 38843 23%
c u 11643.81 210 75 137 1547 1064201 1 40574502 220819 2.8 89 32 1 6 12%   5 478239 38843 23%
c v 11644.10 211 75 137 1547 1064201 1 40574502 217454 2.8 89 32 1 6 12%   5 478239 38843 23%
c w 11670.80 217 75 137 1547 1064201 1 40574502 215815 2.8 89 32 1 6 12%   5 478239 38843 23%
c - 11673.61 187 75 137 1548 1064204 1 40585049 189323 2.8 89 32 1 6 12%   5 478239 38843 23%
c - 11683.48 194 75 137 1549 1064223 1 40624393 190527 2.7 85 31 1 6 12%   5 478239 38843 23%
c - 11694.29 196 75 137 1550 1064233 1 40663751 190394 2.6 84 32 1 6 11%   5 478239 38843 23%
c - 11706.01 200 75 137 1551 1064239 1 40703122 191075 2.6 83 31 1 6 11%   5 478239 38843 23%
c - 11715.09 202 76 137 1552 1064256 1 40742506 191905 2.6 81 31 1 6 11%   5 478239 38843 23%
c - 11725.28 203 77 137 1553 1064267 1 40781903 191236 2.7 83 30 1 6 12%   5 478239 38843 23%
c - 11735.03 204 76 137 1554 1064286 1 40821311 191970 2.7 81 30 1 6 12%   5 478239 38843 23%
c B 11737.81 205 76 137 1554 1064292 1 40830955 201511 2.7 80 30 1 6 12%   5 478239 38843 23%
c - 11747.10 206 76 137 1555 1064295 1 40860732 191603 2.7 83 30 1 6 12%   5 478239 38843 23%
c ] 11755.20 206 76 138 1555 1064296 1 40882613 213317 2.8 84 30 1 6 13%   5 478239 38843 23%
c { 11755.20 206 88 138 1555 1064296 5 40882613 213317 3.2 60 19 1 2 12%   5 478239 38843 23%
c - 11760.38 210 88 138 1556 1064900 5 40900165 192974 3.2 60 18 1 2 12%   5 478239 38843 23%
c
c   seconds     switched          rate             size/glue  tier1   binary          remaining
c            MB     reductions       conflicts           size   tier2    irredundant
c             level        restarts          redundant      glue   trail         variables
c
c - 11771.92 211 88 138 1557 1066395 5 40939611 195884 3.2 60 18 1 2 12%   5 478239 38843 23%
c - 11782.52 212 88 138 1558 1068058 5 40979069 197767 3.3 60 18 1 2 12%   5 478239 38843 23%
c - 11793.85 202 89 138 1559 1069976 5 41018541 199211 3.2 60 18 1 2 12%   5 478239 38843 23%
c - 11804.77 203 88 138 1560 1071176 5 41058025 199970 3.3 61 18 1 2 12%   5 478239 38843 23%
c - 11817.12 205 88 138 1561 1073012 5 41097521 201034 3.3 60 18 1 2 12%   5 478239 38843 23%
c - 11828.87 205 88 138 1562 1074629 5 41137032 202043 3.3 60 18 1 2 12%   5 478239 38843 23%
c - 11840.08 206 87 138 1563 1076320 5 41176554 202907 3.3 60 18 1 2 12%   5 478239 38843 23%
c - 11852.82 207 87 138 1564 1078483 5 41216088 203645 3.2 60 18 1 2 12%   5 478239 38843 23%
c - 11864.76 208 88 138 1565 1080572 6 41255635 204133 3.2 59 19 1 2 11%   5 478239 38843 23%
c u 11879.46 208 89 138 1565 1082512 6 41294472 238867 3.2 61 19 1 2 12%   5 478239 38843 23%
c v 11879.86 208 89 138 1565 1082512 6 41294472 234159 3.2 61 19 1 2 12%   5 478239 38843 23%
c w 11901.19 211 89 138 1565 1082512 6 41294472 232867 3.2 61 19 1 2 12%   5 478239 38843 23%
c - 11901.60 211 89 138 1566 1082534 6 41295196 197197 3.2 61 19 1 2 12%   5 478239 38843 23%
c o 11912.53 211 88 138 1566 1083918 5 41333295 234909 3.3 61 18 1 2 12%   5 478239 38843 23%
c - 11913.24 211 88 138 1567 1084111 5 41334770 199087 3.3 61 19 1 2 12%   5 478239 38843 23%
c - 11924.17 211 88 138 1568 1085392 5 41374355 201046 3.3 61 18 1 2 12%   5 478239 38843 23%
c - 11936.44 211 87 138 1569 1087177 5 41413953 202621 3.3 61 18 1 2 12%   5 478239 38843 23%
c - 11947.05 212 87 138 1570 1088912 5 41453563 203440 3.3 60 18 1 2 12%   5 478239 38843 23%
c - 11958.95 202 87 138 1571 1090777 5 41493187 204307 3.3 61 19 1 2 12%   5 478239 38843 23%
c - 11971.03 204 88 138 1572 1092870 6 41532823 205771 3.2 60 19 1 2 12%   5 478239 38843 23%
c
c   seconds     switched          rate             size/glue  tier1   binary          remaining
c            MB     reductions       conflicts           size   tier2    irredundant
c             level        restarts          redundant      glue   trail         variables
c
c - 11980.72 205 87 138 1573 1094100 5 41572471 207045 3.3 61 18 1 2 12%   5 478239 38843 23%
c - 11992.11 206 87 138 1574 1095968 5 41612132 207638 3.3 61 19 1 2 12%   5 478239 38843 23%
c - 12004.33 206 87 138 1575 1097686 5 41651808 208639 3.3 61 19 1 2 11%   5 478239 38843 23%
c - 12017.27 207 88 138 1576 1099474 5 41691494 209672 3.3 61 19 1 2 12%   5 478239 38843 23%
c - 12031.17 207 88 138 1577 1101466 5 41731193 210626 3.3 61 19 1 2 12%   5 478239 38843 23%
c } 12042.70 208 88 139 1577 1102639 5 41766955 246065 3.3 62 19 1 2 12%   5 478239 38843 23%
c [ 12042.70 208 76 139 1577 1102639 1 41766955 246065 2.8 84 30 1 6 13%   5 478239 38843 23%
c W 12044.03 196 76 139 1577 1102639 1 41766955 246065 2.8 84 30 1 6 13%   5 478239 38843 23%
c - 12045.26 198 76 139 1578 1102641 1 41770908 210949 2.8 84 30 1 6 13%   5 478239 38843 23%
c - 12056.94 201 75 139 1579 1102660 1 41810632 208225 2.7 83 30 1 6 13%   5 478239 38843 23%
c - 12068.45 202 75 139 1580 1102671 1 41850368 200892 2.6 82 31 1 6 12%   5 478239 38843 23%
c - 12081.73 204 76 139 1581 1102690 1 41890117 200808 2.7 83 31 1 6 13%   5 478239 38843 23%
c - 12096.13 205 76 139 1582 1102700 1 41929878 201312 2.7 83 31 1 6 13%   5 478239 38843 23%
c - 12111.02 207 75 139 1583 1102706 1 41969652 200182 2.7 84 31 1 6 13%   5 478239 38843 23%
c - 12125.82 208 74 139 1584 1102723 1 42009440 199885 2.7 85 32 1 6 13%   5 478239 38843 23%
c u 12131.88 209 75 139 1584 1102730 1 42021321 207490 2.7 85 32 1 6 13%   5 478239 38843 23%
c v 12132.21 209 75 139 1584 1102730 1 42021321 203006 2.7 85 32 1 6 13%   5 478239 38843 23%
c w 12140.90 211 75 139 1584 1102730 1 42021321 198970 2.7 85 32 1 6 13%   5 478239 38843 23%
c - 12151.79 211 75 139 1585 1102735 1 42049241 191894 2.7 84 31 1 6 13%   5 478239 38843 23%
c - 12163.21 191 75 139 1586 1102754 1 42089054 194379 2.7 83 30 1 6 13%   5 478239 38843 23%
c
c   seconds     switched          rate             size/glue  tier1   binary          remaining
c            MB     reductions       conflicts           size   tier2    irredundant
c             level        restarts          redundant      glue   trail         variables
c
c - 12174.79 192 74 139 1587 1102763 1 42128879 195398 2.7 83 31 1 6 13%   5 478239 38843 23%
c - 12189.59 195 74 139 1588 1102765 1 42168717 196713 2.6 84 33 1 6 13%   5 478239 38843 23%
c - 12201.45 196 74 139 1589 1102765 1 42208566 196491 2.6 84 32 1 6 13%   5 478239 38843 23%
c o 12214.60 197 75 139 1589 1102776 1 42244112 231750 2.7 86 32 1 6 13%   5 478239 38843 23%
c - 12215.80 202 75 139 1590 1102779 1 42248428 196031 2.7 85 32 1 6 13%   5 478239 38843 23%
c - 12226.65 204 76 139 1591 1102795 1 42288302 196913 2.7 82 31 1 6 13%   5 478239 38843 23%
c - 12239.49 206 75 139 1592 1102808 1 42328189 195846 2.7 84 31 1 6 13%   5 478239 38843 23%
c - 12253.93 207 75 139 1593 1102826 1 42368090 195460 2.8 82 30 1 6 13%   5 478239 38843 23%
c - 12271.17 208 77 139 1594 1102828 1 42408003 195424 2.8 85 31 1 6 14%   5 478239 38843 23%
c - 12284.71 209 77 139 1595 1102842 1 42447928 194632 2.7 84 31 1 6 14%   5 478239 38843 23%
c - 12297.04 210 77 139 1596 1102858 1 42487865 195046 2.7 83 30 1 6 13%   5 478239 38843 23%
c - 12309.02 211 76 139 1597 1102872 1 42527814 195080 2.7 82 30 1 6 13%   5 478239 38843 23%
c ] 12314.60 211 75 140 1597 1102880 1 42548265 215429 2.7 82 31 1 6 12%   5 478239 38843 23%
c { 12314.60 211 88 140 1597 1102880 5 42548265 215429 3.3 62 19 1 2 12%   5 478239 38843 23%
c - 12319.92 213 88 140 1598 1103568 5 42567777 196344 3.3 61 19 1 2 12%   5 478239 38843 23%
c - 12334.26 202 87 140 1599 1104972 5 42607751 198933 3.4 62 18 1 2 12%   5 478239 38843 23%
c - 12348.26 204 87 140 1600 1107060 5 42647738 201023 3.3 61 18 1 2 12%   5 478239 38843 23%
c - 12360.59 205 87 140 1601 1109037 6 42687738 202288 3.2 60 19 1 2 12%   5 478239 38843 23%
c - 12373.87 205 86 140 1602 1110666 5 42727752 203151 3.2 60 19 1 2 12%   5 478239 38843 23%
c u 12383.75 206 87 140 1602 1111719 5 42755019 227194 3.2 60 19 1 2 12%   5 478239 38843 23%
c
c   seconds     switched          rate             size/glue  tier1   binary          remaining
c            MB     reductions       conflicts           size   tier2    irredundant
c             level        restarts          redundant      glue   trail         variables
c
c v 12384.09 206 87 140 1602 1111719 5 42755019 223852 3.2 60 19 1 2 12%   5 478239 38843 23%
c w 12408.74 207 87 140 1602 1111719 5 42755019 213574 3.2 60 19 1 2 12%   5 478239 38843 23%
c - 12412.84 208 87 140 1603 1112025 5 42767777 192341 3.3 60 18 1 2 12%   5 478239 38843 23%
c - 12426.46 208 87 140 1604 1113453 5 42807814 195839 3.3 60 18 1 2 12%   5 478239 38843 23%
c - 12440.69 208 86 140 1605 1115209 5 42847864 198513 3.3 60 18 1 2 12%   5 478239 38843 23%
c - 12450.11 209 85 140 1606 1116349 5 42887926 199502 3.4 61 18 1 2 11%   5 478239 38843 23%
c - 12462.75 210 86 140 1607 1118322 5 42928000 200624 3.3 60 18 1 2 11%   5 478239 38843 23%
c - 12477.22 210 88 140 1608 1120368 5 42968089 202046 3.3 60 18 1 2 12%   5 478239 38843 23%
c - 12489.40 210 87 140 1609 1121916 5 43008188 203359 3.3 60 18 1 2 12%   5 478239 38843 23%
c - 12501.79 210 87 140 1610 1123756 5 43048301 204657 3.3 60 18 1 2 12%   5 478239 38843 23%
c - 12514.93 211 87 140 1611 1125606 5 43088426 206136 3.2 59 19 1 2 12%   5 478239 38843 23%
c - 12525.30 212 86 140 1612 1126798 5 43128566 206862 3.3 60 18 1 2 11%   5 478239 38843 23%
c o 12536.80 212 87 140 1612 1128598 5 43164240 242131 3.2 60 18 1 2 11%   5 478239 38843 23%
c - 12538.52 212 87 140 1613 1128955 5 43168716 207715 3.2 60 19 1 2 11%   5 478239 38843 23%
c - 12551.21 212 87 140 1614 1130505 5 43208878 208691 3.2 60 19 1 2 11%   5 478239 38843 23%
c - 12563.58 202 87 140 1615 1132285 5 43249052 209354 3.2 60 19 1 2 11%   5 478239 38843 23%
c - 12576.74 204 87 140 1616 1133652 5 43289239 210122 3.3 61 18 1 2 12%   5 478239 38843 23%
c - 12589.58 205 87 140 1617 1135778 5 43329438 211519 3.3 60 18 1 2 12%   5 478239 38843 23%
c - 12602.80 206 88 140 1618 1137600 5 43369649 212365 3.3 61 19 1 2 12%   5 478239 38843 23%
c - 12617.38 207 88 140 1619 1139779 6 43409873 213019 3.2 61 19 1 2 12%   5 478239 38843 23%
c
c   seconds     switched          rate             size/glue  tier1   binary          remaining
c            MB     reductions       conflicts           size   tier2    irredundant
c             level        restarts          redundant      glue   trail         variables
c
c - 12631.32 207 89 140 1620 1141304 5 43450109 214066 3.3 61 19 1 2 12%   5 478239 38843 23%
c } 12633.30 208 89 141 1620 1141737 6 43455964 219834 3.2 61 19 1 2 12%   5 478239 38843 23%
c [ 12633.30 208 75 141 1620 1141737 1 43455964 219834 2.7 82 31 1 6 12%   5 478239 38843 23%
c I 12633.30 208 75 141 1620 1141737 1 43455964 219834 2.7 82 31 1 6 12%   5 478239 38843 23%
c - 12644.55 208 75 141 1621 1141753 1 43490359 212843 2.7 82 30 1 6 13%   5 478239 38843 23%
c u 12648.40 208 75 141 1621 1141757 1 43495623 213062 2.7 82 30 1 6 12%   5 478239 38843 23%
c v 12648.71 208 75 141 1621 1141757 1 43495623 206740 2.7 82 30 1 6 12%   5 478239 38843 23%
c w 12652.08 209 75 141 1621 1141757 1 43495623 200205 2.7 82 30 1 6 12%   5 478239 38843 23%
c - 12665.63 209 76 141 1622 1141767 1 43530620 197067 2.8 84 30 1 6 13%   5 478239 38843 23%
c - 12679.11 209 76 141 1623 1141782 1 43570895 198961 2.9 84 29 1 6 14%   5 478239 38843 23%
c - 12692.61 210 76 141 1624 1141798 1 43611183 199796 2.9 86 30 1 6 13%   5 478239 38843 23%
c - 12707.05 210 76 141 1625 1141799 1 43651481 200247 2.9 83 29 1 6 14%   5 478239 38843 23%
c - 12719.28 211 76 141 1626 1141819 1 43691792 200298 2.9 82 29 1 6 14%   5 478239 38843 23%
c - 12731.97 211 76 141 1627 1141830 1 43732115 200630 2.9 83 29 1 6 14%   5 478239 38843 23%
c - 12745.99 212 77 141 1628 1141848 1 43772451 201013 2.9 84 29 1 6 14%   5 478239 38843 23%
c - 12756.28 212 76 141 1629 1141861 1 43812800 200071 2.7 83 31 1 6 13%   5 478239 38843 23%
c - 12767.27 187 76 141 1630 1141863 1 43853160 197911 2.6 85 32 1 6 12%   5 478239 38843 23%
c - 12777.55 189 75 141 1631 1141863 1 43893533 196575 2.6 87 34 1 6 11%   5 478239 38843 23%
c - 12787.92 197 75 141 1632 1141874 1 43933919 196912 2.6 86 33 1 6 11%   5 478239 38843 23%
c - 12798.62 202 77 141 1633 1141892 1 43974318 198735 2.6 85 33 1 6 12%   5 478239 38843 23%
c
c   seconds     switched          rate             size/glue  tier1   binary          remaining
c            MB     reductions       conflicts           size   tier2    irredundant
c             level        restarts          redundant      glue   trail         variables
c
c - 12812.14 204 77 141 1634 1141904 1 44014728 199475 2.6 85 32 1 6 12%   5 478239 38843 23%
c - 12823.54 205 76 141 1635 1141923 1 44055151 199384 2.6 82 31 1 6 12%   5 478239 38843 23%
c - 12836.80 207 76 141 1636 1141926 1 44095586 199191 2.7 85 32 1 6 12%   5 478239 38843 23%
c o 12842.81 207 76 141 1636 1141927 1 44114349 217817 2.7 86 33 1 6 12%   5 478239 38843 23%
c - 12849.51 208 77 141 1637 1141940 1 44136033 199516 2.7 85 32 1 6 13%   5 478239 38843 23%
c - 12861.33 209 77 141 1638 1141956 1 44176492 199728 2.7 84 32 1 6 13%   5 478239 38843 23%
c - 12873.88 210 77 141 1639 1141970 1 44216964 198968 2.7 83 31 1 6 13%   5 478239 38843 23%
c u 12883.14 211 77 141 1639 1141980 1 44243105 222562 2.7 82 31 1 6 13%   5 478239 38843 23%
c v 12883.39 211 77 141 1639 1141980 1 44243105 220177 2.7 82 31 1 6 13%   5 478239 38843 23%
c w 12903.85 215 77 141 1639 1141980 1 44243105 213896 2.7 82 31 1 6 13%   5 478239 38843 23%
c - 12908.36 193 77 141 1640 1141987 1 44257448 192440 2.7 82 31 1 6 13%   5 478239 38843 23%
c ] 12916.59 194 77 142 1640 1141989 1 44287766 222355 2.6 82 31 1 6 13%   5 478239 38843 23%
c { 12916.59 194 89 142 1640 1141989 6 44287766 222355 3.2 61 19 1 2 12%   5 478239 38843 23%
c - 12919.05 200 89 142 1641 1142232 5 44297945 194414 3.3 61 19 1 2 12%   5 478239 38843 23%
c - 12930.95 204 89 142 1642 1143843 5 44338454 198187 3.3 61 19 1 2 12%   5 478239 38843 23%
c - 12942.04 205 88 142 1643 1144875 5 44378975 201472 3.4 62 18 1 2 12%   5 478239 38843 23%
c - 12954.38 206 87 142 1644 1146483 5 44419509 203222 3.3 61 18 1 2 12%   5 478239 38843 23%
c - 12966.67 207 87 142 1645 1148092 5 44460055 204519 3.4 61 18 1 2 13%   5 478239 38843 23%
c - 12979.06 207 87 142 1646 1150070 5 44500613 205760 3.3 60 18 1 2 12%   5 478239 38843 23%
c - 12991.97 208 87 142 1647 1151824 5 44541183 207019 3.3 60 18 1 2 12%   5 478239 38843 23%
c
c   seconds     switched          rate             size/glue  tier1   binary          remaining
c            MB     reductions       conflicts           size   tier2    irredundant
c             level        restarts          redundant      glue   trail         variables
c
c - 13004.90 208 86 142 1648 1153311 5 44581766 207568 3.3 60 18 1 2 12%   5 478239 38843 23%
c - 13017.05 209 86 142 1649 1155495 5 44622361 208146 3.2 60 18 1 2 12%   5 478239 38843 23%
c - 13028.72 209 87 142 1650 1157334 5 44662969 208746 3.2 60 19 1 2 12%   5 478239 38843 23%
c - 13041.42 209 86 142 1651 1159024 5 44703590 208997 3.3 60 18 1 2 12%   5 478239 38843 23%
c - 13053.17 209 86 142 1652 1160839 5 44744223 210045 3.2 60 19 1 2 11%   5 478239 38843 23%
c - 13065.92 210 86 142 1653 1162787 5 44784868 211136 3.2 60 19 1 2 11%   5 478239 38843 23%
c - 13078.41 210 86 142 1654 1164422 5 44825526 211659 3.3 61 18 1 2 12%   5 478239 38843 23%
c - 13090.87 211 86 142 1655 1165940 5 44866195 212385 3.3 61 18 1 2 12%   5 478239 38843 23%
c - 13103.96 211 86 142 1656 1168194 6 44906878 213526 3.2 60 19 1 2 12%   5 478239 38843 23%
c - 13119.46 211 87 142 1657 1170235 6 44947571 214314 3.2 60 19 1 2 12%   5 478239 38843 23%
c - 13134.34 211 87 142 1658 1171599 5 44988278 214893 3.3 61 19 1 2 12%   5 478239 38843 23%
c u 13138.91 211 87 142 1658 1171910 5 44997491 219273 3.3 61 19 1 2 13%   5 478239 38843 23%
c v 13139.27 211 87 142 1658 1171910 5 44997491 213414 3.3 61 19 1 2 13%   5 478239 38843 23%
c w 13147.96 212 87 142 1658 1171910 5 44997491 205680 3.3 61 19 1 2 13%   5 478239 38843 23%
c - 13157.73 212 88 142 1659 1173269 5 45028996 201805 3.3 61 19 1 2 12%   5 478239 38843 23%
c o 13165.44 199 86 142 1659 1173887 5 45055005 227652 3.4 62 18 1 2 13%   5 478239 38843 23%
c - 13170.34 201 86 142 1660 1174865 5 45069728 205374 3.3 61 18 1 2 12%   5 478239 38843 23%
c - 13182.86 205 87 142 1661 1176435 5 45110474 207508 3.3 61 18 1 2 12%   5 478239 38843 23%
c - 13195.25 206 88 142 1662 1178279 5 45151229 209354 3.3 61 18 1 2 12%   5 478239 38843 23%
c - 13207.87 206 87 142 1663 1180031 5 45191997 210777 3.3 60 18 1 2 12%   5 478239 38843 23%
c
c   seconds     switched          rate             size/glue  tier1   binary          remaining
c            MB     reductions       conflicts           size   tier2    irredundant
c             level        restarts          redundant      glue   trail         variables
c
c } 13215.03 207 88 143 1663 1180590 5 45219078 237658 3.4 61 18 1 2 12%   5 478239 38843 23%
c [ 13215.03 207 77 143 1663 1180590 1 45219078 237658 2.6 82 31 1 6 13%   5 478239 38843 23%
c B 13215.03 207 77 143 1663 1180590 1 45219078 237658 2.6 82 31 1 6 13%   5 478239 38843 23%
c - 13219.11 207 77 143 1664 1180598 1 45232776 211063 2.6 81 31 1 6 13%   5 478239 38843 23%
c - 13231.38 207 76 143 1665 1180618 1 45273571 209175 2.6 80 31 1 6 13%   5 478239 38843 23%
c - 13244.00 208 75 143 1666 1180628 1 45314377 205245 2.7 82 31 1 6 13%   5 478239 38843 23%
c - 13255.98 209 75 143 1667 1180649 1 45355193 204278 2.6 80 30 1 6 12%   5 478239 38843 23%
c - 13268.94 210 75 143 1668 1180652 1 45396021 204928 2.7 80 29 1 6 13%   5 478239 38843 23%
c - 13284.04 210 75 143 1669 1180665 1 45436864 204976 2.8 85 30 1 6 13%   5 478239 38843 23%
c - 13294.97 211 76 143 1670 1180682 1 45477718 205364 2.8 83 30 1 6 13%   5 478239 38843 23%
c - 13310.39 212 75 143 1671 1180696 1 45518583 204621 2.8 84 31 1 6 12%   5 478239 38843 23%
c - 13323.92 196 76 143 1672 1180713 1 45559462 203840 2.7 84 31 1 6 13%   5 478239 38843 23%
c - 13340.26 199 76 143 1673 1180715 1 45600354 204676 2.8 86 30 1 6 14%   5 478239 38843 23%
c - 13354.95 200 75 143 1674 1180716 1 45641256 203808 2.9 87 30 1 6 14%   5 478239 38843 23%
c - 13372.05 201 74 143 1675 1180719 1 45682171 203524 3.0 89 29 1 6 15%   5 478239 38843 23%
c - 13382.86 203 75 143 1676 1180738 1 45723097 204056 2.9 87 30 1 6 14%   5 478239 38843 23%
c u 13395.18 205 75 143 1676 1180747 1 45758782 236147 2.8 86 31 1 6 14%   5 478239 38843 23%
c v 13395.47 206 75 143 1676 1180747 1 45758782 233024 2.8 86 31 1 6 14%   5 478239 38843 23%
c w 13424.08 216 75 143 1676 1180747 1 45758782 230814 2.8 86 31 1 6 14%   5 478239 38843 23%
c - 13425.95 190 75 143 1677 1180750 1 45764036 198057 2.8 85 31 1 6 13%   5 478239 38843 23%
c
c   seconds     switched          rate             size/glue  tier1   binary          remaining
c            MB     reductions       conflicts           size   tier2    irredundant
c             level        restarts          redundant      glue   trail         variables
c
c - 13438.84 194 75 143 1678 1180769 1 45804988 199183 2.8 84 30 1 6 13%   5 478239 38843 23%
c - 13450.11 195 75 143 1679 1180779 1 45845952 199295 2.7 83 31 1 6 13%   5 478239 38843 23%
c - 13461.78 198 74 143 1680 1180786 1 45886927 198020 2.6 83 32 1 6 13%   5 478239 38843 23%
c - 13474.15 200 74 143 1681 1180806 1 45927914 198585 2.6 82 31 1 6 13%   5 478239 38843 23%
c - 13486.74 204 77 143 1682 1180817 1 45968914 199745 2.7 84 31 1 6 13%   5 478239 38843 23%
c o 13496.70 206 79 143 1682 1180836 1 46009096 239616 2.8 82 30 1 6 13%   5 478239 38843 23%
c - 13497.04 207 79 143 1683 1180836 1 46009927 199291 2.8 82 30 1 6 13%   5 478239 38843 23%
c - 13509.40 208 78 143 1684 1180842 1 46050952 199696 2.8 81 29 1 6 13%   5 478239 38843 23%
c ] 13509.64 208 78 144 1684 1180842 1 46052092 200824 2.8 81 29 1 6 13%   5 478239 38843 23%
c { 13509.64 208 88 144 1684 1180842 5 46052092 200824 3.4 61 18 1 2 12%   5 478239 38843 23%
c - 13522.57 210 88 144 1685 1182926 5 46091991 202392 3.3 60 18 1 2 12%   5 478239 38843 23%
c - 13534.39 211 88 144 1686 1184965 5 46133039 205549 3.2 59 19 1 2 11%   5 478239 38843 23%
c - 13549.08 212 88 144 1687 1186412 5 46174099 206957 3.4 62 18 1 2 12%   5 478239 38843 23%
c - 13559.38 201 86 144 1688 1188020 5 46215173 208095 3.4 62 18 1 2 12%   5 478239 38843 23%
c - 13572.21 203 86 144 1689 1189725 5 46256258 209314 3.5 63 18 1 2 12%   5 478239 38843 23%
c - 13584.37 205 87 144 1690 1192117 5 46297357 210167 3.3 62 19 1 2 11%   5 478239 38843 23%
c - 13597.26 205 88 144 1691 1194004 5 46338466 210955 3.3 61 19 1 2 11%   5 478239 38843 23%
c - 13610.79 206 87 144 1692 1195588 5 46379587 211827 3.3 60 19 1 2 12%   5 478239 38843 23%
c - 13625.03 207 87 144 1693 1197273 5 46420721 212732 3.3 61 19 1 2 12%   5 478239 38843 23%
c - 13639.31 207 88 144 1694 1198991 5 46461867 213725 3.3 61 18 1 2 12%   5 478239 38843 23%
c
c   seconds     switched          rate             size/glue  tier1   binary          remaining
c            MB     reductions       conflicts           size   tier2    irredundant
c             level        restarts          redundant      glue   trail         variables
c
c - 13653.91 208 87 144 1695 1200707 5 46503025 214370 3.3 61 18 1 2 12%   5 478239 38843 23%
c u 13665.53 208 88 144 1695 1202004 5 46526978 233930 3.3 61 19 1 2 12%   5 478239 38843 23%
c v 13665.90 208 88 144 1695 1202004 5 46526978 229113 3.3 61 19 1 2 12%   5 478239 38843 23%
c w 13691.96 209 88 144 1695 1202004 5 46526978 218962 3.3 61 19 1 2 12%   5 478239 38843 23%
c - 13698.78 209 88 144 1696 1202741 5 46544195 201036 3.3 61 19 1 2 12%   5 478239 38843 23%
c - 13711.42 209 88 144 1697 1204066 5 46585378 204809 3.3 61 18 1 2 12%   5 478239 38843 23%
c - 13724.89 210 88 144 1698 1205940 5 46626572 207920 3.3 61 18 1 2 12%   5 478239 38843 23%
c - 13740.92 210 88 144 1699 1207930 5 46667778 209722 3.2 60 19 1 2 12%   5 478239 38843 23%
c - 13757.16 210 87 144 1700 1209763 5 46708996 211021 3.3 61 19 1 2 12%   5 478239 38843 23%
c - 13773.74 210 88 144 1701 1211516 5 46750227 212402 3.3 61 19 1 2 12%   5 478239 38843 23%
c - 13789.40 211 88 144 1702 1213161 5 46791471 213823 3.3 61 19 1 2 12%   5 478239 38843 23%
c - 13804.61 211 87 144 1703 1214988 5 46832726 214598 3.2 60 19 1 2 12%   5 478239 38843 23%
c - 13820.25 211 86 144 1704 1216840 5 46873993 215244 3.3 61 19 1 2 12%   5 478239 38843 23%
c - 13835.10 211 86 144 1705 1219005 6 46915272 216064 3.2 61 19 1 2 12%   5 478239 38843 23%
c - 13850.04 212 86 144 1706 1220952 6 46956563 217760 3.2 60 19 1 2 12%   5 478239 38843 23%
c o 13853.94 212 86 144 1706 1221194 5 46969151 230267 3.2 61 19 1 2 12%   5 478239 38843 23%
c - 13862.78 212 84 144 1707 1221881 5 46997867 218481 3.4 62 18 1 2 12%   5 478239 38843 23%
c } 13865.39 212 84 145 1707 1222120 5 47007278 227814 3.4 62 18 1 2 12%   5 478239 38843 23%
c [ 13865.39 212 78 145 1707 1222120 1 47007278 227814 2.8 81 29 1 6 13%   5 478239 38843 23%
c W 13870.23 195 78 145 1707 1222120 1 47007278 227814 2.8 81 29 1 6 13%   5 478239 38843 23%
c
c   seconds     switched          rate             size/glue  tier1   binary          remaining
c            MB     reductions       conflicts           size   tier2    irredundant
c             level        restarts          redundant      glue   trail         variables
c
c - 13881.60 201 77 145 1708 1222134 1 47039182 216590 2.7 80 29 1 6 13%   5 478239 38843 23%
c - 13896.14 204 77 145 1709 1222150 1 47080510 213030 2.7 82 31 1 6 13%   5 478239 38843 23%
c - 13913.81 206 77 145 1710 1222165 1 47121850 210627 2.8 85 30 1 6 13%   5 478239 38843 23%
c - 13926.17 207 76 145 1711 1222181 1 47163202 210176 2.8 83 30 1 6 13%   5 478239 38843 23%
c - 13937.64 208 74 145 1712 1222182 1 47204567 209824 2.9 84 29 1 6 12%   5 478239 38843 23%
c - 13949.44 209 74 145 1713 1222203 1 47245944 209243 2.7 81 30 1 6 12%   5 478239 38843 23%
c - 13962.81 210 74 145 1714 1222214 1 47287332 208290 2.7 82 31 1 6 11%   5 478239 38843 23%
c u 13969.81 210 74 145 1714 1222223 1 47302108 218802 2.7 82 31 1 6 12%   5 478239 38843 23%
c v 13970.17 210 74 145 1714 1222223 1 47302108 214868 2.7 82 31 1 6 12%   5 478239 38843 23%
c w 13981.26 213 74 145 1714 1222223 1 47302108 210228 2.7 82 31 1 6 12%   5 478239 38843 23%
c - 13988.86 190 74 145 1715 1222235 1 47328733 200026 2.6 82 31 1 6 11%   5 478239 38843 23%
c - 14000.84 195 74 145 1716 1222245 1 47370147 202107 2.6 80 31 1 6 12%   5 478239 38843 23%
c - 14012.39 197 75 145 1717 1222246 1 47411573 203756 2.7 78 29 1 6 12%   5 478239 38843 23%
c - 14025.62 198 74 145 1718 1222246 1 47453010 204026 2.6 79 30 1 6 12%   5 478239 38843 23%
c - 14037.54 199 74 145 1719 1222261 1 47494460 203601 2.6 79 31 1 6 11%   5 478239 38843 23%
c - 14048.39 200 74 145 1720 1222277 1 47535924 204252 2.6 78 31 1 6 11%   5 478239 38843 23%
c - 14059.20 200 74 145 1721 1222292 1 47577396 204323 2.6 78 30 1 6 11%   5 478239 38843 23%
c - 14071.91 201 74 145 1722 1222308 1 47618881 205118 2.6 78 29 1 6 12%   5 478239 38843 23%
c - 14082.77 202 73 145 1723 1222309 1 47660377 204117 2.5 78 31 1 6 11%   5 478239 38843 23%
c - 14094.62 203 74 145 1724 1222327 1 47701886 202457 2.5 80 32 1 6 11%   5 478239 38843 23%
c
c   seconds     switched          rate             size/glue  tier1   binary          remaining
c            MB     reductions       conflicts           size   tier2    irredundant
c             level        restarts          redundant      glue   trail         variables
c
c - 14108.05 203 73 145 1725 1222340 1 47743408 202650 2.5 80 31 1 6 11%   5 478239 38843 23%
c - 14121.75 204 74 145 1726 1222358 1 47784943 202491 2.6 81 31 1 6 12%   5 478239 38843 23%
c - 14134.08 204 75 145 1727 1222371 1 47826488 202045 2.7 83 31 1 6 12%   5 478239 38843 23%
c O 14148.64 205 74 145 1727 1222373 1 47866492 241253 2.5 82 33 1 6 12%   5 478239 38843 23%
c - 14149.52 206 74 145 1728 1222373 1 47868045 201320 2.5 82 33 1 6 12%   5 478239 38843 23%
c - 14167.02 207 77 145 1729 1222373 1 47909615 199592 2.6 86 34 1 6 12%   5 478239 38843 23%
c ] 14178.30 207 77 146 1729 1222374 1 47941036 230882 2.7 89 33 1 6 13%   5 478239 38843 23%
c { 14178.30 207 84 146 1729 1222374 5 47941036 230882 3.4 62 18 1 2 12%   5 478239 38843 23%
c o 14178.38 208 84 146 1729 1222380 5 47941080 230926 3.4 62 18 1 2 12%   5 478239 38843 23%
c - 14180.90 212 85 146 1730 1222511 5 47951196 197448 3.4 61 18 1 2 12%   5 478239 38843 23%
c - 14192.82 203 85 146 1731 1223379 4 47992789 200424 3.4 60 18 1 2 11%   5 478239 38843 23%
c - 14204.62 205 85 146 1732 1224500 4 48034394 203461 3.4 59 17 1 2 11%   5 478239 38843 23%
c - 14216.92 206 86 146 1733 1225478 4 48076012 206202 3.4 58 17 1 2 11%   5 478239 38843 23%
c u 14220.68 206 86 146 1733 1225651 4 48084171 211805 3.4 58 17 1 2 11%   5 478239 38843 23%
c v 14220.89 206 86 146 1733 1225651 4 48084171 209911 3.4 58 17 1 2 11%   5 478239 38843 23%
c w 14225.08 206 86 146 1733 1225651 4 48084171 202478 3.4 58 17 1 2 11%   5 478239 38843 23%
c - 14256.01 207 86 146 1734 1226800 4 48117641 199898 3.4 56 17 1 2 11%   5 478239 38843 23%
c - 14267.56 208 85 146 1735 1228480 4 48159283 204371 3.3 55 17 1 2 11%   5 478239 38843 23%
c - 14279.39 208 84 146 1736 1230058 4 48200936 206572 3.3 55 17 1 2 10%   5 478239 38843 23%
c - 14291.46 209 83 146 1737 1231876 5 48242601 208250 3.2 54 17 1 2 10%   5 478239 38843 23%
c
c   seconds     switched          rate             size/glue  tier1   binary          remaining
c            MB     reductions       conflicts           size   tier2    irredundant
c             level        restarts          redundant      glue   trail         variables
c
c - 14302.97 209 82 146 1738 1233605 5 48284279 209796 3.2 53 17 1 2 10%   5 478239 38843 23%
c - 14315.74 209 83 146 1739 1235348 5 48325968 211948 3.2 53 17 1 2 10%   5 478239 38843 23%
c - 14327.31 210 83 146 1740 1237243 5 48367669 213267 3.2 54 17 1 2 10%   5 478239 38843 23%
c - 14340.89 210 83 146 1741 1239070 5 48409382 214882 3.2 54 17 1 2 10%   5 478239 38843 23%
c - 14353.46 210 83 146 1742 1240961 5 48451108 216936 3.2 54 17 1 2 10%   5 478239 38843 23%
c - 14365.73 211 83 146 1743 1243017 5 48492845 218740 3.1 53 17 1 2 10%   5 478239 38843 23%
c - 14377.77 211 83 146 1744 1244571 5 48534595 220070 3.2 54 17 1 2 10%   5 478239 38843 23%
c - 14391.19 211 82 146 1745 1246487 5 48576356 221339 3.2 54 17 1 2 10%   5 478239 38843 23%
c - 14403.94 212 82 146 1746 1248023 5 48618129 222779 3.2 54 17 1 2 10%   5 478239 38843 23%
c - 14417.54 212 83 146 1747 1250222 5 48659914 224250 3.2 54 17 1 2 10%   5 478239 38843 23%
c - 14430.58 212 83 146 1748 1252521 5 48701713 225650 3.1 53 17 1 2 10%   5 478239 38843 23%
c - 14443.26 212 84 146 1749 1254057 5 48743523 227296 3.1 53 17 1 2 10%   5 478239 38843 23%
c - 14457.38 213 84 146 1750 1256422 6 48785344 228241 3.1 53 17 1 2 10%   5 478239 38843 23%
c - 14470.05 213 84 146 1751 1258261 5 48827177 228890 3.1 53 17 1 2 10%   5 478239 38843 23%
c - 14480.98 213 83 146 1752 1259539 5 48869021 229499 3.2 55 17 1 2 10%   5 478239 38843 23%
c u 14484.67 199 83 146 1752 1259965 5 48873165 226003 3.1 54 17 1 2 10%   5 478239 38843 23%
c v 14485.04 200 83 146 1752 1259965 5 48873165 217719 3.1 54 17 1 2 10%   5 478239 38843 23%
c w 14487.89 201 83 146 1752 1259965 5 48873165 209833 3.1 54 17 1 2 10%   5 478239 38843 23%
c - 14498.89 205 82 146 1753 1260911 5 48910877 212526 3.2 55 17 1 2 11%   5 478239 38843 23%
c } 14501.80 205 83 147 1753 1261380 5 48920350 221798 3.2 54 17 1 2 11%   5 478239 38843 23%
c
c   seconds     switched          rate             size/glue  tier1   binary          remaining
c            MB     reductions       conflicts           size   tier2    irredundant
c             level        restarts          redundant      glue   trail         variables
c
c [ 14501.80 205 77 147 1753 1261380 1 48920350 221798 2.7 89 33 1 6 13%   5 478239 38843 23%
c B 14501.80 205 77 147 1753 1261380 1 48920350 221798 2.7 89 33 1 6 13%   5 478239 38843 23%
c o 14503.28 205 77 147 1753 1261385 1 48926567 227923 2.7 88 33 1 6 13%   5 478239 38843 23%
c - 14510.69 206 77 147 1754 1261394 1 48952745 214944 2.7 86 32 1 6 13%   5 478239 38843 23%
c - 14522.62 207 76 147 1755 1261410 1 48994626 213052 2.6 83 32 1 6 13%   5 478239 38843 23%
c - 14536.58 207 76 147 1756 1261426 1 49036519 211079 2.6 83 32 1 6 13%   5 478239 38843 23%
c - 14548.85 208 75 147 1757 1261441 1 49078425 210779 2.6 83 32 1 6 12%   5 478239 38843 23%
c - 14562.83 210 75 147 1758 1261445 1 49120342 210234 2.6 85 32 1 6 13%   5 478239 38843 23%
c - 14573.77 211 76 147 1759 1261464 1 49162270 211105 2.7 83 31 1 6 13%   5 478239 38843 23%
c - 14582.94 213 76 147 1760 1261476 1 49204212 211531 2.7 82 31 1 6 13%   5 478239 38843 23%
c - 14593.54 197 76 147 1761 1261496 1 49246164 211108 2.6 82 31 1 6 12%   5 478239 38843 23%
c - 14604.65 199 76 147 1762 1261505 1 49288130 211739 2.7 87 32 1 6 12%   5 478239 38843 23%
