c ---- [ banner ] ------------------------------------------------------------
c
c Kissat SAT Solver
c 
c Copyright (c) 2021-2024 Armin Biere University of Freiburg
c Copyright (c) 2019-2021 Armin Biere Johannes Kepler University Linz
c 
c Version 4.0.4 8af8e56f174b778aef3aa45af9f739b2a5f492c2
c gcc (Ubuntu 13.3.0-6ubuntu2~24.04.1) 13.3.0 -W -Wall -O3 -DNDEBUG
c Sun Sep 27 15:50:37 +04 2026 Linux vm 6.18.44-fc-v37 x86_64
c
c ---- [ parsing ] -----------------------------------------------------------
c
c opened and reading DIMACS file:
c
c   cnf/d8_B1q_local.cnf
c
c parsed 'p cnf 73628 264484' header
c closing input after reading 5027861 bytes (5 MB)
c finished parsing after 0.04 seconds
c
c ---- [ solving ] -----------------------------------------------------------
c
c seconds switched rate     size/glue tier1  binary           remaining
c        MB reductions conflicts size  tier2     irredundant
c         level restarts redundant glue  trail           variables
c
c *  0.04 20 0 0 0  0 0   0   0 0.0 0 0 0 0 0% 63557 185016 69849 95%
c (  0.05 21 0 0 0  0 0   0   0 0.0 0 0 0 0 0% 63557 185016 69849 95%
c .  0.06 21 0 0 0  0 0   0   0 0.0 0 0 0 0 0% 64071 182679 69849 95%
c c  0.29 46 0 0 0  0 0   0   0 0.0 0 0 0 0 0% 85233 141325 55210 75%
c d  0.30 46 0 0 0  0 0   0   0 0.0 0 0 0 0 0% 55833 141325 55210 75%
c f  0.40 43 0 0 0  0 0   0   0 0.0 0 0 0 0 0% 53813 141325 55223 75%
c )  0.40 43 0 0 0  0 0   0   0 0.0 0 0 0 0 0% 53813 141325 55223 75%
c {  0.41 43 0 0 0  0 0   0   0 0.0 0 0 2 6 0% 53813 141325 55223 75%
c -  0.51 44 88 0 1 165 18 1000 583 2.1 18 9 4 15 10% 53813 141325 55223 75%
c }  0.51 44 88 1 1 165 18 1000 583 2.1 18 9 4 15 10% 53813 141325 55223 75%
c [  0.51 44 0 1 1 165 0 1000 583 0.0 0 0 2 6 0% 53813 141325 55223 75%
c B  0.51 44 114 1 1 165 41 1001 584 2.1 33 16 2 6 11% 53813 141325 55223 75%
c ]  0.60 44 115 2 1 165 2 1803 1319 2.4 45 19 8 25 14% 53813 141325 55223 75%
c {  0.60 44 88 2 1 165 18 1803 1319 2.1 18 9 4 15 10% 53813 141325 55223 75%
c -  0.62 44 84 2 2 175 16 2001 1364 2.1 18 9 4 15 10% 53813 141325 55223 75%
c u  0.76 44 81 2 2 197 13 2538 1494 2.1 18 9 4 15 11% 53813 141325 55223 75%
c v  0.78 44 81 2 2 197 13 2538 1349 2.1 18 9 4 15 11% 53813 141325 55223 75%
c w  0.78 44 81 2 2 197 13 2538 1348 2.1 18 9 4 15 11% 53813 141325 55223 75%
c x  0.79 44 81 2 2 197 13 2538 1348 2.1 18 9 4 15 11% 53815 141323 55223 75%
c }  0.83 44 78 3 2 207 12 2805 1534 2.1 18 9 4 15 11% 53815 141323 55223 75%
c
c seconds   switched  rate       size/glue  tier1     binary           remaining
c        MB  reductions conflicts      size   tier2       irredundant
c          level restarts   redundant     glue    trail           variables
c
c [  0.83 44 115 3 2 207 2 2805 1534 2.4 45 19 8 25 14% 53815 141323 55223 75%
c W  0.86 44 115 3 2 207 2 2805 1534 2.4 45 19 8 25 14% 53815 141323 55223 75%
c -  0.92 44 98 3 3 207 2 3416 1861 3.0 54 18 8 27 15% 53815 141323 55223 75%
c ]  0.95 44 95 4 3 207 2 3674 2092 3.0 54 18 8 27 15% 53815 141323 55223 75%
c {  0.96 44 78 4 3 207 12 3674 2092 2.1 18 9 4 15 11% 53815 141323 55223 75%
c i  1.06 44 99 4 3 304 14 4374 2637 2.1 18 9 4 14 11% 53815 141323 55222 75%
c i  1.07 44 103 4 3 304 13 4414 2667 2.1 18 9 4 14 11% 53820 141323 55219 75%
c -  1.17 44 114 4 4 381 14 5148 2802 2.0 18 9 4 13 11% 53803 141322 55219 75%
c }  1.23 45 120 5 4 456 15 6027 3463 2.0 18 9 4 13 10% 53803 141322 55219 75%
c [  1.23 45 95 5 4 456 2 6027 3463 3.0 54 18 8 27 15% 53803 141322 55219 75%
c I  1.23 45 95 5 4 456 2 6027 3463 3.0 54 18 8 27 15% 53803 141322 55219 75%
c -  1.36 45 80 5 5 457 2 7149 3840 3.1 59 19 7 27 15% 53803 141322 55219 75%
c u  1.42 45 75 5 5 457 2 7818 4014 2.9 53 18 7 27 14% 53812 141312 55219 75%
c v  1.46 45 75 5 5 457 2 7818 3554 2.9 53 18 7 27 14% 53812 141312 55219 75%
c w  1.48 45 75 5 5 457 2 7818 3535 2.9 53 18 7 27 14% 53812 141312 55219 75%
c d  1.55 45 75 5 5 457 2 7818 3535 2.9 53 18 7 27 14% 53794 141312 55210 75%
c t  1.56 45 75 5 5 457 2 7818 3535 2.9 53 18 7 27 14% 53791 141312 55210 75%
c f  1.57 45 75 5 5 457 2 7818 3535 2.9 53 18 7 27 14% 53790 141312 55211 75%
c u  1.68 45 75 5 5 457 2 7818 3496 2.9 53 18 7 27 14% 53794 141312 55211 75%
c v  1.70 45 75 5 5 457 2 7818 3314 2.9 53 18 7 27 14% 53794 141312 55211 75%
c
c seconds  switched  rate       size/glue  tier1     binary           remaining
c        MB reductions conflicts      size   tier2       irredundant
c         level restarts   redundant     glue    trail           variables
c
c w  1.71 45 75 5 5 457 2 7818 3313 2.9 53 18 7 27 14% 53794 141312 55211 75%
c x  1.73 45 75 5 5 457 2 7818 3313 2.9 53 18 7 27 14% 53794 141312 55211 75%
c ]  1.82 45 75 6 5 458 2 8534 3985 2.9 53 18 7 25 14% 53794 141312 55211 75%
c {  1.82 45 120 6 5 458 15 8534 3985 2.0 18 9 4 13 10% 53794 141312 55211 75%
c -  1.90 45 114 6 6 586 15 9385 3973 2.0 18 9 4 13 10% 53796 141312 55211 75%
c o  1.97 45 120 6 6 669 15 10051 4506 2.0 18 9 4 13 10% 53796 141312 55211 75%
c -  2.14 45 129 6 7 834 15 11834 5153 2.1 19 9 4 13 10% 53801 141312 55211 75%
c }  2.21 45 124 7 7 915 16 12604 5742 2.1 19 9 4 13 11% 53806 141312 55211 75%
c [  2.21 45 75 7 7 915 2 12604 5742 2.9 53 18 7 25 14% 53806 141312 55211 75%
c B  2.21 45 75 7 7 915 2 12604 5742 2.9 53 18 7 25 14% 53806 141312 55211 75%
c s  2.24 45 74 7 7 915 2 12689 5822 2.9 53 18 7 25 14% 53809 141307 55211 75%
c e  2.47 62 74 7 7 915 2 12689 5822 2.9 53 18 7 25 14% 3675 165135 25685 35%
c 2  2.48 62 74 7 7 915 2 12689 5822 2.9 53 18 7 25 14% 3670 165135 25685 35%
c s  2.52 62 74 7 7 915 2 12689 5822 2.9 53 18 7 25 14% 3670 164817 25685 35%
c e  2.54 62 74 7 7 915 2 12689 5822 2.9 53 18 7 25 14% 3627 164774 25625 35%
c ^  2.54 62 74 7 7 915 2 12689 5822 2.9 53 18 7 25 14% 3627 164774 25625 35%
c -  2.77 62 73 7 8 916 2 14480 3043 2.6 54 21 6 27 14% 3623 164774 25625 35%
c ]  2.92 62 72 8 8 917 2 15788 4293 2.4 55 23 6 27 14% 3623 164774 25625 35%
c {  2.92 62 124 8 8 917 16 15788 4293 2.1 19 9 4 13 11% 3623 164774 25625 35%
c u  2.97 62 122 8 8 956 16 16017 4122 2.1 19 9 4 13 11% 3623 164774 25625 35%
c
c seconds   switched   rate        size/glue tier1     binary          remaining
c        MB  reductions  conflicts       size  tier2      irredundant
c          level restarts     redundant    glue    trail          variables
c
c v  3.00 62 122 8 8 956 16 16017 3600 2.1 19 9 4 13 11% 3623 164774 25625 35%
c w  3.04 62 122 8 8 956 16 16017 3536 2.1 19 9 4 13 11% 3623 164774 25625 35%
c f  3.09 62 122 8 8 956 16 16017 3536 2.1 19 9 4 13 11% 3613 164774 25629 35%
c u  3.12 62 122 8 8 956 16 16017 3503 2.1 19 9 4 13 11% 3613 164774 25629 35%
c v  3.14 62 122 8 8 956 16 16017 3360 2.1 19 9 4 13 11% 3613 164774 25629 35%
c w  3.20 62 122 8 8 956 16 16017 3324 2.1 19 9 4 13 11% 3613 164774 25629 35%
c -  3.43 58 121 8 9 1059 15 17310 3630 2.0 19 9 4 13 11% 3613 164774 25629 35%
c o  3.58 59 115 8 9 1472 16 20054 5656 2.0 19 9 4 13 10% 3613 164774 25629 35%
c -  3.60 59 117 8 10 1492 16 20311 5177 2.0 19 9 4 13 10% 3613 164774 25629 35%
c }  3.70 59 117 9 10 1641 15 21947 6438 2.0 19 9 4 13 10% 3614 164774 25629 35%
c [  3.70 59 72 9 10 1641 2 21947 6438 2.4 55 23 6 27 14% 3614 164774 25629 35%
c W  3.73 52 72 9 10 1641 2 21947 6438 2.4 55 23 6 27 14% 3614 164774 25629 35%
c -  3.85 52 70 9 11 1642 2 23474 6760 2.4 55 23 4 29 14% 3614 164774 25629 35%
c s  4.01 52 69 9 11 1643 1 25304 8539 2.3 55 24 4 29 14% 3614 164691 25629 35%
c e  4.16 52 69 9 11 1643 1 25304 8539 2.3 55 24 4 29 14% 2445 166171 24905 34%
c 2  4.16 52 69 9 11 1643 1 25304 8539 2.3 55 24 4 29 14% 2444 166171 24905 34%
c s  4.17 52 69 9 11 1643 1 25304 8539 2.3 55 24 4 29 14% 2444 165628 24905 34%
c e  4.20 52 69 9 11 1643 1 25304 8539 2.3 55 24 4 29 14% 2426 165634 24883 34%
c ^  4.20 52 69 9 11 1643 1 25304 8539 2.3 55 24 4 29 14% 2426 165634 24883 34%
c ]  4.30 52 69 10 11 1644 1 26325 7019 2.2 56 25 4 29 14% 2426 165634 24883 34%
c
c seconds    switched     rate        size/glue tier1     binary          remaining
c        MB    reductions   conflicts       size  tier2      irredundant
c          level    restarts     redundant    glue    trail          variables
c
c {  4.30 52 117 10 11 1644 15 26325 7019 2.0 19 9 4 13 10% 2426 165634 24883 34%
c -  4.33 52 116 10 12 1690 15 26792 6065 2.0 19 9 4 13 10% 2426 165634 24883 34%
c u  4.45 52 117 10 12 1724 15 27245 5538 2.0 19 9 4 13 10% 2426 165634 24883 34%
c v  4.48 52 117 10 12 1724 15 27245 5023 2.0 19 9 4 13 10% 2426 165634 24883 34%
c w  4.50 52 117 10 12 1724 15 27245 5011 2.0 19 9 4 13 10% 2426 165634 24883 34%
c -  4.76 52 120 10 13 1982 15 30256 6230 2.0 19 9 3 13 10% 2426 165634 24883 34%
c -  5.02 60 120 10 14 2259 14 33861 7895 2.0 19 9 3 13 10% 2426 165634 24883 34%
c }  5.09 60 121 11 14 2338 14 34952 8696 2.0 19 9 3 13 10% 2426 165634 24883 34%
c [  5.09 60 69 11 14 2338 1 34952 8696 2.2 56 25 4 29 14% 2426 165634 24883 34%
c O  5.09 60 69 11 14 2338 1 34952 8696 2.2 56 25 4 29 14% 2426 165634 24883 34%
c -  5.48 60 70 11 15 2340 1 37603 9220 2.3 56 25 2 27 15% 2426 165634 24883 34%
c ]  5.74 60 71 12 15 2341 1 39541 11112 2.2 58 26 2 27 15% 2426 165634 24883 34%
c {  5.74 60 121 12 15 2341 14 39541 11112 2.0 19 9 3 13 10% 2426 165634 24883 34%
c o  5.79 60 120 12 15 2461 14 40055 11493 2.0 19 10 3 13 10% 2426 165634 24883 34%
c -  5.89 60 120 12 16 2598 14 41477 10044 2.0 19 10 3 13 10% 2426 165634 24883 34%
c u  5.94 60 119 12 16 2633 14 41703 9264 2.0 19 10 3 13 10% 2426 165634 24883 34%
c v  6.00 60 119 12 16 2633 14 41703 7673 2.0 19 10 3 13 10% 2426 165634 24883 34%
c w  6.03 60 119 12 16 2633 14 41703 7644 2.0 19 10 3 13 10% 2426 165634 24883 34%
c f  6.09 60 119 12 16 2633 14 41703 7644 2.0 19 10 3 13 10% 2405 165634 24890 34%
c u  6.12 60 119 12 16 2633 14 41703 7515 2.0 19 10 3 13 10% 2405 165634 24890 34%
c
c seconds    switched     rate        size/glue  tier1     binary          remaining
c        MB    reductions   conflicts       size   tier2      irredundant
c          level    restarts     redundant     glue    trail          variables
c
c v  6.15 60 119 12 16 2633 14 41703 7056 2.0 19 10 3 13 10% 2405 165634 24890 34%
c w  6.21 60 119 12 16 2633 14 41703 6965 2.0 19 10 3 13 10% 2405 165634 24890 34%
c f  6.27 60 119 12 16 2633 14 41703 6965 2.0 19 10 3 13 10% 2412 165622 24891 34%
c -  6.51 61 118 12 17 2930 14 45479 8425 2.0 19 10 3 12 10% 2412 165622 24891 34%
c -  6.85 61 118 12 18 3323 14 49603 10272 2.0 19 10 3 12 10% 2412 165622 24891 34%
c }  6.95 61 118 13 18 3481 14 51021 11349 2.0 19 10 3 12 10% 2412 165622 24891 34%
c [  6.95 61 71 13 18 3481 1 51021 11349 2.2 58 26 2 27 15% 2412 165622 24891 34%
c B  6.95 61 71 13 18 3481 1 51021 11349 2.2 58 26 2 27 15% 2412 165622 24891 34%
c s  7.16 61 71 13 18 3482 1 52652 12926 2.2 59 27 2 27 15% 2412 165594 24891 34%
c e  7.34 61 71 13 18 3482 1 52652 12926 2.2 59 27 2 27 15% 2367 166126 24606 33%
c s  7.34 61 71 13 18 3482 1 52652 12926 2.2 59 27 2 27 15% 2367 165977 24606 33%
c e  7.36 61 71 13 18 3482 1 52652 12926 2.2 59 27 2 27 15% 2353 166000 24596 33%
c ^  7.36 61 71 13 18 3482 1 52652 12926 2.2 59 27 2 27 15% 2353 166000 24596 33%
c -  7.52 61 71 13 19 3483 1 53845 11289 2.2 60 27 2 26 15% 2353 166000 24596 33%
c ]  8.17 61 71 14 19 3486 1 57663 15040 2.2 62 27 2 26 15% 2353 166000 24596 33%
c {  8.17 61 118 14 19 3486 14 57663 15040 2.0 19 10 3 12 10% 2353 166000 24596 33%
c -  8.21 61 117 14 20 3578 14 58203 12139 2.0 19 10 3 12 10% 2353 166000 24596 33%
c u  8.34 61 117 14 20 3690 14 59490 11954 2.0 19 10 3 12 10% 2353 166000 24596 33%
c v  8.42 61 117 14 20 3690 14 59490 10279 2.0 19 10 3 12 10% 2353 166000 24596 33%
c w  8.49 61 117 14 20 3690 14 59490 10204 2.0 19 10 3 12 10% 2353 166000 24596 33%
c
c seconds    switched     rate         size/glue  tier1     binary          remaining
c        MB    reductions   conflicts        size   tier2      irredundant
c          level    restarts      redundant     glue    trail          variables
c
c -  8.96 61 118 14 21 3922 13 62675 10403 2.0 19 10 2 11 10% 2354 166000 24596 33%
c -  9.26 61 118 14 22 4302 13 67257 11751 2.0 19 10 2 11 10% 2354 166000 24596 33%
c o  9.46 62 117 14 22 4467 13 70097 14028 2.0 19 10 2 11 10% 2354 166000 24596 33%
c -  9.61 62 117 14 23 4599 13 71948 13216 2.0 19 10 2 10 10% 2354 166000 24596 33%
c }  9.64 62 117 15 23 4647 13 72378 13546 2.0 19 10 2 10 10% 2354 166000 24596 33%
c [  9.64 62 71 15 23 4647 1 72378 13546 2.2 62 27 2 26 15% 2354 166000 24596 33%
c W  9.68 52 71 15 23 4647 1 72378 13546 2.2 62 27 2 26 15% 2354 166000 24596 33%
c - 10.52 52 73 15 24 4650 1 76744 13971 2.3 63 28 2 24 16% 2354 166000 24596 33%
c ] 10.91 52 72 16 24 4652 1 79610 16763 2.3 63 28 2 24 16% 2354 166000 24596 33%
c { 10.91 52 117 16 24 4652 13 79610 16763 2.0 19 10 2 10 10% 2354 166000 24596 33%
c u 11.12 52 117 16 24 4752 13 80735 16667 2.0 19 10 2 10 9% 2354 166000 24596 33%
c v 11.23 52 117 16 24 4752 13 80735 14476 2.0 19 10 2 10 9% 2354 166000 24596 33%
c w 11.29 52 117 16 24 4752 13 80735 14465 2.0 19 10 2 10 9% 2354 166000 24596 33%
c x 11.36 53 117 16 24 4752 13 80735 14463 2.0 19 10 2 10 9% 2354 165941 24596 33%
c - 11.48 53 116 16 25 4870 13 81642 11881 2.0 19 10 2 10 9% 2354 165941 24596 33%
c - 11.81 53 117 16 26 5299 13 86642 13445 2.0 19 10 2 10 9% 2354 165941 24596 33%
c - 12.19 54 116 16 27 5725 13 91743 15096 2.0 19 10 2 10 9% 2356 165941 24596 33%
c s 12.60 54 116 16 27 6130 12 96706 19083 2.0 19 10 2 10 9% 2356 165932 24596 33%
c e 12.82 54 116 16 27 6130 12 96706 19083 2.0 19 10 2 10 9% 1562 169753 23608 32%
c 2 12.82 54 116 16 27 6130 12 96706 19083 2.0 19 10 2 10 9% 1559 169753 23608 32%
c
c seconds    switched     rate         size/glue  tier1    binary          remaining
c        MB    reductions   conflicts        size   tier2     irredundant
c          level    restarts      redundant     glue   trail          variables
c
c s 12.83 54 116 16 27 6130 12 96706 19083 2.0 19 10 2 10 9% 1559 169282 23608 32%
c e 12.86 54 116 16 27 6130 12 96706 19083 2.0 19 10 2 10 9% 1549 169304 23588 32%
c ^ 12.86 54 116 16 27 6130 12 96706 19083 2.0 19 10 2 10 9% 1549 169304 23588 32%
c - 12.89 54 116 16 28 6167 13 96940 14567 2.0 19 10 2 9 9% 1549 169304 23588 32%
c } 12.95 54 116 17 28 6282 13 97947 15328 2.0 19 10 2 9 9% 1549 169304 23588 32%
c [ 12.95 54 72 17 28 6282 1 97947 15328 2.3 63 28 2 24 16% 1549 169304 23588 32%
c I 12.95 54 72 17 28 6282 1 97947 15328 2.3 63 28 2 24 16% 1549 169304 23588 32%
c - 13.32 54 71 17 29 6285 1 102231 16256 2.3 62 27 2 22 16% 1549 169304 23588 32%
c u 13.62 54 71 17 29 6287 1 105562 18222 2.3 61 26 2 22 15% 1549 169304 23588 32%
c v 13.70 54 71 17 29 6287 1 105562 15761 2.3 61 26 2 22 15% 1549 169304 23588 32%
c w 13.77 54 71 17 29 6287 1 105562 15754 2.3 61 26 2 22 15% 1549 169304 23588 32%
c - 14.02 54 70 17 30 6288 1 107616 14679 2.3 60 26 2 20 15% 1549 169304 23588 32%
c o 14.39 54 70 17 30 6289 1 110496 17504 2.3 60 26 2 20 15% 1549 169304 23588 32%
c ] 14.62 54 71 18 30 6290 1 112042 19028 2.4 60 26 2 20 16% 1549 169304 23588 32%
c { 14.62 54 116 18 30 6290 13 112042 19028 2.0 19 10 2 9 9% 1549 169304 23588 32%
c - 14.69 54 115 18 31 6351 12 113095 15799 2.0 19 10 2 9 9% 1549 169304 23588 32%
c - 15.12 54 112 18 32 6543 12 118662 16784 2.0 19 10 2 9 9% 1549 169304 23588 32%
c - 15.54 54 110 18 33 6855 12 124318 17870 2.0 19 10 2 9 9% 1549 169304 23588 32%
c - 15.87 55 109 18 34 7151 11 130063 19109 2.0 19 10 2 9 9% 1549 169304 23588 32%
c u 16.17 55 108 18 34 7378 11 134062 20805 2.0 19 10 2 9 9% 1549 169304 23588 32%
c
c seconds    switched     rate          size/glue  tier1   binary          remaining
c        MB    reductions   conflicts         size   tier2    irredundant
c          level    restarts       redundant     glue  trail          variables
c
c v 16.24 55 108 18 34 7378 11 134062 18995 2.0 19 10 2 9 9% 1549 169304 23588 32%
c w 16.28 55 108 18 34 7378 11 134062 18973 2.0 19 10 2 9 9% 1549 169304 23588 32%
c x 16.34 55 108 18 34 7378 11 134062 18973 2.0 19 10 2 9 9% 1549 169261 23588 32%
c } 16.40 55 107 19 34 7393 11 134388 19227 2.0 19 10 2 9 9% 1549 169261 23588 32%
c [ 16.40 55 71 19 34 7393 1 134388 19227 2.4 60 26 2 20 16% 1549 169261 23588 32%
c B 16.40 55 71 19 34 7393 1 134388 19227 2.4 60 26 2 20 16% 1549 169261 23588 32%
c - 16.56 55 71 19 35 7394 1 135893 17362 2.4 61 26 2 19 16% 1549 169261 23588 32%
c - 17.25 55 71 19 36 7398 1 141809 18151 2.3 61 26 2 19 16% 1549 169261 23588 32%
c ] 18.02 55 72 20 36 7399 1 146585 22869 2.4 63 27 2 19 16% 1549 169261 23588 32%
c { 18.02 55 107 20 36 7399 11 146585 22869 2.0 19 10 2 9 9% 1549 169261 23588 32%
c - 18.11 55 108 20 37 7525 11 147810 18390 2.0 19 10 2 9 9% 1549 169261 23588 32%
c - 18.56 55 106 20 38 8226 11 153893 18308 2.0 19 10 1 8 9% 1549 169261 23588 32%
c s 18.99 55 106 20 38 8860 12 159335 22729 2.0 19 10 1 8 9% 1549 169181 23588 32%
c e 19.30 55 106 20 38 8860 12 159335 22729 2.0 19 10 1 8 9% 1120 185453 20706 28%
c s 19.35 55 106 20 38 8860 12 159335 22729 2.0 19 10 1 8 9% 1120 184955 20706 28%
c e 19.39 55 106 20 38 8860 12 159335 22729 2.0 19 10 1 8 9% 1109 185011 20691 28%
c ^ 19.39 55 106 20 38 8860 12 159335 22729 2.0 19 10 1 8 9% 1109 185011 20691 28%
c - 19.46 55 106 20 39 8914 11 160058 17048 2.0 19 10 1 8 9% 1109 185011 20691 28%
c o 19.51 55 106 20 39 8958 11 160499 17413 2.0 19 10 1 8 9% 1109 185011 20691 28%
c - 20.00 56 106 20 40 9435 11 166303 18927 2.0 19 10 1 8 9% 1109 185011 20691 28%
c
c seconds    switched     rate          size/glue  tier1   binary          remaining
c        MB    reductions   conflicts         size   tier2    irredundant
c          level    restarts       redundant     glue  trail          variables
c
c u 20.05 56 106 20 40 9435 11 166325 18404 2.0 19 10 1 8 9% 1109 185011 20691 28%
c v 20.12 56 106 20 40 9435 11 166325 15252 2.0 19 10 1 8 9% 1109 185011 20691 28%
c w 20.23 56 106 20 40 9435 11 166325 14767 2.0 19 10 1 8 9% 1109 185011 20691 28%
c - 20.90 56 106 20 41 10185 12 172627 17271 2.0 19 10 1 8 9% 1110 185011 20691 28%
c } 20.93 56 106 21 41 10254 12 173326 17818 2.0 19 10 1 8 9% 1110 185011 20691 28%
c [ 20.93 56 72 21 41 10254 1 173326 17818 2.4 63 27 2 19 16% 1110 185011 20691 28%
c W 20.96 56 72 21 41 10254 1 173326 17818 2.4 63 27 2 19 16% 1110 185011 20691 28%
c - 22.02 56 72 21 42 10258 1 179030 18457 2.4 64 27 1 17 17% 1110 185011 20691 28%
c ] 23.42 56 72 22 42 10260 1 184826 24134 2.4 66 27 1 17 18% 1110 185011 20691 28%
c { 23.42 56 106 22 42 10260 12 184826 24134 2.0 19 10 1 8 9% 1110 185011 20691 28%
c - 23.49 56 105 22 43 10327 12 185510 18246 2.0 19 10 1 8 9% 1110 185011 20691 28%
c - 23.97 56 104 22 44 10775 11 192068 19570 2.0 20 10 1 8 9% 1125 185011 20691 28%
c - 24.40 56 101 22 45 11214 11 198702 21584 2.0 20 10 1 8 9% 1132 185011 20691 28%
c d 24.82 56 101 22 45 11585 11 202569 24791 2.0 20 10 1 8 9% 1135 185011 20690 28%
c u 24.86 56 101 22 45 11585 11 202569 24273 2.0 20 10 1 8 9% 1136 185011 20690 28%
c v 25.01 56 101 22 45 11585 11 202569 21127 2.0 20 10 1 8 9% 1143 185011 20690 28%
c w 25.17 56 101 22 45 11585 11 202569 20900 2.0 20 10 1 8 9% 1142 185011 20690 28%
c = 25.68 56 101 22 45 11585 11 202569 20900 2.0 20 10 1 8 9% 1194 185011 20664 28%
c d 25.69 56 101 22 45 11585 11 202569 20895 2.0 20 10 1 8 9% 1141 185011 20664 28%
c u 25.86 56 101 22 45 11585 11 202569 20856 2.0 20 10 1 8 9% 1141 185011 20664 28%
c
c seconds    switched      rate          size/glue  tier1   binary          remaining
c        MB    reductions    conflicts         size   tier2    irredundant
c          level    restarts        redundant     glue  trail          variables
c
c v 25.96 56 101 22 45 11585 11 202569 19753 2.0 20 10 1 8 9% 1141 185011 20664 28%
c w 26.07 56 101 22 45 11585 11 202569 19493 2.0 20 10 1 8 9% 1141 185011 20664 28%
c x 26.17 56 101 22 45 11585 11 202569 19493 2.0 20 10 1 8 9% 1141 185004 20664 28%
c - 26.37 56 100 22 46 11788 11 205412 18650 2.0 20 10 1 8 9% 1145 185004 20664 28%
c - 26.95 56 99 22 47 12544 11 212194 21013 2.0 20 10 1 8 9% 1148 185004 20664 28%
c } 27.33 56 99 23 47 12985 11 216344 24488 2.0 20 10 1 8 9% 1153 185004 20664 28%
c [ 27.33 56 72 23 47 12985 1 216344 24488 2.4 66 27 1 17 18% 1153 185004 20664 28%
c O 27.33 56 72 23 47 12985 1 216344 24488 2.4 66 27 1 17 18% 1153 185004 20664 28%
c - 27.81 56 73 23 48 12987 1 219049 22402 2.4 66 27 1 16 18% 1153 185004 20664 28%
c - 28.94 56 72 23 49 12991 1 225977 21695 2.4 65 27 1 15 18% 1153 185004 20664 28%
c - 30.06 56 72 23 50 12995 1 232978 20290 2.4 65 27 1 15 18% 1153 185004 20664 28%
c ] 30.22 56 72 24 50 12996 1 234327 21620 2.4 65 27 1 15 18% 1153 185004 20664 28%
c { 30.22 56 99 24 50 12996 11 234327 21620 2.0 20 10 1 8 9% 1153 185004 20664 28%
c o 30.23 56 99 24 50 13001 11 234351 21644 2.0 20 10 1 8 9% 1153 185004 20664 28%
c - 30.74 56 99 24 51 13434 11 240049 21045 2.0 20 10 1 8 9% 1153 185004 20664 28%
c s 30.95 56 99 24 51 13709 11 242510 23088 2.0 20 10 1 8 9% 1153 184931 20664 28%
c e 31.35 58 99 24 51 13709 11 242510 23088 2.0 20 10 1 8 9% 880 204750 18865 26%
c s 31.42 58 99 24 51 13709 11 242510 23088 2.0 20 10 1 8 9% 880 203871 18865 26%
c e 31.46 58 99 24 51 13709 11 242510 23088 2.0 20 10 1 8 9% 870 204018 18855 26%
c ! 31.46 58 99 24 51 13709 11 242510 23088 2.0 20 10 1 8 9% 870 204018 18855 26%
c
c seconds   switched      rate          size/glue  tier1  binary          remaining
c        MB   reductions    conflicts         size   tier2   irredundant
c         level    restarts        redundant     glue  trail         variables
c
c u 31.54 58 99 24 51 13738 11 242739 21346 2.0 20 10 1 8 9% 870 204018 18855 26%
c v 31.63 58 99 24 51 13738 11 242739 18505 2.0 20 10 1 8 9% 871 204018 18855 26%
c w 31.79 58 99 24 51 13738 11 242739 17726 2.0 20 10 1 8 9% 871 204018 18855 26%
c - 32.36 58 99 24 52 14098 11 247193 18729 2.0 20 10 1 8 9% 871 204018 18855 26%
c - 32.98 58 99 24 53 14747 11 254405 21753 2.0 20 10 1 8 9% 871 204018 18855 26%
c - 33.60 58 99 24 54 15245 11 261685 23995 2.0 20 10 1 8 9% 871 204018 18855 26%
c - 34.23 58 101 24 55 15763 11 269035 25436 2.0 20 10 1 7 9% 871 204018 18855 26%
c } 34.35 58 101 25 55 15861 11 271006 26919 2.0 20 10 1 7 9% 871 204018 18855 26%
c [ 34.35 58 72 25 55 15861 1 271006 26919 2.4 65 27 1 15 18% 871 204018 18855 26%
c B 34.35 58 72 25 55 15861 1 271006 26919 2.4 65 27 1 15 18% 871 204018 18855 26%
c - 35.14 58 72 25 56 15865 1 276451 24985 2.4 66 27 1 14 18% 871 204018 18855 26%
c - 36.27 58 72 25 57 15868 1 283934 23172 2.4 67 28 1 14 17% 871 204018 18855 26%
c u 36.82 58 72 25 57 15870 1 287128 25472 2.4 66 27 1 14 18% 871 204018 18855 26%
c v 36.92 58 72 25 57 15870 1 287128 22609 2.4 66 27 1 14 18% 871 204018 18855 26%
c w 37.26 58 72 25 57 15870 1 287128 22571 2.4 66 27 1 14 18% 871 204018 18855 26%
c - 38.34 58 72 25 58 15873 1 291483 20158 2.4 66 27 1 13 17% 871 204018 18855 26%
c ] 38.86 58 72 26 58 15874 1 294415 23058 2.5 67 27 1 13 17% 871 204018 18855 26%
c { 38.86 58 101 26 58 15874 11 294415 23058 2.0 20 10 1 7 9% 871 204018 18855 26%
c - 39.31 58 100 26 59 16325 11 299098 22149 2.0 20 10 1 7 9% 871 204018 18855 26%
c o 39.79 58 100 26 59 16657 11 304360 26547 2.0 20 10 1 7 9% 871 204018 18855 26%
c
c seconds    switched      rate          size/glue  tier1  binary          remaining
c        MB    reductions    conflicts         size   tier2   irredundant
c          level    restarts        redundant     glue  trail         variables
c
c - 40.00 58 100 26 60 16921 11 306779 24380 2.0 21 10 1 7 9% 871 204018 18855 26%
c - 40.78 58 100 26 61 17620 11 314524 26408 2.0 21 10 1 7 9% 871 204018 18855 26%
c - 41.58 58 100 26 62 18398 11 322334 27817 2.0 21 10 1 7 9% 871 204018 18855 26%
c - 42.37 58 99 26 63 19085 11 330210 29159 2.0 21 10 1 7 9% 871 204018 18855 26%
c u 42.86 58 98 26 63 19525 11 335611 32457 2.0 21 10 1 7 9% 871 204018 18855 26%
c v 42.98 58 98 26 63 19525 11 335611 27219 2.0 21 10 1 7 9% 871 204018 18855 26%
c w 43.19 58 98 26 63 19525 11 335611 26891 2.0 21 10 1 7 9% 871 204018 18855 26%
c } 43.33 58 98 27 63 19639 11 336634 27779 2.0 21 10 1 7 9% 871 204018 18855 26%
c [ 43.33 58 72 27 63 19639 1 336634 27779 2.5 67 27 1 13 17% 871 204018 18855 26%
c W 43.43 58 72 27 63 19639 1 336634 27779 2.5 67 27 1 13 17% 871 204018 18855 26%
c - 43.66 58 72 27 64 19640 1 338149 24555 2.5 67 27 1 13 17% 871 204018 18855 26%
c - 44.58 58 72 27 65 19645 1 346149 24944 2.4 67 27 1 13 17% 871 204018 18855 26%
c s 44.81 58 72 27 65 19645 1 348047 26798 2.4 67 27 1 13 17% 871 203897 18855 26%
c e 44.82 58 72 27 65 19645 1 348047 26798 2.4 67 27 1 13 17% 869 203933 18852 26%
c s 44.83 58 72 27 65 19645 1 348047 26798 2.4 67 27 1 13 17% 869 203876 18852 26%
c e 44.85 58 72 27 65 19645 1 348047 26798 2.4 67 27 1 13 17% 869 203891 18851 26%
c - 45.70 58 72 27 66 19649 1 354211 24063 2.4 67 28 1 13 17% 869 203891 18851 26%
c - 46.88 58 72 27 67 19653 1 362337 23685 2.4 67 28 1 13 16% 869 203891 18851 26%
c - 48.03 58 72 27 68 19654 1 370522 23198 2.4 67 29 1 13 16% 869 203891 18851 26%
c ] 48.12 58 72 28 68 19655 1 371285 23959 2.4 67 29 1 13 16% 869 203891 18851 26%
c
c seconds   switched      rate          size/glue  tier1  binary          remaining
c        MB   reductions    conflicts         size   tier2   irredundant
c         level    restarts        redundant     glue  trail         variables
c
c { 48.12 58 98 28 68 19655 11 371285 23959 2.0 21 10 1 7 9% 869 203891 18851 26%
c - 48.80 58 98 28 69 20405 11 378769 25862 2.0 21 10 1 7 9% 869 203891 18851 26%
c o 49.27 58 99 28 69 20840 11 384366 30515 2.0 21 10 1 7 9% 869 203891 18851 26%
c - 49.49 58 99 28 70 21035 11 387077 28866 2.0 21 10 1 6 9% 869 203891 18851 26%
c u 49.70 58 99 28 70 21178 11 388267 29199 2.0 21 11 1 6 9% 869 203891 18851 26%
c v 49.78 58 99 28 70 21178 11 388267 25772 2.0 21 11 1 6 9% 869 203891 18851 26%
c w 49.95 58 99 28 70 21178 11 388267 24744 2.0 21 11 1 6 9% 869 203891 18851 26%
c x 50.10 61 99 28 70 21178 11 388267 24740 2.0 21 11 1 6 9% 869 203690 18851 26%
c - 50.82 61 98 28 71 21807 11 395444 26603 2.0 21 11 1 6 9% 869 203690 18851 26%
c - 51.69 61 98 28 72 22532 11 403871 29554 2.0 21 11 1 6 9% 869 203690 18851 26%
c - 52.49 61 98 28 73 23347 11 412356 31401 2.0 21 11 1 6 9% 869 203690 18851 26%
c } 53.26 61 98 29 73 24033 11 419425 37496 2.0 22 11 1 6 9% 869 203690 18851 26%
c [ 53.26 61 72 29 73 24033 1 419425 37496 2.4 67 29 1 13 16% 869 203690 18851 26%
c I 53.26 61 72 29 73 24033 1 419425 37496 2.4 67 29 1 13 16% 869 203690 18851 26%
c - 53.61 61 72 29 74 24034 1 420902 32668 2.4 67 28 1 13 16% 869 203690 18851 26%
c - 54.53 61 71 29 75 24039 1 429504 31767 2.4 67 28 1 13 16% 869 203690 18851 26%
c - 56.35 61 72 29 76 24044 1 438164 29499 2.4 68 28 1 13 17% 869 203690 18851 26%
c u 57.69 61 72 29 76 24047 1 445140 35371 2.4 68 28 1 13 17% 869 203690 18851 26%
c v 57.77 61 72 29 76 24047 1 445140 32895 2.4 68 28 1 13 17% 869 203690 18851 26%
c w 58.40 79 72 29 76 24047 1 445140 32691 2.4 68 28 1 13 17% 869 203690 18851 26%
c
c seconds   switched     rate          size/glue  tier1    binary          remaining
c        MB   reductions   conflicts         size   tier2     irredundant
c         level    restarts       redundant     glue    trail         variables
c
c - 58.77 69 71 29 77 24047 1 446881 26591 2.4 68 28 1 13 17% 869 203690 18851 26%
c ] 59.58 70 71 30 77 24049 1 453870 33406 2.4 68 28 1 13 17% 869 203690 18851 26%
c { 59.58 70 98 30 77 24049 11 453870 33406 2.0 22 11 1 6 9% 869 203690 18851 26%
c - 59.78 73 99 30 78 24193 11 455655 27643 2.0 22 11 1 6 9% 869 203690 18851 26%
c - 60.62 75 99 30 79 24847 11 464487 29928 2.0 22 11 1 6 9% 869 203690 18851 26%
c - 61.57 75 98 30 80 25756 11 473375 32319 2.0 22 11 1 6 9% 869 203690 18851 26%
c o 61.68 75 98 30 80 25843 11 474373 33178 2.0 22 11 1 6 9% 869 203690 18851 26%
c s 61.98 76 98 30 80 26155 11 477111 35583 2.0 22 11 1 6 9% 869 203654 18851 26%
c e 62.02 76 98 30 80 26155 11 477111 35583 2.0 22 11 1 6 9% 836 204063 18818 26%
c s 62.03 76 98 30 80 26155 11 477111 35583 2.0 22 11 1 6 9% 836 203723 18818 26%
c e 62.05 76 98 30 80 26155 11 477111 35583 2.0 22 11 1 6 9% 831 203837 18807 26%
c - 62.62 76 98 30 81 26628 11 482323 33838 2.0 22 11 1 6 9% 831 203837 18807 26%
c - 63.51 77 97 30 82 27642 11 491325 35087 2.0 22 11 1 6 9% 831 203837 18807 26%
c - 64.54 77 97 30 83 28442 11 500381 36370 2.0 23 11 1 6 9% 831 203837 18807 26%
c u 65.31 62 97 30 83 28910 11 506311 40121 2.1 23 11 1 6 9% 831 203837 18807 26%
c v 65.44 62 97 30 83 28910 11 506311 34556 2.1 23 11 1 6 9% 831 203837 18807 26%
c w 65.58 62 97 30 83 28910 11 506311 34434 2.1 23 11 1 6 9% 831 203837 18807 26%
c x 65.74 62 97 30 83 28910 11 506311 34433 2.1 23 11 1 6 9% 832 203559 18807 26%
c = 66.46 62 97 30 83 28910 11 506311 34433 2.1 23 11 1 6 9% 834 203559 18806 26%
c d 66.47 62 97 30 83 28910 11 506311 34433 2.1 23 11 1 6 9% 832 203559 18806 26%
c
c seconds   switched      rate          size/glue  tier1  binary          remaining
c        MB   reductions    conflicts         size   tier2   irredundant
c         level    restarts        redundant     glue  trail         variables
c
c t 66.49 62 97 30 83 28910 11 506311 34433 2.1 23 11 1 6 9% 831 203559 18806 26%
c u 66.67 62 97 30 83 28910 11 506311 34253 2.1 23 11 1 6 9% 831 203559 18806 26%
c v 66.74 62 97 30 83 28910 11 506311 33308 2.1 23 11 1 6 9% 831 203559 18806 26%
c w 66.97 62 97 30 83 28910 11 506311 32849 2.1 23 11 1 6 9% 831 203559 18806 26%
c x 67.14 62 97 30 83 28910 11 506311 32849 2.1 23 11 1 6 9% 831 203489 18806 26%
c } 67.42 62 97 31 83 29053 11 508304 34539 2.1 23 11 1 6 9% 831 203489 18806 26%
c [ 67.42 62 71 31 83 29053 1 508304 34539 2.4 68 28 1 13 17% 831 203489 18806 26%
c B 67.42 62 71 31 83 29053 1 508304 34539 2.4 68 28 1 13 17% 831 203489 18806 26%
c - 67.50 62 71 31 84 29054 1 509492 30581 2.4 67 28 1 13 17% 831 203489 18806 26%
c - 68.57 62 71 31 85 29059 1 518657 31397 2.4 67 28 1 13 17% 831 203489 18806 26%
c - 69.81 62 71 31 86 29065 1 527877 30565 2.4 67 28 1 13 16% 831 203489 18806 26%
c - 71.58 62 71 31 87 29067 1 537150 30267 2.4 68 28 1 13 16% 831 203489 18806 26%
c - 72.91 62 70 31 88 29071 1 546478 30121 2.5 69 28 1 12 16% 831 203489 18806 26%
c ] 73.40 62 70 32 88 29074 1 550568 34133 2.5 68 28 1 12 16% 831 203489 18806 26%
c { 73.40 62 97 32 88 29074 11 550568 34133 2.1 23 11 1 6 9% 831 203489 18806 26%
c - 73.89 62 98 32 89 29555 11 555860 32377 2.1 23 11 1 6 9% 831 203489 18806 26%
c - 75.06 62 97 32 90 30509 11 565294 34801 2.1 23 11 1 6 9% 831 203489 18806 26%
c u 75.86 62 97 32 90 31094 11 571828 39985 2.1 23 11 1 6 9% 831 203489 18806 26%
c v 75.97 62 97 32 90 31094 11 571828 35891 2.1 23 11 1 6 9% 831 203489 18806 26%
c w 76.21 62 97 32 90 31094 11 571828 35454 2.1 23 11 1 6 9% 831 203489 18806 26%
c
c seconds   switched      rate          size/glue  tier1  binary          remaining
c        MB   reductions    conflicts         size   tier2   irredundant
c         level    restarts        redundant     glue  trail         variables
c
c x 76.41 62 97 32 90 31094 11 571828 35452 2.1 23 11 1 6 9% 839 203290 18806 26%
c t 76.44 62 97 32 90 31094 11 571828 35452 2.1 23 11 1 6 9% 835 203290 18806 26%
c o 76.80 62 97 32 90 31260 11 574434 37731 2.1 23 11 1 6 9% 835 203290 18806 26%
c - 76.85 62 97 32 91 31292 11 574781 32710 2.1 23 11 1 6 9% 835 203290 18806 26%
c - 77.93 62 96 32 92 32157 11 584320 35517 2.1 23 11 1 5 9% 835 203290 18806 26%
c - 78.87 62 96 32 93 32996 11 593914 37683 2.1 23 11 1 5 9% 835 203290 18806 26%
c - 80.08 62 96 32 94 33928 11 603557 39077 2.1 23 11 1 5 9% 835 203290 18806 26%
c } 81.03 62 96 33 94 34655 11 611672 46225 2.1 24 11 1 5 9% 835 203290 18806 26%
c [ 81.03 62 70 33 94 34655 1 611672 46225 2.5 68 28 1 12 16% 835 203290 18806 26%
c W 81.18 62 70 33 94 34655 1 611672 46225 2.5 68 28 1 12 16% 835 203290 18806 26%
c - 81.37 62 71 33 95 34656 1 613253 40169 2.5 68 28 1 12 16% 835 203290 18806 26%
c - 82.58 62 71 33 96 34661 1 622999 39134 2.5 68 28 1 12 16% 835 203290 18806 26%
c s 83.78 62 70 33 96 34667 1 631149 47137 2.5 68 28 1 12 16% 835 203256 18806 26%
c e 83.88 62 70 33 96 34667 1 631149 47137 2.5 68 28 1 12 16% 768 203952 18703 25%
c s 83.89 62 70 33 96 34667 1 631149 47137 2.5 68 28 1 12 16% 768 203408 18703 25%
c e 83.92 62 70 33 96 34667 1 631149 47137 2.5 68 28 1 12 16% 749 203498 18675 25%
c - 84.17 62 70 33 97 34668 1 632796 36255 2.5 68 28 1 12 16% 749 203498 18675 25%
c u 85.57 62 70 33 97 34669 1 641743 43907 2.5 69 28 1 12 16% 749 203498 18675 25%
c v 85.64 62 70 33 97 34669 1 641743 41621 2.5 69 28 1 12 16% 749 203498 18675 25%
c w 86.32 78 70 33 97 34669 1 641743 41540 2.5 69 28 1 12 16% 749 203498 18675 25%
c
c seconds   switched     rate          size/glue  tier1    binary          remaining
c        MB   reductions   conflicts         size   tier2     irredundant
c         level    restarts       redundant     glue    trail         variables
c
c - 86.53 68 70 33 98 34669 1 642645 33141 2.5 69 28 1 12 16% 749 203498 18675 25%
c - 87.70 69 70 33 99 34675 1 652544 33822 2.5 69 28 1 12 16% 749 203498 18675 25%
c O 88.57 70 70 33 99 34679 1 659834 40973 2.5 68 28 1 12 16% 749 203498 18675 25%
c - 88.89 70 70 33 100 34681 1 662495 34346 2.5 68 28 1 12 15% 749 203498 18675 25%
c ] 88.97 70 70 34 100 34681 1 663143 34975 2.5 68 28 1 12 15% 749 203498 18675 25%
c { 88.97 70 96 34 100 34681 11 663143 34975 2.1 24 11 1 5 9% 749 203498 18675 25%
c - 89.78 75 95 34 101 35083 11 672496 36698 2.1 24 11 1 5 9% 749 203498 18675 25%
c - 90.68 76 94 34 102 35518 10 682546 39418 2.1 23 11 1 5 9% 749 203498 18675 25%
c o 90.90 76 94 34 102 35654 10 684504 41094 2.1 23 11 1 5 9% 749 203498 18675 25%
c - 91.59 77 93 34 103 36071 10 692647 41216 2.1 23 11 1 5 9% 749 203498 18675 25%
c - 92.82 77 91 34 104 36989 10 702795 42273 2.1 23 11 1 5 9% 749 203498 18675 25%
c - 94.21 77 90 34 105 37985 10 712995 43288 2.1 24 11 1 5 9% 749 203498 18675 25%
c u 94.75 77 90 34 105 38238 10 716109 44447 2.1 24 11 1 5 9% 749 203498 18675 25%
c v 94.85 77 90 34 105 38238 10 716109 39874 2.1 24 11 1 5 9% 749 203498 18675 25%
c w 95.08 77 90 34 105 38238 10 716109 39126 2.1 24 11 1 5 9% 749 203498 18675 25%
c x 95.30 78 90 34 105 38238 10 716109 39125 2.1 24 11 1 5 9% 749 203119 18675 25%
c - 96.29 75 89 34 106 38870 10 723244 39407 2.1 24 11 1 5 9% 749 203119 18675 25%
c } 97.26 75 88 35 106 39621 10 731289 46196 2.1 24 11 1 5 9% 749 203119 18675 25%
c [ 97.26 75 70 35 106 39621 1 731289 46196 2.5 68 28 1 12 15% 749 203119 18675 25%
c B 97.26 75 70 35 106 39621 1 731289 46196 2.5 68 28 1 12 15% 749 203119 18675 25%
c
c seconds   switched      rate          size/glue  tier1    binary          remaining
c        MB   reductions    conflicts         size   tier2     irredundant
c         level     restarts       redundant     glue    trail         variables
c
c - 97.56 75 71 35 107 39623 1 733539 41656 2.5 68 28 1 12 15% 749 203119 18675 25%
c - 98.96 76 71 35 108 39628 1 743884 41198 2.5 69 28 1 12 15% 749 203119 18675 25%
c - 100.35 76 70 35 109 39634 1 754278 39443 2.5 68 27 1 12 15% 749 203119 18675 25%
c - 102.12 77 70 35 110 39636 1 764718 38814 2.5 69 27 1 11 15% 749 203119 18675 25%
c - 103.58 77 70 35 111 39642 1 775206 38452 2.5 69 28 1 11 15% 749 203119 18675 25%
c - 104.75 77 70 35 112 39649 1 785741 37948 2.5 68 27 1 11 15% 749 203119 18675 25%
c W 105.17 63 70 35 112 39649 1 788873 41024 2.5 68 27 1 11 15% 749 203119 18675 25%
c ] 105.94 63 70 36 112 39650 1 793204 45289 2.6 68 27 1 11 15% 749 203119 18675 25%
c { 105.94 63 88 36 112 39650 10 793204 45289 2.1 24 11 1 5 9% 749 203119 18675 25%
c u 106.27 63 88 36 112 39859 10 794970 45965 2.1 24 11 1 5 9% 749 203119 18675 25%
c v 106.33 63 88 36 112 39859 10 794970 43927 2.1 24 11 1 5 9% 749 203119 18675 25%
c w 106.84 63 88 36 112 39859 10 794970 43863 2.1 24 11 1 5 9% 749 203119 18675 25%
c x 107.07 63 88 36 112 39859 10 794970 43863 2.1 24 11 1 5 9% 752 203024 18675 25%
c = 108.15 63 88 36 112 39859 10 794970 43863 2.1 24 11 1 5 9% 774 203024 18664 25%
c d 108.17 63 88 36 112 39859 10 794970 43860 2.1 24 11 1 5 9% 751 203024 18664 25%
c u 108.33 63 88 36 112 39859 10 794970 43758 2.1 24 11 1 5 9% 751 203024 18664 25%
c v 108.38 63 88 36 112 39859 10 794970 43368 2.1 24 11 1 5 9% 751 203024 18664 25%
c w 109.25 63 88 36 112 39859 10 794970 43173 2.1 24 11 1 5 9% 751 203024 18664 25%
c - 109.49 63 88 36 113 40011 10 796325 36437 2.1 24 12 1 5 9% 751 203024 18664 25%
c o 110.42 63 88 36 113 40786 10 804527 43700 2.1 24 12 1 5 9% 751 203024 18664 25%
c
c seconds    switched       rate          size/glue  tier1  binary          remaining
c         MB   reductions     conflicts         size   tier2   irredundant
c          level     restarts        redundant     glue  trail         variables
c
c - 110.73 63 88 36 114 40981 10 806955 39736 2.1 24 12 1 5 9% 751 203024 18664 25%
c s 111.26 63 88 36 114 41481 10 811470 43825 2.1 24 12 1 5 9% 751 202985 18664 25%
c e 111.32 63 88 36 114 41481 10 811470 43825 2.1 24 12 1 5 9% 722 203267 18640 25%
c s 111.33 63 88 36 114 41481 10 811470 43825 2.1 24 12 1 5 9% 722 203087 18640 25%
c e 111.35 63 88 36 114 41481 10 811470 43825 2.1 24 12 1 5 9% 701 203096 18638 25%
c - 111.90 63 88 36 115 41939 10 817633 42820 2.1 24 12 1 5 9% 701 203096 18638 25%
c - 113.26 63 89 36 116 42904 10 828356 44971 2.1 25 12 1 5 9% 701 203096 18638 25%
c - 114.65 63 89 36 117 43913 10 839126 46503 2.1 25 12 1 5 9% 701 203096 18638 25%
c - 115.98 63 88 36 118 44926 10 849942 47702 2.1 25 12 1 5 9% 701 203096 18638 25%
c - 117.35 63 89 36 119 45931 10 860804 48920 2.1 25 12 1 5 9% 701 203096 18638 25%
c } 118.47 63 89 37 119 46711 10 868760 56057 2.1 25 12 1 5 9% 701 203096 18638 25%
c [ 118.47 63 70 37 119 46711 1 868760 56057 2.6 68 27 1 11 15% 701 203096 18638 25%
c I 118.47 63 70 37 119 46711 1 868760 56057 2.6 68 27 1 11 15% 701 203096 18638 25%
c - 119.02 63 70 37 120 46713 1 871712 49376 2.6 69 27 1 11 15% 701 203096 18638 25%
c u 120.59 63 70 37 120 46717 1 878381 54173 2.6 69 27 1 11 16% 701 203096 18638 25%
c v 120.73 63 70 37 120 46717 1 878381 49042 2.6 69 27 1 11 16% 701 203096 18638 25%
c w 121.14 63 70 37 120 46717 1 878381 48993 2.6 69 27 1 11 16% 701 203096 18638 25%
c x 121.42 63 70 37 120 46717 1 878381 48992 2.6 69 27 1 11 16% 701 202907 18638 25%
c - 122.17 63 70 37 121 46719 1 882666 42065 2.6 69 27 1 11 16% 701 202907 18638 25%
c - 123.41 63 70 37 122 46725 1 893666 40655 2.6 69 27 1 11 15% 701 202907 18638 25%
c
c seconds    switched      rate          size/glue  tier1    binary          remaining
c         MB   reductions    conflicts         size   tier2     irredundant
c          level     restarts       redundant     glue    trail         variables
c
c - 125.12 63 69 37 123 46728 1 904712 39942 2.6 70 27 1 11 15% 701 202907 18638 25%
c - 126.67 63 69 37 124 46734 1 915802 39320 2.5 70 28 1 10 15% 701 202907 18638 25%
c - 128.62 63 69 37 125 46740 1 926937 39864 2.5 70 28 1 10 15% 701 202907 18638 25%
c ] 129.26 63 69 38 125 46740 1 929517 42434 2.5 70 28 1 10 15% 701 202907 18638 25%
c { 129.26 63 89 38 125 46740 10 929517 42434 2.1 25 12 1 5 9% 701 202907 18638 25%
c o 129.92 63 90 38 125 46960 10 934527 46911 2.1 26 12 1 5 9% 704 202907 18638 25%
c - 130.37 63 90 38 126 47139 10 938117 42596 2.1 26 12 1 5 9% 704 202907 18638 25%
c - 131.60 63 89 38 127 47911 10 949343 45813 2.2 26 12 1 5 10% 706 202907 18638 25%
c - 132.66 63 88 38 128 48687 9 960612 47808 2.2 26 12 1 5 10% 708 202907 18638 25%
c u 133.54 63 88 38 128 49166 9 966393 52334 2.2 26 12 1 5 10% 709 202907 18638 25%
c v 133.68 63 88 38 128 49166 9 966393 49029 2.2 26 12 1 5 10% 711 202907 18638 25%
c w 134.32 63 88 38 128 49166 9 966393 46934 2.2 26 12 1 5 10% 711 202907 18638 25%
c - 135.53 63 87 38 129 49648 9 971926 44413 2.2 26 12 1 5 10% 714 202907 18638 25%
c - 136.80 63 86 38 130 50458 9 983285 47016 2.2 26 12 1 5 10% 718 202907 18638 25%
c - 137.96 63 83 38 131 51230 9 994687 48641 2.2 26 12 1 5 10% 724 202907 18638 25%
c - 139.55 63 83 38 132 52383 9 1006133 49560 2.2 27 12 1 5 10% 729 202906 18638 25%
c } 140.48 63 83 39 132 53058 9 1012850 55894 2.2 27 12 1 5 10% 731 202906 18638 25%
c [ 140.48 63 69 39 132 53058 1 1012850 55894 2.5 70 28 1 10 15% 731 202906 18638 25%
c B 140.48 63 69 39 132 53058 1 1012850 55894 2.5 70 28 1 10 15% 731 202906 18638 25%
c - 141.36 63 69 39 133 53061 1 1017622 49369 2.5 70 28 1 10 16% 731 202906 18638 25%
c
c seconds    switched      rate           size/glue  tier1    binary          remaining
c         MB   reductions     conflicts         size   tier2     irredundant
c          level     restarts        redundant     glue    trail         variables
c
c s 141.76 63 69 39 133 53063 1 1019387 51125 2.5 70 28 1 10 16% 731 202889 18638 25%
c e 141.80 63 69 39 133 53063 1 1019387 51125 2.5 70 28 1 10 16% 726 203027 18627 25%
c s 141.81 63 69 39 133 53063 1 1019387 51125 2.5 70 28 1 10 16% 726 202918 18627 25%
c e 141.82 63 69 39 133 53063 1 1019387 51125 2.5 70 28 1 10 16% 711 202924 18626 25%
c - 144.09 63 70 39 134 53067 1 1029156 47025 2.6 71 28 1 10 16% 711 202924 18626 25%
c - 145.84 63 70 39 135 53072 1 1040731 43873 2.6 71 28 1 10 16% 711 202924 18626 25%
c - 147.41 63 70 39 136 53078 1 1052350 42657 2.5 71 28 1 10 16% 711 202924 18626 25%
c u 149.19 63 71 39 136 53080 1 1059058 48644 2.6 71 28 1 10 17% 711 202924 18626 25%
c v 149.28 63 71 39 136 53080 1 1059058 46572 2.6 71 28 1 10 17% 713 202924 18626 25%
c w 150.44 63 71 39 136 53080 1 1059058 46323 2.6 71 28 1 10 17% 713 202924 18626 25%
c - 151.18 63 71 39 137 53084 1 1064011 40705 2.6 71 28 1 10 17% 713 202924 18626 25%
c ] 152.31 63 71 40 137 53087 1 1074236 50622 2.5 70 28 1 10 16% 713 202924 18626 25%
c { 152.31 63 83 40 137 53087 9 1074236 50622 2.2 27 12 1 5 10% 713 202924 18626 25%
c o 152.36 63 83 40 137 53137 9 1074530 50889 2.2 27 12 1 5 10% 713 202924 18626 25%
c - 152.57 63 83 40 138 53354 9 1075716 41722 2.2 27 12 1 6 10% 713 202924 18626 25%
c - 154.20 63 83 40 139 55054 10 1087463 44481 2.2 27 12 1 5 10% 713 202924 18626 25%
c - 155.94 63 84 40 140 56854 10 1099252 47361 2.2 28 13 1 5 10% 713 202924 18626 25%
c - 157.41 63 85 40 141 57906 10 1111086 49513 2.2 28 13 1 5 10% 713 202924 18626 25%
c - 159.17 63 87 40 142 58992 10 1122961 51357 2.2 28 13 1 5 10% 713 202924 18626 25%
c - 160.88 63 88 40 143 60116 10 1134879 52762 2.2 28 13 1 5 10% 713 202924 18626 25%
c
c seconds    switched       rate           size/glue  tier1   binary          remaining
c         MB   reductions      conflicts         size   tier2    irredundant
c          level     restarts         redundant     glue   trail         variables
c
c - 162.65 63 88 40 144 61222 10 1146837 53925 2.2 29 13 1 5 10% 713 202924 18626 25%
c u 164.25 63 88 40 144 62133 10 1156404 60790 2.2 29 13 1 5 10% 713 202924 18626 25%
c v 164.43 63 88 40 144 62133 10 1156404 54304 2.2 29 13 1 5 10% 715 202924 18626 25%
c w 164.82 63 88 40 144 62133 10 1156404 54091 2.2 29 13 1 5 10% 715 202924 18626 25%
c x 165.12 63 88 40 144 62133 10 1156404 54089 2.2 29 13 1 5 10% 716 202836 18626 25%
c - 165.42 63 88 40 145 62317 10 1158837 48219 2.2 29 13 1 5 10% 716 202836 18626 25%
c } 166.26 63 89 41 145 62972 10 1165708 54505 2.2 29 13 1 5 10% 716 202836 18626 25%
c [ 166.26 63 71 41 145 62972 1 1165708 54505 2.5 70 28 1 10 16% 716 202836 18626 25%
c W 166.43 63 71 41 145 62972 1 1165708 54505 2.5 70 28 1 10 16% 716 202836 18626 25%
c - 167.05 63 71 41 146 62975 1 1170878 49900 2.5 70 27 1 10 16% 716 202836 18626 25%
c - 169.10 63 71 41 147 62982 1 1182962 49459 2.6 70 27 1 10 16% 716 202836 18626 25%
c - 170.68 63 71 41 148 62986 1 1195086 47495 2.5 69 27 1 10 16% 716 202836 18626 25%
c - 172.60 63 71 41 149 62993 1 1207251 46688 2.5 69 27 1 10 16% 716 202836 18626 25%
c - 174.43 63 71 41 150 62999 1 1219457 47051 2.5 68 27 1 10 16% 716 202836 18626 25%
c - 176.01 63 70 41 151 63001 1 1231704 46671 2.6 69 27 1 10 16% 716 202836 18626 25%
c - 177.71 63 70 41 152 63002 1 1243992 46444 2.6 70 27 1 10 16% 716 202836 18626 25%
c O 177.75 63 70 41 152 63002 1 1244137 46588 2.6 70 27 1 10 16% 716 202836 18626 25%
c o 177.76 63 70 41 152 63002 1 1244137 46588 2.6 70 27 1 10 16% 716 202836 18626 25%
c ] 179.94 63 70 42 152 63008 1 1254942 57244 2.6 71 27 1 10 16% 716 202836 18626 25%
c { 179.94 63 89 42 152 63008 10 1254942 57244 2.2 29 13 1 5 10% 716 202836 18626 25%
c
c seconds    switched       rate           size/glue  tier1   binary          remaining
c         MB   reductions      conflicts         size   tier2    irredundant
c          level     restarts         redundant     glue   trail         variables
c
c s 180.12 63 88 42 152 63145 10 1256109 58333 2.2 29 13 1 5 10% 716 202829 18626 25%
c e 180.17 63 88 42 152 63145 10 1256109 58333 2.2 29 13 1 5 10% 707 203043 18600 25%
c s 180.17 63 88 42 152 63145 10 1256109 58333 2.2 29 13 1 5 10% 707 202974 18600 25%
c e 180.19 63 88 42 152 63145 10 1256109 58333 2.2 29 13 1 5 10% 704 202983 18599 25%
c - 180.24 63 88 42 153 63171 10 1256320 46933 2.2 29 13 1 5 10% 704 202983 18599 25%
c u 180.73 63 88 42 153 63394 10 1258476 48173 2.2 29 13 1 5 10% 704 202983 18599 25%
c v 180.84 63 88 42 153 63394 10 1258476 46196 2.2 29 13 1 5 10% 704 202983 18599 25%
c w 181.21 63 88 42 153 63394 10 1258476 44495 2.2 29 13 1 5 10% 704 202983 18599 25%
c - 182.48 63 89 42 154 64287 10 1268689 46383 2.2 29 13 1 5 10% 704 202983 18599 25%
c - 183.95 63 90 42 155 65429 10 1281099 50836 2.2 29 13 1 5 10% 704 202983 18599 25%
c - 185.56 63 90 42 156 66581 10 1293549 53294 2.2 30 13 1 5 10% 704 202983 18599 25%
c - 187.32 63 90 42 157 67749 10 1306040 55169 2.2 30 13 1 5 10% 704 202983 18599 25%
c - 188.98 63 90 42 158 68969 10 1318571 56434 2.2 30 14 1 5 10% 704 202983 18599 25%
c - 190.86 63 90 42 159 70246 10 1331140 57594 2.2 31 14 1 5 10% 704 202983 18599 25%
c - 192.84 63 92 42 160 71494 10 1343750 58902 2.2 31 14 1 5 11% 704 202983 18599 25%
c } 194.52 63 92 43 160 72599 10 1354915 69300 2.2 31 14 1 5 11% 704 202983 18599 25%
c [ 194.52 63 70 43 160 72599 1 1354915 69300 2.6 71 27 1 10 16% 704 202983 18599 25%
c B 194.52 63 70 43 160 72599 1 1354915 69300 2.6 71 27 1 10 16% 704 202983 18599 25%
c - 194.76 63 70 43 161 72600 1 1356401 58931 2.6 71 27 1 9 16% 704 202983 18599 25%
c u 196.52 63 70 43 161 72605 1 1365333 65526 2.6 70 27 1 9 16% 704 202983 18599 25%
c
c seconds    switched      rate           size/glue  tier1   binary          remaining
c         MB   reductions     conflicts         size   tier2    irredundant
c          level     restarts        redundant     glue   trail         variables
c
c v 196.70 63 70 43 161 72605 1 1365333 59635 2.6 70 27 1 9 16% 704 202983 18599 25%
c w 197.67 80 70 43 161 72605 1 1365333 59543 2.6 70 27 1 9 16% 704 202983 18599 25%
c - 199.85 71 70 43 162 72607 1 1369090 51168 2.6 70 27 1 9 16% 704 202983 18599 25%
c - 203.21 73 70 43 163 72613 1 1381818 50632 2.7 71 27 1 9 17% 704 202983 18599 25%
c - 206.35 74 71 43 164 72619 1 1394585 50383 2.7 72 26 1 9 18% 704 202983 18599 25%
c o 208.09 74 70 43 164 72624 1 1404520 60198 2.7 72 27 1 9 18% 704 202983 18599 25%
c - 208.66 76 71 43 165 72626 1 1407392 50160 2.7 72 27 1 9 18% 704 202983 18599 25%
c - 210.76 76 71 43 166 72628 1 1420237 49973 2.7 72 27 1 9 17% 704 202983 18599 25%
c ] 212.77 77 71 44 166 72629 1 1432577 62198 2.6 73 28 1 9 17% 704 202983 18599 25%
c { 212.77 77 92 44 166 72629 10 1432577 62198 2.2 31 14 1 5 11% 704 202983 18599 25%
c - 212.87 77 92 44 167 72681 10 1433121 49346 2.3 31 14 1 5 11% 704 202983 18599 25%
c - 214.62 79 92 44 168 73983 10 1446044 52089 2.2 32 14 1 5 11% 704 202983 18599 25%
c - 216.61 77 91 44 169 75257 10 1459006 55274 2.3 32 14 1 5 11% 704 202983 18599 25%
c - 218.65 78 91 44 170 76553 10 1472008 56977 2.3 33 14 1 5 11% 704 202983 18599 25%
c u 219.54 78 91 44 170 77142 10 1476970 60457 2.3 33 14 1 5 11% 704 202983 18599 25%
c v 219.69 78 91 44 170 77142 10 1476970 55914 2.3 33 14 1 5 11% 704 202983 18599 25%
c w 220.55 79 91 44 170 77142 10 1476970 53453 2.3 33 14 1 5 11% 704 202983 18599 25%
c - 221.65 79 91 44 171 77932 10 1485047 52039 2.3 33 14 1 5 11% 704 202983 18599 25%
c - 223.36 79 92 44 172 79070 10 1498125 54923 2.3 33 15 1 5 11% 704 202983 18599 25%
c - 225.85 79 92 44 173 80189 10 1511239 57402 2.3 34 15 1 5 12% 704 202983 18599 25%
c
c seconds    switched       rate           size/glue  tier1   binary          remaining
c         MB   reductions      conflicts         size   tier2    irredundant
c          level     restarts         redundant     glue   trail         variables
c
c s 227.62 80 92 44 173 81321 10 1522841 68288 2.3 34 15 1 5 12% 704 202964 18599 25%
c e 227.63 80 92 44 173 81321 10 1522841 68288 2.3 34 15 1 5 12% 701 202990 18595 25%
c s 227.64 80 92 44 173 81321 10 1522841 68288 2.3 34 15 1 5 12% 701 202972 18595 25%
c - 227.91 80 92 44 174 81439 10 1524391 58877 2.3 34 15 1 5 12% 701 202972 18595 25%
c - 230.60 78 94 44 175 82731 10 1537582 59877 2.3 35 15 1 5 12% 701 202972 18595 25%
c } 231.31 78 94 45 175 83128 10 1541408 63450 2.3 35 15 1 5 12% 701 202972 18595 25%
c [ 231.32 78 71 45 175 83128 1 1541408 63450 2.6 73 28 1 9 17% 701 202972 18595 25%
c W 231.38 64 71 45 175 83128 1 1541408 63450 2.6 73 28 1 9 17% 701 202972 18595 25%
c - 232.80 64 71 45 176 83134 1 1550810 58991 2.6 73 28 1 9 17% 701 202972 18595 25%
c - 234.69 64 70 45 177 83141 1 1564076 56127 2.6 73 28 1 9 16% 701 202972 18595 25%
c o 237.04 64 70 45 177 83145 1 1576482 68427 2.6 74 28 1 9 16% 701 202972 18595 25%
c - 237.30 64 70 45 178 83145 1 1577380 55058 2.6 74 28 1 9 16% 701 202972 18595 25%
c - 239.20 64 70 45 179 83152 1 1590723 55232 2.6 73 28 1 9 16% 701 202972 18595 25%
c u 239.84 64 70 45 179 83155 1 1593466 56424 2.6 73 28 1 9 16% 702 202972 18595 25%
c v 239.93 64 70 45 179 83155 1 1593466 53578 2.6 73 28 1 9 16% 702 202972 18595 25%
c w 240.50 64 70 45 179 83155 1 1593466 51867 2.6 73 28 1 9 16% 702 202972 18595 25%
c x 240.88 64 70 45 179 83155 1 1593466 51867 2.6 73 28 1 9 16% 702 202870 18595 25%
c - 243.17 64 70 45 180 83157 1 1604103 51465 2.7 73 27 1 9 17% 702 202870 18595 25%
c - 245.53 64 70 45 181 83158 1 1617519 52718 2.7 73 27 1 9 17% 702 202870 18595 25%
c - 247.57 64 70 45 182 83164 1 1630973 52492 2.7 72 27 1 9 17% 702 202870 18595 25%
c
c seconds    switched      rate           size/glue  tier1   binary          remaining
c         MB   reductions     conflicts         size   tier2    irredundant
c          level     restarts        redundant     glue   trail         variables
c
c I 248.72 64 70 45 182 83166 1 1637122 58592 2.7 72 27 1 9 17% 702 202870 18595 25%
c ] 249.37 64 70 46 182 83171 1 1643769 65036 2.7 71 27 1 9 17% 702 202870 18595 25%
c { 249.37 64 94 46 182 83171 10 1643769 65036 2.3 35 15 1 5 12% 702 202870 18595 25%
c - 249.52 64 93 46 183 83288 10 1644465 53417 2.3 35 15 1 5 12% 702 202870 18595 25%
c - 251.63 64 94 46 184 84659 10 1657992 56047 2.3 35 15 1 5 12% 702 202870 18595 25%
c - 253.77 64 93 46 185 86033 10 1671556 58539 2.3 35 15 1 5 12% 702 202870 18595 25%
c - 255.92 80 94 46 186 87280 10 1685160 60305 2.4 36 15 1 5 12% 702 202870 18595 25%
c - 257.90 78 94 46 187 88527 10 1698800 61660 2.4 36 15 1 5 12% 702 202870 18595 25%
c - 260.18 79 94 46 188 89654 9 1712474 62616 2.4 37 15 1 5 12% 702 202870 18595 25%
c u 260.71 64 94 46 188 89841 9 1714839 63378 2.4 37 15 1 5 12% 702 202870 18595 25%
c v 260.86 64 94 46 188 89841 9 1714839 57831 2.4 37 15 1 5 12% 702 202870 18595 25%
c w 261.34 64 94 46 188 89841 9 1714839 55584 2.4 37 15 1 5 12% 702 202870 18595 25%
c - 263.11 64 94 46 189 90797 9 1726185 56718 2.4 37 16 1 4 12% 702 202870 18595 25%
c - 265.39 64 94 46 190 91833 9 1739932 59766 2.4 38 16 1 4 12% 702 202870 18595 25%
c - 267.68 64 95 46 191 92949 9 1753716 61641 2.4 38 16 1 4 13% 702 202870 18595 25%
c o 268.11 64 95 46 191 93093 9 1756489 64211 2.4 38 16 1 4 13% 702 202870 18595 25%
c } 269.08 64 95 47 191 93602 9 1761813 69238 2.4 38 16 1 4 13% 702 202870 18595 25%
c [ 269.08 64 70 47 191 93602 1 1761813 69238 2.7 71 27 1 9 17% 702 202870 18595 25%
c B 269.08 64 70 47 191 93602 1 1761813 69238 2.7 71 27 1 9 17% 702 202870 18595 25%
c - 270.07 64 71 47 192 93606 1 1767536 62331 2.7 72 27 1 9 17% 702 202870 18595 25%
c
c seconds    switched      rate           size/glue  tier1   binary          remaining
c         MB   reductions     conflicts         size   tier2    irredundant
c          level     restarts        redundant     glue   trail         variables
c
c - 271.82 80 70 47 193 93614 1 1781394 60384 2.7 71 26 1 8 16% 702 202870 18595 25%
c - 273.62 72 70 47 194 93617 1 1795286 57196 2.7 71 26 1 8 16% 702 202870 18595 25%
c - 275.87 74 70 47 195 93625 1 1809214 56373 2.7 72 27 1 8 16% 702 202870 18595 25%
c s 277.47 75 70 47 195 93631 1 1820698 67733 2.7 72 27 1 8 16% 702 202827 18595 25%
c e 277.52 77 70 47 195 93631 1 1820698 67733 2.7 72 27 1 8 16% 690 202934 18560 25%
c s 277.52 77 70 47 195 93631 1 1820698 67733 2.7 72 27 1 8 16% 690 202816 18560 25%
c e 277.54 77 70 47 195 93631 1 1820698 67733 2.7 72 27 1 8 16% 664 202844 18556 25%
c - 277.97 77 70 47 196 93631 1 1823179 56039 2.7 72 27 1 8 16% 664 202844 18556 25%
c - 280.21 77 70 47 197 93632 1 1837180 55559 2.6 73 28 1 8 16% 664 202844 18556 25%
c u 280.93 78 70 47 197 93632 1 1841120 58208 2.6 73 28 1 8 15% 664 202844 18556 25%
c v 281.01 78 70 47 197 93632 1 1841120 56116 2.6 73 28 1 8 15% 664 202844 18556 25%
c w 281.81 79 70 47 197 93632 1 1841120 54608 2.6 73 28 1 8 15% 664 202844 18556 25%
c - 283.27 80 70 47 198 93638 1 1851216 52579 2.6 72 28 1 8 15% 664 202844 18556 25%
c - 285.18 80 70 47 199 93646 1 1865289 54054 2.6 72 27 1 8 15% 664 202844 18556 25%
c W 285.84 64 70 47 199 93647 1 1869799 58502 2.6 72 27 1 8 15% 664 202844 18556 25%
c - 288.20 64 70 47 200 93649 1 1879396 55140 2.6 72 27 1 8 16% 664 202844 18556 25%
c ] 288.95 64 70 48 200 93653 1 1885031 60662 2.6 72 27 1 8 16% 664 202844 18556 25%
c { 288.95 64 95 48 200 93653 9 1885031 60662 2.4 38 16 1 4 13% 664 202844 18556 25%
c - 290.43 64 95 48 201 94303 9 1893538 57066 2.5 39 16 1 4 13% 664 202844 18556 25%
c - 292.53 80 94 48 202 95287 9 1907716 59593 2.5 39 16 1 4 13% 664 202844 18556 25%
c
c seconds    switched      rate           size/glue  tier1   binary          remaining
c         MB   reductions     conflicts         size   tier2    irredundant
c          level     restarts        redundant     glue   trail         variables
c
c - 295.13 79 94 48 203 96110 8 1921928 61639 2.5 40 16 1 4 14% 664 202844 18556 25%
c - 297.45 79 95 48 204 97041 8 1936175 63146 2.5 40 16 1 4 14% 664 202844 18556 25%
c o 299.15 80 95 48 204 97911 8 1946515 72862 2.5 40 16 1 4 14% 664 202844 18556 25%
c - 299.73 80 95 48 205 98168 8 1950457 64064 2.5 40 16 1 4 14% 664 202844 18556 25%
c - 302.04 80 96 48 206 99035 8 1964774 64881 2.6 41 16 1 4 14% 664 202844 18556 25%
c u 303.51 80 96 48 206 99825 8 1972332 70496 2.6 41 16 1 4 14% 664 202844 18556 25%
c v 303.65 80 96 48 206 99825 8 1972332 65415 2.6 41 16 1 4 14% 664 202844 18556 25%
c w 304.79 81 96 48 206 99825 8 1972332 64470 2.6 41 16 1 4 14% 664 202844 18556 25%
c - 308.00 78 96 48 207 100220 8 1979126 60174 2.6 41 16 1 4 14% 664 202844 18556 25%
c - 310.47 79 95 48 208 101234 8 1993513 61977 2.6 41 16 1 4 14% 664 202844 18556 25%
c - 312.84 80 96 48 209 102154 8 2007935 63568 2.6 41 16 1 4 14% 664 202844 18556 25%
c } 313.70 80 96 49 209 102458 8 2012642 68075 2.6 42 16 1 4 14% 664 202844 18556 25%
c [ 313.70 80 70 49 209 102458 1 2012642 68075 2.6 72 27 1 8 16% 664 202844 18556 25%
c O 313.70 80 70 49 209 102458 1 2012642 68075 2.6 72 27 1 8 16% 664 202844 18556 25%
c - 315.10 80 70 49 210 102464 1 2022391 63479 2.6 71 27 1 8 16% 664 202844 18556 25%
c - 317.14 80 70 49 211 102471 1 2036883 60878 2.6 70 27 1 8 16% 664 202844 18556 25%
c - 319.13 72 70 49 212 102477 1 2051408 58816 2.6 70 27 1 8 15% 664 202844 18556 25%
c - 321.41 73 71 49 213 102485 1 2065968 58863 2.6 70 27 1 8 16% 664 202844 18556 25%
c - 323.76 73 71 49 214 102488 1 2080562 59476 2.6 71 27 1 8 16% 664 202844 18556 25%
c - 326.19 77 71 49 215 102488 1 2095190 59402 2.7 72 27 1 8 16% 664 202844 18556 25%
c
c seconds    switched       rate           size/glue  tier1   binary          remaining
c         MB   reductions      conflicts         size   tier2    irredundant
c          level      restarts        redundant     glue   trail         variables
c
c u 328.25 79 72 49 215 102496 1 2108529 71364 2.6 71 27 1 8 16% 664 202844 18556 25%
c v 328.33 79 72 49 215 102496 1 2108529 69023 2.6 71 27 1 8 16% 664 202844 18556 25%
c w 329.96 82 72 49 215 102496 1 2108529 68804 2.6 71 27 1 8 16% 664 202844 18556 25%
c - 330.19 74 72 49 216 102498 1 2109852 56718 2.6 71 27 1 8 16% 664 202844 18556 25%
c - 332.15 76 72 49 217 102503 1 2124549 57039 2.6 71 27 1 8 16% 664 202844 18556 25%
c B 333.27 76 72 49 217 102507 1 2133475 65865 2.6 71 27 1 8 16% 664 202844 18556 25%
c - 334.04 77 72 49 218 102510 1 2139279 57427 2.6 71 27 1 8 16% 664 202844 18556 25%
c o 335.16 77 72 49 218 102517 1 2149092 67105 2.6 70 27 1 8 16% 664 202844 18556 25%
c s 335.48 78 72 49 218 102517 1 2150760 68764 2.6 70 27 1 8 16% 664 202800 18556 25%
c e 335.50 79 72 49 218 102517 1 2150760 68764 2.6 70 27 1 8 16% 664 202805 18555 25%
c s 335.50 79 72 49 218 102517 1 2150760 68764 2.6 70 27 1 8 16% 664 202803 18555 25%
c ] 335.68 79 72 50 218 102517 1 2151828 69813 2.6 70 27 1 8 16% 664 202803 18555 25%
c { 335.68 79 96 50 218 102517 8 2151828 69813 2.6 42 16 1 4 14% 664 202803 18555 25%
c - 336.03 80 96 50 219 102590 8 2154045 58805 2.6 41 16 1 4 14% 664 202803 18555 25%
c - 338.19 81 94 50 220 102983 7 2168843 61777 2.6 41 16 1 4 14% 664 202803 18555 25%
c - 340.84 79 93 50 221 103442 7 2183676 64557 2.6 41 16 1 4 14% 664 202803 18555 25%
c - 343.55 80 92 50 222 103911 7 2198542 65853 2.7 42 16 1 4 15% 664 202803 18555 25%
c - 345.90 80 92 50 223 104434 6 2213441 66829 2.7 42 16 1 4 15% 664 202803 18555 25%
c - 348.36 81 91 50 224 104963 6 2228374 68098 2.7 41 15 1 4 14% 664 202803 18555 25%
c - 350.82 81 91 50 225 105662 6 2243340 69411 2.7 41 15 1 4 14% 664 202803 18555 25%
c
c seconds    switched       rate           size/glue  tier1   binary          remaining
c         MB   reductions      conflicts         size   tier2    irredundant
c          level      restarts        redundant     glue   trail         variables
c
c u 352.11 81 91 50 225 105840 6 2249734 73029 2.7 41 15 1 4 15% 664 202803 18555 25%
c v 352.27 81 91 50 225 105840 6 2249734 67755 2.7 41 15 1 4 15% 664 202803 18555 25%
c w 353.10 81 91 50 225 105840 6 2249734 67357 2.7 41 15 1 4 15% 664 202803 18555 25%
c x 353.51 81 91 50 225 105840 6 2249734 67356 2.7 41 15 1 4 15% 664 202735 18555 25%
c - 355.30 79 90 50 226 106074 6 2258340 64202 2.8 42 15 1 4 15% 664 202735 18555 25%
c - 357.73 80 91 50 227 106576 6 2273373 66634 2.7 41 15 1 4 15% 664 202735 18555 25%
c - 360.30 80 90 50 228 107286 6 2288440 68782 2.7 41 15 1 4 15% 664 202735 18555 25%
c } 360.47 80 90 51 228 107380 6 2289353 69641 2.7 41 15 1 4 15% 664 202735 18555 25%
c [ 360.47 80 72 51 228 107380 1 2289353 69641 2.6 70 27 1 8 16% 664 202735 18555 25%
c W 360.69 64 72 51 228 107380 1 2289353 69641 2.6 70 27 1 8 16% 664 202735 18555 25%
c - 363.25 64 72 51 229 107388 1 2303540 67454 2.6 71 27 1 8 16% 664 202735 18555 25%
c - 365.88 65 72 51 230 107394 1 2318672 64238 2.6 71 27 1 8 16% 664 202735 18555 25%
c - 368.19 65 71 51 231 107401 1 2333837 63266 2.6 71 27 1 8 16% 664 202735 18555 25%
c - 370.39 65 71 51 232 107409 1 2349035 63110 2.6 71 27 1 8 16% 664 202735 18555 25%
c - 373.00 65 71 51 233 107410 1 2364267 63032 2.6 71 28 1 8 16% 664 202735 18555 25%
c o 374.25 65 70 51 233 107411 1 2371872 70542 2.6 71 28 1 8 16% 664 202735 18555 25%
c - 375.47 81 70 51 234 107416 1 2379531 63713 2.6 71 27 1 8 16% 664 202735 18555 25%
c - 377.69 74 70 51 235 107424 1 2394828 64446 2.6 70 27 1 8 15% 664 202735 18555 25%
c u 378.16 76 70 51 235 107424 1 2395996 64168 2.6 70 27 1 8 15% 664 202735 18555 25%
c v 378.25 77 70 51 235 107424 1 2395996 61708 2.6 70 27 1 8 15% 664 202735 18555 25%
c
c seconds    switched       rate           size/glue  tier1   binary          remaining
c         MB   reductions      conflicts         size   tier2    irredundant
c          level      restarts        redundant     glue   trail         variables
c
c w 378.58 77 70 51 235 107424 1 2395996 59865 2.6 70 27 1 8 15% 664 202735 18555 25%
c - 381.02 78 70 51 236 107429 1 2410158 60163 2.6 71 27 1 8 16% 664 202735 18555 25%
c I 383.02 78 70 51 236 107437 1 2423592 73428 2.7 71 27 1 8 16% 664 202735 18555 25%
c - 383.59 78 70 51 237 107438 1 2425520 61831 2.7 71 26 1 8 16% 664 202735 18555 25%
c ] 385.65 79 71 52 237 107440 1 2435385 71551 2.7 72 26 1 8 17% 664 202735 18555 25%
c { 385.65 79 90 52 237 107440 6 2435385 71551 2.7 41 15 1 4 15% 664 202735 18555 25%
c - 386.43 80 90 52 238 107963 6 2440914 63158 2.7 41 15 1 4 15% 664 202735 18555 25%
c - 388.56 81 92 52 239 109074 6 2456343 65764 2.7 40 15 1 4 15% 664 202735 18555 25%
c - 391.05 80 91 52 240 110308 6 2471802 68102 2.6 41 15 1 4 14% 664 202735 18555 25%
c - 393.34 80 92 52 241 111544 7 2487295 69455 2.6 41 16 1 4 14% 664 202735 18555 25%
c - 395.92 81 92 52 242 112751 7 2502819 70902 2.6 41 16 1 4 14% 664 202735 18555 25%
c s 397.86 81 92 52 242 113444 7 2514054 81633 2.6 41 16 1 4 14% 664 202717 18555 25%
c e 397.89 73 92 52 242 113444 7 2514054 81633 2.6 41 16 1 4 14% 664 202744 18553 25%
c s 397.90 73 92 52 242 113444 7 2514054 81633 2.6 41 16 1 4 14% 664 202724 18553 25%
c - 398.70 78 93 52 243 113748 7 2518375 72170 2.6 41 16 1 4 14% 664 202724 18553 25%
c - 401.42 80 94 52 244 114793 7 2533964 73317 2.6 41 16 1 4 14% 664 202724 18553 25%
c u 404.11 81 93 52 244 115907 7 2547319 84036 2.6 41 16 1 4 14% 664 202724 18553 25%
c v 404.32 81 93 52 244 115907 7 2547319 78103 2.6 41 16 1 4 14% 664 202724 18553 25%
c w 405.94 81 93 52 244 115907 7 2547319 77530 2.6 41 16 1 4 14% 664 202724 18553 25%
c - 406.42 82 93 52 245 116078 7 2549584 67350 2.6 42 16 1 4 14% 664 202724 18553 25%
c
c seconds    switched       rate           size/glue  tier1   binary          remaining
c         MB   reductions      conflicts         size   tier2    irredundant
c          level      restarts        redundant     glue   trail         variables
c
c - 408.98 79 94 52 246 116919 7 2565237 69203 2.6 42 16 1 4 15% 664 202724 18553 25%
c - 411.93 80 93 52 247 117549 7 2580921 71114 2.7 43 16 1 4 15% 664 202724 18553 25%
c } 412.33 80 93 53 247 117717 7 2583173 73237 2.7 44 16 1 4 15% 664 202724 18553 25%
c [ 412.33 80 71 53 247 117717 1 2583173 73237 2.7 72 26 1 8 17% 664 202724 18553 25%
c B 412.33 80 71 53 247 117717 1 2583173 73237 2.7 72 26 1 8 17% 664 202724 18553 25%
c o 414.90 81 71 53 247 117724 1 2595523 85474 2.7 71 26 1 8 17% 664 202724 18553 25%
c - 415.22 81 71 53 248 117725 1 2596638 71040 2.8 71 26 1 8 17% 664 202724 18553 25%
c - 418.53 81 71 53 249 117731 1 2612386 68911 2.8 71 26 1 8 18% 664 202724 18553 25%
c - 421.01 82 70 53 250 117738 1 2628165 67704 2.8 72 26 1 8 17% 664 202724 18553 25%
c - 423.31 75 70 53 251 117746 1 2643976 67287 2.8 72 26 1 8 17% 664 202724 18553 25%
c - 427.26 76 70 53 252 117747 1 2659821 68268 2.8 71 25 1 8 19% 664 202724 18553 25%
c - 430.55 77 70 53 253 117754 1 2675695 67967 2.9 72 25 1 7 19% 664 202724 18553 25%
c - 433.65 78 70 53 254 117762 1 2691600 67724 2.9 73 25 1 7 19% 664 202724 18553 25%
c u 437.17 80 71 53 254 117767 1 2703752 78584 2.9 75 26 1 7 20% 664 202724 18553 25%
c v 437.30 80 71 53 254 117767 1 2703752 75563 2.9 75 26 1 7 20% 665 202724 18553 25%
c w 439.70 83 71 53 254 117767 1 2703752 75339 2.9 75 26 1 7 20% 665 202724 18553 25%
c d 439.72 83 71 53 254 117767 1 2703752 75338 2.9 75 26 1 7 20% 663 202724 18552 25%
c u 440.02 83 71 53 254 117767 1 2703752 75143 2.9 75 26 1 7 20% 663 202724 18552 25%
c v 440.11 83 71 53 254 117767 1 2703752 74587 2.9 75 26 1 7 20% 663 202724 18552 25%
c w 442.50 83 71 53 254 117767 1 2703752 73979 2.9 75 26 1 7 20% 663 202724 18552 25%
c
c seconds    switched       rate           size/glue  tier1   binary          remaining
c         MB   reductions      conflicts         size   tier2    irredundant
c          level      restarts        redundant     glue   trail         variables
c
c = 445.38 84 71 53 254 117767 1 2703752 73979 2.9 75 26 1 7 20% 701 202724 18533 25%
c d 445.40 84 71 53 254 117767 1 2703752 73962 2.9 75 26 1 7 20% 660 202724 18533 25%
c t 445.41 84 71 53 254 117767 1 2703752 73962 2.9 75 26 1 7 20% 651 202724 18533 25%
c ] 445.98 74 71 54 254 117769 1 2706807 76982 2.9 75 26 1 7 20% 651 202724 18533 25%
c { 445.98 74 93 54 254 117769 7 2706807 76982 2.7 44 16 1 4 15% 651 202724 18533 25%
c - 446.09 77 93 54 255 117794 7 2707538 63133 2.7 44 16 1 4 15% 651 202724 18533 25%
c - 447.85 80 92 54 256 118007 6 2723506 66134 2.7 43 16 1 4 15% 651 202724 18533 25%
c - 449.53 81 90 54 257 118189 6 2739507 68887 2.8 42 15 1 4 15% 654 202724 18533 25%
c - 451.63 82 90 54 258 118477 5 2755538 69876 2.8 42 15 1 4 15% 657 202724 18533 25%
c - 453.73 82 89 54 259 118857 5 2771601 70480 2.8 42 15 1 4 15% 660 202724 18533 25%
c - 455.58 82 90 54 260 119148 5 2787696 71130 2.8 41 15 1 4 15% 664 202724 18533 25%
c - 457.50 80 89 54 261 119429 5 2803821 71946 2.8 41 15 1 4 15% 666 202724 18533 25%
c - 459.55 81 88 54 262 119818 5 2819977 72608 2.8 41 14 1 4 15% 672 202724 18533 25%
c o 460.27 81 87 54 262 120041 5 2825532 77996 2.8 41 14 1 4 15% 672 202724 18533 25%
c - 461.61 82 87 54 263 120308 5 2836163 72800 2.8 40 14 1 4 15% 674 202724 18533 25%
c - 463.45 82 88 54 264 120766 5 2852380 73341 2.8 40 14 1 4 15% 677 202724 18533 25%
c } 464.79 82 86 55 264 121087 4 2865203 85662 2.8 39 14 1 4 15% 678 202724 18533 25%
c [ 464.79 82 71 55 264 121087 1 2865203 85662 2.9 75 26 1 7 20% 678 202724 18533 25%
c W 465.16 66 71 55 264 121087 1 2865203 85662 2.9 75 26 1 7 20% 678 202724 18533 25%
c u 465.54 66 71 55 264 121087 1 2865296 84521 2.9 75 26 1 7 20% 680 202724 18533 25%
c
c seconds    switched       rate           size/glue  tier1   binary          remaining
c         MB   reductions      conflicts         size   tier2    irredundant
c          level      restarts        redundant     glue   trail         variables
c
c v 465.74 66 71 55 264 121087 1 2865296 80017 2.9 75 26 1 7 20% 698 202724 18533 25%
c w 466.86 66 71 55 264 121087 1 2865296 79189 2.9 75 26 1 7 20% 685 202724 18533 25%
c - 467.67 66 71 55 265 121089 1 2868628 68736 2.9 75 26 1 7 20% 685 202724 18533 25%
c - 470.98 66 71 55 266 121099 1 2884906 67813 2.9 75 26 1 7 20% 685 202724 18533 25%
c - 473.80 82 71 55 267 121104 1 2901215 65765 2.9 77 27 1 7 19% 685 202724 18533 25%
c s 475.66 82 71 55 267 121109 1 2911568 75927 2.9 76 26 1 7 19% 685 202716 18533 25%
c e 475.68 74 71 55 267 121109 1 2911568 75927 2.9 76 26 1 7 19% 685 202731 18530 25%
c s 475.69 74 71 55 267 121109 1 2911568 75927 2.9 76 26 1 7 19% 685 202723 18530 25%
c - 476.49 76 71 55 268 121114 1 2917558 65509 2.9 76 26 1 7 19% 685 202723 18530 25%
c - 479.09 77 71 55 269 121117 1 2933930 66216 2.8 75 27 1 7 18% 685 202723 18530 25%
c - 482.06 79 71 55 270 121120 1 2950331 66359 2.9 76 26 1 7 18% 685 202723 18530 25%
c - 485.09 79 71 55 271 121130 1 2966763 66527 2.9 76 27 1 7 18% 685 202723 18530 25%
c ] 486.95 80 71 56 271 121132 1 2978117 77712 2.9 76 27 1 7 18% 685 202723 18530 25%
c { 486.95 80 86 56 271 121132 4 2978117 77712 2.8 39 14 1 4 15% 685 202723 18530 25%
c - 487.79 81 86 56 272 121802 5 2983226 67349 2.7 39 14 1 4 15% 685 202723 18530 25%
c - 490.51 83 86 56 273 123719 6 2999718 69698 2.7 39 15 1 4 14% 685 202723 18530 25%
c - 493.43 81 86 56 274 125584 6 3016240 71626 2.6 39 15 1 4 14% 685 202723 18530 25%
c u 496.47 82 86 56 274 127162 7 3032002 85403 2.6 39 15 1 4 14% 685 202723 18530 25%
c v 496.65 82 86 56 274 127162 7 3032002 80989 2.6 39 15 1 4 14% 685 202723 18530 25%
c w 497.70 82 86 56 274 127162 7 3032002 80626 2.6 39 15 1 4 14% 685 202723 18530 25%
c
c seconds    switched       rate           size/glue  tier1   binary          remaining
c         MB   reductions      conflicts         size   tier2    irredundant
c          level      restarts        redundant     glue   trail         variables
c
c x 498.17 83 86 56 274 127162 7 3032002 80623 2.6 39 15 1 4 14% 686 202671 18530 25%
c - 498.36 83 86 56 275 127250 7 3032793 68259 2.6 39 15 1 4 14% 686 202671 18530 25%
c - 501.02 81 86 56 276 128701 7 3049377 70489 2.5 39 15 1 4 14% 686 202671 18530 25%
c o 503.70 82 87 56 276 130185 7 3065535 85882 2.5 40 16 1 4 14% 686 202671 18530 25%
c - 503.78 82 87 56 277 130206 7 3065990 72420 2.5 40 16 1 4 14% 686 202671 18530 25%
c - 506.87 82 88 56 278 131334 7 3082633 73714 2.6 41 16 1 4 14% 686 202671 18530 25%
c - 509.41 83 87 56 279 132657 7 3099308 74720 2.6 41 16 1 4 14% 686 202671 18530 25%
c - 512.25 81 89 56 280 133972 8 3116013 75677 2.6 42 16 1 4 14% 686 202671 18530 25%
c - 515.20 82 89 56 281 135001 7 3132746 76925 2.6 42 16 1 4 14% 686 202671 18530 25%
c } 517.74 82 89 57 281 136104 7 3147459 91090 2.6 43 16 1 4 14% 686 202671 18530 25%
c [ 517.74 82 71 57 281 136104 1 3147459 91090 2.9 76 27 1 7 18% 686 202671 18530 25%
c O 517.74 82 71 57 281 136104 1 3147459 91090 2.9 76 27 1 7 18% 686 202671 18530 25%
c - 518.27 83 71 57 282 136105 1 3149510 77645 2.9 76 27 1 7 18% 686 202671 18530 25%
c - 521.28 83 71 57 283 136116 1 3166302 76272 2.8 76 27 1 7 18% 686 202671 18530 25%
c - 523.92 76 70 57 284 136121 1 3183124 72383 2.8 76 27 1 7 17% 686 202671 18530 25%
c - 526.49 76 70 57 285 136131 1 3199976 70361 2.7 76 28 1 7 17% 686 202671 18530 25%
c u 527.26 79 70 57 285 136132 1 3203895 72221 2.7 76 28 1 7 16% 686 202671 18530 25%
c v 527.35 79 70 57 285 136132 1 3203895 69284 2.7 76 28 1 7 16% 686 202671 18530 25%
c w 528.21 80 70 57 285 136132 1 3203895 67935 2.7 76 28 1 7 16% 686 202671 18530 25%
c - 533.13 81 70 57 286 136134 1 3216857 65746 2.7 76 28 1 7 16% 686 202671 18530 25%
c
c seconds    switched       rate           size/glue  tier1   binary          remaining
c         MB   reductions      conflicts         size   tier2    irredundant
c          level      restarts        redundant     glue   trail         variables
c
c - 538.60 83 70 57 287 136137 1 3233768 66963 2.8 79 28 1 7 17% 686 202671 18530 25%
c - 540.86 76 71 57 288 136148 1 3250709 68133 2.8 78 28 1 7 17% 686 202671 18530 25%
c - 544.91 80 72 57 289 136153 1 3267680 68405 2.8 78 28 1 7 18% 686 202671 18530 25%
c - 547.42 80 72 57 290 136163 1 3284682 68348 2.8 77 27 1 7 18% 686 202671 18530 25%
c - 549.74 82 72 57 291 136165 1 3301711 68710 2.8 76 27 1 7 17% 686 202671 18530 25%
c ] 551.20 82 71 58 291 136165 1 3309491 76358 2.8 76 27 1 7 17% 686 202671 18530 25%
c { 551.20 82 89 58 291 136165 7 3309491 76358 2.6 43 16 1 4 14% 686 202671 18530 25%
c o 552.11 83 89 58 291 136486 7 3315537 82142 2.6 43 16 1 4 14% 686 202671 18530 25%
c - 552.70 84 89 58 292 136671 7 3318770 70445 2.6 43 16 1 4 14% 686 202671 18530 25%
c - 555.76 82 90 58 293 137502 7 3335859 73336 2.7 44 16 1 4 15% 686 202671 18530 25%
c e 557.20 82 90 58 293 137752 7 3344301 81552 2.7 45 16 1 4 15% 686 202782 18516 25%
c s 557.21 82 90 58 293 137752 7 3344301 81552 2.7 45 16 1 4 15% 686 202709 18516 25%
c - 558.44 83 89 58 294 138094 7 3352978 74969 2.8 45 16 1 4 15% 686 202709 18516 25%
c - 561.46 83 89 58 295 139113 7 3370125 76157 2.8 45 16 1 4 15% 686 202709 18516 25%
c u 563.68 81 90 58 295 139642 7 3381001 85225 2.8 45 16 1 4 15% 686 202709 18516 25%
c v 563.85 81 90 58 295 139642 7 3381001 80535 2.8 45 16 1 4 15% 686 202709 18516 25%
c w 565.88 82 90 58 295 139642 7 3381001 79275 2.8 45 16 1 4 15% 686 202709 18516 25%
c - 566.91 83 90 58 296 140014 7 3387300 71761 2.8 45 16 1 4 15% 686 202709 18516 25%
c - 570.12 83 90 58 297 140906 6 3404504 74048 2.8 46 16 1 4 15% 686 202709 18516 25%
c - 572.61 82 90 58 298 141679 6 3421738 76050 2.8 46 16 1 4 15% 686 202709 18516 25%
c
c seconds    switched       rate           size/glue  tier1   binary          remaining
c         MB   reductions      conflicts         size   tier2    irredundant
c          level      restarts        redundant     glue   trail         variables
c
c - 575.46 82 90 58 299 142741 6 3439000 77149 2.8 46 16 1 4 15% 686 202709 18516 25%
c - 578.53 83 90 58 300 143579 6 3456293 78002 2.8 47 16 1 4 15% 686 202709 18516 25%
c - 581.30 83 89 58 301 144671 6 3473614 78706 2.8 47 16 1 4 15% 686 202709 18516 25%
c } 584.17 84 89 59 301 145801 6 3490122 94558 2.8 47 17 1 4 15% 686 202709 18516 25%
c [ 584.17 84 71 59 301 145801 1 3490122 94558 2.8 76 27 1 7 17% 686 202709 18516 25%
c B 584.17 84 71 59 301 145801 1 3490122 94558 2.8 76 27 1 7 17% 686 202709 18516 25%
c - 584.27 84 71 59 302 145801 1 3490963 79418 2.8 76 27 1 7 17% 686 202709 18516 25%
c - 586.46 78 71 59 303 145812 1 3508342 78152 2.8 74 27 1 7 17% 686 202709 18516 25%
c - 589.11 79 72 59 304 145818 1 3525750 75040 2.8 74 27 1 7 17% 686 202709 18516 25%
c - 591.82 80 72 59 305 145828 1 3543185 74430 2.8 74 27 1 7 17% 686 202709 18516 25%
c - 594.44 80 73 59 306 145831 1 3560649 75061 2.8 73 26 1 7 17% 686 202709 18516 25%
c u 595.00 81 72 59 306 145831 1 3563347 75651 2.8 73 26 1 7 17% 686 202709 18516 25%
c v 595.09 81 72 59 306 145831 1 3563347 72692 2.8 73 26 1 7 17% 686 202709 18516 25%
c w 595.74 82 72 59 306 145831 1 3563347 70985 2.8 73 26 1 7 17% 686 202709 18516 25%
c - 597.87 82 72 59 307 145836 1 3578142 70093 2.8 73 26 1 7 17% 686 202709 18516 25%
c o 598.22 83 72 59 307 145837 1 3579027 70974 2.8 73 26 1 7 17% 686 202709 18516 25%
c - 600.72 83 72 59 308 145845 1 3595664 71165 2.8 72 26 1 7 17% 686 202709 18516 25%
c - 603.77 77 71 59 309 145852 1 3613213 71682 2.8 72 25 1 7 17% 686 202709 18516 25%
c - 606.75 78 71 59 310 145861 1 3630791 71739 2.8 72 26 1 7 16% 686 202709 18516 25%
c - 609.65 78 70 59 311 145862 1 3648398 71018 2.7 72 26 1 7 16% 686 202709 18516 25%
c
c seconds    switched       rate           size/glue  tier1   binary          remaining
c         MB   reductions      conflicts         size   tier2    irredundant
c          level      restarts        redundant     glue   trail         variables
c
c W 611.64 66 70 59 311 145863 1 3660217 82705 2.7 72 27 1 7 16% 686 202709 18516 25%
c - 613.46 66 70 59 312 145863 1 3666034 71105 2.8 73 26 1 7 16% 686 202709 18516 25%
c ] 616.57 66 69 60 312 145863 1 3677070 82074 2.9 74 26 1 7 18% 686 202709 18516 25%
c { 616.57 66 89 60 312 145863 6 3677070 82074 2.8 47 17 1 4 15% 686 202709 18516 25%
c - 617.58 82 89 60 313 146241 6 3683697 72880 2.8 46 17 1 4 15% 686 202709 18516 25%
c - 620.33 84 90 60 314 147049 6 3701389 75802 2.8 47 17 1 4 15% 686 202709 18516 25%
c - 623.82 82 90 60 315 147684 6 3719109 78073 2.9 47 16 1 4 16% 686 202709 18516 25%
c - 626.50 83 90 60 316 148853 6 3736858 79306 2.8 47 17 1 4 15% 686 202709 18516 25%
c u 629.37 83 90 60 316 149463 6 3750955 91426 2.8 47 17 1 4 16% 686 202709 18516 25%
c v 629.54 83 90 60 316 149463 6 3750955 86317 2.8 47 17 1 4 16% 686 202709 18516 25%
c w 631.68 84 90 60 316 149463 6 3750955 85827 2.8 47 17 1 4 16% 686 202709 18516 25%
c - 632.21 79 90 60 317 149614 6 3754634 74742 2.8 47 17 1 4 16% 686 202709 18516 25%
c - 635.05 82 92 60 318 150428 6 3772441 76942 2.8 47 17 1 4 15% 686 202709 18516 25%
c - 637.72 83 90 60 319 151204 6 3790273 78601 2.8 46 16 1 4 15% 686 202709 18516 25%
c - 640.56 84 89 60 320 152369 6 3808134 79543 2.8 46 17 1 4 15% 686 202709 18516 25%
c s 641.38 80 89 60 320 152641 6 3813166 84375 2.8 46 17 1 4 15% 686 202706 18516 25%
c s 641.40 81 89 60 320 152641 6 3813166 84375 2.8 46 17 1 4 15% 686 202705 18516 25%
c - 643.64 83 89 60 321 153263 6 3826022 80427 2.8 46 17 1 4 15% 686 202705 18516 25%
c - 646.92 83 90 60 322 154171 6 3843938 81852 2.8 46 17 1 4 15% 686 202705 18516 25%
c o 647.78 83 90 60 322 154526 6 3849065 86818 2.8 46 17 1 4 15% 686 202705 18516 25%
c
c seconds    switched       rate           size/glue  tier1   binary          remaining
c         MB   reductions      conflicts         size   tier2    irredundant
c          level      restarts        redundant     glue   trail         variables
c
c - 650.06 84 89 60 323 155152 6 3861882 82482 2.8 47 17 1 4 15% 686 202705 18516 25%
c } 651.45 81 89 61 323 155717 6 3869323 89589 2.8 46 17 1 4 15% 686 202705 18516 25%
c [ 651.45 81 69 61 323 155717 1 3869323 89589 2.9 74 26 1 7 18% 686 202705 18516 25%
c I 651.45 81 69 61 323 155717 1 3869323 89589 2.9 74 26 1 7 18% 686 202705 18516 25%
c - 653.82 81 70 61 324 155723 1 3879854 81736 2.9 75 26 1 7 18% 686 202705 18516 25%
c - 657.58 82 71 61 325 155731 1 3897854 79445 2.8 75 27 1 7 18% 686 202705 18516 25%
c - 661.28 83 71 61 326 155740 1 3915883 77217 2.8 76 27 1 7 18% 686 202705 18516 25%
c - 664.07 83 71 61 327 155746 1 3933938 76715 2.8 76 27 1 7 17% 686 202705 18516 25%
c u 665.68 83 71 61 327 155747 1 3943851 84406 2.7 75 28 1 7 17% 687 202705 18516 25%
c v 665.78 83 71 61 327 155747 1 3943851 81186 2.7 75 28 1 7 17% 687 202705 18516 25%
c w 668.29 86 71 61 327 155747 1 3943851 80568 2.7 75 28 1 7 17% 687 202705 18516 25%
c = 671.38 87 71 61 327 155747 1 3943851 80568 2.7 75 28 1 7 17% 691 202705 18514 25%
c d 671.39 87 71 61 327 155747 1 3943851 80568 2.7 75 28 1 7 17% 687 202705 18514 25%
c t 671.41 87 71 61 327 155747 1 3943851 80568 2.7 75 28 1 7 17% 681 202705 18514 25%
c u 671.74 74 71 61 327 155747 1 3943851 80290 2.7 75 28 1 7 17% 682 202705 18514 25%
c v 671.82 76 71 61 327 155747 1 3943851 79777 2.7 75 28 1 7 17% 682 202705 18514 25%
c w 674.19 80 71 61 327 155747 1 3943851 76269 2.7 75 28 1 7 17% 682 202705 18514 25%
c - 675.51 81 71 61 328 155748 1 3952021 69924 2.7 75 27 1 7 17% 682 202705 18514 25%
c - 678.73 82 71 61 329 155759 1 3970132 71776 2.7 74 27 1 7 17% 682 202705 18514 25%
c - 682.75 82 71 61 330 155765 1 3988270 73295 2.8 75 27 1 7 17% 682 202705 18514 25%
c
c seconds    switched       rate           size/glue  tier1   binary          remaining
c         MB   reductions      conflicts         size   tier2    irredundant
c          level      restarts        redundant     glue   trail         variables
c
c - 685.73 83 70 61 331 155776 1 4006435 73818 2.8 75 27 1 7 17% 682 202705 18514 25%
c - 690.33 83 71 61 332 155778 1 4024628 73813 2.8 76 27 1 7 18% 682 202705 18514 25%
c ] 693.89 84 71 62 332 155779 1 4038389 87494 2.8 77 27 1 7 18% 682 202705 18514 25%
c { 693.89 84 89 62 332 155779 6 4038389 87494 2.8 46 17 1 4 15% 682 202705 18514 25%
c - 694.61 80 89 62 333 155962 6 4042849 74512 2.8 47 17 1 4 15% 682 202705 18514 25%
c - 697.37 83 89 62 334 156920 6 4061098 77576 2.8 46 17 1 4 15% 682 202705 18514 25%
c - 700.62 83 89 62 335 157839 6 4079374 79982 2.8 47 17 1 4 15% 682 202705 18514 25%
c - 703.65 84 89 62 336 158581 6 4097677 81075 2.9 47 17 1 4 16% 682 202705 18514 25%
c - 706.72 82 88 62 337 159455 6 4116008 81982 2.9 48 17 1 4 16% 682 202705 18514 25%
c o 708.92 83 87 62 337 160054 6 4129094 94647 2.9 48 16 1 4 16% 682 202705 18514 25%
c - 709.81 83 87 62 338 160408 6 4134366 83116 2.9 48 17 1 4 16% 682 202705 18514 25%
c u 712.04 84 87 62 338 160891 6 4142063 89006 2.9 48 17 1 4 16% 682 202705 18514 25%
c v 712.26 84 87 62 338 160891 6 4142063 83685 2.9 48 17 1 4 16% 682 202705 18514 25%
c w 714.00 84 87 62 338 160891 6 4142063 82989 2.9 48 17 1 4 16% 682 202705 18514 25%
c x 714.45 77 87 62 338 160891 6 4142063 82988 2.9 48 17 1 4 16% 683 202655 18514 25%
c - 716.14 82 87 62 339 161466 6 4152750 78295 2.9 48 17 1 4 16% 683 202655 18514 25%
c - 719.66 83 87 62 340 162363 6 4171162 80456 2.9 48 17 1 4 16% 683 202655 18514 25%
c - 723.34 84 87 62 341 163342 6 4189601 82054 2.9 49 17 1 4 16% 683 202655 18514 25%
c - 726.78 84 87 62 342 164378 6 4208068 83047 2.9 49 17 1 4 16% 683 202655 18514 25%
c - 729.89 83 87 62 343 165299 6 4226561 83800 2.9 49 17 1 4 16% 683 202655 18514 25%
c
c seconds    switched       rate           size/glue  tier1   binary          remaining
c         MB   reductions      conflicts         size   tier2    irredundant
c          level      restarts        redundant     glue   trail         variables
c
c } 732.75 83 87 63 343 166194 6 4242601 99390 2.9 49 17 1 4 16% 683 202655 18514 25%
c [ 732.75 83 71 63 343 166194 1 4242601 99390 2.8 77 27 1 7 18% 683 202655 18514 25%
c B 732.75 83 71 63 343 166194 1 4242601 99390 2.8 77 27 1 7 18% 683 202655 18514 25%
c - 733.21 84 71 63 344 166196 1 4245083 84129 2.8 78 27 1 7 18% 683 202655 18514 25%
c - 735.78 84 71 63 345 166207 1 4263631 82612 2.8 76 27 1 7 17% 683 202655 18514 25%
c - 739.78 79 72 63 346 166214 1 4282207 79803 2.8 77 28 1 7 17% 683 202655 18514 25%
c - 742.74 79 71 63 347 166223 1 4300809 79039 2.8 77 28 1 7 17% 683 202655 18514 25%
c s 745.62 80 71 63 347 166224 1 4319054 97160 2.7 76 28 1 7 16% 683 202639 18514 25%
c e 745.66 81 71 63 347 166224 1 4319054 97160 2.7 76 28 1 7 16% 677 202724 18496 25%
c s 745.67 81 71 63 347 166224 1 4319054 97160 2.7 76 28 1 7 16% 677 202681 18496 25%
c e 745.68 81 71 63 347 166224 1 4319054 97160 2.7 76 28 1 7 16% 677 202691 18494 25%
c - 745.80 82 71 63 348 166224 1 4319437 78014 2.7 76 28 1 7 16% 677 202691 18494 25%
c - 749.77 83 71 63 349 166232 1 4338091 78524 2.7 76 28 1 7 17% 677 202691 18494 25%
c u 751.43 84 71 63 349 166237 1 4345612 84150 2.7 76 28 1 7 17% 677 202691 18494 25%
c v 751.55 84 71 63 349 166237 1 4345612 81411 2.7 76 28 1 7 17% 677 202691 18494 25%
c w 753.76 85 71 63 349 166237 1 4345612 79108 2.7 76 28 1 7 17% 677 202691 18494 25%
c - 755.99 77 71 63 350 166239 1 4356774 73984 2.7 76 28 1 7 17% 677 202691 18494 25%
c - 758.85 78 71 63 351 166250 1 4375482 75153 2.7 75 28 1 7 16% 677 202691 18494 25%
c - 762.25 80 70 63 352 166255 1 4394219 75215 2.7 75 28 1 7 16% 677 202691 18494 25%
c - 766.24 82 69 63 353 166256 1 4412980 75858 2.7 76 28 1 7 16% 677 202691 18494 25%
c
c seconds    switched       rate           size/glue  tier1   binary          remaining
c         MB   reductions      conflicts         size   tier2    irredundant
c          level      restarts        redundant     glue   trail         variables
c
c - 769.29 82 70 63 354 166256 1 4431769 76213 2.7 76 28 1 7 16% 677 202691 18494 25%
c W 770.01 67 70 63 354 166256 1 4435742 80152 2.7 76 28 1 7 16% 677 202691 18494 25%
c o 770.02 67 70 63 354 166256 1 4435742 80152 2.7 76 28 1 7 16% 677 202691 18494 25%
c ] 771.17 67 70 64 354 166258 1 4441871 86253 2.7 75 28 1 7 16% 677 202691 18494 25%
c { 771.17 67 87 64 354 166258 6 4441871 86253 2.9 49 17 1 4 16% 677 202691 18494 25%
c - 773.08 83 87 64 355 166570 6 4450584 77607 3.0 49 17 1 3 17% 677 202691 18494 25%
c - 776.19 84 87 64 356 167253 6 4469426 80685 3.0 49 17 1 3 17% 677 202691 18494 25%
c - 779.33 83 87 64 357 168434 6 4488293 82989 2.9 49 17 1 3 17% 677 202691 18494 25%
c - 782.79 84 86 64 358 169190 6 4507187 84014 3.0 50 17 1 3 17% 677 202691 18494 25%
c - 786.19 84 87 64 359 170271 6 4526109 85104 3.0 49 17 1 3 17% 677 202691 18494 25%
c - 789.89 85 87 64 360 171093 6 4545057 86324 3.0 50 17 1 3 17% 677 202691 18494 25%
c u 791.88 67 88 64 360 171726 6 4554528 93577 3.0 49 17 1 3 17% 677 202691 18494 25%
c v 792.03 67 88 64 360 171726 6 4554528 88863 3.0 49 17 1 3 17% 677 202691 18494 25%
c w 794.38 67 88 64 360 171726 6 4554528 85548 3.0 49 17 1 3 17% 677 202691 18494 25%
c - 795.92 67 88 64 361 172263 6 4564030 80253 2.9 49 17 1 3 16% 677 202691 18494 25%
c - 799.14 84 88 64 362 173380 6 4583030 82982 2.9 48 17 1 3 16% 677 202691 18494 25%
c - 802.17 84 88 64 363 174256 6 4602056 84852 2.9 48 17 1 3 16% 677 202691 18494 25%
c - 805.63 83 88 64 364 175210 6 4621109 86258 2.9 48 17 1 3 16% 677 202691 18494 25%
c - 808.83 84 87 64 365 176167 6 4640187 87193 2.9 49 17 1 3 16% 677 202691 18494 25%
c } 812.27 84 86 65 365 177114 6 4658369 104918 3.0 49 17 1 3 16% 677 202691 18494 25%
c
c seconds    switched       rate            size/glue  tier1   binary          remaining
c         MB   reductions      conflicts          size   tier2    irredundant
c          level      restarts        redundant      glue   trail         variables
c
c [ 812.27 84 70 65 365 177114 1 4658369 104918 2.7 75 28 1 7 16% 677 202691 18494 25%
c O 812.27 84 70 65 365 177114 1 4658369 104918 2.7 75 28 1 7 16% 677 202691 18494 25%
c - 812.41 84 70 65 366 177114 1 4659291 87287 2.7 75 28 1 7 16% 677 202691 18494 25%
c - 816.39 85 70 65 367 177126 1 4678423 85499 2.7 76 28 1 7 17% 677 202691 18494 25%
c - 819.99 78 70 65 368 177134 1 4697582 82590 2.7 76 28 1 7 16% 677 202691 18494 25%
c - 822.98 79 70 65 369 177143 1 4716767 81922 2.7 76 28 1 7 16% 677 202691 18494 25%
c - 827.36 80 70 65 370 177144 1 4735977 81443 2.7 76 28 1 6 16% 677 202691 18494 25%
c o 828.36 80 70 65 370 177145 1 4740845 86265 2.7 76 28 1 6 16% 677 202691 18494 25%
c - 830.91 81 70 65 371 177153 1 4755212 81149 2.7 76 29 1 6 16% 677 202691 18494 25%
c u 834.46 82 70 65 371 177159 1 4768834 92671 2.7 77 29 1 6 16% 677 202691 18494 25%
c v 834.57 83 70 65 371 177159 1 4768834 90044 2.7 77 29 1 6 16% 677 202691 18494 25%
c w 837.26 86 70 65 371 177159 1 4768834 89704 2.7 77 29 1 6 16% 677 202691 18494 25%
c - 842.95 77 70 65 372 177160 1 4774473 77255 2.7 77 29 1 6 17% 677 202691 18494 25%
c - 846.43 78 70 65 373 177172 1 4793760 77803 2.7 77 29 1 6 17% 677 202691 18494 25%
c - 850.15 79 70 65 374 177175 1 4813074 77808 2.6 76 29 1 6 16% 677 202691 18494 25%
c - 853.45 80 70 65 375 177176 1 4832414 77373 2.5 75 30 1 6 15% 677 202691 18494 25%
c - 856.98 80 70 65 376 177176 1 4851778 77188 2.5 74 30 1 6 15% 677 202691 18494 25%
c ] 857.85 80 70 66 376 177178 1 4857369 82724 2.5 74 30 1 6 15% 677 202691 18494 25%
c { 857.85 80 86 66 376 177178 6 4857369 82724 3.0 49 17 1 3 16% 677 202691 18494 25%
c s 859.15 84 86 66 376 177220 5 4862851 88067 3.0 50 17 1 3 17% 677 202666 18494 25%
c
c seconds    switched       rate           size/glue  tier1   binary          remaining
c         MB   reductions      conflicts         size   tier2    irredundant
c          level      restarts        redundant     glue   trail         variables
c
c - 860.80 82 87 66 377 177398 5 4871169 79736 3.0 49 16 1 3 17% 677 202666 18494 25%
c - 864.30 84 86 66 378 177863 5 4890588 83109 3.0 49 16 1 3 17% 677 202666 18494 25%
c - 867.62 84 85 66 379 178135 5 4910030 85186 3.0 48 16 1 3 17% 677 202666 18494 25%
c - 870.92 85 84 66 380 178833 5 4929497 86608 3.0 48 16 1 3 16% 677 202666 18494 25%
c - 874.62 83 84 66 381 179780 5 4948990 87714 2.9 47 16 1 3 16% 677 202666 18494 25%
c - 878.41 84 84 66 382 180805 5 4968510 88842 2.9 46 16 1 3 16% 677 202666 18494 25%
c - 882.08 84 84 66 383 181546 5 4988054 90187 2.9 46 16 1 3 15% 677 202666 18494 25%
c u 882.52 84 84 66 383 181546 5 4988530 87880 2.9 46 16 1 3 15% 677 202666 18494 25%
c v 882.70 84 84 66 383 181546 5 4988530 83158 2.9 46 16 1 3 15% 677 202666 18494 25%
c w 882.94 84 84 66 383 181546 5 4988530 80610 2.9 46 16 1 3 15% 677 202666 18494 25%
c - 886.71 83 85 66 384 182101 5 5007625 83981 2.9 46 16 1 3 16% 677 202666 18494 25%
c - 890.24 84 84 66 385 182914 5 5027220 86667 2.9 46 16 1 3 15% 677 202666 18494 25%
c - 893.78 84 83 66 386 183937 5 5046841 87953 2.9 45 16 1 3 15% 677 202666 18494 25%
c o 894.54 84 83 66 386 184100 5 5050942 91808 2.9 45 16 1 3 15% 677 202666 18494 25%
c - 897.71 84 83 66 387 184970 5 5066487 89202 2.9 45 16 1 3 15% 677 202666 18494 25%
c - 901.78 85 81 66 388 185970 5 5086159 90478 2.9 45 16 1 3 15% 677 202666 18494 25%
c } 901.82 85 82 67 388 185986 5 5086484 90770 2.9 45 16 1 3 15% 677 202666 18494 25%
c [ 901.82 85 70 67 388 185986 1 5086484 90770 2.5 74 30 1 6 15% 677 202666 18494 25%
c B 901.82 85 70 67 388 185986 1 5086484 90770 2.5 74 30 1 6 15% 677 202666 18494 25%
c - 905.60 85 70 67 389 185998 1 5105856 89135 2.5 75 30 1 6 15% 677 202666 18494 25%
c
c seconds    switched       rate           size/glue  tier1   binary          remaining
c         MB   reductions      conflicts         size   tier2    irredundant
c          level      restarts        redundant     glue   trail         variables
c
c - 908.96 79 70 67 390 186005 1 5125580 85827 2.5 75 30 1 6 15% 677 202666 18494 25%
c - 911.92 80 70 67 391 186015 1 5145329 85045 2.5 74 29 1 6 15% 677 202666 18494 25%
c - 917.41 81 71 67 392 186016 1 5165103 85156 2.7 74 28 1 6 18% 677 202666 18494 25%
c - 921.62 81 72 67 393 186026 1 5184905 85263 2.7 74 28 1 6 18% 677 202666 18494 25%
c - 926.67 83 73 67 394 186034 1 5204729 85353 2.7 77 28 1 6 18% 677 202666 18494 25%
c u 929.71 84 73 67 394 186038 1 5213667 91649 2.8 79 28 1 6 19% 677 202666 18494 25%
c v 929.83 84 73 67 394 186038 1 5213667 88941 2.8 79 28 1 6 19% 677 202666 18494 25%
c w 933.53 86 73 67 394 186038 1 5213667 88588 2.8 79 28 1 6 19% 677 202666 18494 25%
c - 936.39 79 73 67 395 186045 1 5224578 81218 2.8 80 29 1 6 19% 677 202666 18494 25%
c - 942.53 80 73 67 396 186047 1 5244453 81822 2.9 82 29 1 6 20% 677 202666 18494 25%
c - 948.93 81 73 67 397 186048 1 5264353 81651 2.9 85 29 1 6 20% 677 202666 18494 25%
c ] 953.14 81 73 68 397 186048 1 5277269 94521 2.9 86 29 1 6 21% 677 202666 18494 25%
c { 953.14 81 82 68 397 186048 5 5277269 94521 2.9 45 16 1 3 15% 677 202666 18494 25%
c - 954.52 86 82 68 398 186782 6 5284277 82267 2.8 45 16 1 3 15% 677 202666 18494 25%
c - 958.09 84 82 68 399 188468 6 5304227 85270 2.8 44 16 1 3 14% 677 202666 18494 25%
c - 962.09 85 84 68 400 189806 6 5324201 87977 2.8 44 16 1 3 15% 677 202666 18494 25%
c - 965.38 86 85 68 401 191167 6 5344201 89884 2.7 45 16 1 3 15% 677 202666 18494 25%
c - 968.60 86 85 68 402 192558 6 5364226 90960 2.7 45 16 1 3 14% 677 202666 18494 25%
c o 969.90 83 85 68 402 193007 7 5370945 97467 2.7 45 16 1 3 14% 677 202666 18494 25%
c - 972.42 85 85 68 403 193505 6 5384276 91630 2.8 46 16 1 3 15% 677 202666 18494 25%
c
c seconds    switched       rate           size/glue  tier1   binary          remaining
c         MB   reductions      conflicts         size   tier2    irredundant
c          level      restarts        redundant     glue   trail         variables
c
c - 976.06 86 84 68 404 194918 6 5404351 92252 2.8 46 17 1 3 14% 677 202666 18494 25%
c - 979.93 86 84 68 405 196014 6 5424450 93046 2.8 47 17 1 3 15% 677 202666 18494 25%
c u 984.21 87 84 68 405 197389 6 5444245 109723 2.8 47 17 1 3 15% 677 202665 18494 25%
c v 984.40 87 84 68 405 197389 6 5444245 104225 2.8 47 17 1 3 15% 677 202665 18494 25%
c w 987.81 88 84 68 405 197389 6 5444245 103404 2.8 47 17 1 3 15% 677 202665 18494 25%
c - 988.00 77 84 68 406 197389 6 5444576 86993 2.8 47 17 1 3 15% 677 202665 18494 25%
c - 991.69 85 85 68 407 198601 6 5464725 88848 2.8 48 17 1 3 15% 677 202665 18494 25%
c - 995.31 86 85 68 408 199607 6 5484899 90660 2.8 48 17 1 3 15% 677 202665 18494 25%
c - 999.02 86 85 68 409 200627 6 5505098 92095 2.9 48 17 1 3 15% 677 202665 18494 25%
c } 1001.52 84 86 69 409 201232 6 5519328 105926 2.9 49 17 1 3 15% 677 202665 18494 25%
c [ 1001.52 84 73 69 409 201232 1 5519328 105926 2.9 86 29 1 6 21% 677 202665 18494 25%
c W 1001.64 68 73 69 409 201232 1 5519328 105926 2.9 86 29 1 6 21% 677 202665 18494 25%
c - 1003.28 68 73 69 410 201236 1 5525324 92677 3.0 86 29 1 6 21% 677 202665 18494 25%
c - 1007.23 68 73 69 411 201246 1 5545573 91428 2.9 84 29 1 6 20% 677 202665 18494 25%
c - 1012.09 68 73 69 412 201255 1 5565847 88916 3.0 84 28 1 6 20% 677 202665 18494 25%
c - 1015.30 85 72 69 413 201262 1 5586146 87363 2.9 82 29 1 6 19% 677 202665 18494 25%
c - 1018.49 85 71 69 414 201266 1 5606469 85499 2.8 80 29 1 6 18% 677 202665 18494 25%
c - 1021.86 85 70 69 415 201277 1 5626815 85687 2.7 78 29 1 6 17% 677 202665 18494 25%
c - 1025.63 87 71 69 416 201284 1 5647186 86167 2.7 79 29 1 6 17% 677 202665 18494 25%
c - 1030.15 80 71 69 417 201292 1 5667583 86626 2.7 78 29 1 6 18% 677 202665 18494 25%
c
c  seconds    switched       rate           size/glue  tier1   binary          remaining
c          MB   reductions      conflicts         size   tier2    irredundant
c           level      restarts        redundant     glue   trail         variables
c
c u 1033.28 83 71 69 417 201293 1 5680290 97401 2.7 78 29 1 6 18% 677 202665 18494 25%
c v 1033.37 83 71 69 417 201293 1 5680290 95230 2.7 78 29 1 6 18% 677 202665 18494 25%
c w 1036.45 88 71 69 417 201293 1 5680290 94538 2.7 78 29 1 6 18% 677 202665 18494 25%
c - 1038.14 76 71 69 418 201294 1 5688003 83464 2.7 78 29 1 6 17% 677 202665 18494 25%
c - 1041.76 78 71 69 419 201294 1 5708449 83415 2.6 77 30 1 6 17% 677 202665 18494 25%
c o 1043.31 78 70 69 419 201297 1 5719404 94232 2.6 76 30 1 6 16% 677 202665 18494 25%
c - 1044.73 81 70 69 420 201301 1 5728919 83563 2.6 77 29 1 6 16% 677 202665 18494 25%
c I 1048.14 83 71 69 420 201309 1 5744896 99408 2.6 76 29 1 6 16% 677 202665 18494 25%
c - 1049.10 83 71 69 421 201309 1 5749412 84646 2.7 76 29 1 6 17% 677 202665 18494 25%
c ] 1050.22 84 71 70 421 201314 1 5756211 91394 2.6 75 28 1 6 17% 677 202665 18494 25%
c { 1050.22 84 86 70 421 201314 6 5756211 91394 2.9 49 17 1 3 15% 677 202665 18494 25%
c - 1052.14 86 85 70 422 201434 5 5769930 86413 2.9 48 17 1 3 16% 677 202665 18494 25%
c - 1055.35 84 85 70 423 201633 5 5790475 88941 3.0 49 16 1 3 17% 680 202665 18494 25%
c - 1057.89 85 83 70 424 201805 4 5811043 90084 3.2 50 16 1 3 18% 682 202665 18494 25%
c - 1060.72 86 82 70 425 202082 4 5831636 91236 3.1 48 15 1 3 17% 684 202665 18494 25%
c - 1063.45 86 82 70 426 202479 4 5852251 92609 3.1 47 15 1 3 17% 684 202665 18494 25%
c - 1065.80 84 80 70 427 202901 4 5872890 92696 3.1 45 15 1 3 17% 684 202665 18494 25%
c - 1068.53 85 80 70 428 203359 4 5893555 92972 3.0 44 15 1 3 16% 686 202665 18494 25%
c - 1071.31 86 80 70 429 204128 4 5914246 93934 3.0 43 15 1 3 16% 687 202665 18494 25%
c u 1072.75 86 80 70 429 204387 4 5921827 99801 2.9 43 14 1 3 16% 690 202665 18494 25%
c
c  seconds    switched       rate           size/glue  tier1   binary          remaining
c          MB   reductions      conflicts         size   tier2    irredundant
c           level      restarts        redundant     glue   trail         variables
c
c v 1072.91 86 80 70 429 204387 4 5921827 95646 2.9 43 14 1 3 16% 692 202665 18494 25%
c w 1074.24 86 80 70 429 204387 4 5921827 93792 2.9 43 14 1 3 16% 692 202665 18494 25%
c x 1074.73 80 80 70 429 204387 4 5921827 93790 2.9 43 14 1 3 16% 695 202625 18494 25%
c - 1076.66 84 80 70 430 204902 4 5934959 89194 2.9 42 14 1 3 15% 697 202625 18494 25%
c - 1079.75 85 80 70 431 205659 4 5955697 91127 2.9 41 14 1 3 15% 699 202625 18494 25%
c - 1082.44 86 79 70 432 206123 4 5976457 92381 2.9 41 14 1 3 15% 706 202625 18494 25%
c - 1085.36 86 79 70 433 206907 4 5997243 93275 2.9 40 14 1 3 15% 708 202625 18494 25%
c } 1087.48 83 78 71 433 207559 4 6011539 107109 2.9 40 14 1 3 15% 710 202625 18494 25%
c [ 1087.48 83 71 71 433 207559 1 6011539 107109 2.6 75 28 1 6 17% 710 202625 18494 25%
c B 1087.48 83 71 71 433 207559 1 6011539 107109 2.6 75 28 1 6 17% 710 202625 18494 25%
c - 1089.04 84 71 71 434 207564 1 6018051 93329 2.7 75 28 1 6 17% 710 202625 18494 25%
c - 1094.58 84 72 71 435 207573 1 6038883 91485 2.7 77 28 1 6 18% 710 202625 18494 25%
c - 1099.51 85 72 71 436 207583 1 6059740 88536 2.7 77 28 1 6 18% 710 202625 18494 25%
c o 1099.70 85 72 71 436 207584 1 6060963 89750 2.7 77 28 1 6 18% 710 202625 18494 25%
c s 1100.87 85 72 71 436 207587 1 6067458 96147 2.7 76 28 1 6 18% 710 202624 18494 25%
c e 1100.90 76 72 71 436 207587 1 6067458 96147 2.7 76 28 1 6 18% 710 202684 18482 25%
c s 1100.91 76 72 71 436 207587 1 6067458 96147 2.7 76 28 1 6 18% 710 202610 18482 25%
c e 1100.93 76 72 71 436 207587 1 6067458 96147 2.7 76 28 1 6 18% 710 202646 18479 25%
c - 1103.15 81 72 71 437 207589 1 6080622 87637 2.7 75 28 1 6 17% 710 202646 18479 25%
c - 1107.70 82 72 71 438 207595 1 6101526 87405 2.7 76 28 1 6 17% 710 202646 18479 25%
c
c  seconds    switched       rate           size/glue  tier1   binary          remaining
c          MB   reductions      conflicts         size   tier2    irredundant
c           level      restarts        redundant     glue   trail         variables
c
c - 1111.51 84 72 71 439 207604 1 6122457 87300 2.7 75 28 1 6 17% 710 202646 18479 25%
c - 1115.04 85 71 71 440 207614 1 6143410 87124 2.7 76 28 1 6 17% 710 202646 18479 25%
c - 1118.36 85 71 71 441 207620 1 6164387 86835 2.7 75 28 1 6 16% 710 202646 18479 25%
c u 1119.60 86 71 71 441 207620 1 6168881 89867 2.7 75 27 1 6 16% 710 202646 18479 25%
c v 1119.71 86 71 71 441 207620 1 6168881 88174 2.7 75 27 1 6 16% 712 202646 18479 25%
c w 1120.74 87 71 71 441 207620 1 6168881 86271 2.7 75 27 1 6 16% 712 202646 18479 25%
c - 1124.32 80 71 71 442 207621 1 6185390 83549 2.7 74 28 1 6 16% 712 202646 18479 25%
c ] 1124.41 80 71 72 442 207621 1 6185971 84124 2.7 74 28 1 6 16% 712 202646 18479 25%
c { 1124.41 80 78 72 442 207621 4 6185971 84124 2.9 40 14 1 3 15% 712 202646 18479 25%
c - 1128.13 85 78 72 443 210250 6 6206415 86840 2.7 39 14 1 3 14% 712 202646 18479 25%
c - 1131.85 86 79 72 444 212762 7 6227463 90073 2.6 39 15 1 3 13% 712 202646 18479 25%
c - 1135.48 86 80 72 445 214923 7 6248534 92142 2.6 40 15 1 3 13% 712 202646 18479 25%
c - 1139.26 87 81 72 446 216880 8 6269630 93852 2.5 40 16 1 3 13% 712 202646 18479 25%
c - 1143.08 85 81 72 447 218544 8 6290749 95211 2.6 41 16 1 3 13% 712 202646 18479 25%
c - 1146.68 86 82 72 448 220014 8 6311891 96562 2.6 42 16 1 3 13% 712 202646 18479 25%
c - 1150.82 86 81 72 449 221228 7 6333057 97518 2.7 43 16 1 3 14% 712 202646 18479 25%
c - 1155.38 87 81 72 450 222802 7 6354246 98135 2.7 44 16 1 3 15% 712 202646 18479 25%
c - 1158.83 85 81 72 451 223640 7 6375461 98961 2.8 45 16 1 3 15% 712 202646 18479 25%
c - 1162.90 86 83 72 452 225133 7 6396697 100034 2.7 45 16 1 3 15% 712 202646 18479 25%
c o 1165.70 87 83 72 452 226234 7 6410963 113821 2.7 45 16 1 3 15% 712 202646 18479 25%
c
c  seconds    switched       rate            size/glue  tier1   binary          remaining
c          MB   reductions      conflicts          size   tier2    irredundant
c           level      restarts        redundant      glue   trail         variables
c
c - 1167.18 87 83 72 453 226519 7 6417957 100673 2.8 46 16 1 3 15% 712 202646 18479 25%
c u 1168.14 82 83 72 453 226628 7 6421455 100753 2.8 46 16 1 3 15% 712 202646 18479 25%
c v 1168.30 82 83 72 453 226628 7 6421455 94816 2.8 46 16 1 3 15% 713 202646 18479 25%
c w 1169.19 83 83 72 453 226628 7 6421455 91730 2.8 46 16 1 3 15% 713 202646 18479 25%
c - 1172.88 85 83 72 454 227528 7 6439240 91815 2.8 46 16 1 3 15% 713 202646 18479 25%
c } 1176.50 85 83 73 454 228225 6 6454887 107088 2.9 48 16 1 3 16% 713 202646 18479 25%
c [ 1176.50 85 71 73 454 228225 1 6454887 107088 2.7 74 28 1 6 16% 713 202646 18479 25%
c W 1176.95 68 71 73 454 228225 1 6454887 107088 2.7 74 28 1 6 16% 713 202646 18479 25%
c - 1178.15 68 71 73 455 228229 1 6460548 94147 2.7 75 28 1 6 16% 713 202646 18479 25%
c - 1182.68 68 71 73 456 228239 1 6481878 93368 2.7 75 28 1 6 16% 713 202646 18479 25%
c - 1186.42 68 71 73 457 228249 1 6503232 91263 2.6 74 28 1 6 16% 713 202646 18479 25%
c - 1190.32 84 70 73 458 228255 1 6524609 91158 2.7 74 28 1 6 16% 713 202646 18479 25%
c - 1193.94 85 71 73 459 228262 1 6546009 91413 2.8 75 27 1 6 16% 713 202646 18479 25%
c - 1197.44 86 71 73 460 228270 1 6567433 90736 2.7 75 28 1 6 16% 713 202646 18479 25%
c - 1201.37 86 70 73 461 228282 1 6588880 90492 2.7 74 28 1 6 15% 713 202646 18479 25%
c - 1205.73 86 70 73 462 228286 1 6610351 91119 2.6 75 28 1 6 15% 713 202646 18479 25%
c - 1209.84 79 71 73 463 228287 1 6631847 91001 2.6 74 29 1 6 15% 713 202646 18479 25%
c - 1214.21 80 72 73 464 228288 1 6653365 90149 2.5 74 29 1 6 15% 713 202646 18479 25%
c - 1217.25 81 72 73 465 228301 1 6674905 90207 2.5 73 29 1 6 15% 713 202646 18479 25%
c u 1218.30 84 71 73 465 228302 1 6679598 93348 2.5 73 29 1 6 15% 713 202646 18479 25%
c
c  seconds    switched       rate           size/glue  tier1   binary          remaining
c          MB   reductions      conflicts         size   tier2    irredundant
c           level      restarts        redundant     glue   trail         variables
c
c v 1218.41 84 71 73 465 228302 1 6679598 91627 2.5 73 29 1 6 15% 714 202646 18479 25%
c w 1219.51 85 71 73 465 228302 1 6679598 89808 2.5 73 29 1 6 15% 714 202646 18479 25%
c - 1221.96 85 71 73 466 228309 1 6696468 86473 2.5 73 29 1 6 15% 714 202646 18479 25%
c O 1223.33 85 71 73 466 228315 1 6705998 95845 2.5 72 29 1 6 15% 714 202646 18479 25%
c - 1225.55 86 71 73 467 228317 1 6718056 87466 2.5 72 29 1 6 15% 714 202646 18479 25%
c s 1227.59 78 71 73 467 228318 1 6729899 99190 2.5 73 29 1 6 15% 714 202626 18479 25%
c e 1227.61 80 71 73 467 228318 1 6729899 99190 2.5 73 29 1 6 15% 714 202638 18478 25%
c s 1227.61 80 71 73 467 228318 1 6729899 99190 2.5 73 29 1 6 15% 714 202608 18478 25%
c e 1227.63 80 71 73 467 228318 1 6729899 99190 2.5 73 29 1 6 15% 714 202616 18477 25%
c - 1229.29 81 71 73 468 228322 1 6739668 88565 2.5 73 29 1 6 15% 714 202616 18477 25%
c ] 1229.50 81 71 74 468 228323 1 6741360 90238 2.5 73 29 1 6 15% 714 202616 18477 25%
c { 1229.50 81 83 74 468 228323 6 6741360 90238 2.9 48 16 1 3 16% 714 202616 18477 25%
c - 1233.20 85 83 74 469 229570 6 6761302 90793 2.9 48 17 1 3 16% 714 202616 18477 25%
c o 1235.12 86 83 74 469 230019 6 6771631 100860 2.9 48 16 1 3 16% 714 202616 18477 25%
c - 1237.45 86 83 74 470 230843 6 6782958 93311 2.9 48 17 1 3 16% 714 202616 18477 25%
c - 1241.36 85 82 74 471 232023 6 6804640 95016 2.9 48 17 1 3 16% 714 202616 18477 25%
c - 1245.74 86 83 74 472 233139 6 6826342 96230 2.9 49 17 1 3 16% 714 202616 18477 25%
c - 1249.92 86 83 74 473 234470 6 6848068 97425 2.9 49 17 1 3 16% 714 202616 18477 25%
c - 1253.95 85 83 74 474 235799 6 6869820 98570 2.9 49 17 1 3 15% 714 202616 18477 25%
c - 1258.54 86 83 74 475 237197 6 6891592 99506 2.9 49 17 1 3 15% 714 202616 18477 25%
c
c  seconds    switched       rate            size/glue  tier1   binary          remaining
c          MB   reductions      conflicts          size   tier2    irredundant
c           level      restarts        redundant      glue   trail         variables
c
c - 1262.78 87 83 74 476 238356 6 6913388 100422 2.9 50 17 1 3 15% 714 202616 18477 25%
c - 1268.13 85 83 74 477 239126 6 6935206 100944 3.0 51 17 1 3 17% 714 202616 18477 25%
c u 1269.81 85 83 74 477 239649 6 6943309 106141 3.0 51 17 1 3 17% 714 202616 18477 25%
c v 1270.03 85 83 74 477 239649 6 6943309 100911 3.0 51 17 1 3 17% 714 202616 18477 25%
c w 1272.49 86 83 74 477 239649 6 6943309 97067 3.0 51 17 1 3 17% 714 202616 18477 25%
c - 1275.48 86 83 74 478 240252 6 6957048 92694 3.0 52 17 1 3 17% 714 202616 18477 25%
c - 1279.83 85 85 74 479 241203 6 6978911 95669 3.1 52 17 1 3 17% 714 202616 18477 25%
c - 1284.34 86 84 74 480 242389 6 7000797 97695 3.1 52 17 1 3 17% 714 202616 18477 25%
c - 1288.73 87 84 74 481 243551 6 7022706 99102 3.0 51 17 1 3 17% 714 202616 18477 25%
c } 1289.00 81 84 75 481 243623 6 7024185 100560 3.0 51 17 1 3 17% 714 202616 18477 25%
c [ 1289.00 81 71 75 481 243623 1 7024185 100560 2.5 73 29 1 6 15% 714 202616 18477 25%
c B 1289.00 81 71 75 481 243623 1 7024185 100560 2.5 73 29 1 6 15% 714 202616 18477 25%
c - 1292.97 83 71 75 482 243635 1 7044637 98380 2.5 74 29 1 6 15% 714 202616 18477 25%
c - 1297.48 84 70 75 483 243644 1 7066591 95090 2.6 75 29 1 6 15% 714 202616 18477 25%
c - 1301.87 85 70 75 484 243652 1 7088570 93709 2.6 76 29 1 6 15% 714 202616 18477 25%
c - 1306.81 86 69 75 485 243656 1 7110570 93452 2.6 77 29 1 6 15% 714 202616 18477 25%
c - 1310.97 86 70 75 486 243668 1 7132592 93812 2.6 76 29 1 6 15% 714 202616 18477 25%
c o 1312.93 86 70 75 486 243673 1 7144531 105648 2.6 76 29 1 6 15% 714 202616 18477 25%
c - 1314.44 87 70 75 487 243678 1 7154638 93723 2.6 76 29 1 6 15% 714 202616 18477 25%
c - 1319.28 80 70 75 488 243684 1 7176706 93858 2.7 78 29 1 6 16% 714 202616 18477 25%
c
c  seconds    switched       rate           size/glue  tier1   binary          remaining
c          MB   reductions      conflicts         size   tier2    irredundant
c           level      restarts        redundant     glue   trail         variables
c
c - 1324.87 81 70 75 489 243685 1 7198796 93992 2.8 78 27 1 6 17% 714 202616 18477 25%
c u 1329.48 68 70 75 489 243685 1 7212612 105857 3.0 79 26 1 6 19% 715 202616 18477 25%
c v 1329.59 68 70 75 489 243685 1 7212612 103643 3.0 79 26 1 6 19% 715 202616 18477 25%
c w 1334.14 85 70 75 489 243685 1 7212612 103431 3.0 79 26 1 6 19% 715 202616 18477 25%
c - 1335.73 85 70 75 490 243685 1 7220910 91559 3.0 79 27 1 6 18% 715 202616 18477 25%
c - 1340.79 86 71 75 491 243699 1 7243045 92448 3.0 79 27 1 6 19% 715 202616 18477 25%
c - 1345.84 87 71 75 492 243707 1 7265204 93081 3.0 79 26 1 6 19% 715 202616 18477 25%
c - 1349.31 80 71 75 493 243715 1 7287387 93338 3.0 78 26 1 6 18% 715 202616 18477 25%
c ] 1349.37 80 71 76 493 243715 1 7287605 93554 3.0 78 26 1 6 18% 715 202616 18477 25%
c { 1349.37 80 84 76 493 243715 6 7287605 93554 3.0 51 17 1 3 17% 715 202616 18477 25%
c - 1353.63 86 85 76 494 244810 6 7309590 95375 3.0 51 17 1 3 17% 715 202616 18477 25%
c - 1358.26 87 85 76 495 245718 5 7331817 98199 3.0 51 17 1 3 17% 715 202616 18477 25%
c - 1362.46 87 85 76 496 246720 5 7354065 99486 3.0 51 17 1 3 17% 715 202616 18477 25%
c - 1366.92 85 85 76 497 247902 5 7376337 100492 3.1 51 17 1 3 17% 715 202616 18477 25%
c - 1370.94 87 85 76 498 249101 6 7398631 101763 3.0 51 17 1 3 17% 715 202616 18477 25%
c - 1375.25 87 85 76 499 250268 6 7420947 102649 3.0 51 17 1 3 17% 715 202616 18477 25%
c s 1377.52 84 85 76 499 250954 6 7433479 114803 3.0 51 17 1 3 17% 715 202597 18477 25%
c e 1377.54 76 85 76 499 250954 6 7433479 114803 3.0 51 17 1 3 17% 715 202616 18475 25%
c s 1377.54 76 85 76 499 250954 6 7433479 114803 3.0 51 17 1 3 17% 715 202602 18475 25%
c - 1379.20 85 85 76 500 251493 6 7443286 103271 3.0 51 17 1 3 16% 715 202602 18475 25%
c
c  seconds    switched       rate            size/glue  tier1   binary          remaining
c          MB   reductions      conflicts          size   tier2    irredundant
c           level      restarts        redundant      glue   trail         variables
c
c - 1383.15 87 84 76 501 252364 5 7465646 103759 3.0 51 17 1 3 16% 715 202600 18475 25%
c u 1387.91 88 83 76 501 253381 5 7487510 122335 3.0 51 17 1 3 16% 715 202600 18475 25%
c v 1388.13 88 83 76 501 253381 5 7487510 116415 3.0 51 17 1 3 16% 715 202600 18475 25%
c w 1391.71 89 83 76 501 253381 5 7487510 115785 3.0 51 17 1 3 16% 715 202600 18475 25%
c - 1391.85 77 83 76 502 253381 5 7488030 97142 3.0 51 17 1 3 16% 715 202600 18475 25%
c - 1395.43 86 83 76 503 254622 5 7510435 99126 3.0 50 17 1 3 16% 715 202600 18475 25%
c o 1397.96 86 84 76 503 255366 6 7524541 112762 2.9 50 17 1 3 16% 715 202600 18475 25%
c - 1400.02 86 84 76 504 255623 5 7532863 100884 3.0 51 17 1 3 16% 715 202600 18475 25%
c - 1404.05 87 83 76 505 256680 5 7555313 102169 3.0 51 17 1 3 16% 715 202600 18475 25%
c - 1408.29 87 84 76 506 258070 6 7577788 103084 3.0 50 17 1 3 16% 715 202600 18475 25%
c } 1409.43 83 84 77 506 258346 6 7584655 109837 3.0 51 17 1 3 16% 715 202600 18475 25%
c [ 1409.43 83 71 77 506 258346 1 7584655 109837 3.0 78 26 1 6 18% 715 202600 18475 25%
c W 1409.62 68 71 77 506 258346 1 7584655 109837 3.0 78 26 1 6 18% 715 202600 18475 25%
c - 1412.07 68 71 77 507 258355 1 7600282 102577 2.9 77 27 1 6 18% 715 202600 18475 25%
c - 1416.40 68 71 77 508 258365 1 7622800 100354 2.9 77 26 1 6 18% 715 202600 18475 25%
c - 1421.20 85 72 77 509 258375 1 7645338 98902 2.9 76 26 1 6 18% 715 202600 18475 25%
c - 1425.78 86 71 77 510 258377 1 7667901 98171 2.8 77 27 1 6 17% 715 202600 18475 25%
c - 1429.10 86 71 77 511 258390 1 7690485 97159 2.8 76 27 1 6 17% 715 202599 18475 25%
c - 1433.15 87 71 77 512 258399 1 7713090 96620 2.7 76 28 1 6 16% 715 202599 18475 25%
c - 1437.15 82 71 77 513 258407 1 7735718 97139 2.7 75 28 1 6 16% 715 202599 18475 25%
c
c  seconds    switched       rate           size/glue  tier1   binary          remaining
c          MB   reductions      conflicts         size   tier2    irredundant
c           level      restarts        redundant     glue   trail         variables
c
c - 1441.50 83 72 77 514 258408 1 7758367 97399 2.6 76 29 1 6 16% 715 202599 18475 25%
c u 1443.89 85 72 77 514 258408 1 7768052 104765 2.6 77 29 1 6 16% 715 202599 18475 25%
c v 1443.97 85 72 77 514 258408 1 7768052 102543 2.6 77 29 1 6 16% 715 202599 18475 25%
c w 1447.12 88 72 77 514 258408 1 7768052 99472 2.6 77 29 1 6 16% 715 202599 18475 25%
c - 1449.35 79 72 77 515 258408 1 7781039 91927 2.6 77 29 1 6 16% 715 202599 18475 25%
c - 1452.94 81 71 77 516 258422 1 7803732 93067 2.6 75 29 1 6 16% 715 202599 18475 25%
c - 1457.45 82 71 77 517 258430 1 7826450 94287 2.7 75 28 1 6 16% 715 202599 18475 25%
c - 1460.87 82 71 77 518 258439 1 7849187 94926 2.7 75 28 1 6 16% 715 202599 18475 25%
c I 1463.56 83 71 77 518 258439 1 7862318 107933 2.7 75 28 1 6 16% 715 202599 18475 25%
c - 1464.71 83 71 77 519 258445 1 7871947 95096 2.7 75 28 1 6 16% 715 202599 18475 25%
c - 1468.19 86 71 77 520 258454 1 7894728 96012 2.7 74 27 1 6 16% 715 202599 18475 25%
c ] 1468.82 86 71 78 520 258456 1 7899317 100571 2.8 73 27 1 6 16% 715 202599 18475 25%
c { 1468.82 86 84 78 520 258456 6 7899317 100571 3.0 51 17 1 3 16% 715 202599 18475 25%
c o 1471.15 84 83 78 520 259084 5 7914624 115510 3.0 51 17 1 3 16% 715 202599 18475 25%
c - 1471.71 85 83 78 521 259245 5 7917531 98175 3.0 51 17 1 3 16% 715 202599 18475 25%
c - 1475.97 86 84 78 522 260440 5 7940357 100708 3.0 51 17 1 3 16% 715 202599 18475 25%
c - 1480.28 87 83 78 523 261496 5 7963205 102276 3.0 52 17 1 3 16% 715 202599 18475 25%
c - 1484.49 87 83 78 524 262554 5 7986074 103588 3.1 52 17 1 3 16% 715 202599 18475 25%
c - 1488.57 86 83 78 525 263662 5 8008965 104424 3.1 52 17 1 3 16% 715 202599 18475 25%
c - 1493.23 87 82 78 526 264633 5 8031877 105286 3.1 52 17 1 3 17% 715 202599 18475 25%
c
c  seconds    switched       rate            size/glue  tier1   binary          remaining
c          MB   reductions      conflicts          size   tier2    irredundant
c           level      restarts        redundant      glue   trail         variables
c
c u 1498.53 88 83 78 526 265785 5 8054238 124600 3.1 52 17 1 3 17% 715 202599 18475 25%
c v 1498.74 88 83 78 526 265785 5 8054238 119297 3.1 52 17 1 3 17% 715 202599 18475 25%
c w 1502.33 89 83 78 526 265785 5 8054238 118778 3.1 52 17 1 3 17% 715 202599 18475 25%
c = 1506.83 89 83 78 526 265785 5 8054238 118778 3.1 52 17 1 3 17% 733 202599 18466 25%
c d 1506.85 89 83 78 526 265785 5 8054238 118778 3.1 52 17 1 3 17% 715 202599 18466 25%
c t 1506.87 89 83 78 526 265785 5 8054238 118778 3.1 52 17 1 3 17% 685 202599 18466 25%
c u 1507.32 80 83 78 526 265785 5 8054238 118313 3.1 52 17 1 3 17% 686 202599 18466 25%
c v 1507.42 81 83 78 526 265785 5 8054238 117121 3.1 52 17 1 3 17% 687 202599 18466 25%
c w 1509.52 85 83 78 526 265785 5 8054238 116381 3.1 52 17 1 3 17% 687 202599 18466 25%
c x 1509.97 86 83 78 526 265785 5 8054238 116380 3.1 52 17 1 3 17% 687 202550 18466 25%
c - 1510.16 86 83 78 527 265839 5 8054811 97755 3.1 52 17 1 3 17% 687 202550 18466 25%
c - 1514.63 87 83 78 528 266715 5 8077767 99996 3.1 52 17 1 3 17% 687 202550 18466 25%
c - 1518.52 85 84 78 529 267858 5 8100746 101945 3.0 51 17 1 3 17% 687 202550 18466 25%
c - 1522.31 87 84 78 530 269473 6 8123746 103132 3.0 50 17 1 3 16% 687 202550 18466 25%
c - 1526.44 87 82 78 531 270236 5 8146767 103904 3.1 51 17 1 3 16% 687 202550 18466 25%
c - 1531.04 86 82 78 532 271704 6 8169810 104641 3.0 52 17 1 3 16% 687 202550 18466 25%
c s 1532.76 86 83 78 532 272257 6 8178936 113402 3.0 51 17 1 3 16% 687 202536 18466 25%
c e 1532.82 76 83 78 532 272257 6 8178936 113402 3.0 51 17 1 3 16% 681 202572 18455 25%
c s 1532.82 76 83 78 532 272257 6 8178936 113402 3.0 51 17 1 3 16% 681 202556 18455 25%
c e 1532.84 76 83 78 532 272257 6 8178936 113402 3.0 51 17 1 3 16% 680 202571 18454 25%
c
c  seconds    switched       rate            size/glue  tier1   binary          remaining
c          MB   reductions      conflicts          size   tier2    irredundant
c           level      restarts        redundant      glue   trail         variables
c
c - 1535.46 86 83 78 533 273074 6 8192875 105853 3.0 51 17 1 3 16% 680 202571 18454 25%
c } 1538.85 86 83 79 533 274060 6 8210907 123541 3.0 52 17 1 3 16% 680 202571 18454 25%
c [ 1538.85 86 71 79 533 274060 1 8210907 123541 2.8 73 27 1 6 16% 680 202571 18454 25%
c B 1538.85 86 71 79 533 274060 1 8210907 123541 2.8 73 27 1 6 16% 680 202571 18454 25%
c - 1539.53 87 71 79 534 274063 1 8215963 106476 2.7 73 27 1 6 16% 680 202571 18454 25%
c - 1543.42 87 71 79 535 274074 1 8239072 104369 2.7 74 27 1 6 16% 680 202571 18454 25%
c - 1547.88 82 72 79 536 274086 1 8262205 100903 2.7 75 28 1 6 16% 680 202571 18454 25%
c - 1552.72 83 71 79 537 274090 1 8285356 100766 2.8 76 28 1 6 16% 680 202571 18454 25%
c - 1557.10 84 71 79 538 274100 1 8308531 100719 2.8 77 28 1 6 16% 680 202571 18454 25%
c o 1560.87 85 70 79 538 274109 1 8330379 122380 2.7 76 28 1 6 16% 680 202571 18454 25%
c - 1561.08 86 70 79 539 274110 1 8331726 100450 2.7 76 28 1 6 16% 680 202571 18454 25%
c u 1564.42 88 70 79 539 274118 1 8346065 112444 2.7 75 27 1 6 16% 680 202571 18454 25%
c v 1564.55 88 70 79 539 274118 1 8346065 109686 2.7 75 27 1 6 16% 680 202571 18454 25%
c w 1568.50 90 70 79 539 274118 1 8346065 108964 2.7 75 27 1 6 16% 680 202571 18454 25%
c - 1569.85 78 70 79 540 274120 1 8354944 95895 2.8 75 27 1 6 16% 680 202571 18454 25%
c - 1573.35 80 69 79 541 274122 1 8378182 96177 2.7 76 28 1 6 15% 680 202571 18454 25%
c - 1577.09 80 69 79 542 274122 1 8401442 95729 2.7 76 28 1 6 15% 680 202571 18454 25%
c - 1581.18 84 69 79 543 274132 1 8424722 96493 2.7 76 28 1 6 15% 680 202571 18454 25%
c - 1585.35 85 70 79 544 274142 1 8448024 97352 2.7 75 28 1 6 15% 680 202571 18454 25%
c - 1589.22 85 70 79 545 274152 1 8471347 97399 2.6 74 28 1 6 15% 680 202571 18454 25%
c
c  seconds    switched       rate           size/glue  tier1   binary          remaining
c          MB   reductions      conflicts         size   tier2    irredundant
c           level      restarts        redundant     glue   trail         variables
c
c - 1593.28 86 70 79 546 274156 1 8494692 97629 2.7 74 27 1 6 15% 680 202571 18454 25%
c W 1595.77 69 70 79 546 274163 1 8506820 109649 2.7 74 27 1 6 15% 680 202571 18454 25%
c - 1597.78 69 70 79 547 274168 1 8518059 98216 2.7 73 27 1 6 15% 680 202571 18454 25%
c - 1601.97 69 70 79 548 274179 1 8541447 98621 2.6 74 28 1 6 15% 680 202571 18454 25%
c ] 1603.04 69 71 80 548 274182 1 8545463 102612 2.6 74 28 1 6 15% 680 202571 18454 25%
c { 1603.04 69 83 80 548 274182 6 8545463 102612 3.0 52 17 1 3 16% 680 202571 18454 25%
c - 1606.33 88 83 80 549 275123 6 8564857 101264 3.0 51 17 1 3 16% 680 202571 18454 25%
c - 1610.97 86 83 80 550 276328 6 8588287 104306 3.0 51 17 1 3 16% 680 202571 18454 25%
c - 1615.84 87 84 80 551 277219 5 8611739 106165 3.0 52 17 1 3 16% 680 202571 18454 25%
c - 1620.35 88 83 80 552 277737 5 8635213 106880 3.1 53 17 1 3 17% 680 202571 18454 25%
c u 1622.03 85 83 80 552 278321 5 8643588 113174 3.1 52 17 1 3 16% 680 202571 18454 25%
c v 1622.19 85 83 80 552 278321 5 8643588 108623 3.1 52 17 1 3 16% 680 202571 18454 25%
c w 1624.33 85 83 80 552 278321 5 8643588 104335 3.1 52 17 1 3 16% 680 202571 18454 25%
c - 1627.28 86 83 80 553 279279 5 8658708 99940 3.1 52 17 1 3 16% 680 202571 18454 25%
c - 1632.24 87 83 80 554 280366 5 8682224 102648 3.1 52 17 1 3 16% 680 202571 18454 25%
c - 1637.38 88 83 80 555 281769 5 8705761 104785 3.1 52 17 1 3 16% 680 202571 18454 25%
c - 1641.64 86 82 80 556 282625 5 8729319 106133 3.1 53 17 1 3 16% 680 202571 18454 25%
c o 1643.88 87 82 80 556 283189 5 8740393 116854 3.1 53 17 1 3 17% 680 202571 18454 25%
c - 1646.44 87 82 80 557 284128 5 8752899 107042 3.1 52 17 1 3 16% 680 202571 18454 25%
c - 1650.94 88 81 80 558 285080 5 8776499 107665 3.2 54 17 1 3 16% 680 202571 18454 25%
c
c  seconds    switched       rate            size/glue  tier1   binary          remaining
c          MB   reductions      conflicts          size   tier2    irredundant
c           level      restarts        redundant      glue   trail         variables
c
c - 1656.42 87 82 80 559 286313 5 8800121 108440 3.1 53 17 1 3 17% 680 202571 18454 25%
c - 1660.97 88 83 80 560 287716 6 8823765 109437 3.1 53 17 1 3 16% 680 202571 18454 25%
c - 1666.07 88 82 80 561 289074 6 8847430 109846 3.1 53 17 1 3 16% 680 202571 18454 25%
c - 1671.16 87 82 80 562 289912 5 8871115 110768 3.1 53 17 1 3 17% 680 202571 18454 25%
c } 1671.38 87 82 81 562 289929 5 8871907 111549 3.1 53 17 1 3 17% 680 202571 18454 25%
c [ 1671.38 87 71 81 562 289929 1 8871907 111549 2.6 74 28 1 6 15% 680 202571 18454 25%
c O 1671.38 87 71 81 562 289929 1 8871907 111549 2.6 74 28 1 6 15% 680 202571 18454 25%
c - 1675.65 87 70 81 563 289942 1 8894822 109171 2.6 74 28 1 6 15% 680 202571 18454 25%
c - 1680.61 88 70 81 564 289952 1 8918550 105877 2.7 74 28 1 6 16% 680 202571 18454 25%
c - 1686.60 81 70 81 565 289959 1 8942299 105054 2.7 76 28 1 6 16% 680 202571 18454 25%
c u 1688.45 84 70 81 565 289959 1 8946806 106533 2.7 76 28 1 6 16% 680 202571 18454 25%
c v 1688.56 84 70 81 565 289959 1 8946806 103089 2.7 76 28 1 6 16% 680 202571 18454 25%
c w 1690.19 85 70 81 565 289959 1 8946806 101119 2.7 76 28 1 6 16% 680 202571 18454 25%
c - 1699.10 87 70 81 566 289966 1 8966069 97944 2.7 77 28 1 6 16% 680 202571 18454 25%
c s 1699.35 87 70 81 566 289967 1 8966998 98869 2.7 77 28 1 6 16% 680 202548 18454 25%
c - 1704.39 87 70 81 567 289977 1 8989859 99086 2.8 78 28 1 6 17% 680 202548 18454 25%
c - 1708.75 88 70 81 568 289989 1 9013670 99800 2.7 77 28 1 6 16% 680 202548 18454 25%
c - 1714.01 81 70 81 569 289991 1 9037502 99988 2.7 78 28 1 6 16% 680 202548 18454 25%
c - 1722.67 86 70 81 570 289991 1 9061358 100785 3.1 87 28 1 6 19% 680 202548 18454 25%
c - 1728.50 87 71 81 571 290001 1 9085232 101103 3.1 86 27 1 6 19% 680 202548 18454 25%
c
c  seconds    switched       rate            size/glue  tier1   binary          remaining
c          MB   reductions      conflicts          size   tier2    irredundant
c           level      restarts        redundant      glue   trail         variables
c
c - 1732.54 88 70 81 572 290012 1 9109128 101372 3.0 83 28 1 6 18% 680 202548 18454 25%
c - 1737.54 89 70 81 573 290021 1 9133044 101450 3.0 82 28 1 6 18% 680 202548 18454 25%
c ] 1744.78 90 70 82 573 290026 1 9156115 124402 3.1 83 27 1 6 20% 680 202548 18454 25%
c { 1744.78 90 82 82 573 290026 5 9156115 124402 3.1 53 17 1 3 17% 680 202548 18454 25%
c - 1744.96 92 82 82 574 290037 5 9156982 102454 3.1 53 17 1 3 17% 680 202548 18454 25%
c o 1745.77 87 82 82 574 290095 5 9160561 105914 3.1 53 17 1 3 17% 680 202548 18454 25%
c - 1750.06 90 81 82 575 290620 5 9180941 105358 3.1 52 17 1 3 17% 680 202548 18454 25%
c - 1754.95 91 81 82 576 291448 5 9204921 108389 3.1 51 17 1 3 16% 680 202548 18454 25%
c - 1760.08 92 80 82 577 292267 5 9228922 110047 3.1 51 16 1 3 16% 680 202548 18454 25%
c - 1764.91 90 79 82 578 292915 4 9252942 110813 3.1 51 16 1 3 16% 680 202548 18454 25%
c u 1766.05 90 79 82 578 292952 4 9255746 111311 3.2 51 16 1 3 16% 680 202548 18454 25%
c v 1766.23 90 79 82 578 292952 4 9255746 106362 3.2 51 16 1 3 16% 680 202548 18454 25%
c w 1767.10 90 79 82 578 292952 4 9255746 103198 3.2 51 16 1 3 16% 680 202548 18454 25%
c - 1771.18 91 79 82 579 293798 4 9276983 104448 3.1 50 16 1 3 16% 680 202548 18454 25%
c - 1775.64 92 79 82 580 294746 5 9301045 108097 3.1 49 16 1 3 15% 680 202548 18454 25%
c - 1780.34 90 79 82 581 295790 5 9325128 110161 3.0 49 16 1 3 15% 680 202548 18454 25%
c - 1785.08 91 79 82 582 296879 5 9349231 111814 3.0 48 16 1 3 15% 680 202548 18454 25%
c - 1790.33 92 78 82 583 297970 5 9373357 112706 3.0 48 16 1 3 15% 680 202548 18454 25%
c - 1795.30 92 78 82 584 298927 5 9397502 113840 3.0 48 16 1 3 15% 680 202548 18454 25%
c - 1800.77 90 79 82 585 299996 5 9421668 115626 3.0 47 16 1 3 15% 680 202548 18454 25%
c
c  seconds    switched       rate            size/glue  tier1   binary          remaining
c          MB   reductions      conflicts          size   tier2    irredundant
c           level      restarts        redundant      glue   trail         variables
c
c - 1805.96 91 78 82 586 301461 5 9445855 116511 2.9 47 16 1 3 14% 680 202548 18454 25%
c - 1810.93 92 79 82 587 302657 5 9470063 116989 2.9 46 16 1 3 14% 680 202548 18454 25%
c - 1816.67 92 78 82 588 303806 5 9494291 118050 2.9 47 16 1 3 14% 680 202548 18454 25%
c } 1817.51 88 78 83 588 303956 5 9497722 121353 3.0 47 16 1 3 15% 680 202548 18454 25%
c [ 1817.51 88 70 83 588 303956 1 9497722 121353 3.1 83 27 1 6 20% 680 202548 18454 25%
c B 1817.51 88 70 83 588 303956 1 9497722 121353 3.1 83 27 1 6 20% 680 202548 18454 25%
c - 1822.19 89 70 83 589 303969 1 9518540 116787 3.1 83 27 1 6 19% 680 202548 18454 25%
c - 1829.39 90 70 83 590 303977 1 9542810 113309 3.0 82 27 1 6 20% 680 202548 18454 25%
c - 1834.69 91 70 83 591 303986 1 9567100 111588 3.0 83 28 1 6 19% 680 202548 18454 25%
c u 1835.66 91 70 83 591 303986 1 9570404 110329 3.0 83 28 1 6 19% 680 202548 18454 25%
c v 1835.78 91 70 83 591 303986 1 9570404 106389 3.0 83 28 1 6 19% 680 202548 18454 25%
c w 1836.63 92 70 83 591 303986 1 9570404 104496 3.0 83 28 1 6 19% 680 202548 18454 25%
c - 1841.53 87 71 83 592 303993 1 9591411 103139 2.9 83 28 1 6 19% 680 202548 18454 25%
c o 1841.90 87 71 83 592 303995 1 9593392 105098 2.9 83 28 1 6 19% 680 202548 18454 25%
c - 1847.26 88 71 83 593 304004 1 9615742 104354 2.9 82 28 1 6 19% 680 202548 18454 25%
c - 1852.04 89 71 83 594 304016 1 9640093 105156 2.9 81 28 1 6 18% 680 202548 18454 25%
c - 1858.36 90 71 83 595 304018 1 9664466 105806 3.0 81 27 1 6 19% 680 202548 18454 25%
c - 1867.67 90 69 83 596 304018 1 9688858 106992 3.2 83 26 1 6 22% 680 202548 18454 25%
c - 1872.91 90 70 83 597 304030 1 9713272 107674 3.1 82 26 1 6 21% 680 202548 18454 25%
c - 1877.55 91 70 83 598 304040 1 9737706 107596 3.0 81 27 1 6 20% 680 202548 18454 25%
c
c  seconds    switched       rate            size/glue  tier1   binary          remaining
c          MB   reductions      conflicts          size   tier2    irredundant
c           level      restarts        redundant      glue   trail         variables
c
c - 1881.90 91 69 83 599 304049 1 9762161 107385 2.9 79 27 1 6 19% 680 202548 18454 25%
c - 1886.12 92 69 83 600 304056 1 9786635 106332 2.8 79 28 1 6 18% 680 202548 18454 25%
c - 1889.78 85 69 83 601 304065 1 9811131 105867 2.7 77 29 1 6 17% 680 202548 18454 25%
c W 1891.90 72 69 83 601 304071 1 9821798 116459 2.7 77 28 1 6 16% 680 202548 18454 25%
c - 1894.70 72 70 83 602 304079 1 9835648 106780 2.7 77 28 1 6 17% 680 202548 18454 25%
c ] 1895.83 72 69 84 602 304079 1 9842820 113895 2.7 77 28 1 6 16% 680 202548 18454 25%
c { 1895.83 72 78 84 602 304079 5 9842820 113895 3.0 47 16 1 3 15% 680 202548 18454 25%
c - 1899.38 92 78 84 603 305895 6 9860184 108883 2.9 47 16 1 3 14% 680 202548 18454 25%
c - 1904.13 90 79 84 604 307853 6 9884740 111708 2.8 47 17 1 3 14% 680 202548 18454 25%
c u 1906.09 90 79 84 604 308187 6 9890810 116151 2.8 47 17 1 3 14% 680 202548 18454 25%
c v 1906.24 90 79 84 604 308187 6 9890810 112479 2.8 47 17 1 3 14% 680 202548 18454 25%
c w 1908.37 91 79 84 604 308187 6 9890810 108668 2.8 47 17 1 3 14% 680 202548 18454 25%
c - 1912.36 91 78 84 605 308862 6 9909317 107402 2.9 49 17 1 3 15% 680 202548 18454 25%
c - 1918.25 92 78 84 606 309988 6 9933913 110448 3.1 50 16 1 3 17% 680 202548 18454 25%
c - 1923.06 90 79 84 607 311538 6 9958530 112582 3.0 50 17 1 3 16% 680 202548 18454 25%
c - 1927.95 91 80 84 608 313265 6 9983167 113904 3.0 50 17 1 3 16% 680 202548 18454 25%
c - 1933.07 92 81 84 609 314645 6 10007824 114639 3.0 51 17 1 3 16% 680 202548 18454 25%
c - 1938.61 91 80 84 610 315742 6 10032501 115304 3.1 52 17 1 3 17% 680 202548 18454 25%
c o 1939.01 91 80 84 610 315743 6 10035907 118675 3.2 53 17 1 3 17% 680 202548 18454 25%
c - 1943.04 92 80 84 611 317265 6 10057199 115985 3.1 52 17 1 3 16% 680 202548 18454 25%
c
c  seconds    switched       rate             size/glue  tier1   binary          remaining
c          MB   reductions      conflicts           size   tier2    irredundant
c           level      restarts         redundant      glue   trail         variables
c
c - 1948.27 91 81 84 612 319016 6 10081918 116693 3.0 51 17 1 3 16% 680 202548 18454 25%
c - 1953.25 92 80 84 613 320067 6 10106658 117254 3.0 52 17 1 3 16% 680 202548 18454 25%
c - 1958.03 91 81 84 614 321496 6 10131417 117707 3.0 52 17 1 3 16% 680 202548 18454 25%
c - 1963.26 92 81 84 615 322449 6 10156196 118807 3.1 52 17 1 3 17% 680 202548 18454 25%
c - 1968.77 92 81 84 616 323740 6 10180995 119777 3.1 52 17 1 3 17% 680 202548 18454 25%
c } 1972.37 90 81 85 616 324852 6 10199898 138144 3.0 52 17 1 3 17% 680 202548 18454 25%
c [ 1972.37 90 69 85 616 324852 1 10199898 138144 2.7 77 28 1 6 16% 680 202548 18454 25%
c I 1972.37 90 69 85 616 324852 1 10199898 138144 2.7 77 28 1 6 16% 680 202548 18454 25%
c - 1973.90 90 69 85 617 324856 1 10205814 120023 2.8 77 28 1 6 17% 680 202548 18454 25%
c u 1978.13 91 70 85 617 324862 1 10216988 127643 2.8 78 28 1 6 17% 680 202548 18454 25%
c v 1978.36 91 70 85 617 324862 1 10216988 121654 2.8 78 28 1 6 17% 680 202548 18454 25%
c w 1983.91 94 70 85 617 324862 1 10216988 120899 2.8 78 28 1 6 17% 680 202548 18454 25%
c - 1988.58 84 70 85 618 324866 1 10230653 110338 2.8 78 28 1 6 18% 680 202548 18454 25%
c - 1994.93 85 71 85 619 324880 1 10255513 108604 2.8 80 29 1 6 18% 680 202548 18454 25%
c - 2003.88 87 72 85 620 324882 1 10280392 108513 2.8 82 30 1 6 18% 680 202548 18454 25%
c - 2011.40 87 72 85 621 324896 1 10305292 108710 2.8 82 29 1 6 18% 680 202548 18454 25%
c - 2019.30 88 73 85 622 324907 1 10330211 109286 2.8 82 29 1 6 19% 680 202548 18454 25%
c - 2027.88 89 74 85 623 324913 1 10355151 109674 2.9 87 30 1 6 20% 680 202548 18454 25%
c - 2037.51 89 74 85 624 324914 1 10380110 109283 3.0 92 30 1 6 21% 680 202548 18454 25%
c - 2045.61 90 73 85 625 324920 1 10405090 109314 3.0 91 30 1 6 21% 680 202548 18454 25%
c
c  seconds    switched       rate             size/glue  tier1   binary          remaining
c          MB   reductions      conflicts           size   tier2    irredundant
c           level      restarts         redundant      glue   trail         variables
c
c - 2055.06 90 73 85 626 324930 1 10430091 109912 3.0 92 31 1 6 21% 680 202548 18454 25%
c ] 2058.44 90 73 86 626 324940 1 10446850 126561 3.0 90 31 1 6 20% 680 202548 18454 25%
c { 2058.44 90 81 86 626 324940 6 10446850 126561 3.0 52 17 1 3 17% 680 202548 18454 25%
c - 2059.93 89 81 86 627 325066 5 10455110 111228 3.0 51 17 1 3 17% 681 202548 18454 25%
c - 2064.44 91 80 86 628 325350 5 10480151 113994 3.0 50 17 1 3 17% 684 202548 18454 25%
c o 2065.69 91 80 86 628 325422 5 10486067 119800 3.0 50 16 1 3 17% 685 202548 18454 25%
c - 2068.76 92 80 86 629 325724 4 10505210 115954 3.0 49 16 1 3 16% 685 202548 18454 25%
c - 2073.43 93 80 86 630 326176 4 10530289 118126 3.1 48 16 1 3 17% 691 202548 18454 25%
c u 2077.24 72 80 86 630 326571 4 10548938 134687 3.1 48 15 1 3 18% 692 202548 18454 25%
c v 2077.46 72 80 86 630 326571 4 10548938 130454 3.1 48 15 1 3 18% 695 202548 18454 25%
c w 2083.02 91 80 86 630 326571 4 10548938 123611 3.1 48 15 1 3 18% 695 202548 18454 25%
c - 2090.79 92 80 86 631 326693 4 10555390 110421 3.1 47 15 1 3 17% 695 202548 18454 25%
c - 2094.05 89 79 86 632 327328 4 10580510 113016 3.0 46 15 1 3 17% 697 202548 18454 25%
c - 2096.79 91 77 86 633 327799 4 10605650 115157 3.0 44 15 1 3 16% 698 202548 18454 25%
c - 2099.84 92 75 86 634 328400 4 10630810 115661 3.0 42 14 1 3 15% 699 202548 18454 25%
c - 2102.91 90 74 86 635 329275 4 10655990 116375 2.9 41 14 1 3 14% 699 202548 18454 25%
c s 2105.76 91 74 86 635 330020 4 10673830 133483 2.9 40 14 1 3 14% 700 202547 18454 25%
c - 2107.22 91 74 86 636 330485 4 10681189 118278 2.8 40 14 1 3 14% 700 202547 18454 25%
c - 2110.62 92 74 86 637 331484 5 10706408 119441 2.8 39 14 1 3 14% 703 202547 18454 25%
c - 2114.27 92 74 86 638 332731 5 10731646 119897 2.8 39 14 1 3 13% 705 202547 18454 25%
c
c  seconds    switched       rate             size/glue  tier1   binary          remaining
c          MB   reductions      conflicts           size   tier2    irredundant
c           level      restarts         redundant      glue   trail         variables
c
c - 2117.52 90 73 86 639 333809 5 10756904 120096 2.8 38 14 1 3 13% 705 202547 18454 25%
c - 2121.46 91 73 86 640 335384 5 10782183 120032 2.7 37 14 1 3 13% 705 202547 18454 25%
c - 2125.22 92 73 86 641 336752 5 10807481 120213 2.7 37 14 1 3 13% 705 202547 18454 25%
c } 2127.10 92 73 87 641 337534 6 10819705 132064 2.6 37 14 1 3 12% 706 202547 18454 25%
c [ 2127.10 92 73 87 641 337534 1 10819705 132064 3.0 90 31 1 6 20% 706 202547 18454 25%
c B 2127.10 92 73 87 641 337534 1 10819705 132064 3.0 90 31 1 6 20% 706 202547 18454 25%
c - 2129.99 92 73 87 642 337541 1 10832798 119921 2.9 88 30 1 6 20% 706 202547 18454 25%
c - 2134.02 85 71 87 643 337553 1 10858135 117589 2.9 83 29 1 6 19% 706 202547 18454 25%
c - 2138.39 86 71 87 644 337563 1 10883493 114325 2.8 82 29 1 6 18% 706 202547 18454 25%
c u 2139.77 89 71 87 644 337564 1 10886686 115406 2.9 81 29 1 6 18% 708 202547 18454 25%
c v 2139.90 89 71 87 644 337564 1 10886686 112022 2.9 81 29 1 6 18% 710 202547 18454 25%
c w 2141.22 89 71 87 644 337564 1 10886686 109929 2.9 81 29 1 6 18% 710 202547 18454 25%
c - 2145.96 90 71 87 645 337570 1 10908870 107987 2.9 81 28 1 6 18% 710 202547 18454 25%
c - 2153.05 91 71 87 646 337579 1 10934266 108960 3.0 83 28 1 6 19% 710 202547 18454 25%
c o 2156.08 91 71 87 646 337588 1 10948460 123056 3.0 82 27 1 6 19% 710 202547 18454 25%
c - 2158.07 91 70 87 647 337593 1 10959683 109359 3.0 80 27 1 6 19% 710 202547 18454 25%
c - 2162.95 92 70 87 648 337596 1 10985119 109671 3.0 79 27 1 6 18% 710 202547 18454 25%
c - 2172.53 84 69 87 649 337596 1 11010575 109849 3.2 86 26 1 6 21% 710 202547 18454 25%
c - 2178.85 86 69 87 650 337609 1 11036052 110167 3.2 84 26 1 6 21% 710 202547 18454 25%
c ] 2183.60 87 70 88 650 337618 1 11060662 134504 3.1 82 26 1 6 20% 710 202547 18454 25%
c
c  seconds    switched       rate             size/glue  tier1   binary          remaining
c          MB   reductions      conflicts           size   tier2    irredundant
c           level      restarts         redundant      glue   trail         variables
c
c { 2183.60 87 73 88 650 337618 6 11060662 134504 2.6 37 14 1 3 12% 710 202547 18454 25%
c - 2183.82 90 73 88 651 337733 6 11061547 110499 2.6 37 14 1 3 12% 710 202547 18454 25%
c - 2188.75 92 75 88 652 341506 7 11087062 112762 2.5 37 15 1 3 12% 710 202547 18454 25%
c - 2193.63 90 76 88 653 344571 8 11112596 115358 2.5 38 16 1 3 12% 710 202547 18454 25%
c - 2199.37 91 77 88 654 347027 8 11138149 117356 2.5 40 16 1 3 12% 710 202547 18454 25%
c - 2204.99 92 78 88 655 349445 8 11163722 118807 2.6 42 16 1 3 13% 710 202547 18454 25%
c - 2210.07 93 78 88 656 351413 8 11189314 120189 2.6 43 17 1 3 13% 710 202547 18454 25%
c - 2215.19 91 79 88 657 352653 8 11214927 121722 2.7 45 17 1 3 14% 710 202547 18454 25%
c u 2218.89 91 79 88 657 353805 7 11230233 133934 2.7 45 17 1 3 14% 710 202547 18454 25%
c v 2219.06 91 79 88 657 353805 7 11230233 128457 2.7 45 17 1 3 14% 710 202547 18454 25%
c w 2222.33 92 79 88 657 353805 7 11230233 127315 2.7 45 17 1 3 14% 710 202547 18454 25%
c x 2222.80 92 79 88 657 353805 7 11230233 127313 2.7 45 17 1 3 14% 712 202496 18454 25%
c - 2225.14 93 79 88 658 354624 8 11240559 115637 2.7 46 17 1 3 14% 712 202496 18454 25%
c - 2230.13 91 80 88 659 356577 7 11266212 117228 2.7 46 17 1 3 14% 712 202496 18454 25%
c - 2235.44 92 80 88 660 357753 7 11291882 118332 2.8 48 17 1 3 15% 712 202496 18454 25%
c - 2240.81 92 80 88 661 358951 6 11317572 119283 2.9 50 17 1 3 16% 712 202496 18454 25%
c - 2246.68 91 80 88 662 359837 6 11343282 120405 3.0 51 17 1 3 17% 712 202496 18454 25%
c - 2252.55 92 81 88 663 361569 6 11369011 121659 3.0 51 17 1 3 17% 712 202496 18454 25%
c - 2258.05 93 81 88 664 362940 6 11394760 122581 3.0 52 17 1 3 17% 712 202496 18454 25%
c o 2263.16 91 80 88 664 364120 6 11418460 145882 3.1 52 17 1 3 17% 712 202496 18454 25%
c
c  seconds    switched       rate             size/glue  tier1   binary          remaining
c          MB   reductions      conflicts           size   tier2    irredundant
c           level      restarts         redundant      glue   trail         variables
c
c - 2263.58 91 80 88 665 364152 6 11420528 123508 3.1 52 17 1 3 17% 712 202496 18454 25%
c - 2269.94 92 81 88 666 365062 5 11446315 124212 3.1 53 17 1 3 18% 712 202496 18454 25%
c } 2270.52 92 81 89 666 365179 5 11449599 127455 3.2 53 17 1 3 17% 712 202496 18454 25%
c [ 2270.52 92 70 89 666 365179 1 11449599 127455 3.1 82 26 1 6 20% 712 202496 18454 25%
c W 2271.47 72 70 89 666 365179 1 11449599 127455 3.1 82 26 1 6 20% 712 202496 18454 25%
c - 2276.35 89 70 89 667 365192 1 11472122 123026 3.1 81 26 1 6 20% 712 202496 18454 25%
c - 2281.17 90 70 89 668 365203 1 11497950 119508 3.0 80 27 1 6 18% 712 202496 18454 25%
c - 2286.79 90 70 89 669 365209 1 11523795 118197 2.9 77 26 1 6 18% 712 202496 18454 25%
c - 2292.94 91 70 89 670 365221 1 11549661 118506 2.9 77 26 1 6 19% 712 202496 18454 25%
c - 2297.98 92 70 89 671 365231 1 11575546 118254 2.8 76 27 1 6 18% 712 202496 18454 25%
c u 2299.37 92 70 89 671 365234 1 11579623 119216 2.8 76 27 1 6 18% 712 202496 18454 25%
c v 2299.50 80 70 89 671 365234 1 11579623 115742 2.8 76 27 1 6 18% 713 202496 18454 25%
c w 2300.62 85 70 89 671 365234 1 11579623 113420 2.8 76 27 1 6 18% 713 202496 18454 25%
c s 2303.29 86 69 89 671 365239 1 11593957 127547 2.8 75 27 1 6 17% 713 202485 18454 25%
c e 2303.33 87 69 89 671 365239 1 11593957 127547 2.8 75 27 1 6 17% 699 202598 18423 25%
c s 2303.34 87 69 89 671 365239 1 11593957 127547 2.8 75 27 1 6 17% 699 202510 18423 25%
c e 2303.36 87 69 89 671 365239 1 11593957 127547 2.8 75 27 1 6 17% 699 202530 18421 25%
c - 2305.07 88 69 89 672 365240 1 11601451 110906 2.8 75 27 1 6 17% 699 202530 18421 25%
c - 2309.98 89 69 89 673 365241 1 11627375 112455 2.9 76 26 1 6 17% 699 202530 18421 25%
c - 2315.03 90 69 89 674 365246 1 11653317 113241 2.9 76 26 1 6 17% 699 202530 18421 25%
c
c  seconds    switched       rate             size/glue  tier1   binary          remaining
c          MB   reductions      conflicts           size   tier2    irredundant
c           level      restarts         redundant      glue   trail         variables
c
c - 2319.57 90 69 89 675 365256 1 11679278 113543 2.8 76 27 1 6 16% 699 202530 18421 25%
c - 2324.49 91 69 89 676 365271 1 11705258 113632 2.8 77 28 1 6 16% 699 202530 18421 25%
c - 2329.36 92 69 89 677 365274 1 11731258 113686 2.8 78 28 1 6 16% 699 202530 18421 25%
c - 2334.03 92 69 89 678 365287 1 11757278 113925 2.7 77 28 1 6 16% 699 202530 18421 25%
c - 2339.22 85 69 89 679 365300 1 11783316 114507 2.7 76 28 1 6 16% 699 202530 18421 25%
c - 2343.75 86 68 89 680 365303 1 11809374 115463 2.8 76 27 1 6 16% 699 202530 18421 25%
c O 2344.75 86 68 89 680 365304 1 11812669 118751 2.8 76 27 1 6 16% 699 202530 18421 25%
c - 2350.06 87 69 89 681 365304 1 11835452 115393 2.7 76 28 1 6 16% 699 202530 18421 25%
c - 2355.66 88 69 89 682 365305 1 11861549 115127 2.8 77 28 1 6 16% 699 202530 18421 25%
c ] 2357.06 88 69 90 682 365305 1 11868309 121855 2.8 78 27 1 6 16% 699 202530 18421 25%
c { 2357.06 88 81 90 682 365305 5 11868309 121855 3.2 53 17 1 3 17% 699 202530 18421 25%
c - 2361.36 93 81 90 683 366103 5 11887664 117592 3.2 54 17 1 3 18% 699 202530 18421 25%
c o 2363.74 89 81 90 683 366638 5 11898469 128221 3.2 54 17 1 3 18% 699 202530 18421 25%
c - 2366.71 91 81 90 684 367566 5 11913798 119366 3.2 53 17 1 3 17% 699 202530 18421 25%
c u 2371.74 92 81 90 684 368471 5 11934837 138249 3.2 53 17 1 3 17% 699 202530 18421 25%
c v 2371.90 92 81 90 684 368471 5 11934837 134636 3.2 53 17 1 3 17% 699 202530 18421 25%
c w 2376.92 94 81 90 684 368471 5 11934837 133656 3.2 53 17 1 3 17% 699 202530 18421 25%
c - 2378.04 89 81 90 685 368817 5 11939952 115622 3.1 53 17 1 3 17% 699 202530 18421 25%
c - 2383.05 91 81 90 686 370338 6 11966124 118026 3.1 53 17 1 3 17% 699 202530 18421 25%
c - 2388.24 92 81 90 687 371576 5 11992315 119960 3.1 52 17 1 3 17% 699 202530 18421 25%
c
c  seconds    switched       rate             size/glue  tier1   binary          remaining
c          MB   reductions      conflicts           size   tier2    irredundant
c           level      restarts         redundant      glue   trail         variables
c
c - 2394.41 91 81 90 688 373306 6 12018526 120784 3.1 52 17 1 3 17% 699 202530 18421 25%
c - 2399.82 92 81 90 689 374773 6 12044755 121618 3.0 52 17 1 3 16% 699 202530 18421 25%
c - 2405.68 93 81 90 690 375849 6 12071004 122551 3.1 53 17 1 3 17% 699 202530 18421 25%
c - 2411.45 91 81 90 691 377281 6 12097274 123464 3.1 53 17 1 3 17% 699 202530 18421 25%
c - 2417.73 92 81 90 692 377896 5 12123560 124052 3.2 55 17 1 3 18% 699 202530 18421 25%
c - 2424.05 93 80 90 693 379466 5 12149865 124437 3.2 55 17 1 3 18% 699 202530 18421 25%
c - 2430.11 91 80 90 694 380285 5 12176189 124842 3.3 55 17 1 3 19% 699 202530 18421 25%
c - 2435.50 92 80 90 695 381991 5 12202533 125381 3.2 55 17 1 3 18% 699 202530 18421 25%
c - 2441.18 93 80 90 696 383770 6 12228896 125778 3.1 54 17 1 3 18% 699 202530 18421 25%
c - 2446.05 92 80 90 697 385195 6 12255277 126780 3.1 53 17 1 3 17% 699 202530 18421 25%
c } 2449.94 92 80 91 697 386095 6 12273629 144714 3.1 54 17 1 3 17% 699 202530 18421 25%
c [ 2449.94 92 69 91 697 386095 1 12273629 144714 2.8 78 27 1 6 16% 699 202530 18421 25%
c B 2449.94 92 69 91 697 386095 1 12273629 144714 2.8 78 27 1 6 16% 699 202530 18421 25%
c - 2452.24 92 69 91 698 386100 1 12281677 127456 2.8 78 27 1 6 17% 699 202530 18421 25%
c u 2455.50 93 70 91 698 386108 1 12295925 137950 2.8 77 27 1 6 16% 699 202530 18421 25%
c v 2455.75 93 70 91 698 386108 1 12295925 132321 2.8 77 27 1 6 16% 699 202530 18421 25%
c w 2460.73 95 70 91 698 386108 1 12295925 127472 2.8 77 27 1 6 16% 699 202530 18421 25%
c - 2462.79 84 69 91 699 386111 1 12308097 115330 2.7 76 28 1 6 16% 699 202530 18421 25%
c - 2467.37 87 69 91 700 386124 1 12334537 114710 2.7 75 28 1 6 15% 699 202530 18421 25%
c - 2471.34 88 69 91 701 386129 1 12360995 115077 2.7 74 28 1 6 15% 699 202530 18421 25%
c
c  seconds    switched       rate             size/glue  tier1   binary          remaining
c          MB   reductions      conflicts           size   tier2    irredundant
c           level      restarts         redundant      glue   trail         variables
c
c - 2476.30 89 69 91 702 386140 1 12387471 115463 2.7 76 28 1 6 15% 699 202530 18421 25%
c o 2476.77 89 69 91 702 386142 1 12390116 118080 2.7 76 28 1 6 15% 699 202530 18421 25%
c - 2481.26 90 69 91 703 386155 1 12413966 115857 2.6 76 29 1 6 15% 699 202530 18421 25%
c - 2486.54 91 70 91 704 386157 1 12440481 115709 2.6 78 29 1 6 15% 699 202530 18421 25%
c - 2491.52 92 68 91 705 386157 1 12467013 116452 2.6 75 29 1 6 14% 699 202530 18421 25%
c - 2496.63 85 69 91 706 386171 1 12493567 117325 2.7 75 28 1 6 15% 699 202530 18421 25%
c - 2501.31 86 69 91 707 386182 1 12520137 117074 2.6 74 29 1 6 14% 699 202530 18421 25%
c - 2506.69 90 70 91 708 386188 1 12546727 115993 2.6 76 30 1 6 15% 699 202530 18421 25%
c s 2509.64 91 70 91 708 386193 1 12559469 128647 2.6 76 30 1 6 15% 699 202525 18421 25%
c s 2509.66 91 70 91 708 386193 1 12559469 128647 2.6 76 30 1 6 15% 699 202523 18421 25%
c - 2512.61 92 70 91 709 386201 1 12573336 116523 2.6 76 29 1 6 15% 699 202523 18421 25%
c - 2517.86 92 70 91 710 386211 1 12599968 117094 2.7 76 28 1 6 16% 699 202523 18421 25%
c - 2522.14 86 70 91 711 386219 1 12626614 117134 2.6 76 29 1 6 15% 699 202523 18421 25%
c - 2526.35 87 69 91 712 386220 1 12653278 115975 2.6 75 29 1 6 15% 699 202523 18421 25%
c W 2526.91 72 69 91 712 386220 1 12656797 119469 2.6 75 29 1 6 15% 699 202523 18421 25%
c u 2528.53 72 69 91 712 386220 1 12662888 124167 2.6 75 29 1 6 15% 699 202523 18421 25%
c v 2528.66 72 69 91 712 386220 1 12662888 122298 2.6 75 29 1 6 15% 699 202523 18421 25%
c w 2531.24 90 69 91 712 386220 1 12662888 119823 2.6 75 29 1 6 15% 699 202523 18421 25%
c - 2539.83 91 69 91 713 386221 1 12679963 112504 2.6 75 29 1 6 15% 699 202523 18421 25%
c - 2544.02 92 69 91 714 386221 1 12706665 113285 2.6 76 30 1 6 14% 699 202523 18421 25%
c
c  seconds    switched       rate             size/glue  tier1   binary          remaining
c          MB   reductions      conflicts           size   tier2    irredundant
c           level      restarts         redundant      glue   trail         variables
c
c - 2548.66 85 68 91 715 386221 1 12733386 113581 2.6 77 29 1 6 14% 699 202523 18421 25%
c ] 2550.73 86 69 92 715 386228 1 12744722 124809 2.6 77 29 1 6 15% 699 202523 18421 25%
c { 2550.73 86 80 92 715 386228 6 12744722 124809 3.1 54 17 1 3 17% 699 202523 18421 25%
c - 2553.99 91 80 92 716 386620 5 12760125 116041 3.1 54 17 1 3 17% 699 202523 18421 25%
c - 2559.76 92 81 92 717 387814 5 12786886 119228 3.1 54 17 1 3 17% 699 202523 18421 25%
c - 2565.85 91 80 92 718 388898 5 12813662 121558 3.2 54 17 1 3 17% 699 202523 18421 25%
c - 2570.91 92 80 92 719 390332 5 12840457 122762 3.1 54 17 1 3 17% 699 202523 18421 25%
c - 2576.33 93 80 92 720 391717 5 12867272 123786 3.1 54 17 1 3 17% 699 202523 18421 25%
c o 2580.57 91 80 92 720 392958 5 12890122 146038 3.1 53 17 1 3 16% 699 202523 18421 25%
c - 2581.36 91 80 92 721 393245 5 12894104 124681 3.1 53 17 1 3 16% 699 202523 18421 25%
c - 2586.83 92 81 92 722 394579 5 12920958 125292 3.1 53 17 1 3 16% 699 202523 18421 25%
c - 2593.29 93 80 92 723 395983 5 12947828 125944 3.1 53 17 1 3 16% 699 202523 18421 25%
c - 2599.89 92 80 92 724 397340 5 12974717 126865 3.0 53 17 1 3 16% 699 202523 18421 25%
c - 2605.58 93 80 92 725 398379 5 13001624 127633 3.1 53 17 1 3 16% 699 202523 18421 25%
c - 2611.59 91 80 92 726 399628 5 13028549 128075 3.1 54 17 1 3 17% 699 202523 18421 25%
c u 2613.52 92 79 92 726 399671 5 13035723 132224 3.2 54 17 1 3 17% 699 202523 18421 25%
c v 2613.71 92 79 92 726 399671 5 13035723 127077 3.2 54 17 1 3 17% 699 202523 18421 25%
c w 2616.31 93 79 92 726 399671 5 13035723 123045 3.2 54 17 1 3 17% 699 202523 18421 25%
c - 2620.80 91 80 92 727 400804 5 13055493 119082 3.2 54 17 1 3 17% 699 202523 18421 25%
c - 2626.29 92 80 92 728 402456 5 13082455 121751 3.1 53 17 1 3 16% 699 202523 18421 25%
c
c  seconds    switched       rate             size/glue  tier1   binary          remaining
c          MB   reductions      conflicts           size   tier2    irredundant
c           level      restarts         redundant      glue   trail         variables
c
c - 2632.16 92 80 92 729 403641 5 13109438 123605 3.1 54 17 1 3 17% 699 202523 18421 25%
c - 2638.07 93 80 92 730 404954 5 13136439 124941 3.2 54 17 1 3 17% 699 202523 18421 25%
c - 2644.20 91 79 92 731 406288 5 13163458 126362 3.2 55 17 1 3 18% 699 202523 18421 25%
c } 2644.85 91 79 93 731 406593 5 13166726 129560 3.2 55 17 1 3 17% 699 202523 18421 25%
c [ 2644.85 91 69 93 731 406593 1 13166726 129560 2.6 77 29 1 6 15% 699 202523 18421 25%
c I 2644.85 91 69 93 731 406593 1 13166726 129560 2.6 77 29 1 6 15% 699 202523 18421 25%
c - 2649.61 92 69 93 732 406606 1 13190498 125791 2.7 76 29 1 6 15% 699 202523 18421 25%
c - 2655.16 93 69 93 733 406619 1 13217553 122443 2.6 77 29 1 6 15% 699 202523 18421 25%
c - 2662.39 88 70 93 734 406623 1 13244627 121749 2.7 76 28 1 6 17% 699 202523 18421 25%
c - 2668.49 89 70 93 735 406637 1 13271720 122164 2.8 76 28 1 6 17% 699 202523 18421 25%
c - 2674.46 90 70 93 736 406649 1 13298830 121876 2.7 77 28 1 6 16% 699 202523 18421 25%
c - 2680.77 91 71 93 737 406654 1 13325959 121658 2.8 77 28 1 6 17% 699 202523 18421 25%
c - 2686.34 92 70 93 738 406655 1 13353106 121414 2.8 78 28 1 6 16% 699 202523 18421 25%
c - 2692.07 92 70 93 739 406665 1 13380272 120994 2.7 77 28 1 6 16% 699 202523 18421 25%
c o 2696.26 84 70 93 739 406676 1 13403367 143827 2.6 77 29 1 6 16% 699 202523 18421 25%
c - 2697.09 88 70 93 740 406677 1 13407456 121144 2.6 76 29 1 6 16% 699 202523 18421 25%
c u 2699.02 89 70 93 740 406681 1 13414457 125606 2.6 76 29 1 6 16% 699 202523 18421 25%
c v 2699.13 89 70 93 740 406681 1 13414457 123073 2.6 76 29 1 6 16% 699 202523 18421 25%
c w 2701.24 91 70 93 740 406681 1 13414457 120438 2.6 76 29 1 6 16% 699 202523 18421 25%
c - 2705.34 92 69 93 741 406686 1 13434658 115490 2.6 76 29 1 6 15% 699 202523 18421 25%
c
c  seconds    switched       rate             size/glue  tier1   binary          remaining
c          MB   reductions      conflicts           size   tier2    irredundant
c           level      restarts         redundant      glue   trail         variables
c
c - 2711.70 93 70 93 742 406696 1 13461880 116633 2.6 77 29 1 6 16% 699 202523 18421 25%
c - 2718.88 85 70 93 743 406708 1 13489119 117975 2.7 77 28 1 6 17% 699 202523 18421 25%
c - 2725.52 86 69 93 744 406717 1 13516377 118758 2.8 78 28 1 6 17% 699 202523 18421 25%
c - 2734.62 87 70 93 745 406718 1 13543653 119376 3.0 81 27 1 6 19% 699 202523 18421 25%
c ] 2739.05 88 70 94 745 406718 1 13558068 133731 2.9 81 28 1 6 18% 699 202523 18421 25%
c { 2739.05 88 79 94 745 406718 5 13558068 133731 3.2 55 17 1 3 17% 699 202523 18421 25%
c - 2742.30 93 80 94 746 407206 5 13570949 120554 3.2 55 17 1 3 18% 699 202523 18421 25%
c - 2748.57 91 80 94 747 408461 5 13598264 123641 3.2 54 17 1 3 18% 699 202523 18421 25%
c - 2754.18 93 80 94 748 410117 5 13625597 125583 3.1 54 17 1 3 17% 699 202523 18421 25%
c - 2759.56 91 79 94 749 411315 5 13652946 126790 3.1 53 17 1 3 17% 699 202523 18421 25%
c - 2764.83 92 79 94 750 413057 6 13680313 127929 3.1 53 17 1 3 16% 699 202523 18421 25%
c - 2770.26 93 80 94 751 414482 6 13707700 128552 3.1 53 17 1 3 16% 699 202523 18421 25%
c - 2775.60 91 80 94 752 416059 6 13735104 129470 3.1 53 17 1 3 16% 699 202523 18421 25%
c - 2781.28 93 79 94 753 417588 6 13762526 130090 3.0 53 17 1 3 16% 699 202523 18421 25%
c - 2788.04 93 79 94 754 418547 5 13789967 130836 3.1 54 17 1 3 17% 699 202523 18421 25%
c u 2790.79 90 79 94 754 418970 5 13799115 136956 3.1 54 17 1 3 17% 699 202523 18421 25%
c v 2791.03 90 79 94 754 418970 5 13799115 131319 3.1 54 17 1 3 17% 699 202523 18421 25%
c w 2795.09 91 79 94 754 418970 5 13799115 126670 3.1 54 17 1 3 17% 699 202523 18421 25%
c - 2798.99 92 78 94 755 419433 5 13817426 121620 3.2 55 17 1 3 17% 699 202523 18421 25%
c - 2804.47 93 79 94 756 420749 5 13844903 124646 3.2 55 17 1 3 17% 699 202523 18421 25%
c
c  seconds    switched       rate             size/glue  tier1   binary          remaining
c          MB   reductions      conflicts           size   tier2    irredundant
c           level      restarts         redundant      glue   trail         variables
c
c - 2810.80 91 79 94 757 422306 5 13872398 126541 3.2 54 17 1 3 17% 699 202523 18421 25%
c - 2816.21 92 79 94 758 424098 6 13899912 127747 3.1 53 17 1 3 16% 699 202523 18421 25%
c o 2820.92 93 79 94 758 425319 5 13923676 150979 3.1 53 17 1 3 16% 699 202523 18421 25%
c - 2822.06 93 79 94 759 425322 5 13927443 128892 3.1 53 17 1 3 17% 699 202523 18421 25%
c - 2828.06 91 78 94 760 426699 5 13954993 129752 3.1 54 17 1 3 17% 699 202523 18421 25%
c - 2834.31 93 79 94 761 428310 5 13982561 130610 3.1 54 17 1 3 17% 699 202523 18421 25%
c } 2837.59 93 79 95 761 429243 6 13997054 144867 3.1 54 17 1 3 17% 699 202523 18421 25%
c [ 2837.59 93 70 95 761 429243 1 13997054 144867 2.9 81 28 1 6 18% 699 202523 18421 25%
c B 2837.59 93 70 95 761 429243 1 13997054 144867 2.9 81 28 1 6 18% 699 202523 18421 25%
c - 2840.70 93 70 95 762 429250 1 14010147 130394 3.0 81 27 1 6 18% 699 202523 18421 25%
c - 2846.84 86 71 95 763 429263 1 14037752 128148 2.8 81 28 1 6 18% 699 202523 18421 25%
c - 2851.91 87 70 95 764 429273 1 14065375 125180 2.8 81 29 1 6 17% 699 202523 18421 25%
c - 2858.13 91 71 95 765 429282 1 14093016 124765 2.8 80 28 1 6 18% 699 202523 18421 25%
c - 2864.12 92 71 95 766 429295 1 14120674 124617 2.8 79 28 1 6 18% 699 202523 18421 25%
c - 2868.69 83 71 95 767 429304 1 14148352 123707 2.8 79 28 1 6 17% 699 202523 18421 25%
c - 2875.22 88 70 95 768 429305 1 14176046 123441 2.8 79 28 1 6 17% 699 202523 18421 25%
c u 2878.64 90 69 95 768 429305 1 14189698 134189 2.8 80 28 1 6 17% 699 202523 18421 25%
c v 2878.76 90 69 95 768 429305 1 14189698 131920 2.8 80 28 1 6 17% 699 202523 18421 25%
c w 2884.44 94 69 95 768 429305 1 14189698 128699 2.8 80 28 1 6 17% 699 202523 18421 25%
c - 2887.29 84 69 95 769 429312 1 14203760 117845 2.8 80 29 1 6 17% 699 202523 18421 25%
c
c  seconds    switched       rate             size/glue  tier1   binary          remaining
c          MB   reductions      conflicts           size   tier2    irredundant
c           level      restarts         redundant      glue   trail         variables
c
c - 2893.14 89 71 95 770 429323 1 14231491 119416 2.7 79 29 1 6 17% 699 202523 18421 25%
c - 2899.24 90 71 95 771 429335 1 14259239 120453 2.8 79 29 1 6 18% 699 202523 18421 25%
c - 2904.43 92 71 95 772 429343 1 14287007 120712 2.8 79 28 1 6 17% 699 202523 18421 25%
c - 2910.61 86 71 95 773 429355 1 14314791 120881 2.7 78 29 1 6 16% 699 202523 18421 25%
c - 2915.35 87 71 95 774 429366 1 14342593 121002 2.6 77 29 1 6 16% 699 202523 18421 25%
c - 2920.37 90 71 95 775 429368 1 14370415 120603 2.6 77 30 1 6 15% 699 202523 18421 25%
c - 2925.49 91 70 95 776 429369 1 14398253 120167 2.5 76 30 1 6 15% 699 202523 18421 25%
c W 2928.55 72 70 95 776 429369 1 14411098 132879 2.5 76 30 1 6 15% 699 202523 18421 25%
c - 2931.71 72 70 95 777 429369 1 14426109 120338 2.5 77 30 1 6 15% 699 202523 18421 25%
c - 2937.56 89 70 95 778 429369 1 14453983 120884 2.6 78 30 1 6 15% 699 202523 18421 25%
c o 2938.37 89 70 95 778 429370 1 14458144 124992 2.6 77 30 1 6 15% 699 202523 18421 25%
c ] 2940.70 91 70 96 778 429376 1 14469100 135845 2.6 77 29 1 6 15% 699 202523 18421 25%
c { 2940.70 91 79 96 778 429376 6 14469100 135845 3.1 54 17 1 3 17% 699 202523 18421 25%
c - 2942.99 94 79 96 779 430024 6 14481875 123526 3.1 53 17 1 3 16% 699 202523 18421 25%
c - 2948.82 91 80 96 780 431109 5 14509785 126237 3.1 53 17 1 3 16% 699 202523 18421 25%
c - 2954.29 92 79 96 781 432452 5 14537713 127599 3.1 53 17 1 3 16% 699 202523 18421 25%
c - 2960.30 93 80 96 782 433861 5 14565660 128415 3.1 53 17 1 3 16% 699 202523 18421 25%
c u 2965.59 91 79 96 782 434658 5 14586230 146694 3.1 54 17 1 3 16% 699 202523 18421 25%
c v 2965.78 91 79 96 782 434658 5 14586230 142635 3.1 54 17 1 3 16% 699 202523 18421 25%
c w 2971.61 93 79 96 782 434658 5 14586230 141716 3.1 54 17 1 3 16% 699 202523 18421 25%
c
c  seconds    switched       rate             size/glue  tier1   binary          remaining
c          MB   reductions      conflicts           size   tier2    irredundant
c           level      restarts         redundant      glue   trail         variables
c
c - 2973.85 93 79 96 783 434856 5 14593624 124132 3.2 54 17 1 3 17% 699 202523 18421 25%
c - 2979.90 91 78 96 784 435800 5 14621608 126198 3.2 54 17 1 3 17% 699 202523 18421 25%
c - 2985.33 93 78 96 785 437236 5 14649609 127761 3.2 53 17 1 3 16% 699 202523 18421 25%
c - 2991.09 92 78 96 786 438727 5 14677628 128792 3.1 53 17 1 3 16% 699 202523 18421 25%
c - 2997.51 93 79 96 787 440831 6 14705663 129768 3.1 52 17 1 3 16% 699 202523 18421 25%
c - 3004.69 93 80 96 788 442161 6 14733716 130145 3.1 53 17 1 3 17% 699 202523 18421 25%
c - 3010.69 92 80 96 789 443759 6 14761787 130870 3.1 53 17 1 3 16% 699 202523 18421 25%
c - 3016.00 93 79 96 790 445284 6 14789877 131597 3.1 53 17 1 3 16% 699 202523 18421 25%
c - 3023.68 94 79 96 791 445991 5 14817983 132261 3.2 55 17 1 3 19% 699 202523 18421 25%
c - 3029.84 92 79 96 792 447684 5 14846108 132747 3.2 54 17 1 3 18% 699 202523 18421 25%
c - 3036.19 93 79 96 793 449842 6 14874250 133410 3.1 53 17 1 3 17% 699 202523 18421 25%
c - 3042.28 92 80 96 794 451247 6 14902411 134382 3.0 53 17 1 3 17% 699 202523 18421 25%
c } 3047.96 93 81 97 794 452345 6 14925365 156886 3.1 54 17 1 3 17% 699 202523 18421 25%
c [ 3047.96 93 70 97 794 452345 1 14925365 156886 2.6 77 29 1 6 15% 699 202523 18421 25%
c O 3047.96 93 70 97 794 452345 1 14925365 156886 2.6 77 29 1 6 15% 699 202523 18421 25%
c - 3049.06 93 70 97 795 452349 1 14930592 134893 2.7 77 29 1 6 15% 699 202523 18421 25%
c - 3055.02 94 70 97 796 452360 1 14958787 133001 2.7 77 29 1 6 16% 699 202523 18421 25%
c - 3061.95 86 70 97 797 452374 1 14987000 130372 2.8 77 28 1 6 17% 699 202523 18421 25%
c u 3063.07 89 70 97 797 452374 1 14988713 128591 2.7 77 28 1 6 17% 699 202523 18421 25%
c v 3063.22 89 70 97 797 452374 1 14988713 124377 2.7 77 28 1 6 17% 699 202523 18421 25%
c
c  seconds    switched       rate             size/glue  tier1   binary          remaining
c          MB   reductions      conflicts           size   tier2    irredundant
c           level      restarts         redundant      glue   trail         variables
c
c w 3063.80 89 70 97 797 452374 1 14988713 122414 2.7 77 28 1 6 17% 699 202523 18421 25%
c o 3068.55 91 70 97 797 452381 1 15014196 147429 2.6 76 29 1 6 15% 699 202523 18421 25%
c - 3068.78 91 70 97 798 452381 1 15015233 122151 2.6 76 29 1 6 16% 699 202523 18421 25%
c - 3075.00 91 70 97 799 452393 1 15043482 123368 2.7 75 28 1 6 16% 699 202523 18421 25%
c - 3080.47 92 69 97 800 452405 1 15071749 124431 2.7 75 28 1 6 16% 699 202523 18421 25%
c - 3086.68 93 70 97 801 452407 1 15100033 123999 2.7 76 28 1 6 16% 699 202523 18421 25%
c - 3093.13 85 71 97 802 452411 1 15128334 123481 2.7 78 29 1 6 16% 699 202523 18421 25%
c - 3098.45 89 71 97 803 452423 1 15156653 123837 2.7 76 29 1 6 16% 699 202523 18421 25%
c - 3103.64 89 70 97 804 452437 1 15184992 124245 2.6 75 29 1 6 15% 699 202523 18421 25%
c - 3109.73 91 70 97 805 452444 1 15213346 124630 2.6 76 29 1 6 15% 699 202523 18421 25%
c - 3116.81 92 69 97 806 452456 1 15241719 124853 2.6 75 28 1 6 15% 699 202523 18421 25%
c - 3124.08 92 69 97 807 452468 1 15270109 125144 2.6 76 29 1 6 16% 699 202523 18421 25%
c - 3131.48 84 68 97 808 452470 1 15298517 124680 2.6 77 29 1 6 16% 699 202523 18421 25%
c - 3138.94 86 67 97 809 452471 1 15326942 124335 2.6 78 29 1 6 16% 699 202523 18421 25%
c - 3146.26 87 67 97 810 452471 1 15355384 124500 2.6 79 30 1 6 16% 699 202523 18421 25%
c B 3147.48 87 67 97 810 452471 1 15360468 129559 2.6 80 30 1 6 16% 699 202523 18421 25%
c ] 3149.17 87 67 98 810 452471 1 15367863 136909 2.7 80 30 1 6 16% 699 202523 18421 25%
c { 3149.17 87 81 98 810 452471 6 15367863 136909 3.1 54 17 1 3 17% 699 202523 18421 25%
c - 3152.99 94 80 98 811 452751 5 15383844 126904 3.2 54 17 1 3 17% 699 202523 18421 25%
c u 3158.02 72 80 98 811 453062 5 15397174 138243 3.2 54 17 1 3 18% 699 202523 18421 25%
c
c  seconds    switched       rate             size/glue  tier1   binary          remaining
c          MB   reductions      conflicts           size   tier2    irredundant
c           level      restarts         redundant      glue   trail         variables
c
c v 3158.19 72 80 98 811 453062 5 15397174 135487 3.2 54 17 1 3 18% 699 202523 18421 25%
c w 3162.68 91 80 98 811 453062 5 15397174 134664 3.2 54 17 1 3 18% 699 202523 18421 25%
c x 3163.26 91 80 98 811 453062 5 15397174 134663 3.2 54 17 1 3 18% 701 202476 18421 25%
c - 3174.24 93 79 98 812 453438 5 15412323 126231 3.2 54 17 1 3 17% 701 202476 18421 25%
c - 3180.45 91 78 98 813 454290 4 15440818 128805 3.3 54 17 1 3 17% 701 202476 18421 25%
c - 3187.48 93 78 98 814 455233 4 15469332 131053 3.2 53 16 1 3 17% 701 202476 18421 25%
c - 3193.51 93 77 98 815 456319 4 15497862 132470 3.2 52 16 1 3 17% 701 202476 18421 25%
c - 3200.26 92 76 98 816 457278 4 15526413 133441 3.2 52 16 1 3 16% 701 202476 18421 25%
c - 3206.88 93 77 98 817 458249 4 15554979 134431 3.3 52 16 1 3 17% 701 202476 18421 25%
c o 3208.46 93 76 98 817 458736 4 15564196 143186 3.2 51 16 1 3 16% 701 202476 18421 25%
c - 3212.20 93 75 98 818 459801 5 15583562 135632 3.1 50 16 1 3 16% 701 202476 18421 25%
c - 3218.35 92 75 98 819 461125 5 15612162 136653 3.1 50 16 1 3 15% 701 202476 18421 25%
c - 3223.67 93 75 98 820 462584 5 15640780 137762 3.0 49 16 1 3 15% 701 202476 18421 25%
c - 3230.52 93 75 98 821 464029 5 15669416 138757 3.0 49 16 1 3 14% 701 202476 18421 25%
c - 3237.32 92 75 98 822 465411 5 15698069 139562 3.0 49 16 1 3 15% 701 202476 18421 25%
c - 3243.84 93 75 98 823 467013 5 15726739 140261 3.0 48 16 1 3 14% 701 202476 18421 25%
c s 3245.36 93 75 98 823 467279 5 15734650 147951 3.0 49 16 1 3 15% 701 202470 18421 25%
c e 3245.40 80 75 98 823 467279 5 15734650 147951 3.0 49 16 1 3 15% 701 202528 18411 25%
c s 3245.41 80 75 98 823 467279 5 15734650 147951 3.0 49 16 1 3 15% 701 202507 18411 25%
c e 3245.42 80 75 98 823 467279 5 15734650 147951 3.0 49 16 1 3 15% 701 202516 18410 25%
c
c  seconds    switched       rate             size/glue  tier1   binary          remaining
c          MB   reductions      conflicts           size   tier2    irredundant
c           level      restarts         redundant      glue   trail         variables
c
c - 3250.68 92 75 98 824 468288 5 15755426 140955 3.0 49 16 1 3 15% 701 202516 18410 25%
c - 3257.69 93 75 98 825 469817 5 15784131 141938 3.0 48 16 1 3 14% 701 202516 18410 25%
c u 3264.14 94 75 98 825 470996 5 15811604 163036 3.0 48 16 1 3 14% 701 202516 18410 25%
c v 3264.42 94 75 98 825 470996 5 15811604 156046 3.0 48 16 1 3 14% 701 202516 18410 25%
c w 3271.31 95 75 98 825 470996 5 15811604 154797 3.0 48 16 1 3 14% 701 202516 18410 25%
c - 3271.63 88 75 98 826 471061 5 15812854 131650 3.0 48 16 1 3 14% 701 202516 18410 25%
c - 3277.73 92 75 98 827 472462 5 15841595 134202 2.9 47 16 1 3 14% 701 202516 18410 25%
c } 3277.74 92 75 99 827 472462 5 15841698 134304 2.9 47 16 1 3 14% 701 202516 18410 25%
c [ 3277.74 92 67 99 827 472462 1 15841698 134304 2.7 80 30 1 6 16% 701 202516 18410 25%
c W 3277.97 72 67 99 827 472462 1 15841698 134304 2.7 80 30 1 6 16% 701 202516 18410 25%
c - 3284.18 89 67 99 828 472476 1 15870352 133998 2.7 79 30 1 6 16% 701 202516 18410 25%
c - 3289.17 90 68 99 829 472490 1 15899127 130462 2.7 78 29 1 6 16% 701 202516 18410 25%
c - 3293.73 92 68 99 830 472495 1 15927919 128744 2.6 76 29 1 6 15% 701 202516 18410 25%
c - 3297.97 92 69 99 831 472507 1 15956729 128575 2.6 75 28 1 6 14% 701 202516 18410 25%
c - 3301.96 93 69 99 832 472522 1 15985556 129133 2.6 73 28 1 6 14% 701 202516 18410 25%
c - 3306.50 93 68 99 833 472524 1 16014400 128899 2.6 74 28 1 6 14% 701 202516 18410 25%
c - 3311.20 86 68 99 834 472527 1 16043262 128510 2.6 74 28 1 6 14% 701 202516 18410 25%
c - 3315.53 87 68 99 835 472539 1 16072141 129385 2.6 74 28 1 6 14% 701 202516 18410 25%
c - 3321.35 90 68 99 836 472554 1 16101037 130694 2.7 74 27 1 6 15% 701 202516 18410 25%
c o 3326.34 91 68 99 836 472559 1 16126223 155636 2.7 74 27 1 6 15% 701 202516 18410 25%
c
c  seconds    switched       rate             size/glue  tier1   binary          remaining
c          MB   reductions      conflicts           size   tier2    irredundant
c           level      restarts         redundant      glue   trail         variables
c
c - 3327.05 91 68 99 837 472561 1 16129951 131690 2.8 74 27 1 6 15% 701 202516 18410 25%
c - 3332.32 92 68 99 838 472573 1 16158882 131848 2.8 74 27 1 6 15% 701 202516 18410 25%
c - 3337.30 92 68 99 839 472585 1 16187830 131067 2.7 73 27 1 6 15% 701 202516 18410 25%
c - 3347.32 94 68 99 840 472587 1 16216795 132143 2.8 77 27 1 6 17% 701 202516 18410 25%
c u 3353.92 88 68 99 840 472587 1 16232037 145236 3.1 80 26 1 6 18% 701 202516 18410 25%
c v 3354.05 88 68 99 840 472587 1 16232037 142189 3.1 80 26 1 6 18% 701 202516 18410 25%
c w 3360.35 91 68 99 840 472587 1 16232037 141908 3.1 80 26 1 6 18% 701 202516 18410 25%
c - 3365.24 92 68 99 841 472588 1 16245777 128511 3.1 80 26 1 6 19% 701 202516 18410 25%
c - 3377.34 93 68 99 842 472588 1 16274778 128470 3.0 84 28 1 6 20% 701 202516 18410 25%
c I 3386.49 93 68 99 842 472588 1 16298232 151463 3.1 86 27 1 6 21% 701 202516 18410 25%
c - 3388.29 94 68 99 843 472589 1 16303796 128238 3.1 87 28 1 6 21% 701 202516 18410 25%
c - 3395.72 86 70 99 844 472603 1 16332831 129173 3.1 85 28 1 6 21% 701 202516 18410 25%
c - 3401.67 88 70 99 845 472618 1 16361883 128702 2.9 83 29 1 6 19% 701 202516 18410 25%
c ] 3401.95 88 70 100 845 472618 1 16363506 130314 2.9 83 29 1 6 19% 701 202516 18410 25%
c { 3401.95 88 75 100 845 472618 5 16363506 130314 2.9 47 16 1 3 14% 701 202516 18410 25%
c - 3407.60 94 76 100 846 475135 6 16390952 131097 2.8 47 17 1 3 14% 701 202516 18410 25%
c - 3413.67 92 78 100 847 477312 6 16420038 134274 2.8 48 17 1 3 14% 701 202516 18410 25%
c - 3420.25 94 78 100 848 478946 6 16449141 135580 2.9 49 17 1 3 15% 701 202516 18410 25%
c - 3425.97 94 78 100 849 480453 6 16478261 136702 3.0 50 17 1 3 15% 701 202516 18410 25%
c - 3432.48 93 78 100 850 482010 6 16507399 137798 3.0 51 17 1 3 15% 701 202516 18410 25%
c
c  seconds    switched        rate             size/glue  tier1   binary          remaining
c          MB    reductions      conflicts           size   tier2    irredundant
c           level       restarts         redundant      glue   trail         variables
c
c - 3438.00 94 78 100 851 482998 5 16536554 138289 3.1 53 17 1 3 16% 701 202516 18410 25%
c - 3444.76 93 78 100 852 484431 5 16565725 138757 3.1 53 17 1 3 16% 701 202516 18410 25%
c - 3451.30 94 78 100 853 486438 6 16594915 139568 3.1 53 17 1 3 16% 701 202516 18410 25%
c - 3457.57 93 77 100 854 488186 6 16624123 140106 3.0 53 17 1 3 16% 701 202516 18410 25%
c - 3462.95 94 76 100 855 489598 6 16653347 141073 3.1 52 17 1 3 15% 701 202516 18410 25%
c u 3464.90 90 77 100 855 489981 6 16658472 142800 3.1 52 17 1 3 15% 701 202516 18410 25%
c v 3465.11 90 77 100 855 489981 6 16658472 137509 3.1 52 17 1 3 15% 701 202516 18410 25%
c w 3467.00 91 77 100 855 489981 6 16658472 133265 3.1 52 17 1 3 15% 701 202516 18410 25%
c - 3472.64 93 78 100 856 491189 6 16682590 131927 3.1 53 17 1 3 16% 701 202516 18410 25%
c o 3475.87 93 78 100 856 492153 6 16696238 145266 3.1 53 17 1 3 16% 701 202516 18410 25%
c - 3479.10 94 78 100 857 492725 6 16711848 134115 3.1 54 17 1 3 16% 701 202516 18410 25%
c - 3484.61 93 78 100 858 494047 5 16741122 135586 3.1 53 17 1 3 16% 701 202516 18410 25%
c - 3490.62 94 78 100 859 495388 5 16770414 137528 3.1 53 17 1 3 16% 701 202516 18410 25%
c - 3496.39 95 78 100 860 497022 5 16799724 139068 3.1 53 17 1 3 16% 701 202516 18410 25%
c - 3502.26 93 78 100 861 498255 5 16829051 139835 3.1 53 17 1 3 16% 701 202516 18410 25%
c } 3507.38 94 78 101 861 499661 5 16855206 165502 3.1 53 17 1 3 16% 701 202516 18410 25%
c [ 3507.38 94 70 101 861 499661 1 16855206 165502 2.9 83 29 1 6 19% 701 202516 18410 25%
c B 3507.38 94 70 101 861 499661 1 16855206 165502 2.9 83 29 1 6 19% 701 202516 18410 25%
c - 3507.97 94 70 101 862 499663 1 16858393 140557 2.9 83 29 1 6 19% 701 202516 18410 25%
c - 3513.94 89 70 101 863 499675 1 16887752 139491 2.9 81 28 1 6 18% 701 202516 18410 25%
c
c  seconds    switched        rate             size/glue  tier1   binary          remaining
c          MB    reductions      conflicts           size   tier2    irredundant
c           level       restarts         redundant      glue   trail         variables
c
c s 3514.00 89 70 101 863 499675 1 16887985 139719 2.9 81 28 1 6 18% 701 202506 18410 25%
c - 3519.56 91 70 101 864 499690 1 16917128 135984 2.8 79 29 1 6 17% 701 202506 18410 25%
c - 3524.14 93 69 101 865 499698 1 16946521 135090 2.7 76 28 1 6 16% 701 202506 18410 25%
c - 3529.01 93 69 101 866 499711 1 16975931 134138 2.6 75 28 1 6 15% 701 202506 18410 25%
c - 3534.97 94 69 101 867 499722 1 17005361 134284 2.6 75 28 1 6 15% 701 202506 18410 25%
c - 3540.47 83 68 101 868 499723 1 17034805 134130 2.6 75 29 1 6 15% 701 202506 18410 25%
c - 3545.19 86 68 101 869 499730 1 17064266 133377 2.6 74 29 1 6 14% 701 202506 18410 25%
c u 3551.41 92 68 101 869 499742 1 17090932 157059 2.6 75 28 1 6 15% 701 202506 18410 25%
c v 3551.53 93 68 101 869 499742 1 17090932 154328 2.6 75 28 1 6 15% 701 202506 18410 25%
c w 3557.78 99 68 101 869 499742 1 17090932 153999 2.6 75 28 1 6 15% 701 202506 18410 25%
c - 3558.51 85 68 101 870 499744 1 17093745 129974 2.7 75 28 1 6 15% 701 202506 18410 25%
c - 3563.94 87 68 101 871 499754 1 17123241 131323 2.7 75 28 1 6 15% 701 202506 18410 25%
c - 3569.84 88 68 101 872 499765 1 17152754 131904 2.7 75 28 1 6 15% 701 202506 18410 25%
c - 3575.66 89 68 101 873 499778 1 17182283 132754 2.7 75 28 1 6 15% 701 202506 18410 25%
c - 3581.17 92 68 101 874 499785 1 17211829 133220 2.7 75 27 1 6 16% 701 202506 18410 25%
c - 3586.88 94 67 101 875 499786 1 17241392 133566 2.8 74 26 1 6 15% 701 202506 18410 25%
c - 3591.10 94 67 101 876 499787 1 17270975 132592 2.8 74 27 1 6 15% 701 202506 18410 25%
c - 3595.90 88 67 101 877 499787 1 17300572 131131 2.8 74 27 1 6 14% 701 202506 18410 25%
c o 3598.13 88 66 101 877 499788 1 17316957 147367 2.8 75 27 1 6 14% 701 202506 18410 25%
c - 3600.67 90 66 101 878 499795 1 17330187 131046 2.8 74 26 1 6 15% 701 202506 18410 25%
c
c  seconds    switched        rate             size/glue  tier1   binary          remaining
c          MB    reductions      conflicts           size   tier2    irredundant
c           level       restarts         redundant      glue   trail         variables
c
c W 3601.90 73 67 101 878 499798 1 17333541 134356 2.8 74 26 1 6 15% 701 202506 18410 25%
c - 3606.37 89 68 101 879 499809 1 17359818 131934 2.7 73 27 1 6 15% 701 202506 18410 25%
c - 3612.23 91 68 101 880 499818 1 17389465 131510 2.7 73 27 1 6 15% 701 202506 18410 25%
c - 3618.50 92 68 101 881 499831 1 17419130 131559 2.7 73 27 1 6 15% 701 202506 18410 25%
c ] 3618.95 92 68 102 881 499832 1 17422862 135220 2.7 73 26 1 6 15% 701 202506 18410 25%
c { 3618.95 92 78 102 881 499832 5 17422862 135220 3.1 53 17 1 3 16% 701 202506 18410 25%
c - 3623.10 95 77 102 882 500044 5 17448811 134112 3.1 51 16 1 3 16% 702 202506 18410 25%
c - 3625.89 92 74 102 883 500292 4 17478510 136839 3.1 49 16 1 3 15% 704 202506 18410 25%
c - 3630.71 94 74 102 884 501002 4 17508226 138658 3.1 48 15 1 3 15% 704 202506 18410 25%
c u 3634.53 94 74 102 884 501412 4 17529418 157662 3.1 46 15 1 3 15% 707 202506 18410 25%
c v 3634.70 94 74 102 884 501412 4 17529418 154440 3.1 46 15 1 3 15% 707 202506 18410 25%
c w 3639.37 89 74 102 884 501412 4 17529418 147987 3.1 46 15 1 3 15% 708 202506 18410 25%
c - 3640.77 91 75 102 885 501812 4 17537958 132113 3.0 45 15 1 3 15% 709 202506 18410 25%
c - 3645.39 93 75 102 886 502678 4 17567709 135352 3.0 44 15 1 3 15% 711 202506 18410 25%
c - 3650.31 94 75 102 887 503677 4 17597474 137430 3.0 43 14 1 3 15% 713 202506 18410 25%
c - 3654.88 94 74 102 888 504654 4 17627257 138448 2.9 42 14 1 3 15% 717 202506 18410 25%
c - 3659.24 92 73 102 889 505950 4 17657057 139572 2.9 40 14 1 3 14% 719 202506 18410 25%
c - 3663.83 93 72 102 890 507456 5 17686873 140217 2.8 39 14 1 3 14% 726 202506 18410 25%
c - 3668.21 94 71 102 891 508885 5 17716705 139971 2.8 38 14 1 3 13% 726 202506 18410 25%
c - 3672.39 94 71 102 892 510339 5 17746554 140295 2.8 38 14 1 3 13% 731 202506 18410 25%
c
c  seconds    switched        rate             size/glue  tier1   binary          remaining
c          MB    reductions      conflicts           size   tier2    irredundant
c           level       restarts         redundant      glue   trail         variables
c
c - 3676.24 92 70 102 893 511846 5 17776420 139984 2.7 37 14 1 3 13% 733 202506 18410 25%
c - 3680.03 94 69 102 894 513213 5 17806303 140685 2.7 36 13 1 3 12% 734 202506 18410 25%
c - 3684.27 95 69 102 895 515024 6 17836203 141765 2.7 36 13 1 3 12% 736 202506 18410 25%
c - 3688.61 92 68 102 896 516738 6 17866119 142389 2.7 35 13 1 3 12% 742 202506 18410 25%
c - 3693.71 93 68 102 897 518568 6 17896052 143270 2.6 35 13 1 3 12% 743 202506 18410 25%
c o 3695.42 94 68 102 897 519218 6 17906989 153934 2.6 34 13 1 3 12% 743 202506 18410 25%
c - 3698.70 94 68 102 898 520590 6 17926001 143771 2.6 34 13 1 3 11% 744 202506 18410 25%
c } 3699.57 94 68 103 898 520862 6 17932714 150264 2.6 34 13 1 3 12% 744 202506 18410 25%
c [ 3699.57 94 68 103 898 520862 1 17932714 150264 2.7 73 26 1 6 15% 744 202506 18410 25%
c O 3699.57 94 68 103 898 520862 1 17932714 150264 2.7 73 26 1 6 15% 744 202506 18410 25%
c - 3705.51 95 68 103 899 520875 1 17955969 142843 2.8 73 26 1 6 16% 744 202506 18410 25%
c u 3711.82 90 68 103 899 520883 1 17973956 158263 2.9 75 26 1 6 17% 746 202506 18410 25%
c v 3712.08 90 68 103 899 520883 1 17973956 153076 2.9 75 26 1 6 17% 750 202506 18410 25%
c w 3717.66 94 68 103 899 520883 1 17973956 152764 2.9 75 26 1 6 17% 750 202506 18410 25%
c - 3720.51 94 69 103 900 520889 1 17985952 133307 2.9 75 26 1 6 17% 750 202506 18410 25%
c - 3727.10 89 69 103 901 520893 1 18015953 131903 2.8 74 27 1 6 17% 750 202506 18410 25%
c - 3732.69 90 70 103 902 520907 1 18045969 131214 2.7 74 27 1 6 17% 750 202506 18410 25%
c - 3739.13 92 69 103 903 520922 1 18076002 131499 2.7 75 27 1 6 16% 750 202506 18410 25%
c s 3743.00 93 70 103 903 520923 1 18089807 145222 2.8 76 27 1 6 18% 750 202502 18410 25%
c e 3743.02 81 70 103 903 520923 1 18089807 145222 2.8 76 27 1 6 18% 744 202523 18409 25%
c
c  seconds    switched        rate             size/glue  tier1   binary          remaining
c          MB    reductions      conflicts           size   tier2    irredundant
c           level       restarts         redundant      glue   trail         variables
c
c s 3743.03 81 70 103 903 520923 1 18089807 145222 2.8 76 27 1 6 18% 744 202503 18409 25%
c - 3747.39 88 70 103 904 520924 1 18106051 132060 2.9 76 26 1 6 19% 744 202503 18409 25%
c - 3754.31 89 69 103 905 520929 1 18136117 131828 2.9 76 27 1 6 19% 744 202503 18409 25%
c - 3759.24 91 69 103 906 520942 1 18166200 131892 2.8 76 27 1 6 18% 744 202503 18409 25%
c - 3764.54 93 69 103 907 520954 1 18196300 131850 2.8 76 27 1 6 17% 744 202503 18409 25%
c - 3770.04 94 69 103 908 520964 1 18226416 132334 2.7 75 28 1 6 16% 744 202503 18409 25%
c - 3775.73 88 69 103 909 520977 1 18256549 132897 2.8 75 27 1 6 16% 744 202503 18409 25%
c - 3780.98 90 69 103 910 520986 1 18286698 133727 2.8 74 27 1 6 15% 744 202503 18409 25%
c ] 3785.57 90 68 104 910 520987 1 18311744 158581 2.8 75 27 1 6 15% 744 202503 18409 25%
c { 3785.57 90 68 104 910 520987 6 18311744 158581 2.6 34 13 1 3 12% 744 202503 18409 25%
c - 3786.92 94 68 104 911 521810 7 18316865 133797 2.5 34 14 1 3 11% 744 202503 18409 25%
c - 3793.14 92 70 104 912 526221 8 18347048 136929 2.4 36 15 1 3 11% 744 202503 18409 25%
c - 3800.12 93 73 104 913 530420 9 18377248 139753 2.4 38 16 1 3 11% 744 202503 18409 25%
c - 3806.64 94 74 104 914 533533 9 18407463 141962 2.4 40 17 1 3 12% 744 202503 18409 25%
c u 3811.10 94 76 104 914 534866 9 18424550 156303 2.5 42 17 1 3 12% 744 202503 18409 25%
c v 3811.36 94 76 104 914 534866 9 18424550 150517 2.5 42 17 1 3 12% 744 202503 18409 25%
c w 3817.66 95 76 104 914 534866 9 18424550 148353 2.5 42 17 1 3 12% 744 202503 18409 25%
c - 3820.51 92 76 104 915 535384 8 18437695 136175 2.6 44 17 1 3 13% 744 202503 18409 25%
c - 3826.73 93 76 104 916 536633 7 18467944 138340 2.8 47 17 1 3 14% 744 202503 18409 25%
c - 3833.19 94 77 104 917 538657 7 18498209 140574 2.8 48 17 1 3 15% 744 202503 18409 25%
c
c  seconds    switched        rate             size/glue  tier1   binary          remaining
c          MB    reductions      conflicts           size   tier2    irredundant
c           level       restarts         redundant      glue   trail         variables
c
c o 3835.15 91 78 104 917 539215 7 18507245 149418 2.9 48 17 1 3 15% 744 202503 18409 25%
c - 3839.30 93 78 104 918 540054 7 18528493 142112 3.0 50 17 1 3 15% 744 202503 18409 25%
c - 3846.02 94 78 104 919 541656 6 18558792 143081 3.0 51 17 1 3 16% 744 202503 18409 25%
c - 3852.73 95 78 104 920 543243 6 18589107 144142 3.1 52 17 1 3 16% 744 202503 18409 25%
c - 3859.39 93 78 104 921 545040 6 18619439 145407 3.0 52 17 1 3 16% 744 202503 18409 25%
c - 3866.10 95 78 104 922 547120 6 18649786 146153 3.0 52 17 1 3 16% 744 202503 18409 25%
c - 3872.61 94 78 104 923 548859 6 18680150 146510 3.0 52 17 1 3 16% 744 202503 18409 25%
c - 3878.22 95 77 104 924 550434 6 18710532 147704 3.0 51 17 1 3 15% 744 202503 18409 25%
c - 3884.65 94 77 104 925 552290 6 18740929 148789 2.9 51 17 1 3 15% 744 202503 18409 25%
c - 3890.76 95 77 104 926 553667 6 18771342 148773 3.0 52 17 1 3 15% 744 202503 18409 25%
c - 3897.32 94 77 104 927 555428 6 18801772 149360 3.0 52 17 1 3 15% 744 202503 18409 25%
c - 3903.08 95 78 104 928 557062 6 18832218 150328 3.0 52 17 1 3 15% 744 202503 18409 25%
c } 3904.65 91 78 105 928 557523 6 18840040 158030 3.0 52 17 1 3 15% 744 202503 18409 25%
c [ 3904.65 91 68 105 928 557523 1 18840040 158030 2.8 75 27 1 6 15% 744 202503 18409 25%
c B 3904.65 91 68 105 928 557523 1 18840040 158030 2.8 75 27 1 6 15% 744 202503 18409 25%
c - 3909.50 92 69 105 929 557536 1 18862681 149126 2.7 75 28 1 6 15% 744 202503 18409 25%
c u 3914.07 93 69 105 929 557544 1 18881221 163094 2.7 75 28 1 6 15% 745 202503 18409 25%
c v 3914.29 93 69 105 929 557544 1 18881221 156228 2.7 75 28 1 6 15% 745 202503 18409 25%
c w 3921.52 97 69 105 929 557544 1 18881221 154741 2.7 75 28 1 6 15% 745 202503 18409 25%
c - 3933.10 84 69 105 930 557550 1 18893160 136364 2.7 75 28 1 6 15% 745 202503 18409 25%
c
c  seconds    switched        rate             size/glue  tier1   binary          remaining
c          MB    reductions      conflicts           size   tier2    irredundant
c           level       restarts         redundant      glue   trail         variables
c
c - 3939.41 90 69 105 931 557555 1 18923655 136372 2.7 77 28 1 6 15% 745 202503 18409 25%
c - 3944.81 91 69 105 932 557568 1 18954169 136822 2.7 76 28 1 6 15% 745 202503 18409 25%
c - 3950.46 93 69 105 933 557583 1 18984697 136822 2.7 76 28 1 6 15% 745 202503 18409 25%
c - 3957.50 95 69 105 934 557585 1 19015243 136234 2.8 80 29 1 6 16% 745 202503 18409 25%
c - 3962.26 86 69 105 935 557591 1 19045804 135067 2.7 78 29 1 6 15% 745 202503 18409 25%
c - 3967.83 90 69 105 936 557605 1 19076382 135744 2.7 78 29 1 6 14% 745 202503 18409 25%
c - 3973.55 90 69 105 937 557616 1 19106977 136676 2.7 79 29 1 6 15% 745 202503 18409 25%
c o 3978.58 91 68 105 937 557626 1 19134715 164181 2.7 77 29 1 6 14% 745 202503 18409 25%
c - 3979.47 92 68 105 938 557627 1 19137588 137532 2.7 77 28 1 6 15% 745 202503 18409 25%
c - 3985.70 93 69 105 939 557641 1 19168214 138294 2.7 76 28 1 6 15% 745 202503 18409 25%
c - 3991.66 94 68 105 940 557647 1 19198857 138153 2.8 80 29 1 6 15% 745 202503 18409 25%
c - 3998.85 90 67 105 941 557648 1 19229516 136797 3.1 87 28 1 6 16% 745 202503 18409 25%
c - 4005.59 93 67 105 942 557649 1 19260191 136971 3.0 86 28 1 6 16% 745 202503 18409 25%
c - 4011.91 94 66 105 943 557649 1 19290884 136162 2.8 84 30 1 6 15% 745 202503 18409 25%
c - 4018.41 95 67 105 944 557662 1 19321592 136375 2.8 82 29 1 6 15% 745 202503 18409 25%
c u 4023.34 97 67 105 944 557671 1 19343994 156948 2.8 81 29 1 6 15% 745 202503 18409 25%
c v 4023.46 97 67 105 944 557671 1 19343994 154534 2.8 81 29 1 6 15% 745 202503 18409 25%
c w 4030.07 102 67 105 944 557671 1 19343994 153841 2.8 81 29 1 6 15% 745 202503 18409 25%
c W 4032.08 75 67 105 944 557676 1 19351749 161555 2.8 80 28 1 6 15% 745 202503 18409 25%
c - 4032.25 75 67 105 945 557676 1 19352320 134240 2.8 80 28 1 6 15% 745 202503 18409 25%
c
c  seconds    switched        rate             size/glue  tier1   binary          remaining
c          MB    reductions      conflicts           size   tier2    irredundant
c           level       restarts         redundant      glue   trail         variables
c
c - 4039.58 92 68 105 946 557680 1 19383062 134995 2.8 79 28 1 6 16% 745 202503 18409 25%
c ] 4044.00 93 68 106 946 557690 1 19397957 149766 2.9 78 27 1 6 17% 745 202503 18409 25%
c { 4044.00 93 78 106 946 557690 6 19397957 149766 3.0 52 17 1 3 15% 745 202503 18409 25%
c - 4047.21 96 78 106 947 558475 6 19413819 136957 3.0 52 17 1 3 15% 745 202503 18409 25%
c - 4053.05 94 77 106 948 559418 5 19444592 139840 3.1 53 17 1 3 15% 745 202503 18409 25%
c - 4059.94 96 78 106 949 560862 5 19475381 141886 3.1 53 17 1 3 15% 745 202503 18409 25%
c - 4067.07 97 78 106 950 562209 5 19506187 143218 3.1 54 17 1 3 16% 745 202503 18409 25%
c - 4073.31 95 78 106 951 563947 5 19537011 144149 3.1 53 17 1 3 16% 745 202503 18409 25%
c - 4079.82 96 79 106 952 565570 5 19567850 144917 3.1 53 17 1 3 16% 745 202503 18409 25%
c - 4086.21 95 79 106 953 567237 5 19598704 145563 3.1 54 17 1 3 16% 745 202503 18409 25%
c - 4092.30 97 79 106 954 568553 5 19629574 146331 3.1 54 17 1 3 16% 745 202503 18409 25%
c - 4099.14 95 79 106 955 569882 5 19660463 146816 3.2 55 17 1 3 16% 745 202503 18409 25%
c - 4105.72 96 79 106 956 571536 5 19691368 147398 3.1 55 17 1 3 16% 745 202503 18409 25%
c - 4111.45 95 78 106 957 572799 5 19722287 148228 3.2 55 17 1 3 16% 745 202503 18409 25%
c - 4117.68 96 77 106 958 574096 5 19753222 148561 3.2 55 17 1 3 16% 745 202503 18409 25%
c o 4118.03 96 77 106 958 574148 5 19754718 150040 3.2 56 17 1 3 16% 745 202503 18409 25%
c - 4124.52 97 77 106 959 575945 5 19784173 149006 3.2 55 17 1 3 16% 745 202503 18409 25%
c u 4132.89 95 78 106 959 577457 5 19812844 173424 3.2 55 17 1 3 17% 745 202503 18409 25%
c v 4133.15 95 78 106 959 577457 5 19812844 167238 3.2 55 17 1 3 17% 745 202503 18409 25%
c w 4140.18 98 78 106 959 577457 5 19812844 166425 3.2 55 17 1 3 17% 745 202503 18409 25%
c
c  seconds    switched        rate             size/glue  tier1   binary          remaining
c          MB    reductions      conflicts           size   tier2    irredundant
c           level       restarts         redundant      glue   trail         variables
c
c - 4140.85 92 78 106 960 577512 5 19815140 140926 3.2 55 17 1 3 17% 745 202503 18409 25%
c - 4146.74 96 78 106 961 579125 5 19846126 143070 3.2 55 17 1 3 17% 745 202503 18409 25%
c - 4154.01 97 78 106 962 580621 5 19877126 144542 3.2 55 17 1 3 17% 745 202503 18409 25%
c - 4159.54 95 77 106 963 581976 5 19908142 146012 3.2 55 17 1 3 17% 745 202503 18409 25%
c - 4166.02 96 78 106 964 584276 6 19939174 147186 3.1 54 17 1 3 16% 745 202503 18409 25%
c } 4167.46 96 78 107 964 584491 6 19944982 152934 3.1 54 17 1 3 16% 745 202503 18409 25%
c [ 4167.46 96 68 107 964 584491 1 19944982 152934 2.9 78 27 1 6 17% 745 202503 18409 25%
c I 4167.46 96 68 107 964 584491 1 19944982 152934 2.9 78 27 1 6 17% 745 202503 18409 25%
c - 4175.07 97 68 107 965 584505 1 19970223 146975 2.9 79 27 1 6 18% 745 202503 18409 25%
c - 4183.96 89 69 107 966 584519 1 20001288 144402 2.9 80 27 1 6 19% 745 202503 18409 25%
c - 4193.48 91 70 107 967 584525 1 20032371 142674 3.0 81 27 1 6 19% 745 202503 18409 25%
c - 4202.08 92 70 107 968 584539 1 20063467 143286 3.0 82 27 1 6 19% 745 202503 18409 25%
c caught signal 15 (SIGTERM)
c
c ---- [ profiling ] ---------------------------------------------------------
c
c        3871.49   92.02 %  search
c        1949.98   46.35 %  focused
c        1921.51   45.67 %  stable
c         335.22    7.97 %  simplify
c         325.93    7.75 %  probe
c         257.49    6.12 %  vivify
c          59.40    1.41 %  sweep
c          14.90    0.35 %  reduce
c           5.63    0.13 %  walking
c           4.78    0.11 %  substitute
c           4.02    0.10 %  eliminate
c           2.60    0.06 %  factor
c           0.96    0.02 %  congruence
c           0.55    0.01 %  subsume
c           0.49    0.01 %  transitive
c           0.35    0.01 %  preprocess
c           0.20    0.00 %  backbone
c           0.04    0.00 %  parse
c           0.02    0.00 %  lucky
c =============================================
c        4207.12  100.00 %  total
c
c ---- [ statistics ] --------------------------------------------------------
c
c chronological:                         7360                0 %  conflicts
c conflicts:                         20083668             4773.73 per second
c congruent:                            14639               20 %  variables
c decisions:                         72623704                3.62 per conflict
c eliminated:                           36741               50 %  variables
c factored:                                26                0 %  variables
c iterations:                               2                0 %  variables
c propagations:                   12794395012          3041127    per second
c reductions:                             968            20748    interval
c reordered:                               63           318788    interval
c rephased:                                75           267782    interval
c restarts:                            584550               34    interval
c strengthened:                          8014                0 %  checks
c substituted:                          14718               20 %  variables
c subsumed:                              5524                0 %  checks
c switched:                               107           187698    interval
c vivified:                           1232269               12 %  checks
c walks:                                   25           803347    interval
c
c ---- [ glue usage ] --------------------------------------------------------
c
c focused glue 1 used 114358937 clauses 85.84% accumulated 85.84% tier1
c focused glue 2 used   5361554 clauses  4.02% accumulated 89.86%
c focused glue 3 used   2400497 clauses  1.80% accumulated 91.66% tier2
c
c stable glue 1   used 160108538 clauses 81.69% accumulated 81.69% tier1
c stable glue 2   used   6832941 clauses  3.49% accumulated 85.18%
c stable glue 3-4 used   6875933 clauses  3.51% accumulated 88.68%
c stable glue 5   used   2465739 clauses  1.26% accumulated 89.94%
c stable glue 6   used   1966948 clauses  1.00% accumulated 90.95% tier2
c
c ---- [ resources ] ---------------------------------------------------------
c
c maximum-resident-set-size:        106573824 bytes        102 MB
c process-time:                      1h 10m 7s            4207.12 seconds
c raising signal 15 (SIGTERM)
