c ---- [ banner ] ------------------------------------------------------------
c
c Kissat SAT Solver
c 
c Copyright (c) 2021-2024 Armin Biere University of Freiburg
c Copyright (c) 2019-2021 Armin Biere Johannes Kepler University Linz
c 
c Version 4.0.4 8af8e56f174b778aef3aa45af9f739b2a5f492c2
c gcc (Ubuntu 13.3.0-6ubuntu2~24.04.1) 13.3.0 -W -Wall -O3 -DNDEBUG
c Sun Sep 27 15:50:37 +04 2026 Linux vm 6.18.44-fc-v37 x86_64
c
c ---- [ parsing ] -----------------------------------------------------------
c
c opened and reading DIMACS file:
c
c   cnf/d8_B2.cnf
c
c parsed 'p cnf 173892 624635' header
c closing input after reading 12492119 bytes (12 MB)
c finished parsing after 0.10 seconds
c
c ---- [ solving ] -----------------------------------------------------------
c
c seconds switched rate     size/glue tier1   binary            remaining
c        MB reductions conflicts size  tier2      irredundant
c         level restarts redundant glue  trail            variables
c
c *  0.10 49 0 0 0  0 0   0   0 0.0 0 0 0 0 0% 124338 493691 168361 97%
c (  0.13 49 0 0 0  0 0   0   0 0.0 0 0 0 0 0% 124338 493691 168361 97%
c .  0.15 49 0 0 0  0 0   0   0 0.0 0 0 0 0 0% 129470 476298 168361 97%
c c  1.19 161 0 0 0  0 0   0   0 0.0 0 0 0 0 0% 212764 311474 122241 70%
c d  1.21 161 0 0 0  0 0   0   0 0.0 0 0 0 0 0% 120220 311474 122241 70%
c =  1.27 161 0 0 0  0 0   0   0 0.0 0 0 0 0 0% 119244 311474 122225 70%
c d  1.28 161 0 0 0  0 0   0   0 0.0 0 0 0 0 0% 119212 311474 122225 70%
c )  1.30 161 0 0 0  0 0   0   0 0.0 0 0 0 0 0% 119212 311474 122225 70%
c {  1.31 161 0 0 0  0 0   0   0 0.0 0 0 2 6 0% 119212 311474 122225 70%
c -  1.45 158 101 0 1 128 12 1003 640 2.2 19 9 4 14 5% 119212 311474 122225 70%
c }  1.45 158 101 1 1 128 12 1003 640 2.2 19 9 4 14 5% 119212 311474 122225 70%
c [  1.45 158 0 1 1 128 0 1003 640 0.0 0 0 2 6 0% 119212 311474 122225 70%
c B  1.45 158 0 1 1 128 0 1003 640 0.0 0 0 2 6 0% 119212 311474 122225 70%
c -  1.55 158 148 1 2 128 1 2004 1520 2.3 37 16 8 26 9% 119212 311474 122225 70%
c W  1.62 158 148 1 2 128 1 2004 1520 2.3 37 16 8 26 9% 119212 311474 122225 70%
c ]  1.64 158 140 2 2 129 1 2191 1694 2.2 37 17 8 26 10% 119212 311474 122225 70%
c {  1.64 158 101 2 2 129 12 2191 1694 2.2 19 9 4 14 5% 119212 311474 122225 70%
c u  1.99 159 90 2 2 171 11 2682 1799 2.2 19 9 4 14 6% 119212 311474 122225 70%
c v  2.01 159 90 2 2 171 11 2682 1772 2.2 19 9 4 14 6% 119212 311474 122225 70%
c w  2.03 159 90 2 2 171 11 2682 1771 2.2 19 9 4 14 6% 119212 311474 122225 70%
c
c seconds   switched   rate       size/glue tier1     binary            remaining
c         MB reductions conflicts       size  tier2       irredundant
c          level restarts    redundant    glue   trail            variables
c
c x  2.05 159 90 2 2 171 11 2682 1771 2.2 19 9 4 14 6% 119212 311474 122225 70%
c =  2.10 159 90 2 2 171 11 2682 1771 2.2 19 9 4 14 6% 119276 311474 122193 70%
c d  2.12 159 90 2 2 171 11 2682 1771 2.2 19 9 4 14 6% 119212 311474 122193 70%
c u  2.18 159 90 2 2 171 11 2682 1741 2.2 19 9 4 14 6% 119212 311474 122193 70%
c v  2.21 159 90 2 2 171 11 2682 1611 2.2 19 9 4 14 6% 119212 311474 122193 70%
c w  2.23 159 90 2 2 171 11 2682 1610 2.2 19 9 4 14 6% 119212 311474 122193 70%
c }  2.39 159 92 3 2 211 11 3192 1960 2.1 18 9 4 14 6% 119212 311474 122193 70%
c [  2.39 159 140 3 2 211 1 3192 1960 2.2 37 17 8 26 10% 119212 311474 122193 70%
c -  2.46 159 131 3 3 211 2 3418 1923 2.5 45 18 8 29 10% 119212 311474 122193 70%
c ]  2.57 159 121 4 3 211 1 3762 2261 2.9 54 19 8 29 11% 119212 311474 122193 70%
c {  2.57 159 92 4 3 211 11 3762 2261 2.1 18 9 4 14 6% 119212 311474 122193 70%
c -  2.94 159 108 4 4 457 18 5150 2776 2.1 19 9 4 15 7% 119212 311474 122193 70%
c }  3.18 159 116 5 4 581 19 6115 3485 2.1 20 9 4 15 7% 119212 311473 122193 70%
c [  3.18 159 121 5 4 581 1 6115 3485 2.9 54 19 8 29 11% 119212 311473 122193 70%
c I  3.18 159 121 5 4 581 1 6115 3485 2.9 54 19 8 29 11% 119212 311473 122193 70%
c -  3.50 159 105 5 5 581 1 7150 3739 3.3 73 22 8 31 13% 119212 311473 122193 70%
c ]  3.81 159 106 6 5 582 1 7960 4543 3.0 77 25 8 31 14% 119212 311473 122193 70%
c {  3.81 159 116 6 5 582 19 7960 4543 2.1 20 9 4 15 7% 119212 311473 122193 70%
c u  4.11 159 113 6 5 676 19 8260 4361 2.1 20 10 4 15 7% 119212 311472 122193 70%
c v  4.17 159 113 6 5 676 19 8260 3840 2.1 20 10 4 15 7% 119212 311472 122193 70%
c
c seconds    switched   rate       size/glue  tier1     binary            remaining
c         MB  reductions conflicts       size   tier2       irredundant
c           level restarts    redundant     glue   trail            variables
c
c w  4.20 159 113 6 5 676 19 8260 3838 2.1 20 10 4 15 7% 119212 311472 122193 70%
c x  4.23 159 113 6 5 676 19 8260 3838 2.1 20 10 4 15 7% 119212 311472 122193 70%
c -  4.45 159 138 6 6 851 23 9386 3942 2.1 20 10 4 16 7% 119212 311466 122193 70%
c o  4.59 159 160 6 6 953 23 10041 4508 2.1 20 10 4 16 7% 119212 311466 122193 70%
c -  4.90 159 172 6 7 1212 23 11835 5238 2.1 20 10 4 15 7% 119212 311465 122193 70%
c }  4.95 159 175 7 7 1251 25 12030 5413 2.0 20 10 4 15 7% 119212 311465 122193 70%
c [  4.95 159 106 7 7 1251 1 12030 5413 3.0 77 25 8 31 14% 119212 311465 122193 70%
c B  4.95 159 106 7 7 1251 1 12030 5413 3.0 77 25 8 31 14% 119212 311465 122193 70%
c s  5.32 159 103 7 7 1252 1 13404 6767 2.9 77 26 8 31 16% 119213 311402 122193 70%
c e  5.79 188 103 7 7 1252 1 13404 6767 2.9 77 26 8 31 16% 3122 374803 56112 32%
c s  5.89 188 103 7 7 1252 1 13404 6767 2.9 77 26 8 31 16% 3122 374117 56112 32%
c e  5.92 188 103 7 7 1252 1 13404 6767 2.9 77 26 8 31 16% 3108 374091 56084 32%
c ^  5.92 188 103 7 7 1252 1 13404 6767 2.9 77 26 8 31 16% 3108 374091 56084 32%
c -  6.12 184 99 7 8 1253 1 14480 2226 2.8 75 27 6 35 15% 3108 374091 56084 32%
c ]  6.35 184 95 8 8 1253 1 16196 3877 2.7 73 27 6 35 14% 3108 374091 56084 32%
c {  6.35 184 175 8 8 1253 25 16196 3877 2.0 20 10 4 15 7% 3108 374091 56084 32%
c u  6.48 184 170 8 8 1360 24 16921 4114 2.0 21 10 4 15 7% 3108 374091 56084 32%
c v  6.52 184 170 8 8 1360 24 16921 3558 2.0 21 10 4 15 7% 3108 374091 56084 32%
c w  6.62 185 170 8 8 1360 24 16921 3490 2.0 21 10 4 15 7% 3108 374091 56084 32%
c f  7.17 168 170 8 8 1360 24 16921 3490 2.0 21 10 4 15 7% 3134 374051 56090 32%
c
c seconds    switched    rate        size/glue  tier1    binary          remaining
c         MB  reductions   conflicts       size   tier2     irredundant
c           level  restarts     redundant     glue   trail          variables
c
c u  7.22 171 170 8 8 1360 24 16921 3445 2.0 21 10 4 15 7% 3134 374051 56090 32%
c v  7.26 171 170 8 8 1360 24 16921 3239 2.0 21 10 4 15 7% 3134 374051 56090 32%
c w  7.38 171 170 8 8 1360 24 16921 3213 2.0 21 10 4 15 7% 3134 374051 56090 32%
c -  7.47 172 178 8 9 1370 24 17309 3075 2.0 20 10 4 15 7% 3134 374051 56090 32%
c o  7.80 174 191 8 9 1581 22 20043 5084 2.0 20 10 4 15 7% 3134 374051 56090 32%
c -  7.85 174 188 8 10 1616 22 20309 4874 2.0 20 10 4 15 7% 3134 374051 56090 32%
c }  8.11 174 184 9 10 1845 21 22357 6424 2.0 21 10 4 15 7% 3134 374051 56090 32%
c [  8.11 174 95 9 10 1845 1 22357 6424 2.7 73 27 6 35 14% 3134 374051 56090 32%
c W  8.18 160 95 9 10 1845 1 22357 6424 2.7 73 27 6 35 14% 3134 374051 56090 32%
c -  8.39 160 93 9 11 1846 1 23471 6458 2.6 73 29 7 37 14% 3134 374051 56090 32%
c s  8.91 160 89 9 11 1848 1 26652 9531 2.4 71 29 7 37 13% 3134 373890 56090 32%
c e  9.24 160 89 9 11 1848 1 26652 9531 2.4 71 29 7 37 13% 1657 375788 55238 32%
c s  9.25 160 89 9 11 1848 1 26652 9531 2.4 71 29 7 37 13% 1657 375235 55238 32%
c e  9.29 160 89 9 11 1848 1 26652 9531 2.4 71 29 7 37 13% 1657 375235 55236 32%
c ^  9.29 160 89 9 11 1848 1 26652 9531 2.4 71 29 7 37 13% 1657 375235 55236 32%
c -  9.32 160 89 9 12 1848 1 26787 5088 2.4 70 29 6 36 13% 1657 375235 55236 32%
c ]  9.38 160 88 10 12 1848 1 27211 5478 2.4 70 29 6 36 12% 1657 375235 55236 32%
c {  9.38 160 184 10 12 1848 21 27211 5478 2.0 21 10 4 15 7% 1657 375235 55236 32%
c u  9.75 160 179 10 12 1971 20 28713 5733 2.0 21 10 4 15 6% 1657 375235 55236 32%
c v  9.82 160 179 10 12 1971 20 28713 4771 2.0 21 10 4 15 6% 1657 375235 55236 32%
c
c seconds     switched     rate        size/glue  tier1    binary          remaining
c         MB    reductions   conflicts       size   tier2     irredundant
c           level    restarts     redundant     glue   trail          variables
c
c w  9.86 160 179 10 12 1971 20 28713 4765 2.0 21 10 4 15 6% 1657 375235 55236 32%
c x  9.90 160 179 10 12 1971 20 28713 4765 2.0 21 10 4 15 6% 1657 375235 55236 32%
c - 10.18 160 178 10 13 2064 20 30252 5222 2.0 21 10 4 15 7% 1657 375235 55236 32%
c - 10.49 160 186 10 14 2291 19 33858 7244 2.0 20 10 4 15 6% 1657 375235 55236 32%
c } 10.70 160 182 11 14 2469 19 35838 8746 2.0 20 10 4 15 6% 1657 375235 55236 32%
c [ 10.70 160 88 11 14 2469 1 35838 8746 2.4 70 29 6 36 12% 1657 375235 55236 32%
c O 10.70 160 88 11 14 2469 1 35838 8746 2.4 70 29 6 36 12% 1657 375235 55236 32%
c - 10.95 160 86 11 15 2470 1 37599 9002 2.4 69 29 6 35 12% 1657 375235 55236 32%
c ] 11.65 160 87 12 15 2471 1 39817 11198 2.4 68 29 6 35 13% 1657 375235 55236 32%
c { 11.65 160 182 12 15 2471 19 39817 11198 2.0 20 10 4 15 6% 1657 375235 55236 32%
c o 11.73 176 181 12 15 2508 19 40082 11414 2.0 20 10 4 15 6% 1657 375235 55236 32%
c - 11.88 177 180 12 16 2621 18 41471 10052 2.0 20 10 3 14 6% 1657 375235 55236 32%
c u 12.37 177 177 12 16 2897 18 43895 10896 2.0 21 10 3 14 6% 1657 375235 55236 32%
c v 12.47 177 177 12 16 2897 18 43895 8896 2.0 21 10 3 14 6% 1657 375235 55236 32%
c w 12.56 177 177 12 16 2897 18 43895 8894 2.0 21 10 3 14 6% 1657 375235 55236 32%
c - 13.03 177 177 12 17 3056 18 45471 8413 2.0 21 10 3 14 6% 1657 375235 55236 32%
c - 13.58 178 181 12 18 3346 18 49594 9742 2.0 21 10 3 14 6% 1657 375235 55236 32%
c } 13.78 178 177 13 18 3563 18 51297 11079 2.0 21 10 3 14 6% 1657 375235 55236 32%
c [ 13.78 178 87 13 18 3563 1 51297 11079 2.4 68 29 6 35 13% 1657 375235 55236 32%
c B 13.78 178 87 13 18 3563 1 51297 11079 2.4 68 29 6 35 13% 1657 375235 55236 32%
c
c seconds    switched    rate         size/glue  tier1     binary          remaining
c         MB   reductions  conflicts        size   tier2      irredundant
c          level    restarts     redundant     glue    trail          variables
c
c - 14.33 178 86 13 19 3565 1 53836 11303 2.4 67 28 4 32 13% 1657 375235 55236 32%
c s 14.68 178 85 13 19 3565 1 55372 12819 2.4 67 28 4 32 13% 1657 375226 55236 32%
c e 15.05 178 85 13 19 3565 1 55372 12819 2.4 67 28 4 32 13% 1609 376166 54765 32%
c s 15.06 178 85 13 19 3565 1 55372 12819 2.4 67 28 4 32 13% 1609 375565 54765 32%
c e 15.10 178 85 13 19 3565 1 55372 12819 2.4 67 28 4 32 13% 1609 375569 54763 32%
c ^ 15.10 178 85 13 19 3565 1 55372 12819 2.4 67 28 4 32 13% 1609 375569 54763 32%
c - 15.78 178 83 13 20 3568 1 58194 12173 2.4 67 28 3 29 13% 1609 375569 54763 32%
c ] 16.05 178 82 14 20 3568 1 59090 13045 2.4 67 28 3 29 13% 1609 375569 54763 32%
c { 16.05 178 177 14 20 3568 18 59090 13045 2.0 21 10 3 14 6% 1609 375569 54763 32%
c u 16.51 178 171 14 20 3834 17 62574 14582 2.0 21 10 3 14 6% 1609 375569 54763 32%
c v 16.66 178 171 14 20 3834 17 62574 12127 2.0 21 10 3 14 6% 1609 375569 54763 32%
c w 16.78 179 171 14 20 3834 17 62574 12110 2.0 21 10 3 14 6% 1609 375569 54763 32%
c - 16.91 179 170 14 21 3849 17 62667 10098 2.0 21 10 3 13 6% 1609 375569 54763 32%
c - 17.61 179 170 14 22 4191 17 67249 11496 2.0 21 10 3 13 6% 1609 375569 54763 32%
c o 18.05 179 170 14 22 4546 17 70085 13707 2.0 21 10 3 13 6% 1609 375569 54763 32%
c - 18.37 179 167 14 23 4740 17 71940 13206 2.0 21 10 3 13 6% 1609 375569 54763 32%
c } 18.61 179 168 15 23 4845 17 73806 14634 2.0 21 10 3 13 6% 1609 375569 54763 32%
c [ 18.61 179 82 15 23 4845 1 73806 14634 2.4 67 28 3 29 13% 1609 375569 54763 32%
c W 18.69 160 82 15 23 4845 1 73806 14634 2.4 67 28 3 29 13% 1609 375569 54763 32%
c - 19.32 160 82 15 24 4847 1 76735 14391 2.4 67 28 2 27 12% 1609 375569 54763 32%
c
c seconds    switched    rate         size/glue  tier1     binary          remaining
c         MB   reductions  conflicts        size   tier2      irredundant
c          level    restarts     redundant     glue    trail          variables
c
c - 20.13 160 82 15 25 4850 1 81634 15081 2.4 68 28 2 27 12% 1609 375569 54763 32%
c u 20.65 160 82 15 25 4851 1 84884 16952 2.4 67 28 2 27 12% 1609 375569 54763 32%
c v 20.78 160 82 15 25 4851 1 84884 14589 2.4 67 28 2 27 12% 1609 375569 54763 32%
c w 20.95 177 82 15 25 4851 1 84884 14551 2.4 67 28 2 27 12% 1609 375569 54763 32%
c ] 21.00 177 82 16 25 4851 1 85001 14664 2.4 67 28 2 27 12% 1609 375569 54763 32%
c { 21.00 177 168 16 25 4851 17 85001 14664 2.0 21 10 3 13 6% 1609 375569 54763 32%
c - 21.20 177 166 16 26 5024 16 86634 12931 2.0 21 10 3 13 6% 1609 375569 54763 32%
c - 21.84 178 163 16 27 5541 16 91733 13834 2.0 21 11 2 13 6% 1609 375569 54763 32%
c - 22.50 179 166 16 28 6010 16 96931 14877 2.0 21 11 2 12 6% 1609 375569 54763 32%
c s 23.18 179 168 16 28 6422 16 101635 18582 2.0 21 11 2 12 6% 1609 375517 54763 32%
c e 23.64 180 168 16 28 6422 16 101635 18582 2.0 21 11 2 12 6% 603 385068 52481 30%
c s 23.68 180 168 16 28 6422 16 101635 18582 2.0 21 11 2 12 6% 603 384589 52481 30%
c e 23.73 180 168 16 28 6422 16 101635 18582 2.0 21 11 2 12 6% 603 384633 52470 30%
c ^ 23.73 180 168 16 28 6422 16 101635 18582 2.0 21 11 2 12 6% 603 384633 52470 30%
c - 23.82 180 167 16 29 6461 16 102222 14051 2.0 21 11 2 12 6% 603 384633 52470 30%
c } 23.94 180 166 17 29 6622 16 103339 14938 2.0 21 11 2 12 6% 603 384633 52470 30%
c [ 23.94 180 82 17 29 6622 1 103339 14938 2.4 67 28 2 27 12% 603 384633 52470 30%
c I 23.94 180 82 17 29 6622 1 103339 14938 2.4 67 28 2 27 12% 603 384633 52470 30%
c - 24.58 180 81 17 30 6625 1 107607 15761 2.4 67 28 2 25 12% 603 384633 52470 30%
c u 25.35 160 81 17 30 6627 1 110956 18015 2.4 67 28 2 25 12% 603 384633 52470 30%
c
c seconds    switched    rate          size/glue  tier1    binary          remaining
c         MB   reductions  conflicts         size   tier2     irredundant
c          level    restarts      redundant     glue    trail         variables
c
c v 25.46 160 81 17 30 6627 1 110956 15285 2.4 67 28 2 25 12% 603 384633 52470 30%
c w 25.56 176 81 17 30 6627 1 110956 15278 2.4 67 28 2 25 12% 603 384633 52470 30%
c x 25.64 177 81 17 30 6627 1 110956 15278 2.4 67 28 2 25 12% 603 384375 52470 30%
c o 25.80 177 81 17 30 6627 1 110956 15278 2.4 67 28 2 25 12% 603 384375 52470 30%
c - 26.10 178 81 17 31 6628 1 113084 13824 2.4 67 28 2 25 12% 603 384375 52470 30%
c ] 26.91 178 81 18 31 6629 1 116328 17033 2.4 68 29 2 25 13% 603 384375 52470 30%
c { 26.91 178 166 18 31 6629 16 116328 17033 2.0 21 11 2 12 6% 603 384375 52470 30%
c - 27.17 179 163 18 32 6755 16 118651 15037 2.0 21 11 2 12 6% 603 384375 52470 30%
c - 27.67 179 158 18 33 6985 15 124308 16592 2.0 21 11 2 12 6% 603 384375 52470 30%
c - 28.27 180 153 18 34 7261 15 130052 17914 2.0 21 10 2 11 5% 603 384375 52470 30%
c - 28.85 180 152 18 35 7500 14 135883 18934 2.0 21 10 2 11 5% 603 384375 52470 30%
c } 29.25 180 150 19 35 7646 14 138673 21109 2.0 21 10 2 11 5% 603 384375 52470 30%
c [ 29.25 180 81 19 35 7646 1 138673 21109 2.4 68 29 2 25 13% 603 384375 52470 30%
c B 29.25 180 81 19 35 7646 1 138673 21109 2.4 68 29 2 25 13% 603 384375 52470 30%
c u 29.82 180 81 19 35 7648 1 140925 22124 2.4 67 28 2 25 13% 603 384375 52470 30%
c v 29.97 180 81 19 35 7648 1 140925 18525 2.4 67 28 2 25 13% 603 384375 52470 30%
c w 30.17 180 81 19 35 7648 1 140925 18505 2.4 67 28 2 25 13% 603 384375 52470 30%
c - 30.98 181 82 19 36 7648 1 141799 16084 2.4 67 28 2 24 13% 603 384375 52470 30%
c - 32.33 181 82 19 37 7652 1 147799 17465 2.4 67 28 2 23 13% 603 384375 52470 30%
c ] 32.94 181 82 20 37 7652 1 150499 20107 2.4 68 29 2 23 13% 603 384375 52470 30%
c
c seconds     switched     rate          size/glue  tier1   binary          remaining
c         MB    reductions   conflicts         size   tier2    irredundant
c           level    restarts       redundant     glue   trail         variables
c
c { 32.94 181 150 20 37 7652 14 150499 20107 2.0 21 10 2 11 5% 603 384375 52470 30%
c - 33.38 181 150 20 38 7998 14 153881 18642 2.0 21 10 2 11 5% 603 384375 52470 30%
c - 34.25 181 150 20 39 8546 14 160049 20156 2.0 21 11 2 11 5% 603 384375 52470 30%
c o 34.41 181 150 20 39 8648 14 160956 20915 2.0 21 11 2 11 6% 603 384375 52470 30%
c - 35.10 181 150 20 40 9156 14 166293 21563 2.0 21 11 2 10 6% 603 384375 52470 30%
c e 35.82 186 150 20 40 9324 14 167491 22511 2.0 21 11 2 10 5% 290 436925 43296 25%
c s 35.92 186 150 20 40 9324 14 167491 22511 2.0 21 11 2 10 5% 290 436641 43296 25%
c e 35.97 186 150 20 40 9324 14 167491 22511 2.0 21 11 2 10 5% 290 436663 43293 25%
c ^ 35.97 186 150 20 40 9324 14 167491 22511 2.0 21 11 2 10 5% 290 436663 43293 25%
c - 36.84 187 148 20 41 9820 14 172617 20959 2.0 21 11 2 10 6% 290 436663 43293 25%
c u 37.20 187 147 20 41 10084 15 174847 21427 2.0 21 11 2 10 6% 290 436663 43293 25%
c v 37.30 187 147 20 41 10084 15 174847 18354 2.0 21 11 2 10 6% 290 436663 43293 25%
c w 37.49 187 147 20 41 10084 15 174847 18248 2.0 21 11 2 10 6% 290 436663 43293 25%
c x 37.66 188 147 20 41 10084 15 174847 18248 2.0 21 11 2 10 6% 290 436494 43293 25%
c } 38.27 188 148 21 41 10263 14 177238 20192 2.0 21 11 2 10 6% 290 436494 43293 25%
c [ 38.27 188 82 21 41 10263 1 177238 20192 2.4 68 29 2 23 13% 290 436494 43293 25%
c W 38.37 177 82 21 41 10263 1 177238 20192 2.4 68 29 2 23 13% 290 436494 43293 25%
c - 38.65 178 82 21 42 10264 1 179020 19061 2.4 67 29 2 23 13% 290 436494 43293 25%
c - 40.00 179 82 21 43 10268 1 185500 20479 2.4 68 29 2 22 13% 290 436494 43293 25%
c - 41.41 179 82 21 44 10272 1 192058 20675 2.4 70 30 2 22 13% 290 436494 43293 25%
c
c seconds    switched     rate          size/glue  tier1    binary          remaining
c         MB   reductions   conflicts         size   tier2     irredundant
c          level    restarts       redundant     glue    trail         variables
c
c ] 42.28 180 82 22 44 10275 1 198026 26491 2.4 70 29 2 21 13% 290 436494 43293 25%
c { 42.28 180 148 22 44 10275 14 198026 26491 2.0 21 11 2 10 6% 290 436494 43293 25%
c - 42.35 180 147 22 45 10303 14 198691 21181 2.0 21 11 2 10 6% 290 436494 43293 25%
c - 43.26 181 146 22 46 10682 14 205399 23316 2.0 22 11 2 10 6% 290 436494 43293 25%
c - 44.08 182 145 22 47 11203 14 212182 25226 2.0 22 11 2 10 6% 290 436494 43293 25%
c u 44.35 182 146 22 47 11295 14 213262 25164 2.0 22 11 2 10 6% 290 436494 43293 25%
c v 44.53 182 146 22 47 11295 14 213262 22181 2.0 22 11 2 10 6% 290 436494 43293 25%
c w 44.77 182 146 22 47 11295 14 213262 22025 2.0 22 11 2 10 6% 290 436494 43293 25%
c - 45.82 182 145 22 48 11732 14 219037 23693 2.1 22 11 2 10 6% 290 436494 43293 25%
c o 46.13 182 145 22 48 11880 14 221143 25487 2.1 22 11 2 10 6% 290 436494 43293 25%
c - 46.76 183 146 22 49 12277 13 225967 26147 2.1 22 11 2 10 6% 290 436494 43293 25%
c } 47.11 183 144 23 49 12551 13 229544 29226 2.1 22 11 2 10 6% 290 436494 43293 25%
c [ 47.12 183 82 23 49 12551 1 229544 29226 2.4 70 29 2 21 13% 290 436494 43293 25%
c O 47.12 183 82 23 49 12551 1 229544 29226 2.4 70 29 2 21 13% 290 436494 43293 25%
c - 47.54 183 81 23 50 12553 1 232967 27203 2.4 69 29 2 21 13% 290 436494 43293 25%
c - 49.04 183 81 23 51 12557 1 240039 26125 2.4 70 29 1 20 13% 290 436494 43293 25%
c - 50.51 183 80 23 52 12561 1 247181 24518 2.4 70 30 1 19 13% 290 436494 43293 25%
c ] 51.40 183 80 24 52 12564 1 252246 29469 2.4 70 30 1 19 13% 290 436494 43293 25%
c { 51.40 183 144 24 52 12564 13 252246 29469 2.1 22 11 2 10 6% 290 436494 43293 25%
c - 51.77 184 144 24 53 12798 13 254393 24788 2.1 22 11 2 10 6% 290 436494 43293 25%
c
c seconds     switched      rate          size/glue  tier1   binary          remaining
c         MB    reductions    conflicts         size   tier2    irredundant
c           level    restarts        redundant     glue   trail         variables
c
c s 51.94 184 143 24 53 12939 13 255652 25796 2.1 22 11 2 10 6% 290 436490 43293 25%
c e 52.59 188 143 24 53 12939 13 255652 25796 2.1 22 11 2 10 6% 125 485624 39183 23%
c s 52.73 188 143 24 53 12939 13 255652 25796 2.1 22 11 2 10 6% 125 482048 39183 23%
c e 52.87 188 143 24 53 12939 13 255652 25796 2.1 22 11 2 10 6% 125 482071 39181 23%
c ! 52.87 188 143 24 53 12939 13 255652 25796 2.1 22 11 2 10 6% 125 482071 39181 23%
c u 53.13 189 144 24 53 12944 13 255839 22076 2.1 22 11 2 10 6% 125 482071 39181 23%
c v 53.23 189 144 24 53 12944 13 255839 19900 2.1 22 11 2 10 6% 125 482071 39181 23%
c w 53.38 189 144 24 53 12944 13 255839 19472 2.1 22 11 2 10 6% 125 482071 39181 23%
c - 54.55 189 142 24 54 13418 13 261673 21626 2.1 22 11 2 9 6% 125 482071 39181 23%
c - 55.52 190 141 24 55 14097 13 269021 23508 2.1 22 11 1 9 6% 125 482071 39181 23%
c - 56.70 190 140 24 56 14785 13 276437 25120 2.1 22 11 1 9 6% 125 482071 39181 23%
c - 57.83 190 138 24 57 15481 13 283921 26134 2.1 22 11 1 9 6% 125 482071 39181 23%
c } 58.66 190 137 25 57 15884 13 288924 30198 2.1 23 11 1 9 6% 125 482071 39181 23%
c [ 58.66 190 80 25 57 15884 1 288924 30198 2.4 70 30 1 19 13% 125 482071 39181 23%
c B 58.66 190 80 25 57 15884 1 288924 30198 2.4 70 30 1 19 13% 125 482071 39181 23%
c - 59.00 190 80 25 58 15886 1 291471 26788 2.4 69 29 1 19 13% 125 482071 39181 23%
c o 59.71 191 80 25 58 15889 1 295184 30439 2.4 69 29 1 19 13% 125 482071 39181 23%
c - 60.41 191 80 25 59 15890 1 299087 26518 2.4 69 29 1 18 13% 125 482071 39181 23%
c u 61.41 179 80 25 59 15892 1 303130 29705 2.4 69 29 1 18 13% 125 482071 39181 23%
c v 61.58 180 80 25 59 15892 1 303130 25914 2.4 69 29 1 18 13% 125 482071 39181 23%
c
c seconds    switched     rate          size/glue  tier1    binary          remaining
c         MB   reductions   conflicts         size   tier2     irredundant
c          level    restarts       redundant     glue    trail         variables
c
c w 61.89 181 80 25 59 15892 1 303130 25842 2.4 69 29 1 18 13% 125 482071 39181 23%
c x 62.04 183 80 25 59 15892 1 303130 25842 2.4 69 29 1 18 13% 125 481926 39181 23%
c - 62.90 183 80 25 60 15895 1 306769 22088 2.4 69 29 1 18 13% 125 481926 39181 23%
c - 64.20 184 80 25 61 15898 1 314514 22212 2.4 69 29 1 17 13% 125 481926 39181 23%
c ] 65.66 184 80 26 61 15898 1 319899 27461 2.4 70 29 1 17 13% 125 481926 39181 23%
c { 65.66 184 137 26 61 15898 13 319899 27461 2.1 23 11 1 9 6% 125 481926 39181 23%
c - 66.00 185 137 26 62 16102 13 322324 22929 2.1 23 11 1 9 6% 125 481926 39181 23%
c - 67.11 186 136 26 63 16801 13 330198 24889 2.1 23 11 1 9 6% 125 481926 39181 23%
c - 68.30 187 135 26 64 17566 13 338136 26839 2.1 23 11 1 8 6% 125 481926 39181 23%
c - 69.43 187 135 26 65 18270 13 346136 28109 2.1 23 11 1 8 6% 125 481926 39181 23%
c - 70.57 187 133 26 66 18986 13 354198 29263 2.1 23 11 1 8 6% 125 481926 39181 23%
c u 70.82 187 133 26 66 19041 13 354783 28972 2.1 23 11 1 8 6% 125 481926 39181 23%
c v 70.97 187 133 26 66 19041 13 354783 24752 2.1 23 11 1 8 6% 125 481926 39181 23%
c w 71.33 187 133 26 66 19041 13 354783 23900 2.1 23 11 1 8 6% 125 481926 39181 23%
c } 73.18 188 133 27 66 19596 13 362117 30060 2.1 23 11 1 8 6% 125 481926 39181 23%
c [ 73.18 188 80 27 66 19596 1 362117 30060 2.4 70 29 1 17 13% 125 481926 39181 23%
c W 73.42 180 80 27 66 19596 1 362117 30060 2.4 70 29 1 17 13% 125 481926 39181 23%
c - 73.47 181 80 27 67 19596 1 362323 25944 2.4 70 29 1 17 13% 125 481926 39181 23%
c s 74.27 182 80 27 67 19600 1 368093 31638 2.4 70 29 1 17 13% 125 481614 39181 23%
c e 74.31 182 80 27 67 19600 1 368093 31638 2.4 70 29 1 17 13% 125 481619 39175 23%
c
c seconds    switched     rate          size/glue  tier1    binary          remaining
c         MB   reductions   conflicts         size   tier2     irredundant
c          level    restarts       redundant     glue    trail         variables
c
c - 74.88 182 80 27 68 19602 1 370508 26999 2.4 71 29 1 16 13% 125 481619 39175 23%
c o 76.78 183 81 27 68 19606 1 378704 34999 2.4 72 29 1 16 14% 125 481619 39175 23%
c - 76.82 183 81 27 69 19606 1 378754 25957 2.4 72 29 1 16 14% 125 481619 39175 23%
c - 78.12 184 81 27 70 19609 1 387060 26265 2.5 71 29 1 16 14% 125 481619 39175 23%
c - 79.13 185 80 27 71 19610 1 395427 27391 2.5 70 28 1 16 14% 125 481619 39175 23%
c I 79.38 185 80 27 71 19612 1 397469 29359 2.5 70 28 1 16 14% 125 481619 39175 23%
c ] 80.05 185 81 28 71 19615 1 401068 32788 2.6 70 27 1 16 14% 125 481619 39175 23%
c { 80.05 185 133 28 71 19615 13 401068 32788 2.1 23 11 1 8 6% 125 481619 39175 23%
c - 80.43 186 133 28 72 19885 13 403853 28507 2.1 23 11 1 8 6% 125 481619 39175 23%
c u 81.76 186 131 28 72 20569 13 410880 33981 2.1 23 11 1 8 6% 125 481619 39175 23%
c v 81.91 186 131 28 72 20569 13 410880 30456 2.1 23 11 1 8 6% 125 481619 39175 23%
c w 82.47 187 131 28 72 20569 13 410880 29945 2.1 23 11 1 8 6% 125 481619 39175 23%
c - 82.85 187 131 28 73 20659 13 412340 25907 2.1 23 11 1 8 6% 125 481619 39175 23%
c - 83.95 187 130 28 74 21419 13 420886 28164 2.1 24 11 1 8 6% 125 481619 39175 23%
c - 85.20 187 129 28 75 22217 13 429489 30489 2.1 24 11 1 8 6% 125 481619 39175 23%
c - 86.32 188 128 28 76 23014 13 438149 31871 2.1 24 11 1 8 6% 125 481619 39175 23%
c - 87.59 188 127 28 77 23863 13 446866 33142 2.1 24 12 1 7 6% 125 481619 39175 23%
c } 87.94 188 127 29 77 24096 13 449206 35125 2.1 24 12 1 7 6% 125 481619 39175 23%
c [ 87.94 188 81 29 77 24096 1 449206 35125 2.6 70 27 1 16 14% 125 481619 39175 23%
c B 87.94 188 81 29 77 24096 1 449206 35125 2.6 70 27 1 16 14% 125 481619 39175 23%
c
c seconds    switched     rate          size/glue  tier1    binary          remaining
c         MB   reductions   conflicts         size   tier2     irredundant
c          level    restarts       redundant     glue    trail         variables
c
c - 89.21 188 80 29 78 24101 1 455641 33636 2.6 70 27 1 15 14% 125 481619 39175 23%
c - 90.93 188 80 29 79 24105 1 464473 32171 2.6 70 27 1 15 14% 125 481619 39175 23%
c u 92.31 188 80 29 79 24109 1 471473 37989 2.6 70 27 1 15 13% 125 481619 39175 23%
c v 92.44 188 80 29 79 24109 1 471473 34382 2.6 70 27 1 15 13% 125 481619 39175 23%
c w 93.20 190 80 29 79 24109 1 471473 34313 2.6 70 27 1 15 13% 125 481619 39175 23%
c o 93.27 190 80 29 79 24109 1 471473 34313 2.6 70 27 1 15 13% 125 481619 39175 23%
c - 93.59 190 80 29 80 24109 1 473361 27527 2.6 70 27 1 15 13% 125 481619 39175 23%
c - 95.38 190 79 29 81 24110 1 482306 27015 2.6 71 27 1 14 13% 125 481619 39175 23%
c ] 96.85 190 79 30 81 24116 1 489554 34180 2.6 72 28 1 14 13% 125 481619 39175 23%
c { 96.85 190 127 30 81 24116 13 489554 34180 2.1 24 12 1 7 6% 125 481619 39175 23%
c - 97.14 190 127 30 82 24228 13 491309 26814 2.1 24 12 1 7 6% 125 481619 39175 23%
c - 98.52 190 125 30 83 25077 13 500366 29620 2.1 24 12 1 7 6% 125 481619 39175 23%
c - 99.85 190 125 30 84 25843 13 509476 32502 2.1 24 12 1 7 6% 125 481619 39175 23%
c - 101.22 191 126 30 85 26619 13 518642 34432 2.1 24 12 1 7 6% 125 481619 39175 23%
c - 102.62 191 125 30 86 27371 13 527861 35835 2.1 24 12 1 7 6% 125 481619 39175 23%
c u 104.11 191 125 30 86 28062 13 536644 42126 2.1 25 12 1 7 6% 125 481619 39175 23%
c v 104.28 191 125 30 86 28062 13 536644 35949 2.1 25 12 1 7 6% 125 481619 39175 23%
c w 104.70 191 125 30 86 28062 13 536644 35729 2.1 25 12 1 7 6% 125 481619 39175 23%
c x 104.91 191 125 30 86 28062 13 536644 35727 2.1 25 12 1 7 6% 125 481563 39175 23%
c s 105.03 191 125 30 86 28062 13 536644 35727 2.1 25 12 1 7 6% 125 481550 39175 23%
c
c seconds      switched      rate          size/glue  tier1  binary          remaining
c          MB    reductions    conflicts         size   tier2   irredundant
c            level    restarts        redundant     glue  trail         variables
c
c e 105.12 191 125 30 86 28062 13 536644 35727 2.1 25 12 1 7 6% 125 481577 39163 23%
c s 105.13 191 125 30 86 28062 13 536644 35727 2.1 25 12 1 7 6% 125 481531 39163 23%
c - 105.26 191 125 30 87 28077 13 537134 30800 2.1 25 12 1 7 6% 125 481531 39163 23%
c } 106.10 191 126 31 87 28561 13 543989 36584 2.1 25 12 1 7 6% 125 481531 39163 23%
c [ 106.10 191 79 31 87 28561 1 543989 36584 2.6 72 28 1 14 13% 125 481531 39163 23%
c W 106.18 181 79 31 87 28561 1 543989 36584 2.6 72 28 1 14 13% 125 481531 39163 23%
c - 106.75 181 79 31 88 28563 1 546461 32624 2.6 72 28 1 14 13% 125 481531 39163 23%
c - 109.17 183 80 31 89 28567 1 555841 32885 2.6 72 28 1 14 14% 125 481531 39163 23%
c - 111.11 184 80 31 90 28574 1 565275 31549 2.6 72 28 1 13 14% 125 481531 39163 23%
c - 113.10 184 79 31 91 28575 1 574763 31021 2.6 73 28 1 13 14% 125 481531 39163 23%
c ] 114.65 184 79 32 91 28579 1 581961 38144 2.6 74 29 1 13 13% 125 481531 39163 23%
c { 114.65 184 126 32 91 28579 13 581961 38144 2.1 25 12 1 7 6% 125 481531 39163 23%
c o 114.69 184 126 32 91 28585 13 581990 38170 2.1 25 12 1 7 6% 125 481531 39163 23%
c - 115.01 185 125 32 92 28805 13 584303 30927 2.1 25 12 1 7 6% 125 481531 39163 23%
c - 116.42 186 124 32 93 29602 13 593895 34019 2.1 25 12 1 7 6% 125 481531 39163 23%
c - 117.84 187 122 32 94 30493 13 603538 36600 2.1 25 12 1 7 6% 125 481531 39163 23%
c u 118.31 187 123 32 94 30688 13 606449 38190 2.1 25 12 1 7 6% 125 481531 39163 23%
c v 118.45 187 123 32 94 30688 13 606449 33444 2.1 25 12 1 7 6% 125 481531 39163 23%
c w 118.76 187 123 32 94 30688 13 606449 32034 2.1 25 12 1 7 6% 125 481531 39163 23%
c - 119.88 187 122 32 95 31347 13 613233 32840 2.1 25 12 1 7 6% 125 481531 39163 23%
c
c seconds      switched      rate          size/glue  tier1  binary          remaining
c          MB    reductions    conflicts         size   tier2   irredundant
c            level    restarts        redundant     glue  trail         variables
c
c - 121.23 187 122 32 96 32190 13 622979 35953 2.1 25 12 1 7 6% 125 481531 39163 23%
c - 122.79 188 122 32 97 33036 13 632777 38268 2.1 25 12 1 7 6% 125 481531 39163 23%
c - 124.44 188 121 32 98 34013 13 642625 39629 2.1 25 12 1 7 6% 125 481531 39163 23%
c } 124.53 188 121 33 98 34074 13 643066 40034 2.1 26 12 1 7 6% 125 481531 39163 23%
c [ 124.53 188 79 33 98 34074 1 643066 40034 2.6 74 29 1 13 13% 125 481531 39163 23%
c O 124.53 188 79 33 98 34074 1 643066 40034 2.6 74 29 1 13 13% 125 481531 39163 23%
c - 126.54 188 79 33 99 34080 1 652524 38706 2.6 74 29 1 13 13% 125 481531 39163 23%
c - 128.87 188 78 33 100 34086 1 662474 35355 2.6 75 29 1 12 13% 125 481531 39163 23%
c - 131.07 188 79 33 101 34088 1 672474 34302 2.5 75 30 1 12 13% 125 481531 39163 23%
c u 132.86 179 78 33 101 34092 1 680941 41562 2.5 75 30 1 12 13% 125 481531 39163 23%
c v 132.96 180 78 33 101 34092 1 680941 38845 2.5 75 30 1 12 13% 125 481531 39163 23%
c w 134.09 182 78 33 101 34092 1 680941 38763 2.5 75 30 1 12 13% 125 481531 39163 23%
c - 134.39 182 78 33 102 34094 1 682524 31148 2.5 75 30 1 12 13% 125 481531 39163 23%
c - 135.83 182 78 33 103 34098 1 692623 32043 2.5 75 30 1 12 13% 125 481531 39163 23%
c o 136.16 183 78 33 103 34100 1 693796 33205 2.5 74 30 1 12 13% 125 481531 39163 23%
c ] 136.57 184 78 34 103 34101 1 695555 34938 2.5 75 30 1 12 13% 125 481531 39163 23%
c { 136.57 184 121 34 103 34101 13 695555 34938 2.1 26 12 1 7 6% 125 481531 39163 23%
c s 137.09 185 120 34 103 34260 12 700748 39257 2.1 25 12 1 7 6% 125 481530 39163 23%
c - 137.42 187 119 34 104 34327 12 702771 34599 2.1 25 12 1 7 6% 125 481530 39163 23%
c - 138.72 188 117 34 105 34784 12 712969 37872 2.1 25 12 1 7 6% 125 481530 39163 23%
c
c seconds      switched       rate          size/glue  tier1  binary          remaining
c          MB    reductions     conflicts         size   tier2   irredundant
c            level     restarts        redundant     glue  trail         variables
c
c - 139.95 188 116 34 106 35118 11 723215 40225 2.1 25 12 1 6 6% 125 481530 39163 23%
c - 141.34 189 115 34 107 35576 11 733511 42032 2.1 25 12 1 6 6% 125 481530 39163 23%
c - 142.54 189 114 34 108 36054 11 743855 43335 2.1 25 12 1 6 6% 125 481530 39163 23%
c - 143.76 189 112 34 109 36564 11 754248 44180 2.1 25 12 1 6 6% 125 481530 39163 23%
c u 144.67 189 111 34 109 36792 10 760175 47758 2.1 25 12 1 6 6% 125 481530 39163 23%
c v 144.83 189 111 34 109 36792 10 760175 41935 2.1 25 12 1 6 6% 125 481530 39163 23%
c w 145.42 189 111 34 109 36792 10 760175 40003 2.1 25 12 1 6 6% 125 481530 39163 23%
c } 147.07 189 111 35 109 36984 10 763701 43052 2.1 25 12 1 6 6% 125 481530 39163 23%
c [ 147.07 189 78 35 109 36984 1 763701 43052 2.5 75 30 1 12 13% 125 481530 39163 23%
c B 147.07 189 78 35 109 36984 1 763701 43052 2.5 75 30 1 12 13% 125 481530 39163 23%
c - 147.26 189 78 35 110 36984 1 764689 37800 2.5 75 30 1 12 13% 125 481530 39163 23%
c - 149.37 190 78 35 111 36990 1 775178 38135 2.5 75 30 1 12 13% 125 481530 39163 23%
c - 151.20 190 78 35 112 36997 1 785713 36438 2.5 75 30 1 12 12% 125 481530 39163 23%
c - 152.88 190 78 35 113 36998 1 796296 35850 2.5 75 30 1 11 12% 125 481530 39163 23%
c - 154.63 190 77 35 114 37005 1 806926 36243 2.5 74 30 1 11 12% 125 481530 39163 23%
c o 156.08 190 77 35 114 37010 1 814438 43640 2.5 74 30 1 11 12% 125 481530 39163 23%
c ] 156.69 190 77 36 114 37011 1 817198 46386 2.5 74 30 1 11 12% 125 481530 39163 23%
c { 156.69 190 111 36 114 37011 10 817198 46386 2.1 25 12 1 6 6% 125 481530 39163 23%
c - 156.77 190 111 36 115 37056 10 817603 36998 2.1 25 12 1 6 6% 125 481530 39163 23%
c - 158.45 190 111 36 116 37992 11 828326 39839 2.1 25 12 1 6 6% 125 481530 39163 23%
c
c seconds      switched       rate          size/glue  tier1  binary          remaining
c          MB    reductions     conflicts         size   tier2   irredundant
c            level     restarts        redundant     glue  trail         variables
c
c - 160.11 191 111 36 117 38979 11 839097 42645 2.1 25 12 1 6 6% 125 481530 39163 23%
c u 161.08 191 111 36 117 39529 11 844206 46320 2.1 26 12 1 6 6% 125 481530 39163 23%
c v 161.21 191 111 36 117 39529 11 844206 41504 2.1 26 12 1 6 6% 125 481530 39163 23%
c w 161.88 191 111 36 117 39529 11 844206 39594 2.1 26 12 1 6 6% 125 481530 39163 23%
c - 162.93 191 111 36 118 40067 11 849913 38506 2.1 26 12 1 6 6% 125 481530 39163 23%
c - 164.59 191 111 36 119 41035 11 860775 42044 2.1 26 12 1 6 6% 125 481530 39163 23%
c - 166.40 191 112 36 120 42118 11 871683 44748 2.1 26 12 1 6 6% 125 481530 39163 23%
c - 168.35 191 112 36 121 43218 12 882637 46240 2.1 26 12 1 6 6% 125 481530 39163 23%
c } 170.12 191 112 37 121 44171 12 892754 55141 2.1 27 12 1 6 6% 125 481530 39163 23%
c [ 170.12 191 77 37 121 44171 1 892754 55141 2.5 74 30 1 11 12% 125 481530 39163 23%
c W 170.49 181 77 37 121 44171 1 892754 55141 2.5 74 30 1 11 12% 125 481530 39163 23%
c - 170.75 182 77 37 122 44171 1 893637 47325 2.5 74 30 1 11 12% 125 481530 39163 23%
c - 173.07 183 77 37 123 44177 1 904684 45330 2.5 74 30 1 11 12% 125 481530 39163 23%
c - 175.15 183 77 37 124 44184 1 915775 41397 2.4 74 30 1 11 12% 125 481530 39163 23%
c - 177.76 185 77 37 125 44187 1 926911 40958 2.5 74 30 1 11 12% 125 481530 39163 23%
c u 178.90 185 77 37 125 44191 1 933087 45623 2.5 74 30 1 11 12% 125 481530 39163 23%
c v 178.99 185 77 37 125 44191 1 933087 43284 2.5 74 30 1 11 12% 125 481530 39163 23%
c w 179.84 186 77 37 125 44191 1 933087 43181 2.5 74 30 1 11 12% 125 481530 39163 23%
c x 180.19 188 77 37 125 44191 1 933087 43180 2.5 74 30 1 11 12% 125 481380 39163 23%
c - 181.08 188 77 37 126 44192 1 938091 38625 2.5 74 30 1 11 12% 125 481380 39163 23%
c
c seconds     switched      rate          size/glue  tier1    binary          remaining
c          MB   reductions    conflicts         size   tier2     irredundant
c           level     restarts       redundant     glue    trail         variables
c
c o 182.03 189 77 37 126 44198 1 944538 44951 2.5 74 30 1 11 12% 125 481380 39163 23%
c - 182.89 189 77 37 127 44199 1 949315 39099 2.5 74 30 1 11 12% 125 481380 39163 23%
c I 184.08 189 77 37 127 44200 1 955305 45027 2.5 74 30 1 11 12% 125 481380 39163 23%
c - 184.94 189 76 37 128 44201 1 960584 40028 2.5 74 29 1 11 12% 125 481380 39163 23%
c ] 185.26 189 76 38 128 44201 1 963435 42818 2.5 74 29 1 11 12% 125 481380 39163 23%
c { 185.26 189 112 38 128 44201 12 963435 42818 2.1 27 12 1 6 6% 125 481380 39163 23%
c - 186.43 190 112 38 129 44606 11 971897 42817 2.2 27 12 1 6 6% 125 481380 39163 23%
c - 188.26 190 113 38 130 45252 11 983254 46251 2.2 27 12 1 6 7% 125 481380 39163 23%
c - 189.96 191 113 38 131 45919 11 994655 48587 2.2 27 12 1 6 7% 125 481380 39163 23%
c - 191.63 191 113 38 132 46643 11 1006100 50268 2.2 27 12 1 6 7% 125 481380 39163 23%
c - 193.68 191 113 38 133 47472 11 1017589 51162 2.2 28 12 1 6 7% 125 481380 39163 23%
c u 195.53 191 114 38 133 48185 11 1026870 58687 2.2 28 12 1 6 7% 125 481380 39163 23%
c v 195.74 191 114 38 133 48185 11 1026870 52773 2.2 28 12 1 6 7% 125 481380 39163 23%
c w 196.64 192 114 38 133 48185 11 1026870 52050 2.2 28 12 1 6 7% 125 481380 39163 23%
c - 197.01 192 113 38 134 48299 11 1029121 46093 2.2 28 12 1 6 7% 125 481380 39163 23%
c - 198.98 192 114 38 135 49099 10 1040696 48836 2.3 28 12 1 6 8% 125 481380 39163 23%
c } 200.07 192 114 39 135 49438 10 1046769 54409 2.3 28 12 1 6 8% 125 481380 39163 23%
c [ 200.07 192 76 39 135 49438 1 1046769 54409 2.5 74 29 1 11 12% 125 481380 39163 23%
c B 200.07 192 76 39 135 49438 1 1046769 54409 2.5 74 29 1 11 12% 125 481380 39163 23%
c - 201.30 192 76 39 136 49442 1 1052315 49474 2.5 75 29 1 11 12% 125 481380 39163 23%
c
c seconds     switched      rate           size/glue  tier1    binary          remaining
c          MB   reductions     conflicts         size   tier2     irredundant
c           level     restarts        redundant     glue    trail         variables
c
c - 204.39 192 77 39 137 49448 1 1063976 46136 2.5 75 29 1 10 12% 125 481380 39163 23%
c - 206.77 192 77 39 138 49452 1 1075680 43411 2.6 75 29 1 10 12% 125 481380 39163 23%
c o 208.51 176 77 39 138 49457 1 1085058 52650 2.6 75 29 1 10 12% 125 481380 39163 23%
c - 208.93 176 77 39 139 49458 1 1087427 42975 2.6 74 29 1 10 12% 125 481380 39163 23%
c - 211.04 177 77 39 140 49465 1 1099216 43158 2.6 74 29 1 10 12% 125 481380 39163 23%
c - 213.53 178 77 39 141 49467 1 1111048 43069 2.6 74 29 1 10 12% 125 481380 39163 23%
c s 214.07 178 77 39 141 49468 1 1114420 46404 2.6 74 29 1 10 12% 125 481362 39163 23%
c e 214.16 183 77 39 141 49468 1 1114420 46404 2.6 74 29 1 10 12% 125 481221 39105 22%
c s 214.17 183 77 39 141 49468 1 1114420 46404 2.6 74 29 1 10 12% 125 481175 39105 22%
c ] 215.03 183 77 40 141 49468 1 1118722 50655 2.6 74 29 1 10 12% 125 481175 39105 22%
c { 215.03 183 114 40 141 49468 10 1118722 50655 2.3 28 12 1 6 8% 125 481175 39105 22%
c - 215.69 184 114 40 142 49909 10 1122923 43759 2.3 28 12 1 6 8% 125 481175 39105 22%
c u 216.33 184 114 40 142 50192 10 1125612 45414 2.3 28 12 1 6 8% 125 481175 39105 22%
c v 216.45 184 114 40 142 50192 10 1125612 42667 2.3 28 12 1 6 8% 125 481175 39105 22%
c w 216.80 185 114 40 142 50192 10 1125612 41163 2.3 28 12 1 6 8% 125 481175 39105 22%
c - 218.42 185 114 40 143 51040 11 1134839 43011 2.3 28 13 1 6 8% 125 481175 39105 22%
c - 220.33 186 113 40 144 52101 11 1146797 47311 2.2 28 13 1 6 7% 125 481175 39105 22%
c - 222.25 186 113 40 145 53026 11 1158797 49899 2.2 28 13 1 6 7% 125 481175 39105 22%
c - 223.94 187 113 40 146 53925 11 1170840 51797 2.2 28 13 1 6 7% 125 481175 39105 22%
c - 226.03 187 112 40 147 55017 11 1182927 53015 2.2 29 13 1 6 7% 125 481175 39105 22%
c
c seconds      switched       rate           size/glue  tier1  binary          remaining
c          MB    reductions      conflicts         size   tier2   irredundant
c            level     restarts         redundant     glue  trail         variables
c
c - 228.01 187 112 40 148 56149 11 1195051 54128 2.2 29 13 1 6 7% 125 481175 39105 22%
c - 229.98 187 113 40 149 57174 11 1207217 55284 2.2 29 13 1 6 7% 125 481175 39105 22%
c } 230.57 187 113 41 149 57510 11 1210195 57972 2.2 29 13 1 6 7% 125 481175 39105 22%
c [ 230.57 187 77 41 149 57510 1 1210195 57972 2.6 74 29 1 10 12% 125 481175 39105 22%
c W 230.80 181 77 41 149 57510 1 1210195 57972 2.6 74 29 1 10 12% 125 481175 39105 22%
c - 233.14 184 77 41 150 57516 1 1219423 53980 2.6 75 29 1 10 12% 125 481175 39105 22%
c u 235.83 185 78 41 150 57522 1 1229335 61653 2.6 74 29 1 10 13% 125 481175 39105 22%
c v 236.02 185 78 41 150 57522 1 1229335 55821 2.6 74 29 1 10 13% 125 481175 39105 22%
c w 237.57 187 78 41 150 57522 1 1229335 55798 2.6 74 29 1 10 13% 125 481175 39105 22%
c - 238.18 187 78 41 151 57523 1 1231670 45685 2.6 74 29 1 10 13% 125 481175 39105 22%
c - 240.71 187 78 41 152 57525 1 1243960 44978 2.6 75 29 1 10 13% 125 481175 39105 22%
c o 241.82 187 78 41 152 57530 1 1249450 50401 2.6 75 29 1 10 12% 125 481175 39105 22%
c - 243.06 188 78 41 153 57532 1 1256289 44974 2.6 75 29 1 10 13% 125 481175 39105 22%
c - 246.42 188 79 41 154 57539 1 1268659 46004 2.6 76 29 1 10 13% 125 481175 39105 22%
c ] 249.52 189 79 42 154 57540 1 1280285 57527 2.6 76 29 1 10 13% 125 481175 39105 22%
c { 249.52 189 113 42 154 57540 11 1280285 57527 2.2 29 13 1 6 7% 125 481175 39105 22%
c - 249.65 189 113 42 155 57602 11 1281068 46588 2.2 29 13 1 6 7% 125 481175 39105 22%
c - 251.47 190 114 42 156 58818 11 1293518 49699 2.2 29 13 1 6 7% 125 481175 39105 22%
c - 254.02 190 114 42 157 59883 11 1306008 53234 2.2 29 13 1 6 7% 125 481175 39105 22%
c - 256.20 190 113 42 158 60960 11 1318537 55358 2.2 29 13 1 6 7% 125 481175 39105 22%
c
c seconds      switched       rate           size/glue  tier1  binary          remaining
c          MB    reductions      conflicts         size   tier2   irredundant
c            level     restarts         redundant     glue  trail         variables
c
c - 258.60 190 113 42 159 62042 11 1331108 56706 2.2 29 13 1 6 7% 125 481175 39105 22%
c u 260.01 181 112 42 159 62658 11 1338099 61360 2.2 29 13 1 6 7% 125 481175 39105 22%
c v 260.22 181 112 42 159 62658 11 1338099 54546 2.2 29 13 1 6 7% 125 481175 39105 22%
c w 261.08 183 112 42 159 62658 11 1338099 52441 2.2 29 13 1 6 7% 125 481175 39105 22%
c - 262.03 184 113 42 160 63071 11 1343717 49914 2.2 29 13 1 6 7% 125 481175 39105 22%
c - 264.05 185 112 42 161 64175 11 1356367 53343 2.2 30 13 1 6 7% 125 481175 39105 22%
c s 265.53 186 112 42 161 64989 11 1366657 62578 2.2 30 13 1 6 7% 125 481174 39105 22%
c - 265.95 187 112 42 162 65151 11 1369055 56167 2.2 30 13 1 5 7% 125 481174 39105 22%
c } 267.61 187 112 43 162 66107 11 1380258 66325 2.2 30 13 1 5 7% 125 481174 39105 22%
c [ 267.61 187 79 43 162 66107 1 1380258 66325 2.6 76 29 1 10 13% 125 481174 39105 22%
c O 267.61 187 79 43 162 66107 1 1380258 66325 2.6 76 29 1 10 13% 125 481174 39105 22%
c - 268.03 187 79 43 163 66108 1 1381782 57784 2.6 76 29 1 10 13% 125 481174 39105 22%
c - 270.09 187 78 43 164 66115 1 1394551 56050 2.6 75 29 1 10 13% 125 481174 39105 22%
c - 272.42 188 78 43 165 66121 1 1407357 51735 2.6 75 28 1 9 13% 125 481174 39105 22%
c o 273.73 188 78 43 165 66123 1 1414406 58700 2.6 75 28 1 9 13% 125 481174 39105 22%
c - 274.73 188 78 43 166 66127 1 1420202 51085 2.6 75 28 1 9 13% 125 481174 39105 22%
c - 277.81 188 78 43 167 66134 1 1433087 50846 2.6 75 29 1 9 13% 125 481174 39105 22%
c - 280.04 189 77 43 168 66136 1 1446009 50466 2.6 75 28 1 9 13% 125 481174 39105 22%
c u 281.27 189 77 43 168 66137 1 1451955 54989 2.7 74 28 1 9 13% 125 481174 39105 22%
c v 281.39 189 77 43 168 66137 1 1451955 52838 2.7 74 28 1 9 13% 125 481174 39105 22%
c
c seconds     switched      rate           size/glue  tier1   binary          remaining
c          MB   reductions     conflicts         size   tier2    irredundant
c           level     restarts        redundant     glue   trail         variables
c
c w 282.89 190 77 43 168 66137 1 1451955 52680 2.7 74 28 1 9 13% 125 481174 39105 22%
c - 286.26 190 76 43 169 66137 1 1458972 48088 2.7 74 28 1 9 13% 125 481174 39105 22%
c B 287.07 190 76 43 169 66139 1 1464295 53270 2.6 74 28 1 9 13% 125 481174 39105 22%
c - 288.79 190 77 43 170 66144 1 1471972 48935 2.7 74 28 1 9 13% 125 481174 39105 22%
c ] 289.26 190 77 44 170 66144 1 1474134 51061 2.7 75 28 1 9 13% 125 481174 39105 22%
c { 289.26 190 112 44 170 66144 11 1474134 51061 2.2 30 13 1 5 7% 125 481174 39105 22%
c - 290.93 190 112 44 171 67023 11 1485010 51571 2.2 30 14 1 5 7% 125 481174 39105 22%
c - 293.29 191 111 44 172 68106 11 1498087 55262 2.2 30 14 1 5 7% 125 481174 39105 22%
c - 295.49 191 110 44 173 69229 11 1511202 57483 2.2 30 14 1 5 7% 125 481174 39105 22%
c - 297.88 191 110 44 174 70301 11 1524356 59109 2.2 31 14 1 5 7% 125 481174 39105 22%
c - 300.18 191 112 44 175 71415 11 1537549 60491 2.2 31 14 1 5 7% 125 481174 39105 22%
c - 302.44 191 111 44 176 72579 11 1550778 61587 2.2 31 14 1 5 7% 125 481174 39105 22%
c - 304.38 191 111 44 177 73505 11 1564047 62770 2.2 31 14 1 5 7% 125 481174 39105 22%
c u 306.01 191 112 44 177 74085 11 1570905 66978 2.2 31 14 1 5 7% 125 481174 39105 22%
c v 306.23 191 112 44 177 74085 11 1570905 60204 2.2 31 14 1 5 7% 125 481174 39105 22%
c w 307.24 191 112 44 177 74085 11 1570905 59562 2.2 31 14 1 5 7% 125 481174 39105 22%
c x 307.94 192 112 44 177 74085 11 1570905 59562 2.2 31 14 1 5 7% 125 481155 39105 22%
c - 309.04 192 113 44 178 74463 11 1577351 56414 2.2 31 14 1 5 7% 125 481155 39105 22%
c } 309.80 192 113 45 178 74771 11 1582966 61458 2.2 31 14 1 5 7% 125 481155 39105 22%
c [ 309.80 192 77 45 178 74771 1 1582966 61458 2.7 75 28 1 9 13% 125 481155 39105 22%
c
c seconds     switched      rate           size/glue  tier1   binary          remaining
c          MB   reductions     conflicts         size   tier2    irredundant
c           level     restarts        redundant     glue   trail         variables
c
c W 310.15 181 77 45 178 74771 1 1582966 61458 2.7 75 28 1 9 13% 125 481155 39105 22%
c o 310.70 182 77 45 178 74773 1 1585041 63503 2.7 75 28 1 9 13% 125 481155 39105 22%
c - 311.98 184 77 45 179 74776 1 1590693 57782 2.7 75 28 1 9 13% 125 481155 39105 22%
c - 315.27 185 76 45 180 74784 1 1604073 56220 2.7 76 29 1 9 13% 125 481155 39105 22%
c - 318.94 186 76 45 181 74787 1 1617489 54170 2.6 77 29 1 9 13% 125 481155 39105 22%
c - 321.20 186 76 45 182 74795 1 1630942 54291 2.6 76 29 1 9 12% 125 481155 39105 22%
c - 323.78 187 76 45 183 74800 1 1644433 54321 2.6 76 29 1 9 12% 125 481155 39105 22%
c s 324.81 187 76 45 183 74801 1 1650863 60647 2.6 76 29 1 9 12% 125 481154 39105 22%
c e 324.85 187 76 45 183 74801 1 1650863 60647 2.6 76 29 1 9 12% 125 481174 39101 22%
c s 324.86 187 76 45 183 74801 1 1650863 60647 2.6 76 29 1 9 12% 125 481159 39101 22%
c - 326.38 187 76 45 184 74801 1 1657960 54509 2.6 76 29 1 9 12% 125 481159 39101 22%
c - 328.58 187 75 45 185 74806 1 1671525 54628 2.6 75 29 1 9 12% 125 481159 39101 22%
c I 329.80 188 75 45 185 74809 1 1678681 61701 2.6 75 29 1 9 12% 125 481159 39101 22%
c ] 329.89 188 75 46 185 74810 1 1679277 62285 2.6 75 29 1 9 12% 125 481159 39101 22%
c { 329.89 188 113 46 185 74810 11 1679277 62285 2.2 31 14 1 5 7% 125 481159 39101 22%
c - 330.88 188 113 46 186 75153 11 1685127 56022 2.2 31 14 1 5 7% 125 481159 39101 22%
c u 332.68 189 112 46 186 75859 11 1695030 63882 2.2 32 14 1 5 7% 125 481159 39101 22%
c v 332.79 189 112 46 186 75859 11 1695030 60452 2.2 32 14 1 5 7% 125 481159 39101 22%
c w 334.30 189 112 46 186 75859 11 1695030 57924 2.2 32 14 1 5 7% 125 481159 39101 22%
c - 335.11 189 113 46 187 76123 11 1698765 53652 2.3 32 14 1 5 7% 125 481159 39101 22%
c
c seconds      switched       rate           size/glue  tier1  binary          remaining
c          MB    reductions      conflicts         size   tier2   irredundant
c            level     restarts         redundant     glue  trail         variables
c
c - 337.33 190 113 46 188 77044 11 1712439 57980 2.3 32 14 1 5 7% 125 481159 39101 22%
c - 339.39 190 113 46 189 77882 10 1726152 61642 2.3 32 14 1 5 7% 125 481159 39101 22%
c - 341.50 190 111 46 190 78820 10 1739900 63757 2.3 32 14 1 5 7% 125 481159 39101 22%
c - 344.09 191 111 46 191 80007 11 1753684 65049 2.3 32 14 1 5 7% 125 481159 39101 22%
c o 345.83 191 110 46 191 80837 10 1765104 75490 2.3 32 14 1 5 7% 125 481159 39101 22%
c - 346.25 191 110 46 192 81002 10 1767505 65887 2.3 32 14 1 5 7% 125 481159 39101 22%
c - 348.74 191 110 46 193 82116 10 1781362 67036 2.3 33 14 1 5 7% 125 481159 39101 22%
c - 351.34 191 110 46 194 83085 10 1795254 68319 2.3 33 14 1 5 7% 125 481159 39101 22%
c } 351.68 191 111 47 194 83285 10 1797321 70197 2.3 33 14 1 5 7% 125 481159 39101 22%
c [ 351.68 191 75 47 194 83285 1 1797321 70197 2.6 75 29 1 9 12% 125 481159 39101 22%
c B 351.68 191 75 47 194 83285 1 1797321 70197 2.6 75 29 1 9 12% 125 481159 39101 22%
c - 355.32 191 75 47 195 83291 1 1809182 66516 2.6 76 29 1 9 12% 125 481159 39101 22%
c - 359.70 192 75 47 196 83299 1 1823146 61114 2.6 77 30 1 8 12% 125 481159 39101 22%
c u 360.40 192 75 47 196 83299 1 1824359 60100 2.6 77 30 1 8 12% 125 481159 39101 22%
c v 360.52 192 75 47 196 83299 1 1824359 56179 2.6 77 30 1 8 12% 125 481159 39101 22%
c w 360.91 192 75 47 196 83299 1 1824359 55374 2.6 77 30 1 8 12% 125 481159 39101 22%
c - 365.01 192 75 47 197 83305 1 1837148 55234 2.6 77 30 1 8 13% 125 481159 39101 22%
c - 368.51 192 76 47 198 83313 1 1851183 56344 2.6 77 30 1 8 12% 125 481159 39101 22%
c - 371.41 192 75 47 199 83315 1 1865255 56401 2.6 78 30 1 8 12% 125 481159 39101 22%
c ] 373.56 192 75 48 199 83315 1 1875647 66661 2.6 78 30 1 8 12% 125 481159 39101 22%
c
c seconds      switched       rate           size/glue  tier1  binary          remaining
c          MB    reductions      conflicts         size   tier2   irredundant
c            level     restarts         redundant     glue  trail         variables
c
c { 373.56 192 111 48 199 83315 10 1875647 66661 2.3 33 14 1 5 7% 125 481159 39101 22%
c - 374.20 193 111 48 200 83585 10 1879361 57279 2.3 33 14 1 5 7% 125 481159 39101 22%
c - 376.34 193 110 48 201 84596 10 1893503 61101 2.3 33 14 1 5 7% 125 481159 39101 22%
c - 378.92 193 110 48 202 85616 10 1907682 64439 2.3 33 14 1 5 7% 125 481159 39101 22%
c - 381.54 193 111 48 203 86768 10 1921894 66432 2.3 33 15 1 5 7% 125 481159 39101 22%
c - 383.91 193 110 48 204 87970 10 1936142 67659 2.3 33 15 1 5 7% 125 481159 39101 22%
c - 386.10 193 110 48 205 88941 10 1950425 68942 2.3 34 15 1 5 7% 125 481159 39101 22%
c o 387.01 193 110 48 205 89233 10 1955104 73197 2.3 34 15 1 5 7% 125 481159 39101 22%
c u 387.85 193 110 48 205 89498 10 1958916 74770 2.3 34 15 1 5 7% 125 481159 39101 22%
c v 388.02 193 110 48 205 89498 10 1958916 68046 2.3 34 15 1 5 7% 125 481159 39101 22%
c w 389.37 193 110 48 205 89498 10 1958916 65566 2.3 34 15 1 5 7% 125 481159 39101 22%
c - 390.62 193 110 48 206 89871 10 1964743 61743 2.3 34 15 1 5 7% 125 481159 39101 22%
c - 393.06 184 110 48 207 90928 10 1979095 65175 2.3 34 15 1 5 7% 125 481159 39101 22%
c - 395.44 185 110 48 208 91912 10 1993483 67864 2.3 34 15 1 5 7% 125 481159 39101 22%
c } 397.10 186 110 49 208 92549 10 2003258 76849 2.3 34 15 1 5 7% 125 481159 39101 22%
c [ 397.10 186 75 49 208 92549 1 2003258 76849 2.6 78 30 1 8 12% 125 481159 39101 22%
c W 397.21 181 75 49 208 92549 1 2003258 76849 2.6 78 30 1 8 12% 125 481159 39101 22%
c - 398.24 183 75 49 209 92552 1 2007905 68858 2.6 78 30 1 8 12% 125 481159 39101 22%
c - 401.58 185 76 49 210 92561 1 2022362 66887 2.6 77 30 1 8 12% 125 481159 39101 22%
c - 405.15 185 75 49 211 92564 1 2036854 63726 2.6 78 30 1 8 12% 125 481159 39101 22%
c
c seconds     switched      rate           size/glue  tier1   binary          remaining
c          MB   reductions     conflicts         size   tier2    irredundant
c           level     restarts        redundant     glue   trail         variables
c
c - 408.25 186 76 49 212 92573 1 2051379 63168 2.6 78 30 1 8 13% 125 481159 39101 22%
c - 411.99 186 76 49 213 92578 1 2065940 63533 2.6 78 30 1 8 13% 125 481159 39101 22%
c - 416.29 186 76 49 214 92579 1 2080535 63711 2.7 79 30 1 8 13% 125 481159 39101 22%
c - 419.89 187 77 49 215 92586 1 2095163 63801 2.7 80 29 1 8 13% 125 481159 39101 22%
c u 420.88 187 77 49 215 92587 1 2098730 65825 2.7 80 30 1 8 13% 125 481159 39101 22%
c v 421.00 187 77 49 215 92587 1 2098730 63390 2.7 80 30 1 8 13% 125 481159 39101 22%
c w 422.16 188 77 49 215 92587 1 2098730 61777 2.7 80 30 1 8 13% 125 481159 39101 22%
c ] 422.47 188 77 50 215 92588 1 2099710 62745 2.7 80 30 1 8 13% 125 481159 39101 22%
c { 422.47 188 110 50 215 92588 10 2099710 62745 2.3 34 15 1 5 7% 125 481159 39101 22%
c - 424.19 189 110 50 216 92972 10 2109828 61998 2.3 34 15 1 5 7% 125 481159 39101 22%
c - 426.91 190 108 50 217 93733 10 2124524 66080 2.3 34 15 1 5 7% 125 481159 39101 22%
c - 429.67 191 108 50 218 94513 9 2139254 68850 2.3 34 15 1 5 7% 125 481159 39101 22%
c - 432.58 191 107 50 219 95359 9 2154020 70733 2.4 35 15 1 5 7% 125 481159 39101 22%
c o 432.84 191 107 50 219 95431 9 2155123 71698 2.4 35 15 1 5 7% 125 481159 39101 22%
c - 435.43 191 107 50 220 96344 9 2168818 72496 2.3 34 15 1 5 7% 125 481159 39101 22%
c - 438.14 192 107 50 221 97251 9 2183651 74060 2.3 34 15 1 5 7% 125 481159 39101 22%
c - 441.09 192 105 50 222 98285 9 2198518 75303 2.3 35 15 1 5 7% 125 481159 39101 22%
c - 443.80 192 104 50 223 99239 9 2213419 75913 2.3 35 15 1 4 7% 125 481159 39101 22%
c - 446.93 192 103 50 224 100268 9 2228352 77060 2.3 35 15 1 4 7% 125 481159 39101 22%
c } 448.78 192 102 51 224 100778 9 2237235 85279 2.4 35 15 1 4 7% 125 481159 39101 22%
c
c seconds     switched       rate           size/glue  tier1   binary          remaining
c          MB   reductions      conflicts         size   tier2    irredundant
c           level      restarts        redundant     glue   trail         variables
c
c [ 448.78 192 77 51 224 100778 1 2237235 85279 2.7 80 30 1 8 13% 125 481159 39101 22%
c O 448.78 192 77 51 224 100778 1 2237235 85279 2.7 80 30 1 8 13% 125 481159 39101 22%
c - 450.46 192 77 51 225 100782 1 2243319 76743 2.7 80 30 1 8 13% 125 481159 39101 22%
c u 450.92 192 77 51 225 100783 1 2243856 74083 2.7 80 30 1 8 13% 125 481159 39101 22%
c v 451.05 192 77 51 225 100783 1 2243856 68710 2.7 80 30 1 8 13% 125 481159 39101 22%
c w 451.34 192 77 51 225 100783 1 2243856 66337 2.7 80 30 1 8 13% 125 481159 39101 22%
c - 454.71 192 77 51 226 100791 1 2258319 66550 2.7 80 30 1 8 13% 125 481159 39101 22%
c - 458.09 193 76 51 227 100795 1 2273354 66096 2.7 80 30 1 8 13% 125 481159 39101 22%
c - 461.34 193 76 51 228 100804 1 2288421 66000 2.7 79 29 1 8 13% 125 481159 39101 22%
c - 463.96 193 75 51 229 100808 1 2303520 66296 2.7 79 29 1 8 13% 125 481159 39101 22%
c - 467.55 194 75 51 230 100808 1 2318655 66069 2.7 80 29 1 8 12% 125 481159 39101 22%
c - 470.73 180 75 51 231 100817 1 2333820 65876 2.7 80 29 1 8 12% 125 481159 39101 22%
c - 473.91 183 76 51 232 100823 1 2349019 66442 2.7 79 29 1 8 12% 125 481159 39101 22%
c B 475.70 183 75 51 232 100827 1 2358068 75381 2.7 79 29 1 8 12% 125 481159 39101 22%
c - 477.36 184 76 51 233 100830 1 2364251 66256 2.7 79 29 1 8 13% 125 481159 39101 22%
c o 477.94 184 76 51 233 100832 1 2366387 68375 2.7 79 29 1 8 13% 125 481159 39101 22%
c ] 477.99 184 76 52 233 100832 1 2366540 68528 2.7 79 29 1 8 13% 125 481159 39101 22%
c { 477.99 184 102 52 233 100832 9 2366540 68528 2.4 35 15 1 4 7% 125 481159 39101 22%
c - 480.83 187 102 52 234 102283 9 2379516 69014 2.4 36 15 1 4 7% 125 481159 39101 22%
c u 484.48 181 103 52 234 103825 9 2394318 81952 2.4 37 15 1 4 8% 125 481159 39101 22%
c
c seconds      switched       rate           size/glue  tier1  binary          remaining
c          MB    reductions      conflicts         size   tier2   irredundant
c            level      restarts        redundant     glue  trail         variables
c
c v 484.60 182 103 52 234 103825 9 2394318 78914 2.4 37 15 1 4 8% 125 481159 39101 22%
c w 486.89 185 103 52 234 103825 9 2394318 78189 2.4 37 15 1 4 8% 125 481159 39101 22%
c - 487.08 185 103 52 235 103894 9 2394814 68191 2.4 37 15 1 4 8% 125 481159 39101 22%
c - 490.44 187 103 52 236 105453 10 2410143 70888 2.4 37 16 1 4 8% 125 481159 39101 22%
c - 494.49 188 105 52 237 107065 10 2425505 73133 2.4 38 16 1 4 8% 125 481159 39101 22%
c - 498.58 188 106 52 238 108438 10 2440901 74788 2.4 39 16 1 4 8% 125 481159 39101 22%
c - 502.34 189 107 52 239 109814 10 2456329 76137 2.4 40 17 1 4 8% 125 481159 39101 22%
c - 506.16 189 106 52 240 111054 10 2471789 77156 2.4 41 17 1 4 9% 125 481159 39101 22%
c - 509.75 189 108 52 241 112341 10 2487281 77851 2.4 42 17 1 4 9% 125 481159 39101 22%
c - 513.27 189 109 52 242 113480 10 2502807 78578 2.5 42 17 1 4 9% 125 481159 39101 22%
c } 515.83 190 109 53 242 114040 9 2514327 89741 2.5 44 17 1 4 9% 125 481159 39101 22%
c [ 515.83 190 76 53 242 114040 1 2514327 89741 2.7 79 29 1 8 13% 125 481159 39101 22%
c W 516.29 182 76 53 242 114040 1 2514327 89741 2.7 79 29 1 8 13% 125 481159 39101 22%
c - 517.37 185 76 53 243 114042 1 2518364 79197 2.7 79 29 1 8 13% 125 481159 39101 22%
c - 520.64 186 76 53 244 114052 1 2533956 76818 2.7 79 29 1 8 13% 125 481159 39101 22%
c - 523.67 186 76 53 245 114057 1 2549577 73207 2.7 78 29 1 8 12% 125 481159 39101 22%
c u 524.17 187 76 53 245 114057 1 2550172 71875 2.7 78 29 1 8 12% 125 481159 39101 22%
c v 524.30 187 76 53 245 114057 1 2550172 68522 2.7 78 29 1 8 12% 125 481159 39101 22%
c w 524.51 187 76 53 245 114057 1 2550172 67232 2.7 78 29 1 8 12% 125 481159 39101 22%
c x 525.30 191 76 53 245 114057 1 2550172 67232 2.7 78 29 1 8 12% 125 481098 39101 22%
c
c seconds     switched       rate           size/glue  tier1   binary          remaining
c          MB   reductions      conflicts         size   tier2    irredundant
c           level      restarts        redundant     glue   trail         variables
c
c - 531.81 191 76 53 246 114066 1 2565230 67799 2.6 78 29 1 8 12% 125 481098 39101 22%
c - 534.93 192 75 53 247 114070 1 2580916 68727 2.7 78 29 1 8 12% 125 481098 39101 22%
c - 538.37 192 75 53 248 114070 1 2596632 68766 2.7 79 30 1 8 12% 125 481098 39101 22%
c o 538.91 192 75 53 248 114073 1 2599128 71243 2.7 79 30 1 8 12% 125 481098 39101 22%
c - 541.46 193 76 53 249 114080 1 2612381 69383 2.7 79 29 1 8 12% 125 481098 39101 22%
c - 544.73 193 76 53 250 114085 1 2628161 70009 2.7 79 30 1 8 12% 125 481098 39101 22%
c - 547.92 193 76 53 251 114094 1 2643972 69839 2.7 79 29 1 8 12% 125 481098 39101 22%
c I 548.91 193 76 53 251 114097 1 2648566 74396 2.7 79 30 1 8 12% 125 481098 39101 22%
c - 551.80 193 76 53 252 114100 1 2659815 70841 2.7 79 29 1 8 12% 125 481098 39101 22%
c - 555.68 194 76 53 253 114101 1 2675690 70937 2.7 80 29 1 8 12% 125 481098 39101 22%
c ] 558.43 194 76 54 253 114102 1 2686802 81909 2.7 80 29 1 8 12% 125 481098 39101 22%
c { 558.43 194 109 54 253 114102 9 2686802 81909 2.5 44 17 1 4 9% 125 481098 39101 22%
c - 559.18 194 108 54 254 114179 9 2691596 71279 2.6 44 17 1 4 9% 125 481098 39101 22%
c s 562.04 184 109 54 254 114404 8 2707049 86278 2.6 44 17 1 4 10% 125 481097 39101 22%
c e 562.10 186 109 54 254 114404 8 2707049 86278 2.6 44 17 1 4 10% 125 481046 39058 22%
c s 562.11 186 109 54 254 114404 8 2707049 86278 2.6 44 17 1 4 10% 125 481041 39058 22%
c - 562.23 186 109 54 255 114412 8 2707534 74116 2.6 44 17 1 4 10% 125 481041 39058 22%
c u 563.31 186 109 54 255 114458 8 2711416 77128 2.6 44 17 1 4 10% 125 481041 39058 22%
c v 563.43 186 109 54 255 114458 8 2711416 74487 2.6 44 17 1 4 10% 125 481041 39058 22%
c w 564.53 187 109 54 255 114458 8 2711416 71642 2.6 44 17 1 4 10% 125 481041 39058 22%
c
c seconds      switched       rate           size/glue  tier1   binary          remaining
c          MB    reductions      conflicts         size   tier2    irredundant
c            level      restarts        redundant     glue   trail         variables
c
c - 566.78 187 108 54 256 114661 8 2723503 72020 2.7 44 17 1 4 11% 125 481041 39058 22%
c - 569.46 188 107 54 257 114865 7 2739503 74993 2.7 45 16 1 4 11% 125 481041 39058 22%
c - 571.95 189 106 54 258 115087 7 2755534 76362 2.8 45 16 1 4 11% 125 481041 39058 22%
c - 575.26 189 106 54 259 115380 6 2771597 77661 2.8 45 16 1 4 12% 125 481041 39058 22%
c - 577.39 189 105 54 260 115618 6 2787690 79094 2.8 44 16 1 4 12% 125 481041 39058 22%
c - 579.69 190 103 54 261 116032 6 2803815 79561 2.9 44 15 1 4 11% 125 481041 39058 22%
c - 582.49 190 103 54 262 116503 6 2819971 79588 2.9 44 15 1 5 11% 125 481041 39058 22%
c o 584.19 190 103 54 262 116775 6 2829208 88335 2.9 44 15 1 5 11% 125 481041 39058 22%
c - 585.26 190 103 54 263 116927 5 2836158 80378 2.9 43 15 1 5 11% 125 481041 39058 22%
c } 586.65 190 103 55 263 117153 5 2845196 88984 2.9 43 15 1 5 11% 125 481041 39058 22%
c [ 586.65 190 76 55 263 117153 1 2845196 88984 2.7 80 29 1 8 12% 125 481041 39058 22%
c B 586.65 190 76 55 263 117153 1 2845196 88984 2.7 80 29 1 8 12% 125 481041 39058 22%
c - 588.26 191 76 55 264 117158 1 2852375 80070 2.7 80 30 1 8 12% 125 481041 39058 22%
c - 591.77 191 76 55 265 117166 1 2868623 76489 2.6 79 30 1 8 12% 125 481041 39058 22%
c u 594.33 191 76 55 265 117167 1 2878105 84787 2.7 80 30 1 8 12% 125 481041 39058 22%
c v 594.51 191 76 55 265 117167 1 2878105 80358 2.7 80 30 1 8 12% 125 481041 39058 22%
c w 596.55 194 76 55 265 117167 1 2878105 80297 2.7 80 30 1 8 12% 125 481041 39058 22%
c - 598.34 194 77 55 266 117173 1 2884901 70243 2.7 80 30 1 8 12% 125 481041 39058 22%
c - 602.58 177 77 55 267 117181 1 2901211 70562 2.7 80 30 1 8 12% 125 481041 39058 22%
c - 606.84 178 77 55 268 117183 1 2917551 71246 2.7 81 30 1 8 13% 125 481041 39058 22%
c
c seconds     switched       rate           size/glue  tier1   binary          remaining
c          MB   reductions      conflicts         size   tier2    irredundant
c           level      restarts        redundant     glue   trail         variables
c
c - 611.78 179 77 55 269 117189 1 2933922 71497 2.7 81 30 1 8 13% 125 481041 39058 22%
c - 616.16 180 78 55 270 117197 1 2950323 71896 2.7 81 30 1 8 14% 125 481041 39058 22%
c ] 617.34 180 78 56 270 117198 1 2954043 75581 2.8 82 30 1 8 14% 125 481041 39058 22%
c { 617.34 180 103 56 270 117198 5 2954043 75581 2.9 43 15 1 5 11% 125 481041 39058 22%
c - 620.21 185 104 56 271 118564 6 2966754 73858 2.8 43 15 1 5 11% 125 481041 39058 22%
c - 624.34 187 103 56 272 120661 7 2983216 76541 2.7 43 16 1 5 11% 125 481041 39058 22%
c - 628.11 187 104 56 273 122435 8 2999709 78178 2.6 42 16 1 5 10% 125 481041 39058 22%
c - 632.02 188 104 56 274 124076 8 3016232 79798 2.6 42 16 1 5 10% 125 481041 39058 22%
c - 636.00 188 106 56 275 125615 9 3032785 81104 2.6 43 17 1 4 10% 125 481041 39058 22%
c - 639.54 189 106 56 276 126679 8 3049368 82336 2.6 44 17 1 4 10% 125 481041 39058 22%
c u 640.05 189 105 56 276 126704 8 3050240 81559 2.6 44 17 1 4 10% 125 481041 39058 22%
c v 640.25 189 105 56 276 126704 8 3050240 76643 2.6 44 17 1 4 10% 125 481041 39058 22%
c w 640.63 189 105 56 276 126704 8 3050240 74008 2.6 44 17 1 4 10% 125 481041 39058 22%
c - 644.20 189 106 56 277 127757 8 3065982 76621 2.6 44 17 1 4 10% 125 481041 39058 22%
c o 645.16 189 106 56 277 127980 8 3069241 79739 2.6 44 17 1 4 10% 125 481041 39058 22%
c - 648.25 189 106 56 278 129047 9 3082626 79167 2.6 44 17 1 4 10% 125 481041 39058 22%
c - 651.93 189 107 56 279 130375 9 3099301 80538 2.6 45 17 1 4 10% 125 481041 39058 22%
c - 655.89 190 108 56 280 131742 9 3116004 81654 2.6 45 17 1 4 10% 125 481041 39058 22%
c } 657.38 190 108 57 280 132102 9 3123385 88751 2.6 46 17 1 4 10% 125 481041 39058 22%
c [ 657.38 190 78 57 280 132102 1 3123385 88751 2.8 82 30 1 8 14% 125 481041 39058 22%
c
c seconds     switched       rate           size/glue  tier1   binary          remaining
c          MB   reductions      conflicts         size   tier2    irredundant
c           level      restarts        redundant     glue   trail         variables
c
c W 658.21 182 78 57 280 132102 1 3123385 88751 2.8 82 30 1 8 14% 125 481041 39058 22%
c - 661.53 185 78 57 281 132108 1 3132738 80774 2.8 83 30 1 7 14% 125 481041 39058 22%
c - 665.81 186 78 57 282 132116 1 3149501 78288 2.8 83 30 1 7 14% 125 481041 39058 22%
c - 669.46 187 77 57 283 132123 1 3166294 75806 2.8 82 30 1 7 13% 125 481041 39058 22%
c - 673.96 188 77 57 284 132131 1 3183117 75375 2.8 82 30 1 7 13% 125 481041 39058 22%
c - 678.37 188 76 57 285 132132 1 3199969 75599 2.8 83 30 1 7 14% 125 481041 39058 22%
c - 682.09 188 76 57 286 132139 1 3216852 75284 2.8 83 30 1 7 13% 125 481041 39058 22%
c u 685.13 189 76 57 286 132146 1 3227875 84719 2.8 83 30 1 7 13% 125 481041 39058 22%
c v 685.26 189 76 57 286 132146 1 3227875 82050 2.8 83 30 1 7 13% 125 481041 39058 22%
c w 688.69 190 76 57 286 132146 1 3227875 81792 2.8 83 30 1 7 13% 125 481041 39058 22%
c - 690.34 191 76 57 287 132147 1 3233763 72532 2.8 83 29 1 7 13% 125 481041 39058 22%
c - 694.36 191 76 57 288 132154 1 3250704 73234 2.8 82 29 1 7 13% 125 481041 39058 22%
c - 698.57 191 76 57 289 132162 1 3267676 73312 2.8 81 29 1 7 13% 125 481041 39058 22%
c O 701.28 191 76 57 289 132163 1 3278746 84267 2.7 81 30 1 7 13% 125 481041 39058 22%
c - 702.47 191 76 57 290 132163 1 3284677 73379 2.7 80 30 1 7 13% 125 481041 39058 22%
c ] 702.92 191 76 58 290 132163 1 3287271 75942 2.7 80 29 1 7 13% 125 481041 39058 22%
c { 702.92 191 108 58 290 132163 9 3287271 75942 2.6 46 17 1 4 10% 125 481041 39058 22%
c - 706.01 192 108 58 291 132915 8 3301706 75621 2.6 46 17 1 4 10% 125 481041 39058 22%
c - 709.84 193 108 58 292 133704 8 3318764 78583 2.7 47 17 1 4 10% 125 481041 39058 22%
c o 709.95 193 108 58 292 133724 8 3319242 79056 2.7 47 17 1 4 10% 125 481041 39058 22%
c
c seconds      switched       rate           size/glue  tier1   binary          remaining
c          MB    reductions      conflicts         size   tier2    irredundant
c            level      restarts        redundant     glue   trail         variables
c
c - 713.62 193 107 58 293 134562 8 3335855 80252 2.8 48 18 1 4 11% 125 481041 39058 22%
c - 717.04 193 105 58 294 135427 8 3352973 81306 2.8 49 17 1 4 11% 125 481041 39058 22%
c - 721.11 194 106 58 295 136348 7 3370121 82275 2.8 49 18 1 4 11% 125 481041 39058 22%
c - 725.55 194 107 58 296 137405 7 3387296 83336 2.8 50 18 1 4 11% 125 481041 39058 22%
c - 729.40 194 107 58 297 138250 7 3404501 84273 2.9 50 18 1 4 11% 125 481041 39058 22%
c u 731.43 194 108 58 297 138669 7 3411037 88934 2.8 50 18 1 4 11% 125 481041 39058 22%
c v 731.66 194 108 58 297 138669 7 3411037 83384 2.8 50 18 1 4 11% 125 481041 39058 22%
c w 733.74 194 108 58 297 138669 7 3411037 80578 2.8 50 18 1 4 11% 125 481041 39058 22%
c - 736.43 194 107 58 298 139199 7 3421734 77459 2.9 50 18 1 4 11% 125 481041 39058 22%
c - 740.35 195 107 58 299 139996 7 3438996 79936 2.9 51 18 1 4 11% 125 481041 39058 22%
c - 744.19 195 110 58 300 141057 7 3456287 81891 2.9 51 18 1 4 11% 125 481041 39058 22%
c } 746.78 195 109 59 300 141471 7 3467900 93297 2.9 52 18 1 4 11% 125 481041 39058 22%
c [ 746.78 195 76 59 300 141471 1 3467900 93297 2.7 80 29 1 7 13% 125 481041 39058 22%
c B 746.79 195 76 59 300 141471 1 3467900 93297 2.7 80 29 1 7 13% 125 481041 39058 22%
c - 748.11 195 76 59 301 141475 1 3473608 82441 2.7 80 30 1 7 13% 125 481041 39058 22%
c - 753.11 179 76 59 302 141484 1 3490958 80832 2.7 81 30 1 7 13% 125 481041 39058 22%
c - 757.44 180 77 59 303 141491 1 3508336 78681 2.8 83 30 1 7 13% 125 481041 39058 22%
c - 760.99 181 77 59 304 141500 1 3525743 78245 2.7 81 30 1 7 13% 125 481041 39058 22%
c - 765.16 182 77 59 305 141501 1 3543178 77846 2.7 81 30 1 7 13% 125 481041 39058 22%
c - 769.51 183 77 59 306 141508 1 3560642 78185 2.7 80 30 1 7 13% 125 481041 39058 22%
c
c seconds     switched       rate           size/glue  tier1   binary          remaining
c          MB   reductions      conflicts         size   tier2    irredundant
c           level      restarts        redundant     glue   trail         variables
c
c - 774.49 184 77 59 307 141516 1 3578134 78989 2.8 81 29 1 7 13% 125 481041 39058 22%
c o 776.99 184 77 59 307 141520 1 3587529 88349 2.8 81 29 1 7 13% 125 481041 39058 22%
c - 778.77 184 78 59 308 141523 1 3595656 78891 2.8 81 29 1 7 14% 125 481041 39058 22%
c u 780.11 185 78 59 308 141526 1 3599756 81634 2.8 81 29 1 7 14% 125 481041 39058 22%
c v 780.24 185 78 59 308 141526 1 3599756 78888 2.8 81 29 1 7 14% 125 481041 39058 22%
c w 781.98 185 78 59 308 141526 1 3599756 77199 2.8 81 29 1 7 14% 125 481041 39058 22%
c - 785.02 186 78 59 309 141531 1 3613205 75017 2.8 81 29 1 7 14% 125 481041 39058 22%
c - 789.59 186 77 59 310 141532 1 3630783 75573 2.8 81 29 1 7 14% 125 481041 39058 22%
c ] 790.78 186 78 60 310 141533 1 3634972 79694 2.8 81 29 1 7 14% 125 481041 39058 22%
c { 790.78 186 109 60 310 141533 7 3634972 79694 2.9 52 18 1 4 11% 125 481041 39058 22%
c - 793.58 189 109 60 311 142049 7 3648390 77859 2.9 52 18 1 4 11% 125 481041 39058 22%
c - 797.52 190 107 60 312 142802 7 3666025 80424 3.0 52 18 1 4 11% 125 481041 39058 22%
c - 801.92 190 108 60 313 143775 7 3683688 81810 3.0 52 18 1 4 11% 125 481041 39058 22%
c - 806.24 191 108 60 314 144660 7 3701380 83168 3.0 52 18 1 4 11% 125 481041 39058 22%
c - 810.64 191 107 60 315 145507 7 3719101 84191 3.0 53 18 1 4 12% 125 481041 39058 22%
c - 814.92 191 108 60 316 146716 7 3736851 85127 2.9 52 18 1 4 11% 125 481041 39058 22%
c - 818.86 192 108 60 317 147474 7 3754627 86130 3.0 53 18 1 4 12% 125 481041 39058 22%
c - 822.33 192 106 60 318 147970 6 3772431 86632 3.0 54 18 1 4 12% 125 481041 39058 22%
c - 826.25 192 106 60 319 148625 6 3790264 87473 3.1 54 18 1 4 12% 125 481041 39058 22%
c u 827.31 192 105 60 319 148625 6 3794055 89311 3.1 54 17 1 4 12% 125 481041 39058 22%
c
c seconds      switched       rate           size/glue  tier1   binary          remaining
c          MB    reductions      conflicts         size   tier2    irredundant
c            level      restarts        redundant     glue   trail         variables
c
c v 827.47 192 105 60 319 148625 6 3794055 84061 3.1 54 17 1 4 12% 125 481041 39058 22%
c w 828.82 192 105 60 319 148625 6 3794055 81540 3.1 54 17 1 4 12% 125 481041 39058 22%
c - 831.93 193 105 60 320 149314 6 3808124 80727 3.1 54 17 1 4 12% 125 481041 39058 22%
c - 836.04 193 104 60 321 150276 6 3826013 83341 3.1 54 17 1 4 12% 125 481041 39058 22%
c } 836.25 193 104 61 321 150276 6 3827225 84544 3.1 54 17 1 4 12% 125 481041 39058 22%
c [ 836.25 193 78 61 321 150276 1 3827225 84544 2.8 81 29 1 7 14% 125 481041 39058 22%
c W 837.63 183 78 61 321 150276 1 3827225 84544 2.8 81 29 1 7 14% 125 481041 39058 22%
c - 842.07 185 77 61 322 150286 1 3843932 82752 2.8 82 29 1 7 13% 125 481041 39058 22%
c o 846.47 186 77 61 322 150291 1 3860125 98818 2.7 82 30 1 7 13% 125 481041 39058 22%
c - 846.89 187 77 61 323 150292 1 3861877 79938 2.7 82 30 1 7 13% 125 481041 39058 22%
c - 850.64 188 76 61 324 150303 1 3879851 79353 2.8 82 30 1 7 13% 125 481041 39058 22%
c - 854.30 189 76 61 325 150306 1 3897851 78798 2.7 82 30 1 7 13% 125 481041 39058 22%
c - 857.86 189 75 61 326 150311 1 3915879 78678 2.7 80 30 1 7 12% 125 481041 39058 22%
c - 861.92 190 75 61 327 150320 1 3933936 79224 2.7 79 29 1 7 12% 125 481041 39058 22%
c - 866.05 190 75 61 328 150328 1 3952019 79713 2.7 78 29 1 7 12% 125 481041 39058 22%
c - 870.44 191 75 61 329 150336 1 3970129 79966 2.6 78 29 1 7 12% 125 481041 39058 22%
c - 874.14 191 75 61 330 150337 1 3988267 79426 2.6 77 29 1 7 12% 125 481041 39058 22%
c u 876.19 183 75 61 330 150338 1 3993963 83951 2.6 77 29 1 7 13% 125 481041 39058 22%
c v 876.31 183 75 61 330 150338 1 3993963 81903 2.6 77 29 1 7 13% 125 481041 39058 22%
c w 878.48 185 75 61 330 150338 1 3993963 79935 2.6 77 29 1 7 13% 125 481041 39058 22%
c
c seconds     switched       rate           size/glue  tier1   binary          remaining
c          MB   reductions      conflicts         size   tier2    irredundant
c           level      restarts        redundant     glue   trail         variables
c
c x 879.32 191 75 61 330 150338 1 3993963 79933 2.6 77 29 1 7 13% 125 481021 39058 22%
c e 879.48 191 75 61 330 150338 1 3993963 79933 2.6 77 29 1 7 13% 125 481011 39042 22%
c I 881.48 192 75 61 330 150338 1 4004878 90610 2.6 76 29 1 7 12% 125 481011 39042 22%
c - 881.84 192 75 61 331 150338 1 4006432 75550 2.6 76 29 1 7 13% 125 481011 39042 22%
c ] 885.47 193 74 62 331 150338 1 4017545 86527 2.7 77 29 1 7 13% 125 481011 39042 22%
c { 885.47 193 104 62 331 150338 6 4017545 86527 3.1 54 17 1 4 12% 125 481011 39042 22%
c - 886.88 194 104 62 332 150845 6 4024626 77893 3.1 53 17 1 4 12% 125 481011 39042 22%
c - 891.23 195 106 62 333 151829 6 4042847 81227 3.0 53 17 1 4 12% 125 481011 39042 22%
c - 895.58 195 106 62 334 152993 7 4061095 83777 3.0 53 18 1 4 12% 125 481011 39042 22%
c - 899.94 195 106 62 335 153853 6 4079370 85101 3.0 53 18 1 4 12% 125 481011 39042 22%
c - 904.81 196 106 62 336 154821 6 4097673 86386 3.0 53 18 1 4 12% 125 481011 39042 22%
c - 908.79 196 105 62 337 155718 6 4116004 87615 3.0 53 18 1 4 12% 125 481011 39042 22%
c - 913.21 186 105 62 338 156844 7 4134361 88182 3.0 53 18 1 4 12% 125 481011 39042 22%
c o 914.73 186 105 62 338 157195 7 4140208 93843 3.0 53 18 1 4 12% 125 481011 39042 22%
c - 917.60 187 106 62 339 157831 7 4152746 89007 3.0 54 18 1 4 12% 125 481011 39042 22%
c - 921.63 188 104 62 340 158756 7 4171159 89656 3.0 54 18 1 4 12% 125 481011 39042 22%
c - 926.27 189 105 62 341 159889 7 4189598 90329 3.0 54 18 1 4 12% 125 481011 39042 22%
c u 928.68 189 105 62 341 160369 7 4199505 97635 3.0 54 18 1 4 12% 125 481011 39042 22%
c v 928.89 189 105 62 341 160369 7 4199505 91763 3.0 54 18 1 4 12% 125 481011 39042 22%
c w 931.76 189 105 62 341 160369 7 4199505 88342 3.0 54 18 1 4 12% 125 481011 39042 22%
c
c seconds      switched       rate           size/glue  tier1   binary          remaining
c          MB    reductions      conflicts         size   tier2    irredundant
c            level      restarts        redundant     glue   trail         variables
c
c - 934.65 191 105 62 342 160866 7 4208064 82500 3.0 54 18 1 4 12% 125 481011 39042 22%
c } 937.38 191 106 63 342 161660 7 4221754 95625 3.0 53 18 1 4 11% 125 481011 39042 22%
c [ 937.38 191 74 63 342 161660 1 4221754 95625 2.7 77 29 1 7 13% 125 481011 39042 22%
c B 937.38 191 74 63 342 161660 1 4221754 95625 2.7 77 29 1 7 13% 125 481011 39042 22%
c - 938.46 191 74 63 343 161663 1 4226558 84894 2.7 77 29 1 7 13% 125 481011 39042 22%
c - 942.31 191 75 63 344 161673 1 4245078 84664 2.7 76 29 1 7 13% 125 481011 39042 22%
c - 947.10 191 75 63 345 161681 1 4263626 82809 2.7 76 28 1 7 13% 125 481011 39042 22%
c - 951.55 192 75 63 346 161689 1 4282201 82282 2.7 77 29 1 7 13% 125 481011 39042 22%
c - 955.40 192 75 63 347 161690 1 4300803 81226 2.6 77 29 1 7 13% 125 481011 39042 22%
c - 959.78 192 76 63 348 161700 1 4319431 81221 2.6 76 29 1 7 13% 125 481011 39042 22%
c - 963.77 192 76 63 349 161706 1 4338085 82128 2.6 76 29 1 7 13% 125 481011 39042 22%
c - 968.30 193 77 63 350 161718 1 4356766 82104 2.6 77 29 1 7 13% 125 481011 39042 22%
c - 972.26 193 77 63 351 161721 1 4375474 82094 2.6 77 30 1 7 13% 125 481011 39042 22%
c - 977.91 193 77 63 352 161722 1 4394209 82066 2.6 78 30 1 7 13% 125 481011 39042 22%
c u 983.32 194 77 63 352 161722 1 4410709 97420 2.6 80 31 1 7 13% 125 481011 39042 22%
c v 983.46 194 77 63 352 161722 1 4410709 95474 2.6 80 31 1 7 13% 125 481011 39042 22%
c w 987.95 199 77 63 352 161722 1 4410709 95236 2.6 80 31 1 7 13% 125 481011 39042 22%
c - 988.52 178 77 63 353 161722 1 4412970 79901 2.6 81 32 1 7 13% 125 481011 39042 22%
c W 989.62 183 77 63 353 161722 1 4414894 81803 2.6 81 32 1 7 13% 125 481011 39042 22%
c ] 991.93 185 77 64 353 161728 1 4426696 93447 2.6 80 31 1 7 13% 125 481011 39042 22%
c
c seconds      switched       rate           size/glue  tier1   binary          remaining
c          MB    reductions      conflicts         size   tier2    irredundant
c            level      restarts        redundant     glue   trail         variables
c
c { 991.93 185 106 64 353 161728 7 4426696 93447 3.0 53 18 1 4 11% 125 481011 39042 22%
c o 992.67 188 105 64 353 161893 7 4430211 96839 3.0 53 18 1 4 11% 125 481011 39042 22%
c - 992.94 188 105 64 354 161913 7 4431758 80785 3.0 53 18 1 4 11% 125 481011 39042 22%
c - 996.80 191 104 64 355 162750 6 4450572 83438 3.0 54 18 1 4 11% 125 481011 39042 22%
c - 1001.03 191 105 64 356 163615 6 4469413 85755 3.0 54 18 1 4 11% 125 481011 39042 22%
c - 1004.99 192 104 64 357 164405 6 4488280 87183 3.0 54 18 1 4 11% 125 481011 39042 22%
c - 1009.52 193 104 64 358 165192 6 4507177 88495 3.0 54 18 1 4 12% 125 481011 39042 22%
c - 1013.46 193 103 64 359 166121 6 4526098 89471 3.0 54 18 1 4 11% 125 481011 39042 22%
c - 1017.84 193 103 64 360 166818 6 4545045 89776 3.1 55 18 1 4 12% 125 481011 39042 22%
c - 1022.41 194 103 64 361 167929 6 4564019 90832 3.0 54 18 1 4 12% 125 481011 39042 22%
c - 1026.58 194 103 64 362 168997 6 4583020 91795 3.0 54 18 1 4 11% 125 481011 39042 22%
c - 1030.59 194 103 64 363 169783 6 4602046 92309 3.0 54 18 1 4 11% 125 481011 39042 22%
c - 1035.11 194 104 64 364 170944 6 4621099 92756 3.0 53 18 1 4 11% 125 481011 39042 22%
c u 1037.05 194 104 64 364 171367 6 4627604 96744 3.0 53 18 1 4 11% 125 481011 39042 22%
c v 1037.26 194 104 64 364 171367 6 4627604 90961 3.0 53 18 1 4 11% 125 481011 39042 22%
c w 1039.54 194 104 64 364 171367 6 4627604 88030 3.0 53 18 1 4 11% 125 481011 39042 22%
c - 1042.28 194 104 64 365 171968 6 4640177 85186 3.0 54 18 1 4 11% 125 481011 39042 22%
c } 1042.85 194 104 65 365 172103 6 4643194 88057 3.0 53 18 1 4 11% 125 481011 39042 22%
c [ 1042.85 194 77 65 365 172103 1 4643194 88057 2.6 80 31 1 7 13% 125 481011 39042 22%
c O 1042.85 194 77 65 365 172103 1 4643194 88057 2.6 80 31 1 7 13% 125 481011 39042 22%
c
c  seconds     switched       rate           size/glue  tier1   binary          remaining
c           MB   reductions      conflicts         size   tier2    irredundant
c            level      restarts        redundant     glue   trail         variables
c
c - 1045.79 195 77 65 366 172112 1 4659281 86130 2.5 78 31 1 7 12% 125 481011 39042 22%
c - 1050.17 195 77 65 367 172120 1 4678412 85040 2.6 79 30 1 7 13% 125 481011 39042 22%
c - 1055.21 195 77 65 368 172131 1 4697569 84315 2.6 80 31 1 7 13% 125 481011 39042 22%
c - 1059.49 195 77 65 369 172133 1 4716753 84209 2.6 79 30 1 7 13% 125 481011 39042 22%
c o 1063.54 196 77 65 369 172139 1 4732060 99336 2.7 80 30 1 7 13% 125 481011 39042 22%
c - 1064.38 196 77 65 370 172140 1 4735963 84190 2.7 80 30 1 7 13% 125 481011 39042 22%
c - 1068.26 196 77 65 371 172148 1 4755198 84339 2.7 80 30 1 7 13% 125 481011 39042 22%
c - 1072.23 196 76 65 372 172158 1 4774460 84207 2.7 79 29 1 7 13% 125 481011 39042 22%
c - 1077.04 196 77 65 373 172164 1 4793747 84409 2.7 80 30 1 7 13% 125 481011 39042 22%
c - 1083.11 196 77 65 374 172165 1 4813060 84307 2.7 82 30 1 7 13% 125 481011 39042 22%
c - 1088.35 178 77 65 375 172165 1 4832399 83934 2.8 83 30 1 7 13% 125 481011 39042 22%
c ] 1091.94 179 77 66 375 172169 1 4845993 97456 2.8 84 30 1 7 13% 125 481011 39042 22%
c { 1091.94 179 104 66 375 172169 6 4845993 97456 3.0 53 18 1 4 11% 125 481011 39042 22%
c u 1093.22 184 103 66 375 172218 6 4850215 100439 3.0 53 18 1 4 11% 125 481011 39042 22%
c v 1093.35 185 103 66 375 172218 6 4850215 98209 3.0 53 18 1 4 11% 125 481011 39042 22%
c w 1097.62 189 103 66 375 172218 6 4850215 98021 3.0 53 18 1 4 11% 125 481011 39042 22%
c - 1098.09 189 103 66 376 172231 6 4851763 81816 3.0 53 18 1 4 11% 125 481011 39042 22%
c - 1102.74 193 101 66 377 172430 6 4871154 85432 3.1 54 18 1 4 11% 125 481011 39042 22%
c - 1106.81 194 100 66 378 172693 5 4890573 88287 3.1 54 17 1 4 12% 125 481011 39042 22%
c - 1110.73 195 102 66 379 173088 5 4910016 90235 3.1 53 17 1 3 11% 125 481011 39042 22%
c
c  seconds      switched       rate           size/glue  tier1   binary          remaining
c           MB    reductions      conflicts         size   tier2    irredundant
c             level      restarts        redundant     glue   trail         variables
c
c - 1114.58 196 101 66 380 173354 5 4929483 91600 3.2 54 17 1 3 12% 125 481011 39042 22%
c - 1118.76 196 101 66 381 173897 5 4948976 92877 3.2 53 17 1 3 11% 125 481011 39042 22%
c - 1123.17 196 101 66 382 174617 5 4968495 94221 3.1 51 17 1 3 11% 125 481011 39042 22%
c - 1127.32 197 100 66 383 175217 5 4988039 95166 3.1 51 16 1 3 11% 125 481011 39042 22%
c - 1131.75 197 100 66 384 176085 5 5007609 95995 3.0 50 16 1 3 11% 125 481011 39042 22%
c - 1136.37 197 100 66 385 176760 5 5027204 97327 3.0 49 16 1 3 11% 125 481011 39042 22%
c o 1139.30 187 99 66 385 177293 5 5042115 111299 3.0 48 16 1 3 10% 125 481011 39042 22%
c - 1140.19 188 99 66 386 177473 5 5046826 98553 3.0 48 16 1 3 10% 125 481011 39042 22%
c - 1144.17 189 99 66 387 178474 5 5066473 99489 2.9 47 16 1 3 10% 125 481011 39042 22%
c } 1145.94 190 99 67 387 178862 5 5075108 107602 2.9 47 16 1 3 10% 125 481011 39042 22%
c [ 1145.94 190 77 67 387 178862 1 5075108 107602 2.8 84 30 1 7 13% 125 481011 39042 22%
c B 1145.94 190 77 67 387 178862 1 5075108 107602 2.8 84 30 1 7 13% 125 481011 39042 22%
c u 1147.20 190 77 67 387 178864 1 5078570 107542 2.8 84 30 1 7 13% 125 481011 39042 22%
c v 1147.42 190 77 67 387 178864 1 5078570 101701 2.8 84 30 1 7 13% 125 481011 39042 22%
c w 1150.93 191 77 67 387 178864 1 5078570 100046 2.8 84 30 1 7 13% 125 481011 39042 22%
c - 1152.76 191 77 67 388 178868 1 5086146 90462 2.8 83 30 1 7 13% 125 481011 39042 22%
c - 1156.62 191 77 67 389 178876 1 5105843 88806 2.7 81 30 1 7 13% 125 481011 39042 22%
c - 1161.01 192 76 67 390 178887 1 5125566 87069 2.7 80 30 1 7 12% 125 481011 39042 22%
c - 1165.69 192 76 67 391 178892 1 5145314 86928 2.7 80 30 1 7 12% 125 481011 39042 22%
c - 1170.58 193 76 67 392 178898 1 5165087 86629 2.6 80 30 1 7 12% 125 481011 39042 22%
c
c  seconds     switched       rate           size/glue  tier1   binary          remaining
c           MB   reductions      conflicts         size   tier2    irredundant
c            level      restarts        redundant     glue   trail         variables
c
c - 1174.87 193 76 67 393 178907 1 5184886 86903 2.6 80 30 1 7 12% 125 481011 39042 22%
c - 1178.61 193 76 67 394 178916 1 5204711 87168 2.7 79 30 1 7 12% 125 481011 39042 22%
c - 1182.57 194 76 67 395 178923 1 5224561 87137 2.6 78 30 1 7 12% 125 481011 39042 22%
c - 1186.25 194 75 67 396 178924 1 5244435 86654 2.6 77 30 1 7 11% 125 481011 39042 22%
c - 1190.11 194 75 67 397 178924 1 5264335 85129 2.5 76 30 1 7 11% 125 481011 39042 22%
c - 1196.13 195 75 67 398 178931 1 5284260 86457 2.6 77 29 1 7 12% 125 481011 39042 22%
c W 1199.35 184 76 67 398 178937 1 5292390 94467 2.6 77 29 1 7 12% 125 481011 39042 22%
c - 1202.36 187 76 67 399 178939 1 5304210 87746 2.6 77 29 1 7 12% 125 481011 39042 22%
c ] 1202.99 187 76 68 399 178940 1 5306600 90115 2.6 77 29 1 7 12% 125 481011 39042 22%
c { 1202.99 187 99 68 399 178940 5 5306600 90115 2.9 47 16 1 3 10% 125 481011 39042 22%
c u 1204.57 189 99 68 399 179626 6 5312671 94987 2.8 47 16 1 3 10% 125 481011 39042 22%
c v 1204.66 189 99 68 399 179626 6 5312671 93589 2.8 47 16 1 3 10% 125 481011 39042 22%
c w 1207.26 190 99 68 399 179626 6 5312671 90402 2.8 47 16 1 3 10% 125 481011 39042 22%
c - 1209.89 191 98 68 400 180602 6 5324185 86208 2.8 47 17 1 3 10% 125 481011 39042 22%
c - 1215.33 192 98 68 401 182054 7 5344186 90020 2.8 47 17 1 3 10% 125 481011 39042 22%
c o 1219.34 192 99 68 401 183689 7 5363878 108890 2.7 46 17 1 3 10% 125 481011 39042 22%
c - 1219.48 192 100 68 402 183690 7 5364210 92702 2.7 46 17 1 3 10% 125 481011 39042 22%
c - 1224.31 193 102 68 403 184960 7 5384260 94732 2.7 47 17 1 3 10% 125 481011 39042 22%
c - 1229.10 193 102 68 404 186075 7 5404335 95901 2.8 48 17 1 3 10% 125 481011 39042 22%
c - 1233.77 194 101 68 405 187534 7 5424435 96703 2.8 48 17 1 3 10% 125 481011 39042 22%
c
c  seconds      switched       rate           size/glue  tier1   binary          remaining
c           MB    reductions      conflicts         size   tier2    irredundant
c             level      restarts        redundant     glue   trail         variables
c
c - 1238.54 194 101 68 406 189135 8 5444559 97412 2.8 49 18 1 3 10% 125 481011 39042 22%
c - 1243.22 194 102 68 407 190580 8 5464709 98561 2.7 49 18 1 3 10% 125 481011 39042 22%
c - 1247.45 194 102 68 408 191652 8 5484883 99494 2.8 50 18 1 3 10% 125 481011 39042 22%
c - 1252.39 195 102 68 409 192848 7 5505083 100143 2.8 50 18 1 3 11% 125 481011 39042 22%
c - 1256.80 195 101 68 410 193887 7 5525306 100401 2.8 51 18 1 3 11% 125 481011 39042 22%
c - 1261.87 195 101 68 411 194843 7 5545554 100925 2.9 52 18 1 3 11% 125 481011 39042 22%
c } 1262.59 195 102 69 411 194974 7 5548659 103974 2.9 52 18 1 3 11% 125 481011 39042 22%
c [ 1262.59 195 76 69 411 194974 1 5548659 103974 2.6 77 29 1 7 12% 125 481011 39042 22%
c I 1262.60 195 76 69 411 194974 1 5548659 103974 2.6 77 29 1 7 12% 125 481011 39042 22%
c u 1264.18 195 76 69 411 194976 1 5552568 105072 2.6 77 29 1 7 12% 125 481011 39042 22%
c v 1264.36 195 76 69 411 194976 1 5552568 99526 2.6 77 29 1 7 12% 125 481011 39042 22%
c w 1267.43 196 76 69 411 194976 1 5552568 95607 2.6 77 29 1 7 12% 125 481011 39042 22%
c - 1271.04 196 76 69 412 194984 1 5565829 90379 2.6 79 30 1 7 13% 125 481011 39042 22%
c - 1275.25 197 76 69 413 194992 1 5586126 89734 2.6 78 30 1 7 12% 125 481011 39042 22%
c - 1279.50 197 76 69 414 195003 1 5606448 89485 2.6 77 30 1 7 12% 125 481011 39042 22%
c - 1284.06 197 76 69 415 195004 1 5626796 89385 2.6 78 30 1 7 12% 125 481011 39042 22%
c - 1288.60 178 75 69 416 195014 1 5647167 89265 2.6 78 30 1 7 12% 125 481011 39042 22%
c - 1293.21 178 76 69 417 195022 1 5667563 89566 2.5 79 31 1 7 12% 125 481011 39042 22%
c - 1297.45 182 76 69 418 195033 1 5687983 90097 2.6 78 30 1 7 12% 125 481011 39042 22%
c o 1300.43 183 76 69 418 195035 1 5697005 99028 2.7 80 30 1 7 13% 125 481011 39042 22%
c
c  seconds     switched       rate           size/glue  tier1   binary          remaining
c           MB   reductions      conflicts         size   tier2    irredundant
c            level      restarts        redundant     glue   trail         variables
c
c - 1302.55 185 76 69 419 195035 1 5708429 90666 2.7 81 30 1 7 13% 125 481011 39042 22%
c - 1308.02 186 75 69 420 195036 1 5728898 90611 2.8 82 29 1 7 13% 125 481011 39042 22%
c - 1313.97 188 74 69 421 195039 1 5749392 90685 2.9 84 29 1 7 13% 125 481011 39042 22%
c - 1317.60 188 74 69 422 195050 1 5769911 90644 2.9 83 29 1 7 13% 125 481011 39042 22%
c B 1320.25 188 74 69 422 195054 1 5782626 103229 2.9 83 29 1 7 13% 125 481011 39042 22%
c - 1322.01 189 74 69 423 195058 1 5790453 89875 2.8 83 29 1 7 13% 125 481011 39042 22%
c u 1324.56 190 75 69 423 195064 1 5798264 96659 2.8 82 29 1 7 13% 125 481011 39042 22%
c v 1324.67 190 75 69 423 195064 1 5798264 95186 2.8 82 29 1 7 13% 125 481011 39042 22%
c w 1327.80 191 75 69 423 195064 1 5798264 92738 2.8 82 29 1 7 13% 125 481011 39042 22%
c ] 1328.61 191 75 70 423 195065 1 5800457 94906 2.8 82 29 1 7 13% 125 481011 39042 22%
c { 1328.61 191 102 70 423 195065 7 5800457 94906 2.9 52 18 1 3 11% 125 481011 39042 22%
c - 1330.47 192 103 70 424 195116 6 5811023 88621 3.0 52 18 1 3 11% 125 481011 39042 22%
c - 1334.36 194 104 70 425 195254 6 5831614 92969 3.0 52 17 1 3 12% 125 481011 39042 22%
c - 1338.47 195 105 70 426 195549 5 5852229 95988 3.1 52 17 1 3 13% 125 481011 39042 22%
c - 1342.33 195 104 70 427 195927 5 5872869 97477 3.1 51 17 1 3 12% 125 481011 39042 22%
c - 1345.94 196 102 70 428 196230 5 5893532 98293 3.1 50 16 1 3 12% 125 481011 39042 22%
c - 1349.74 197 100 70 429 196615 5 5914222 99535 3.1 49 16 1 3 13% 125 481011 39042 22%
c - 1353.31 197 99 70 430 197078 5 5934935 99915 3.0 48 16 1 3 12% 125 481011 39042 22%
c - 1356.82 198 99 70 431 197561 5 5955672 100490 3.0 47 16 1 3 12% 125 481011 39042 22%
c - 1360.28 198 98 70 432 197998 5 5976432 101517 3.0 46 15 1 3 12% 125 481011 39042 22%
c
c  seconds     switched       rate            size/glue  tier1   binary          remaining
c           MB   reductions      conflicts          size   tier2    irredundant
c            level      restarts        redundant      glue   trail         variables
c
c - 1364.07 198 98 70 433 198613 5 5997216 102041 3.0 46 15 1 3 12% 125 481011 39042 22%
c - 1367.92 198 97 70 434 199371 5 6018026 102617 3.0 45 15 1 3 12% 125 481011 39042 22%
c o 1371.25 198 97 70 434 200093 5 6037035 120870 2.9 44 15 1 3 12% 125 481011 39042 22%
c - 1371.66 198 97 70 435 200150 5 6038859 103395 2.9 44 15 1 4 12% 125 481011 39042 22%
c u 1374.38 199 97 70 435 200618 5 6049786 112048 2.9 43 15 1 4 12% 125 481011 39042 22%
c v 1374.67 199 97 70 435 200618 5 6049786 106106 2.9 43 15 1 4 12% 125 481011 39042 22%
c w 1376.44 199 97 70 435 200618 5 6049786 105136 2.9 43 15 1 4 12% 125 481011 39042 22%
c x 1377.41 202 97 70 435 200618 5 6049786 105134 2.9 43 15 1 4 12% 125 481005 39042 22%
c } 1378.86 190 97 71 435 200867 5 6055784 110896 2.9 43 15 1 4 12% 125 481005 39042 22%
c [ 1378.86 190 75 71 435 200867 1 6055784 110896 2.8 82 29 1 7 13% 125 481005 39042 22%
c W 1379.18 185 75 71 435 200867 1 6055784 110896 2.8 82 29 1 7 13% 125 481005 39042 22%
c - 1380.09 187 75 71 436 200869 1 6059715 96354 2.8 81 29 1 7 13% 125 481005 39042 22%
c - 1385.11 189 76 71 437 200881 1 6080595 95207 2.8 81 29 1 7 13% 125 481005 39042 22%
c - 1390.87 190 77 71 438 200889 1 6101499 92645 2.8 81 29 1 7 13% 125 481005 39042 22%
c - 1396.14 190 77 71 439 200897 1 6122427 92291 2.8 80 29 1 7 13% 125 481005 39042 22%
c - 1400.77 191 77 71 440 200901 1 6143380 92140 2.7 79 29 1 7 13% 125 481005 39042 22%
c - 1405.26 192 77 71 441 200912 1 6164356 91884 2.7 78 29 1 7 13% 125 481005 39042 22%
c - 1410.33 192 76 71 442 200921 1 6185356 91942 2.7 78 29 1 7 13% 125 481005 39042 22%
c - 1414.91 193 76 71 443 200928 1 6206379 91538 2.6 78 30 1 7 13% 125 481005 39042 22%
c - 1419.91 193 75 71 444 200929 1 6227427 90694 2.7 79 30 1 7 13% 125 481005 39042 22%
c
c  seconds     switched       rate           size/glue  tier1   binary          remaining
c           MB   reductions      conflicts         size   tier2    irredundant
c            level      restarts        redundant     glue   trail         variables
c
c - 1423.97 194 75 71 445 200929 1 6248498 90078 2.7 79 30 1 7 13% 125 481005 39042 22%
c ] 1425.98 194 75 72 445 200931 1 6255563 97083 2.7 79 30 1 7 13% 125 481005 39042 22%
c { 1425.98 194 97 72 445 200931 5 6255563 97083 2.9 43 15 1 4 12% 125 481005 39042 22%
c - 1429.09 196 97 72 446 202682 6 6269594 92652 2.8 43 15 1 4 11% 125 481005 39042 22%
c - 1434.09 197 97 72 447 205313 7 6290714 96616 2.7 42 16 1 4 11% 125 481005 39042 22%
c u 1439.43 186 98 72 447 207363 8 6307159 110981 2.6 42 16 1 4 10% 125 481005 39042 22%
c v 1439.60 186 98 72 447 207363 8 6307159 107084 2.6 42 16 1 4 10% 125 481005 39042 22%
c w 1444.10 190 98 72 447 207363 8 6307159 105812 2.6 42 16 1 4 10% 125 481005 39042 22%
c - 1445.50 190 100 72 448 207892 8 6311857 93943 2.6 42 16 1 4 10% 125 481005 39042 22%
c - 1450.58 192 100 72 449 209975 9 6333023 96806 2.6 43 17 1 4 10% 125 481005 39042 22%
c - 1455.63 192 100 72 450 211658 9 6354212 99053 2.6 44 17 1 4 10% 125 481005 39042 22%
c - 1460.90 193 101 72 451 213280 9 6375425 100592 2.6 45 17 1 3 10% 125 481005 39042 22%
c o 1463.38 193 101 72 451 213835 8 6387133 112053 2.7 46 17 1 3 10% 125 481005 39042 22%
c - 1465.89 193 100 72 452 214626 9 6396662 101690 2.7 47 18 1 3 10% 125 481005 39042 22%
c - 1471.29 194 100 72 453 215949 8 6417923 102777 2.7 48 18 1 3 10% 125 481005 39042 22%
c - 1476.16 194 100 72 454 217028 8 6439208 103559 2.8 49 18 1 3 11% 125 481005 39042 22%
c - 1481.18 194 99 72 455 218143 8 6460515 104066 2.8 50 18 1 3 11% 125 481005 39042 22%
c e 1483.32 195 99 72 455 218625 7 6470011 113326 2.8 51 18 1 3 11% 125 480981 39023 22%
c s 1483.33 195 99 72 455 218625 7 6470011 113326 2.8 51 18 1 3 11% 125 480959 39023 22%
c - 1486.20 195 100 72 456 219568 8 6481845 104711 2.8 51 18 1 3 11% 125 480959 39023 22%
c
c  seconds      switched       rate            size/glue  tier1   binary          remaining
c           MB    reductions      conflicts          size   tier2    irredundant
c             level      restarts        redundant      glue   trail         variables
c
c - 1491.23 195 100 72 457 220518 7 6503201 105186 2.9 52 18 1 3 11% 125 480959 39023 22%
c } 1496.77 196 101 73 457 221643 7 6524479 125920 2.9 53 18 1 3 11% 125 480959 39023 22%
c [ 1496.77 196 75 73 457 221643 1 6524479 125920 2.7 79 30 1 7 13% 125 480959 39023 22%
c O 1496.77 196 75 73 457 221643 1 6524479 125920 2.7 79 30 1 7 13% 125 480959 39023 22%
c - 1496.82 196 75 73 458 221643 1 6524579 106069 2.7 79 30 1 7 13% 125 480959 39023 22%
c - 1501.41 196 75 73 459 221656 1 6545979 104230 2.6 78 30 1 7 13% 125 480959 39023 22%
c - 1507.30 196 75 73 460 221664 1 6567404 100258 2.7 79 29 1 7 13% 125 480959 39023 22%
c u 1508.53 196 75 73 460 221665 1 6570413 100382 2.7 79 29 1 7 13% 125 480959 39023 22%
c v 1508.68 196 75 73 460 221665 1 6570413 96338 2.7 79 29 1 7 13% 125 480959 39023 22%
c w 1509.72 197 75 73 460 221665 1 6570413 94472 2.7 79 29 1 7 13% 125 480959 39023 22%
c = 1515.63 197 75 73 460 221665 1 6570413 94472 2.7 79 29 1 7 13% 135 480959 39018 22%
c d 1515.67 197 75 73 460 221665 1 6570413 94472 2.7 79 29 1 7 13% 125 480959 39018 22%
c u 1516.17 197 75 73 460 221665 1 6570413 94107 2.7 79 29 1 7 13% 125 480959 39018 22%
c v 1516.26 197 75 73 460 221665 1 6570413 93456 2.7 79 29 1 7 13% 125 480959 39018 22%
c w 1517.32 197 75 73 460 221665 1 6570413 92315 2.7 79 29 1 7 13% 125 480959 39018 22%
c - 1522.44 197 75 73 461 221672 1 6588851 91402 2.6 79 30 1 7 13% 125 480959 39018 22%
c - 1529.46 198 75 73 462 221676 1 6610322 92573 2.6 80 31 1 7 13% 125 480959 39018 22%
c - 1535.58 198 75 73 463 221688 1 6631818 93233 2.6 81 31 1 7 13% 125 480959 39018 22%
c - 1541.60 179 74 73 464 221697 1 6653336 92871 2.6 82 32 1 7 13% 125 480959 39018 22%
c - 1547.78 179 74 73 465 221704 1 6674876 92669 2.5 83 33 1 7 12% 125 480959 39018 22%
c
c  seconds     switched       rate           size/glue  tier1   binary          remaining
c           MB   reductions      conflicts         size   tier2    irredundant
c            level      restarts        redundant     glue   trail         variables
c
c - 1553.59 179 73 73 466 221705 1 6696440 92079 2.5 84 33 1 7 12% 125 480959 39018 22%
c - 1559.82 179 73 73 467 221705 1 6718028 91662 2.5 85 34 1 7 12% 125 480959 39018 22%
c - 1565.98 183 74 73 468 221716 1 6739639 92834 2.5 84 33 1 7 13% 125 480959 39018 22%
c o 1570.53 184 73 73 468 221724 1 6759293 112249 2.5 84 33 1 7 12% 125 480959 39018 22%
c - 1570.92 186 73 73 469 221725 1 6761272 93708 2.5 84 33 1 7 12% 125 480959 39018 22%
c ] 1571.75 187 73 74 469 221727 1 6765457 97853 2.6 83 33 1 7 12% 125 480959 39018 22%
c { 1571.75 187 101 74 469 221727 7 6765457 97853 2.9 53 18 1 3 11% 125 480959 39018 22%
c - 1575.92 191 100 74 470 222426 7 6782928 95918 3.0 54 18 1 3 12% 125 480959 39018 22%
c - 1581.60 193 100 74 471 223367 7 6804608 99093 3.0 54 18 1 3 12% 125 480959 39018 22%
c - 1586.79 194 100 74 472 224438 7 6826312 100845 3.0 54 18 1 3 12% 125 480959 39018 22%
c u 1590.59 194 100 74 472 225329 7 6839543 112643 3.0 54 18 1 3 12% 125 480959 39018 22%
c v 1590.72 194 100 74 472 225329 7 6839543 109763 3.0 54 18 1 3 12% 125 480959 39018 22%
c w 1595.07 195 100 74 472 225329 7 6839543 104192 3.0 54 18 1 3 12% 125 480959 39018 22%
c - 1596.45 195 99 74 473 225382 6 6848038 95340 3.1 55 18 1 3 12% 125 480959 39018 22%
c - 1601.42 195 100 74 474 226204 6 6869786 98437 3.1 55 18 1 3 12% 125 480959 39018 22%
c - 1606.55 196 99 74 475 226988 6 6891557 101312 3.2 56 17 1 3 12% 125 480959 39018 22%
c - 1611.85 196 100 74 476 228251 6 6913351 102865 3.2 55 18 1 3 12% 125 480959 39018 22%
c - 1617.13 196 100 74 477 229262 6 6935169 104067 3.2 55 17 1 3 12% 125 480959 39018 22%
c - 1623.20 197 101 74 478 230414 6 6957012 104992 3.2 56 18 1 3 12% 125 480959 39018 22%
c - 1628.58 197 100 74 479 231529 6 6978876 105876 3.2 56 18 1 3 12% 125 480959 39018 22%
c
c  seconds      switched       rate            size/glue  tier1   binary          remaining
c           MB    reductions      conflicts          size   tier2    irredundant
c             level      restarts        redundant      glue   trail         variables
c
c - 1634.15 197 100 74 480 232872 6 7000762 106577 3.1 56 18 1 3 12% 125 480959 39018 22%
c - 1639.31 197 100 74 481 234059 6 7022671 106943 3.2 56 18 1 3 12% 125 480959 39018 22%
c - 1644.30 198 100 74 482 235436 7 7044602 107555 3.1 56 18 1 3 12% 125 480959 39018 22%
c } 1644.96 198 99 75 482 235544 7 7048282 111137 3.1 56 18 1 3 12% 125 480959 39018 22%
c [ 1644.96 198 73 75 482 235544 1 7048282 111137 2.6 83 33 1 7 12% 125 480959 39018 22%
c B 1644.96 198 73 75 482 235544 1 7048282 111137 2.6 83 33 1 7 12% 125 480959 39018 22%
c - 1649.47 198 74 75 483 235555 1 7066556 106409 2.6 83 32 1 7 12% 125 480959 39018 22%
c - 1655.50 198 75 75 484 235564 1 7088534 103644 2.6 82 31 1 7 13% 125 480959 39018 22%
c s 1656.31 198 75 75 484 235565 1 7090718 105821 2.6 82 31 1 7 13% 125 480957 39018 22%
c - 1662.60 199 75 75 485 235573 1 7110535 102498 2.6 82 31 1 7 13% 125 480957 39018 22%
c u 1664.39 182 75 75 485 235574 1 7114607 104056 2.7 82 31 1 7 13% 125 480957 39018 22%
c v 1664.58 183 75 75 485 235574 1 7114607 100522 2.7 82 31 1 7 13% 125 480957 39018 22%
c w 1666.50 183 75 75 485 235574 1 7114607 98183 2.7 82 31 1 7 13% 125 480957 39018 22%
c - 1671.89 185 75 75 486 235576 1 7132557 96004 2.7 82 31 1 7 14% 125 480957 39018 22%
c o 1672.50 185 75 75 486 235578 1 7134797 98226 2.7 82 31 1 7 14% 125 480957 39018 22%
c - 1677.60 187 75 75 487 235588 1 7154604 97052 2.7 83 31 1 7 13% 125 480957 39018 22%
c - 1682.74 187 75 75 488 235597 1 7176672 97043 2.7 82 31 1 7 13% 125 480957 39018 22%
c - 1687.72 189 75 75 489 235605 1 7198762 96995 2.6 81 31 1 7 13% 125 480957 39018 22%
c - 1693.83 189 76 75 490 235606 1 7220876 97696 2.7 81 30 1 7 13% 125 480957 39018 22%
c - 1698.94 190 75 75 491 235606 1 7243012 97348 2.7 80 30 1 7 12% 125 480957 39018 22%
c
c  seconds     switched       rate           size/glue  tier1   binary          remaining
c           MB   reductions      conflicts         size   tier2    irredundant
c            level      restarts        redundant     glue   trail         variables
c
c - 1703.95 190 75 75 492 235619 1 7265171 97410 2.7 79 30 1 7 12% 125 480957 39018 22%
c - 1709.92 191 75 75 493 235627 1 7287353 98087 2.7 79 30 1 7 13% 125 480957 39018 22%
c - 1715.26 192 75 75 494 235636 1 7309557 97706 2.6 78 30 1 7 12% 125 480957 39018 22%
c ] 1716.19 192 75 76 494 235637 1 7312550 100677 2.6 78 30 1 7 12% 125 480957 39018 22%
c { 1716.19 192 99 76 494 235637 7 7312550 100677 3.1 56 18 1 3 12% 125 480957 39018 22%
c - 1719.90 193 97 76 495 235976 6 7331784 100103 3.2 57 18 1 3 12% 125 480957 39018 22%
c - 1725.45 194 98 76 496 237065 6 7354032 103453 3.2 56 18 1 3 12% 125 480957 39018 22%
c - 1730.98 195 98 76 497 238647 6 7376303 105143 3.1 55 18 1 3 12% 125 480957 39018 22%
c u 1736.24 196 99 76 497 239631 6 7395604 122422 3.1 55 18 1 3 12% 125 480957 39018 22%
c v 1736.44 196 99 76 497 239631 6 7395604 118944 3.1 55 18 1 3 12% 125 480957 39018 22%
c w 1741.72 196 99 76 497 239631 6 7395604 118074 3.1 55 18 1 3 12% 125 480957 39018 22%
c - 1742.47 196 98 76 498 239880 6 7398596 101634 3.1 55 18 1 3 12% 125 480957 39018 22%
c - 1747.31 197 99 76 499 241096 6 7420911 103538 3.0 55 18 1 3 11% 125 480957 39018 22%
c - 1751.95 197 98 76 500 241617 6 7443249 104940 3.1 55 18 1 3 12% 125 480957 39018 22%
c - 1757.23 197 98 76 501 243004 6 7465610 106199 3.1 55 18 1 3 11% 125 480957 39018 22%
c - 1762.01 198 98 76 502 244001 6 7487993 107264 3.1 54 18 1 3 11% 125 480957 39018 22%
c - 1768.14 198 98 76 503 245096 6 7510398 108406 3.1 55 18 1 3 12% 125 480957 39018 22%
c o 1769.45 198 98 76 503 245505 6 7515331 113163 3.1 55 18 1 3 12% 125 480957 39018 22%
c - 1773.93 198 99 76 504 246843 7 7532825 108938 3.0 54 18 1 3 11% 125 480957 39018 22%
c - 1779.56 198 98 76 505 247641 6 7555274 109295 3.1 55 18 1 3 12% 125 480957 39018 22%
c
c  seconds     switched       rate            size/glue  tier1   binary          remaining
c           MB   reductions      conflicts          size   tier2    irredundant
c            level      restarts        redundant      glue   trail         variables
c
c - 1785.86 198 99 76 506 248784 6 7577748 110173 3.1 56 18 1 3 12% 125 480957 39018 22%
c - 1791.57 199 98 76 507 249939 6 7600242 111000 3.1 56 18 1 3 12% 125 480957 39018 22%
c } 1793.89 199 99 77 507 250527 6 7609600 120095 3.1 56 18 1 3 12% 125 480957 39018 22%
c [ 1793.89 199 75 77 507 250527 1 7609600 120095 2.6 78 30 1 7 12% 125 480957 39018 22%
c W 1794.85 185 75 77 507 250527 1 7609600 120095 2.6 78 30 1 7 12% 125 480957 39018 22%
c - 1799.06 189 76 77 508 250534 1 7622758 110362 2.7 78 29 1 7 13% 125 480957 39018 22%
c - 1804.40 190 76 77 509 250544 1 7645296 107461 2.6 77 30 1 7 12% 125 480957 39018 22%
c - 1810.74 192 77 77 510 250556 1 7667857 103882 2.6 78 30 1 7 13% 125 480957 39018 22%
c u 1815.00 193 77 77 510 250557 1 7682563 115850 2.6 79 30 1 7 13% 125 480957 39018 22%
c v 1815.21 193 77 77 510 250557 1 7682563 112407 2.6 79 30 1 7 13% 125 480957 39018 22%
c w 1821.00 198 77 77 510 250557 1 7682563 111597 2.6 79 30 1 7 13% 125 480957 39018 22%
c - 1823.35 198 77 77 511 250557 1 7690440 98678 2.5 79 31 1 7 13% 125 480957 39018 22%
c - 1828.10 199 77 77 512 250571 1 7713045 98763 2.5 79 31 1 7 12% 125 480957 39018 22%
c - 1833.23 181 77 77 513 250579 1 7735674 99025 2.5 78 31 1 7 12% 125 480957 39018 22%
c - 1838.41 182 76 77 514 250588 1 7758323 99380 2.5 79 31 1 7 12% 125 480957 39018 22%
c - 1845.04 184 75 77 515 250589 1 7780994 99245 2.5 80 32 1 7 12% 125 480957 39018 22%
c - 1850.86 185 74 77 516 250589 1 7803687 98299 2.5 81 32 1 7 12% 125 480957 39018 22%
c - 1856.45 186 74 77 517 250602 1 7826403 98918 2.5 80 32 1 7 11% 125 480957 39018 22%
c - 1862.11 186 75 77 518 250611 1 7849141 100104 2.5 80 32 1 7 12% 125 480957 39018 22%
c - 1868.27 187 74 77 519 250619 1 7871901 101078 2.5 80 31 1 7 12% 125 480957 39018 22%
c
c  seconds     switched       rate            size/glue  tier1   binary          remaining
c           MB   reductions      conflicts          size   tier2    irredundant
c            level      restarts        redundant      glue   trail         variables
c
c I 1871.27 188 75 77 519 250620 1 7887264 116293 2.5 80 31 1 7 12% 125 480957 39018 22%
c - 1873.07 188 75 77 520 250624 1 7894683 101308 2.6 80 31 1 7 12% 125 480957 39018 22%
c ] 1874.34 189 75 78 520 250627 1 7898225 104795 2.6 80 31 1 7 12% 125 480957 39018 22%
c { 1874.34 189 99 78 520 250627 6 7898225 104795 3.1 56 18 1 3 12% 125 480957 39018 22%
c o 1875.95 191 99 78 520 251062 6 7905333 111712 3.1 56 18 1 3 12% 125 480957 39018 22%
c - 1878.93 193 98 78 521 251603 6 7917487 103079 3.1 56 18 1 3 12% 125 480957 39018 22%
c - 1884.52 194 99 78 522 252580 6 7940313 105873 3.1 55 18 1 3 12% 125 480957 39018 22%
c - 1890.32 195 100 78 523 253732 6 7963160 107742 3.0 55 18 1 3 12% 125 480957 39018 22%
c u 1893.99 195 100 78 523 254409 6 7975482 118269 3.0 55 18 1 3 12% 125 480957 39018 22%
c v 1894.27 195 100 78 523 254409 6 7975482 114635 3.0 55 18 1 3 12% 125 480957 39018 22%
c w 1899.90 196 100 78 523 254409 6 7975482 110717 3.0 55 18 1 3 12% 125 480957 39018 22%
c - 1902.30 196 99 78 524 254665 6 7986029 102103 3.1 55 18 1 3 12% 125 480957 39018 22%
c - 1907.44 196 99 78 525 255639 6 8008920 104900 3.1 56 18 1 3 12% 125 480957 39018 22%
c - 1913.74 196 98 78 526 256521 6 8031833 107431 3.3 58 18 1 3 12% 125 480957 39018 22%
c - 1920.18 197 99 78 527 257895 6 8054767 108750 3.2 58 18 1 3 12% 125 480957 39018 22%
c - 1925.51 197 100 78 528 258888 6 8077723 109433 3.2 57 18 1 3 12% 125 480957 39018 22%
c - 1931.62 197 100 78 529 260564 6 8100701 110587 3.1 56 18 1 3 12% 125 480957 39018 22%
c - 1937.61 197 101 78 530 261311 6 8123701 111331 3.4 60 18 1 3 13% 125 480957 39018 22%
c - 1944.01 198 101 78 531 262690 6 8146724 112069 3.3 59 18 1 3 12% 125 480957 39018 22%
c - 1950.16 198 100 78 532 264168 6 8169767 112830 3.3 58 18 1 3 12% 125 480957 39018 22%
c
c  seconds      switched       rate            size/glue  tier1   binary          remaining
c           MB    reductions      conflicts          size   tier2    irredundant
c             level      restarts        redundant      glue   trail         variables
c
c - 1955.36 198 100 78 533 265130 6 8192832 113127 3.2 58 18 1 3 12% 125 480957 39018 22%
c } 1959.60 198 100 79 533 266056 6 8209816 129569 3.2 57 18 1 3 12% 125 480957 39018 22%
c [ 1959.61 198 75 79 533 266056 1 8209816 129569 2.6 80 31 1 7 12% 125 480957 39018 22%
c B 1959.61 198 75 79 533 266056 1 8209816 129569 2.6 80 31 1 7 12% 125 480957 39018 22%
c - 1961.38 198 75 79 534 266060 1 8215919 113406 2.6 80 31 1 7 12% 125 480957 39018 22%
c - 1968.76 200 75 79 535 266070 1 8239027 111402 2.7 82 31 1 7 12% 125 480957 39018 22%
c - 1975.43 200 76 79 536 266083 1 8262158 107628 2.6 82 31 1 7 12% 125 480957 39018 22%
c u 1980.02 200 76 79 536 266085 1 8274417 116973 2.7 82 30 1 7 13% 125 480957 39018 22%
c v 1980.19 200 76 79 536 266085 1 8274417 113194 2.7 82 30 1 7 13% 125 480957 39018 22%
c w 1986.30 202 76 79 536 266085 1 8274417 110045 2.7 82 30 1 7 13% 125 480957 39018 22%
c - 1989.78 180 77 79 537 266086 1 8285310 100208 2.7 82 31 1 7 13% 125 480957 39018 22%
c o 1995.84 182 79 79 537 266095 1 8305522 120307 2.7 82 31 1 7 13% 125 480957 39018 22%
c - 1996.50 185 79 79 538 266096 1 8308483 101404 2.7 82 31 1 7 13% 125 480957 39018 22%
c - 2003.59 187 79 79 539 266107 1 8331678 102738 2.7 83 30 1 7 14% 125 480957 39018 22%
c - 2008.96 188 78 79 540 266116 1 8354896 102415 2.7 81 30 1 7 13% 125 480957 39018 22%
c - 2015.08 190 78 79 541 266118 1 8378133 102278 2.7 82 30 1 7 13% 125 480957 39018 22%
c - 2020.97 191 80 79 542 266118 1 8401393 102173 2.7 84 31 1 7 13% 125 480957 39018 22%
c - 2026.91 192 79 79 543 266129 1 8424673 102105 2.7 84 31 1 7 13% 125 480957 39018 22%
c - 2032.86 193 78 79 544 266139 1 8447975 103223 2.7 84 31 1 7 13% 125 480957 39018 22%
c - 2039.92 193 78 79 545 266148 1 8471299 103054 2.7 83 31 1 7 13% 125 480957 39018 22%
c
c  seconds     switched       rate            size/glue  tier1   binary          remaining
c           MB   reductions      conflicts          size   tier2    irredundant
c            level      restarts        redundant      glue   trail         variables
c
c ] 2044.91 194 78 80 545 266149 1 8488190 119848 2.7 85 32 1 7 13% 125 480957 39018 22%
c { 2044.91 194 100 80 545 266149 6 8488190 119848 3.2 57 18 1 3 12% 125 480957 39018 22%
c - 2047.02 196 100 80 546 266625 6 8494644 103855 3.2 57 18 1 3 12% 125 480957 39018 22%
c - 2052.67 197 101 80 547 267649 6 8518010 107020 3.1 57 18 1 3 12% 125 480957 39018 22%
c - 2058.39 198 100 80 548 268619 6 8541399 109674 3.2 57 18 1 3 12% 125 480957 39018 22%
c - 2064.70 198 100 80 549 269910 6 8564810 110916 3.1 56 18 1 3 12% 125 480957 39018 22%
c u 2069.26 198 100 80 549 270768 6 8579366 123415 3.1 56 18 1 3 12% 125 480957 39018 22%
c v 2069.47 198 100 80 549 270768 6 8579366 119525 3.1 56 18 1 3 12% 125 480957 39018 22%
c w 2073.75 199 100 80 549 270768 6 8579366 118604 3.1 56 18 1 3 12% 125 480957 39018 22%
c x 2074.89 203 100 80 549 270768 6 8579366 118604 3.1 56 18 1 3 12% 125 480924 39018 22%
c e 2075.11 180 100 80 549 270768 6 8579366 118604 3.1 56 18 1 3 12% 125 480928 39014 22%
c s 2075.12 180 100 80 549 270768 6 8579366 118604 3.1 56 18 1 3 12% 125 480912 39014 22%
c - 2077.70 192 100 80 550 271142 6 8588241 107090 3.1 56 18 1 3 12% 125 480912 39014 22%
c - 2083.30 194 100 80 551 272562 6 8611696 109346 3.0 56 18 1 3 11% 125 480912 39014 22%
c - 2088.74 195 99 80 552 273378 6 8635169 111001 3.1 56 18 1 3 12% 125 480912 39014 22%
c - 2095.06 195 98 80 553 274769 6 8658663 112113 3.1 56 18 1 3 11% 125 480912 39014 22%
c - 2101.01 196 98 80 554 275710 6 8682179 113150 3.1 56 18 1 3 12% 125 480912 39014 22%
c - 2106.99 196 99 80 555 277041 6 8705716 113902 3.1 56 18 1 3 12% 125 480912 39014 22%
c o 2109.28 196 99 80 555 277480 6 8715526 123536 3.1 56 18 1 3 12% 125 480912 39014 22%
c - 2112.94 196 98 80 556 277916 6 8729274 114490 3.1 56 18 1 3 12% 125 480912 39014 22%
c
c  seconds      switched       rate            size/glue  tier1   binary          remaining
c           MB    reductions      conflicts          size   tier2    irredundant
c             level      restarts        redundant      glue   trail         variables
c
c - 2119.89 197 100 80 557 279317 6 8752853 115403 3.0 55 18 1 3 12% 125 480912 39014 22%
c - 2126.23 197 100 80 558 280005 6 8776453 116250 3.1 56 18 1 3 12% 125 480912 39014 22%
c - 2132.29 197 99 80 559 280960 6 8800077 116531 3.2 57 18 1 3 12% 125 480912 39014 22%
c } 2136.22 197 99 81 559 281705 6 8814633 130816 3.2 57 18 1 3 12% 125 480912 39014 22%
c [ 2136.22 197 78 81 559 281705 1 8814633 130816 2.7 85 32 1 7 13% 125 480912 39014 22%
c W 2136.86 187 78 81 559 281705 1 8814633 130816 2.7 85 32 1 7 13% 125 480912 39014 22%
c - 2140.52 190 78 81 560 281711 1 8823721 115793 2.7 85 31 1 7 13% 125 480912 39014 22%
c - 2147.70 192 78 81 561 281719 1 8847387 113509 2.7 85 31 1 7 14% 125 480912 39014 22%
c - 2153.59 193 78 81 562 281733 1 8871072 110841 2.7 83 31 1 7 13% 125 480912 39014 22%
c u 2158.34 194 78 81 562 281735 1 8890329 126889 2.7 82 31 1 7 13% 125 480912 39014 22%
c v 2158.54 194 78 81 562 281735 1 8890329 123044 2.7 82 31 1 7 13% 125 480912 39014 22%
c w 2165.26 200 78 81 562 281735 1 8890329 122506 2.7 82 31 1 7 13% 125 480912 39014 22%
c - 2166.41 200 77 81 563 281735 1 8894782 104039 2.7 82 31 1 7 13% 125 480912 39014 22%
c - 2173.40 201 77 81 564 281749 1 8918509 104366 2.7 81 31 1 7 13% 125 480912 39014 22%
c - 2178.92 180 77 81 565 281757 1 8942259 104562 2.6 81 31 1 7 12% 125 480912 39014 22%
c - 2185.50 185 77 81 566 281766 1 8966030 104397 2.6 81 31 1 7 12% 125 480912 39014 22%
c - 2192.88 187 76 81 567 281767 1 8989820 104701 2.7 85 31 1 7 12% 125 480912 39014 22%
c - 2200.42 187 76 81 568 281769 1 9013631 104892 2.9 88 31 1 7 13% 125 480912 39014 22%
c - 2205.57 188 76 81 569 281782 1 9037464 106063 2.8 86 30 1 7 13% 125 480912 39014 22%
c - 2210.69 188 76 81 570 281792 1 9061317 105826 2.7 83 30 1 7 12% 125 480912 39014 22%
c
c  seconds     switched       rate            size/glue  tier1   binary          remaining
c           MB   reductions      conflicts          size   tier2    irredundant
c            level      restarts        redundant      glue   trail         variables
c
c - 2217.64 190 77 81 571 281798 1 9085191 105986 2.7 82 31 1 7 12% 125 480912 39014 22%
c - 2223.64 191 76 81 572 281807 1 9109087 105545 2.6 81 31 1 7 12% 125 480912 39014 22%
c O 2226.22 191 76 81 572 281813 1 9119828 116198 2.6 81 31 1 7 12% 125 480912 39014 22%
c ] 2228.44 191 76 82 572 281816 1 9130568 126728 2.6 80 31 1 7 12% 125 480912 39014 22%
c { 2228.44 191 99 82 572 281816 6 9130568 126728 3.2 57 18 1 3 12% 125 480912 39014 22%
c - 2229.18 194 99 82 573 281892 6 9133004 105724 3.2 57 18 1 3 12% 125 480912 39014 22%
c o 2229.80 195 99 82 573 281939 6 9135651 108271 3.2 57 18 1 3 12% 125 480912 39014 22%
c - 2235.25 198 99 82 574 282318 5 9156943 109405 3.2 57 18 1 3 12% 125 480912 39014 22%
c - 2241.05 198 97 82 575 282679 5 9180902 112812 3.3 57 17 1 3 12% 125 480912 39014 22%
c - 2246.44 199 96 82 576 283213 5 9204883 114524 3.3 56 17 1 3 12% 125 480912 39014 22%
c u 2247.70 188 96 82 576 283277 5 9207361 114945 3.3 56 17 1 3 12% 125 480912 39014 22%
c v 2247.88 189 96 82 576 283277 5 9207361 111301 3.3 56 17 1 3 12% 125 480912 39014 22%
c w 2248.99 190 96 82 576 283277 5 9207361 107238 3.3 56 17 1 3 12% 125 480912 39014 22%
c - 2253.65 193 95 82 577 283783 4 9228884 108892 3.3 55 17 1 3 12% 125 480912 39014 22%
c - 2259.24 195 95 82 578 284450 4 9252904 112599 3.2 54 17 1 3 11% 125 480912 39014 22%
c - 2264.36 196 96 82 579 285214 5 9276946 115223 3.2 53 17 1 3 11% 125 480912 39014 22%
c - 2270.30 197 95 82 580 285984 5 9301008 116694 3.2 53 16 1 3 11% 125 480912 39014 22%
c - 2275.99 197 94 82 581 287047 5 9325091 117514 3.2 52 16 1 3 11% 125 480912 39014 22%
c - 2282.11 198 93 82 582 288312 5 9349194 118523 3.1 50 16 1 3 10% 125 480912 39014 22%
c - 2287.37 198 92 82 583 289582 5 9373319 119634 3.0 50 16 1 3 10% 125 480912 39014 22%
c
c  seconds     switched       rate            size/glue  tier1   binary          remaining
c           MB   reductions      conflicts          size   tier2    irredundant
c            level      restarts        redundant      glue   trail         variables
c
c - 2293.84 198 92 82 584 290482 5 9397464 120694 3.0 50 16 1 3 10% 125 480912 39014 22%
c - 2300.01 199 92 82 585 291692 6 9421631 121781 3.0 50 16 1 3 10% 125 480912 39014 22%
c - 2305.60 199 92 82 586 292956 6 9445818 122330 3.0 49 16 1 3 10% 125 480912 39014 22%
c - 2312.07 199 91 82 587 294416 6 9470026 123163 2.9 48 17 1 3 10% 125 480912 39014 22%
c } 2312.53 199 91 83 587 294519 6 9472175 125217 2.9 48 17 1 3 10% 125 480912 39014 22%
c [ 2312.53 199 76 83 587 294519 1 9472175 125217 2.6 80 31 1 7 12% 125 480912 39014 22%
c B 2312.53 199 76 83 587 294519 1 9472175 125217 2.6 80 31 1 7 12% 125 480912 39014 22%
c - 2317.89 199 76 83 588 294532 1 9494254 121455 2.6 80 31 1 7 12% 125 480912 39014 22%
c - 2324.10 200 76 83 589 294541 1 9518505 116678 2.6 80 31 1 7 12% 125 480912 39014 22%
c u 2328.32 200 76 83 589 294548 1 9530462 124463 2.6 80 31 1 7 12% 125 480912 39014 22%
c v 2328.51 200 76 83 589 294548 1 9530462 120057 2.6 80 31 1 7 12% 125 480912 39014 22%
c w 2334.38 202 76 83 589 294548 1 9530462 116531 2.6 80 31 1 7 12% 125 480912 39014 22%
c = 2341.73 202 76 83 589 294548 1 9530462 116531 2.6 80 31 1 7 12% 145 480912 39004 22%
c d 2341.76 202 76 83 589 294548 1 9530462 116531 2.6 80 31 1 7 12% 125 480912 39004 22%
c u 2342.55 202 76 83 589 294548 1 9530462 116071 2.6 80 31 1 7 12% 125 480912 39004 22%
c v 2342.67 202 76 83 589 294548 1 9530462 115462 2.6 80 31 1 7 12% 125 480912 39004 22%
c w 2347.51 202 76 83 589 294548 1 9530462 112536 2.6 80 31 1 7 12% 125 480912 39004 22%
c - 2350.88 181 75 83 590 294549 1 9542775 104599 2.6 81 31 1 7 12% 125 480912 39004 22%
c - 2357.81 185 75 83 591 294557 1 9567065 106520 2.7 82 31 1 7 12% 125 480912 39004 22%
c o 2358.31 185 75 83 591 294559 1 9568986 108433 2.7 82 31 1 7 12% 125 480912 39004 22%
c
c  seconds     switched       rate            size/glue  tier1   binary          remaining
c           MB   reductions      conflicts          size   tier2    irredundant
c            level      restarts        redundant      glue   trail         variables
c
c - 2363.66 187 75 83 592 294567 1 9591375 107668 2.7 83 31 1 7 12% 125 480912 39004 22%
c - 2369.51 188 76 83 593 294579 1 9615707 107885 2.7 82 31 1 7 12% 125 480912 39004 22%
c - 2375.67 189 76 83 594 294581 1 9640058 108041 2.6 83 32 1 7 12% 125 480912 39004 22%
c - 2382.18 190 75 83 595 294581 1 9664431 108174 2.7 83 31 1 7 12% 125 480912 39004 22%
c - 2388.93 191 75 83 596 294594 1 9688823 109383 2.7 83 31 1 7 12% 125 480912 39004 22%
c - 2396.05 191 75 83 597 294603 1 9713237 109875 2.7 84 31 1 7 12% 125 480912 39004 22%
c - 2402.53 193 75 83 598 294612 1 9737670 109670 2.7 83 31 1 7 12% 125 480912 39004 22%
c - 2409.70 194 75 83 599 294619 1 9762125 109531 2.7 84 31 1 7 12% 125 480912 39004 22%
c - 2415.80 195 75 83 600 294629 1 9786599 110291 2.7 84 31 1 7 13% 125 480912 39004 22%
c W 2418.73 187 75 83 600 294634 1 9796251 119833 2.7 83 30 1 7 12% 125 480912 39004 22%
c ] 2419.10 188 75 84 600 294634 1 9797667 121234 2.7 83 30 1 7 12% 125 480912 39004 22%
c { 2419.10 188 91 84 600 294634 6 9797667 121234 2.9 48 17 1 3 10% 125 480912 39004 22%
c - 2422.28 195 91 84 601 296055 7 9811093 112538 2.8 48 17 1 3 10% 125 480912 39004 22%
c - 2428.04 196 92 84 602 298274 7 9835608 115694 2.8 48 17 1 3 10% 125 480912 39004 22%
c u 2434.68 197 93 84 602 300127 8 9859658 138103 2.8 49 18 1 3 10% 125 480912 39004 22%
c v 2434.84 197 93 84 602 300127 8 9859658 134418 2.8 49 18 1 3 10% 125 480912 39004 22%
c w 2440.89 198 93 84 602 300127 8 9859658 133423 2.8 49 18 1 3 10% 125 480912 39004 22%
c - 2441.09 198 93 84 603 300177 8 9860144 113728 2.8 49 18 1 3 10% 125 480912 39004 22%
c - 2446.51 199 93 84 604 301383 7 9884700 116075 2.9 51 18 1 3 10% 125 480912 39004 22%
c - 2452.43 199 94 84 605 302912 7 9909276 117999 2.9 52 18 1 3 11% 125 480912 39004 22%
c
c  seconds     switched       rate            size/glue  tier1   binary          remaining
c           MB   reductions      conflicts          size   tier2    irredundant
c            level      restarts        redundant      glue   trail         variables
c
c - 2458.76 200 94 84 606 304566 7 9933872 119062 2.9 52 18 1 3 11% 125 480912 39004 22%
c - 2464.23 200 94 84 607 305869 7 9958489 120288 2.9 53 18 1 3 11% 125 480912 39004 22%
c - 2470.27 200 95 84 608 307167 7 9983126 121179 3.0 54 18 1 3 11% 125 480912 39004 22%
c - 2476.18 200 96 84 609 308691 7 10007783 121890 2.9 54 18 1 3 11% 125 480912 39004 22%
c o 2476.43 200 96 84 609 308786 7 10009029 123076 2.9 54 18 1 3 11% 125 480912 39004 22%
c - 2482.25 200 96 84 610 309933 7 10032460 122640 3.0 55 18 1 3 11% 125 480912 39004 22%
c s 2482.93 200 96 84 610 310062 7 10034922 125050 3.0 55 18 1 3 11% 125 480908 39004 22%
c - 2488.96 201 96 84 611 311068 7 10057158 123625 3.0 55 18 1 3 11% 125 480908 39004 22%
c - 2494.51 201 96 84 612 312253 7 10081877 124607 3.0 55 18 1 3 11% 125 480908 39004 22%
c - 2500.45 201 95 84 613 313399 6 10106617 125323 3.1 56 18 1 3 12% 125 480908 39004 22%
c - 2506.30 201 96 84 614 314706 6 10131377 125303 3.1 56 18 1 3 12% 125 480908 39004 22%
c } 2513.73 201 97 85 614 315783 6 10154745 148019 3.2 57 18 1 3 12% 125 480908 39004 22%
c [ 2513.73 201 75 85 614 315783 1 10154745 148019 2.7 83 30 1 7 12% 125 480908 39004 22%
c I 2513.73 201 75 85 614 315783 1 10154745 148019 2.7 83 30 1 7 12% 125 480908 39004 22%
c - 2514.13 201 75 85 615 315784 1 10156157 125934 2.7 83 30 1 7 12% 125 480908 39004 22%
c - 2519.82 201 77 85 616 315797 1 10180956 124903 2.8 81 29 1 7 13% 125 480908 39004 22%
c u 2523.68 202 77 85 616 315803 1 10194949 135507 2.7 82 30 1 7 13% 125 480908 39004 22%
c v 2523.91 202 77 85 616 315803 1 10194949 129557 2.7 82 30 1 7 13% 125 480908 39004 22%
c w 2530.16 205 77 85 616 315803 1 10194949 124654 2.7 82 30 1 7 13% 125 480908 39004 22%
c - 2532.95 182 77 85 617 315809 1 10205775 111126 2.7 81 30 1 7 12% 125 480908 39004 22%
c
c  seconds     switched       rate             size/glue  tier1   binary          remaining
c           MB   reductions      conflicts           size   tier2    irredundant
c            level      restarts         redundant      glue   trail         variables
c
c - 2539.94 185 76 85 618 315813 1 10230615 111729 2.7 81 30 1 7 13% 125 480908 39004 22%
c - 2546.87 186 76 85 619 315825 1 10255475 113056 2.8 82 30 1 7 13% 125 480908 39004 22%
c - 2554.33 187 75 85 620 315835 1 10280355 112804 2.7 83 30 1 7 13% 125 480908 39004 22%
c - 2562.79 190 75 85 621 315844 1 10305256 113067 2.8 83 30 1 7 14% 125 480908 39004 22%
c - 2568.54 191 75 85 622 315845 1 10330177 113029 2.7 83 30 1 7 13% 125 480908 39004 22%
c - 2573.83 192 75 85 623 315848 1 10355117 110782 2.7 83 31 1 7 13% 125 480908 39004 22%
c - 2580.56 193 75 85 624 315860 1 10380077 111989 2.7 83 31 1 7 13% 125 480908 39004 22%
c - 2588.35 193 74 85 625 315873 1 10405057 113120 2.7 84 30 1 7 12% 125 480908 39004 22%
c - 2596.93 194 75 85 626 315876 1 10430057 114022 2.8 82 30 1 7 13% 125 480908 39004 22%
c - 2602.72 195 75 85 627 315889 1 10455076 114439 2.7 81 30 1 7 13% 125 480908 39004 22%
c o 2606.33 195 75 85 627 315893 1 10469071 128233 2.7 81 30 1 7 13% 125 480908 39004 22%
c - 2609.45 196 75 85 628 315898 1 10480115 114032 2.7 82 30 1 7 13% 125 480908 39004 22%
c ] 2613.66 196 75 86 628 315906 1 10496616 130362 2.7 81 30 1 7 13% 125 480908 39004 22%
c { 2613.66 196 97 86 628 315906 6 10496616 130362 3.2 57 18 1 3 12% 125 480908 39004 22%
c - 2615.26 198 96 86 629 315992 6 10505174 115299 3.2 57 18 1 3 12% 125 480908 39004 22%
c - 2620.61 199 98 86 630 316192 5 10530253 119135 3.2 55 17 1 3 13% 125 480908 39004 22%
c u 2622.34 199 96 86 630 316226 5 10536364 123743 3.2 55 17 1 3 13% 125 480908 39004 22%
c v 2622.52 199 96 86 630 316226 5 10536364 120866 3.2 55 17 1 3 13% 125 480908 39004 22%
c w 2624.27 200 96 86 630 316226 5 10536364 116344 3.2 55 17 1 3 13% 125 480908 39004 22%
c - 2628.42 200 97 86 631 316450 5 10555355 115374 3.3 55 17 1 3 13% 125 480908 39004 22%
c
c  seconds     switched       rate             size/glue  tier1   binary          remaining
c           MB   reductions      conflicts           size   tier2    irredundant
c            level      restarts         redundant      glue   trail         variables
c
c - 2633.68 201 97 86 632 316772 4 10580475 119240 3.3 54 16 1 3 13% 125 480908 39004 22%
c - 2637.61 202 95 86 633 317134 4 10605614 121532 3.3 52 16 1 3 13% 125 480908 39004 22%
c - 2641.87 202 94 86 634 317705 4 10630773 123405 3.2 50 15 1 3 13% 125 480908 39004 22%
c - 2647.68 192 94 86 635 318372 4 10655952 124538 3.2 48 15 1 3 13% 125 480908 39004 22%
c - 2652.76 193 94 86 636 319212 5 10681151 125037 3.1 46 15 1 3 12% 125 480908 39004 22%
c - 2658.45 194 93 86 637 320145 5 10706370 125874 3.0 45 15 1 3 12% 125 480908 39004 22%
c - 2663.55 195 93 86 638 321112 5 10731608 126469 3.0 44 15 1 3 12% 125 480908 39004 22%
c - 2668.33 195 91 86 639 322012 5 10756867 127348 3.0 43 15 1 3 12% 125 480908 39004 22%
c - 2673.70 196 91 86 640 323247 5 10782145 127815 2.9 42 14 1 3 12% 125 480908 39004 22%
c - 2678.77 196 90 86 641 324428 6 10807444 127881 2.9 41 14 1 3 11% 125 480908 39004 22%
c - 2684.89 197 90 86 642 325703 6 10832761 128380 2.8 41 14 1 3 11% 125 480908 39004 22%
c - 2690.29 198 90 86 643 326907 6 10858098 129111 2.8 40 14 1 3 11% 125 480908 39004 22%
c } 2692.80 198 89 87 643 327584 6 10869474 140121 2.8 40 14 1 3 11% 125 480908 39004 22%
c [ 2692.80 198 75 87 643 327584 1 10869474 140121 2.7 81 30 1 7 13% 125 480908 39004 22%
c B 2692.80 198 75 87 643 327584 1 10869474 140121 2.7 81 30 1 7 13% 125 480908 39004 22%
c - 2697.13 198 76 87 644 327592 1 10883455 127748 2.7 81 30 1 7 13% 125 480908 39004 22%
c u 2697.97 198 76 87 644 327593 1 10883930 125798 2.7 81 30 1 7 13% 125 480908 39004 22%
c v 2698.19 198 76 87 644 327593 1 10883930 120666 2.7 81 30 1 7 13% 125 480908 39004 22%
c w 2698.71 198 76 87 644 327593 1 10883930 116189 2.7 81 30 1 7 13% 125 480908 39004 22%
c - 2705.01 198 77 87 645 327604 1 10908834 114597 2.7 80 30 1 7 13% 125 480908 39004 22%
c
c  seconds     switched       rate             size/glue  tier1   binary          remaining
c           MB   reductions      conflicts           size   tier2    irredundant
c            level      restarts         redundant      glue   trail         variables
c
c - 2711.02 199 76 87 646 327613 1 10934231 113030 2.6 81 30 1 7 12% 125 480908 39004 22%
c o 2711.31 199 76 87 646 327614 1 10935382 114174 2.6 81 31 1 7 12% 125 480908 39004 22%
c - 2716.95 199 76 87 647 327620 1 10959647 112785 2.7 81 30 1 7 12% 125 480908 39004 22%
c - 2724.58 200 75 87 648 327630 1 10985083 112565 2.7 83 30 1 7 12% 125 480908 39004 22%
c - 2730.23 200 75 87 649 327644 1 11010539 113350 2.7 81 30 1 7 12% 125 480908 39004 22%
c - 2737.11 201 75 87 650 327646 1 11036015 114541 2.8 81 29 1 7 12% 125 480908 39004 22%
c - 2742.74 201 75 87 651 327646 1 11061510 114810 2.7 79 29 1 7 12% 125 480908 39004 22%
c - 2749.61 201 75 87 652 327659 1 11087024 114777 2.7 78 28 1 7 12% 125 480908 39004 22%
c - 2755.85 184 76 87 653 327668 1 11112560 115556 2.8 79 29 1 7 13% 125 480908 39004 22%
c - 2761.77 186 75 87 654 327677 1 11138113 115440 2.7 78 29 1 7 13% 125 480908 39004 22%
c - 2768.55 189 75 87 655 327686 1 11163687 115631 2.8 78 28 1 7 13% 125 480908 39004 22%
c ] 2771.30 189 75 88 655 327692 1 11175281 127068 2.8 78 28 1 7 13% 125 480908 39004 22%
c { 2771.30 189 89 88 655 327692 6 11175281 127068 2.8 40 14 1 3 11% 125 480908 39004 22%
c - 2775.45 193 89 88 656 329752 7 11189279 117699 2.7 40 15 1 3 11% 125 480908 39004 22%
c - 2783.14 195 91 88 657 333558 9 11214892 120327 2.6 41 16 1 3 10% 125 480908 39004 22%
c u 2790.88 196 92 88 657 336442 10 11237646 140621 2.5 42 17 1 3 10% 125 480908 39004 22%
c v 2791.08 196 92 88 657 336442 10 11237646 137036 2.5 42 17 1 3 10% 125 480908 39004 22%
c w 2798.29 197 92 88 657 336442 10 11237646 135253 2.5 42 17 1 3 10% 125 480908 39004 22%
c = 2806.92 198 92 88 657 336442 10 11237646 135253 2.5 42 17 1 3 10% 137 480908 38998 22%
c d 2806.95 198 92 88 657 336442 10 11237646 135253 2.5 42 17 1 3 10% 125 480908 38998 22%
c
c  seconds     switched        rate             size/glue  tier1   binary          remaining
c           MB   reductions       conflicts           size   tier2    irredundant
c            level      restarts          redundant      glue   trail         variables
c
c u 2807.70 198 92 88 657 336442 10 11237646 135032 2.5 42 17 1 3 10% 125 480908 38998 22%
c v 2807.83 198 92 88 657 336442 10 11237646 134366 2.5 42 17 1 3 10% 125 480908 38998 22%
c w 2813.93 198 92 88 657 336442 10 11237646 127897 2.5 42 17 1 3 10% 125 480908 38998 22%
c - 2814.59 198 91 88 658 336623 10 11240524 112854 2.5 42 17 1 3 10% 125 480908 38998 22%
c - 2820.57 198 92 88 659 338804 10 11266175 117417 2.5 43 17 1 3 10% 125 480908 38998 22%
c - 2828.73 198 93 88 660 340654 9 11291845 120938 2.6 45 17 1 3 10% 125 480908 38998 22%
c - 2835.37 199 94 88 661 342123 9 11317536 123060 2.7 48 17 1 3 10% 125 480908 38998 22%
c - 2841.73 199 94 88 662 343390 8 11343246 124565 2.9 50 17 1 3 11% 125 480908 38998 22%
c - 2849.06 199 95 88 663 345537 8 11368975 125552 2.8 51 18 1 3 11% 125 480908 38998 22%
c - 2855.54 199 95 88 664 347042 8 11394724 126415 2.9 51 18 1 3 11% 125 480908 38998 22%
c o 2857.90 199 95 88 664 347501 8 11405520 137020 2.9 52 18 1 3 11% 125 480908 38998 22%
c - 2860.96 200 95 88 665 348052 7 11420492 127583 3.0 53 18 1 3 11% 125 480908 38998 22%
c - 2866.99 200 94 88 666 349290 7 11446279 128343 3.0 53 18 1 3 11% 125 480908 38998 22%
c - 2873.42 200 94 88 667 350264 7 11472087 128991 3.1 55 18 1 3 12% 125 480908 38998 22%
c - 2880.18 200 95 88 668 351601 6 11497913 129415 3.1 56 18 1 3 12% 125 480908 38998 22%
c - 2886.93 200 95 88 669 353200 7 11523758 130206 3.1 56 18 1 3 12% 125 480908 38998 22%
c - 2893.45 201 96 88 670 354780 7 11549624 130911 3.0 55 18 1 3 11% 125 480908 38998 22%
c } 2897.39 201 96 89 670 355681 7 11564219 145073 3.1 56 18 1 3 11% 125 480908 38998 22%
c [ 2897.39 201 75 89 670 355681 1 11564219 145073 2.8 78 28 1 7 13% 125 480908 38998 22%
c W 2898.99 188 75 89 670 355681 1 11564219 145073 2.8 78 28 1 7 13% 125 480908 38998 22%
c
c  seconds     switched       rate             size/glue  tier1   binary          remaining
c           MB   reductions      conflicts           size   tier2    irredundant
c            level      restarts         redundant      glue   trail         variables
c
c - 2901.60 190 75 89 671 355687 1 11575509 130612 2.8 78 28 1 7 13% 125 480908 38998 22%
c u 2907.75 194 76 89 671 355696 1 11597539 149097 2.7 77 28 1 7 13% 125 480908 38998 22%
c v 2907.99 194 76 89 671 355696 1 11597539 142779 2.7 77 28 1 7 13% 125 480908 38998 22%
c w 2912.58 199 76 89 671 355696 1 11597539 142487 2.7 77 28 1 7 13% 125 480908 38998 22%
c x 2913.63 203 76 89 671 355696 1 11597539 142487 2.7 77 28 1 7 13% 125 480848 38998 22%
c - 2914.74 184 76 89 672 355699 1 11601412 120250 2.7 77 29 1 7 13% 125 480848 38998 22%
c - 2922.49 190 75 89 673 355710 1 11627334 118591 2.7 78 29 1 7 13% 125 480848 38998 22%
c - 2930.30 193 76 89 674 355717 1 11653278 117477 2.7 81 30 1 7 13% 125 480848 38998 22%
c e 2933.94 195 77 89 674 355725 1 11668972 132976 2.7 80 30 1 7 13% 125 480869 38972 22%
c s 2933.95 195 77 89 674 355725 1 11668972 132976 2.7 80 30 1 7 13% 125 480861 38972 22%
c - 2936.24 196 76 89 675 355726 1 11679239 117545 2.7 80 30 1 7 12% 125 480861 38972 22%
c - 2941.95 196 76 89 676 355741 1 11705220 117628 2.7 79 30 1 7 12% 125 480861 38972 22%
c - 2948.82 198 76 89 677 355743 1 11731220 118053 2.7 78 29 1 7 12% 125 480861 38972 22%
c - 2956.60 198 75 89 678 355743 1 11757240 117765 2.7 78 29 1 7 12% 125 480861 38972 22%
c - 2964.53 199 76 89 679 355757 1 11783278 118075 2.7 79 29 1 7 13% 125 480861 38972 22%
c - 2971.71 199 77 89 680 355767 1 11809335 118830 2.8 81 29 1 7 13% 125 480861 38972 22%
c - 2979.53 200 77 89 681 355774 1 11835414 118589 2.8 83 30 1 7 13% 125 480861 38972 22%
c - 2987.92 200 77 89 682 355785 1 11861510 118605 2.8 83 30 1 7 13% 125 480861 38972 22%
c o 2995.01 201 78 89 682 355796 1 11885643 142454 2.8 82 30 1 7 13% 125 480861 38972 22%
c - 2995.50 201 78 89 683 355796 1 11887625 119239 2.8 82 30 1 7 13% 125 480861 38972 22%
c
c  seconds     switched       rate             size/glue  tier1   binary          remaining
c           MB   reductions      conflicts           size   tier2    irredundant
c            level      restarts         redundant      glue   trail         variables
c
c - 3003.80 201 78 89 684 355805 1 11913759 119764 2.8 84 30 1 7 13% 125 480861 38972 22%
c O 3007.95 202 78 89 684 355806 1 11927289 133221 2.8 85 30 1 7 14% 125 480861 38972 22%
c - 3011.51 202 77 89 685 355806 1 11939914 119834 2.8 85 30 1 7 13% 125 480861 38972 22%
c ] 3013.04 202 77 90 685 355806 1 11946048 125926 2.8 85 30 1 7 13% 125 480861 38972 22%
c { 3013.04 202 96 90 685 355806 7 11946048 125926 3.1 56 18 1 3 11% 125 480861 38972 22%
c u 3018.21 203 96 90 685 356796 7 11963605 141571 3.0 55 18 1 3 11% 125 480861 38972 22%
c v 3018.39 203 96 90 685 356796 7 11963605 138839 3.0 55 18 1 3 11% 125 480861 38972 22%
c w 3026.21 206 96 90 685 356796 7 11963605 137495 3.0 55 18 1 3 11% 125 480861 38972 22%
c - 3027.12 189 97 90 686 356958 7 11966086 117876 3.0 55 18 1 3 11% 125 480861 38972 22%
c - 3033.56 194 96 90 687 358400 7 11992278 121550 3.0 55 18 1 3 11% 125 480861 38972 22%
c - 3039.80 195 96 90 688 359332 6 12018489 123920 3.1 56 18 1 3 11% 125 480861 38972 22%
c - 3047.33 196 94 90 689 360112 6 12044718 125566 3.2 57 18 1 3 12% 125 480861 38972 22%
c - 3055.76 197 95 90 690 361599 6 12070966 126884 3.1 56 18 1 3 12% 125 480861 38972 22%
c - 3062.60 197 98 90 691 362908 6 12097234 128213 3.1 56 18 1 3 12% 125 480861 38972 22%
c - 3068.76 198 96 90 692 363655 6 12123520 128983 3.2 57 18 1 3 12% 125 480861 38972 22%
c - 3075.10 198 95 90 693 365118 6 12149825 129420 3.1 57 18 1 3 12% 125 480861 38972 22%
c - 3082.41 198 95 90 694 366570 6 12176151 130100 3.1 56 18 1 3 12% 125 480861 38972 22%
c - 3089.91 199 94 90 695 367807 6 12202495 130491 3.2 57 18 1 3 12% 125 480861 38972 22%
c - 3096.52 199 92 90 696 369006 6 12228859 130746 3.2 57 18 1 3 12% 125 480861 38972 22%
c - 3103.60 199 93 90 697 371045 6 12255241 131465 3.1 56 18 1 3 11% 125 480861 38972 22%
c
c  seconds     switched       rate             size/glue  tier1   binary          remaining
c           MB   reductions      conflicts           size   tier2    irredundant
c            level      restarts         redundant      glue   trail         variables
c
c - 3110.45 200 93 90 698 372240 6 12281642 132320 3.1 57 18 1 3 12% 125 480861 38972 22%
c - 3116.99 200 94 90 699 373647 6 12308062 133305 3.1 57 18 1 3 12% 125 480861 38972 22%
c - 3124.43 200 94 90 700 375413 7 12334501 133792 3.1 57 18 1 3 11% 125 480861 38972 22%
c u 3125.46 200 94 90 700 375414 6 12335903 131770 3.1 57 18 1 3 11% 125 480861 38972 22%
c v 3125.68 200 94 90 700 375414 6 12335903 125737 3.1 57 18 1 3 11% 125 480861 38972 22%
c w 3126.46 200 94 90 700 375414 6 12335903 121714 3.1 57 18 1 3 11% 125 480861 38972 22%
c } 3130.78 200 94 91 700 376264 6 12351368 136888 3.1 57 18 1 3 11% 125 480861 38972 22%
c [ 3130.78 200 77 91 700 376264 1 12351368 136888 2.8 85 30 1 7 13% 125 480861 38972 22%
c B 3130.78 200 77 91 700 376264 1 12351368 136888 2.8 85 30 1 7 13% 125 480861 38972 22%
c - 3133.72 200 77 91 701 376270 1 12360959 122701 2.8 85 30 1 7 13% 125 480861 38972 22%
c o 3141.49 200 77 91 701 376279 1 12384296 145892 2.8 84 30 1 7 13% 125 480861 38972 22%
c - 3142.22 201 77 91 702 376281 1 12387436 122814 2.8 84 30 1 7 13% 125 480861 38972 22%
c - 3149.26 201 77 91 703 376293 1 12413932 121900 2.8 82 29 1 7 13% 125 480861 38972 22%
c - 3156.45 202 76 91 704 376300 1 12440446 120670 2.8 82 29 1 7 13% 125 480861 38972 22%
c - 3163.69 202 75 91 705 376310 1 12466978 120115 2.7 81 30 1 7 12% 125 480861 38972 22%
c - 3171.90 202 76 91 706 376324 1 12493530 121208 2.8 81 29 1 7 13% 125 480861 38972 22%
c - 3183.30 202 75 91 707 376326 1 12520101 123191 3.0 82 27 1 7 15% 125 480861 38972 22%
c - 3193.71 185 75 91 708 376326 1 12546691 123177 3.1 85 27 1 7 16% 125 480861 38972 22%
c - 3201.63 191 75 91 709 376340 1 12573299 122509 3.1 84 27 1 7 15% 125 480861 38972 22%
c - 3207.81 194 76 91 710 376353 1 12599928 122324 3.0 83 27 1 7 15% 125 480861 38972 22%
c
c  seconds     switched       rate             size/glue  tier1   binary          remaining
c           MB   reductions      conflicts           size   tier2    irredundant
c            level      restarts         redundant      glue   trail         variables
c
c - 3212.83 195 75 91 711 376357 1 12626573 121450 3.0 82 27 1 7 14% 125 480861 38972 22%
c - 3219.12 196 76 91 712 376371 1 12653238 121658 2.9 81 28 1 7 13% 125 480861 38972 22%
c - 3226.59 197 75 91 713 376382 1 12679922 122165 2.8 79 29 1 7 13% 125 480861 38972 22%
c - 3235.15 198 76 91 714 376388 1 12706625 122715 2.9 81 28 1 7 14% 125 480861 38972 22%
c u 3239.11 191 76 91 714 376389 1 12714408 128956 2.9 82 28 1 7 14% 125 480861 38972 22%
c v 3239.26 191 76 91 714 376389 1 12714408 126792 2.9 82 28 1 7 14% 125 480861 38972 22%
c w 3243.44 194 76 91 714 376389 1 12714408 123409 2.9 82 28 1 7 14% 125 480861 38972 22%
c ] 3244.02 194 76 92 714 376389 1 12716327 125302 2.9 82 28 1 7 14% 125 480861 38972 22%
c { 3244.02 194 94 92 714 376389 6 12716327 125302 3.1 57 18 1 3 11% 125 480861 38972 22%
c - 3248.85 197 94 92 715 376896 6 12733345 119677 3.1 58 18 1 3 12% 125 480861 38972 22%
c - 3255.57 198 94 92 716 377818 6 12760085 124060 3.1 57 18 1 3 12% 125 480861 38972 22%
c - 3262.14 199 95 92 717 379110 6 12786844 126621 3.1 57 18 1 3 12% 125 480861 38972 22%
c - 3269.02 200 96 92 718 380189 6 12813620 128062 3.1 57 18 1 3 12% 125 480861 38972 22%
c - 3275.24 201 94 92 719 380973 5 12840419 129406 3.2 57 18 1 3 12% 125 480861 38972 22%
c - 3282.55 201 95 92 720 382502 6 12867233 130510 3.1 56 18 1 3 12% 125 480861 38972 22%
c o 3287.09 201 96 92 720 383444 6 12884302 147187 3.1 56 18 1 3 12% 125 480861 38972 22%
c - 3290.34 201 96 92 721 383752 6 12894066 131057 3.2 58 18 1 3 12% 125 480861 38972 22%
c - 3297.93 202 96 92 722 385054 6 12920917 131858 3.3 59 18 1 3 12% 125 480861 38972 22%
c - 3304.82 202 94 92 723 386648 6 12947787 132775 3.3 58 18 1 3 12% 125 480861 38972 22%
c - 3312.27 202 95 92 724 388475 6 12974675 133106 3.2 58 18 1 3 12% 125 480861 38972 22%
c
c  seconds     switched       rate             size/glue  tier1   binary          remaining
c           MB   reductions      conflicts           size   tier2    irredundant
c            level      restarts         redundant      glue   trail         variables
c
c - 3318.72 203 93 92 725 389221 6 13001583 133225 3.3 60 18 1 3 12% 125 480861 38972 22%
c - 3325.80 203 94 92 726 391110 6 13028509 133746 3.2 58 18 1 3 12% 125 480861 38972 22%
c - 3332.86 203 92 92 727 392340 6 13055453 134610 3.2 58 18 1 3 12% 125 480861 38972 22%
c - 3339.16 204 92 92 728 393767 6 13082416 135323 3.2 57 18 1 3 12% 125 480861 38972 22%
c u 3344.74 204 93 92 728 394638 6 13099170 148345 3.2 57 18 1 3 12% 125 480861 38972 22%
c v 3344.97 204 93 92 728 394638 6 13099170 142375 3.2 57 18 1 3 12% 125 480861 38972 22%
c w 3352.01 204 93 92 728 394638 6 13099170 140162 3.2 57 18 1 3 12% 125 480861 38972 22%
c - 3354.50 204 93 92 729 395029 6 13109398 126871 3.2 57 18 1 3 12% 125 480861 38972 22%
c - 3360.93 193 93 92 730 396338 6 13136398 128905 3.2 57 18 1 3 12% 125 480861 38972 22%
c } 3361.49 193 93 93 730 396491 6 13138331 130806 3.1 57 18 1 3 12% 125 480861 38972 22%
c [ 3361.49 193 76 93 730 396491 1 13138331 130806 2.9 82 28 1 7 14% 125 480861 38972 22%
c W 3362.66 189 76 93 730 396491 1 13138331 130806 2.9 82 28 1 7 14% 125 480861 38972 22%
c - 3369.69 194 76 93 731 396505 1 13163416 128380 2.8 81 29 1 7 14% 125 480861 38972 22%
c - 3378.74 195 77 93 732 396518 1 13190453 125413 2.8 82 29 1 7 14% 125 480861 38972 22%
c - 3388.57 196 77 93 733 396521 1 13217509 124980 2.8 82 29 1 7 15% 125 480861 38972 22%
c - 3397.87 197 78 93 734 396535 1 13244582 124744 2.8 83 29 1 7 15% 125 480861 38972 22%
c - 3404.40 198 78 93 735 396548 1 13271676 124638 2.7 81 30 1 7 14% 125 480861 38972 22%
c - 3411.51 199 78 93 736 396552 1 13298787 123453 2.8 82 30 1 7 14% 125 480861 38972 22%
c - 3418.40 199 78 93 737 396553 1 13325917 122826 2.7 82 31 1 7 13% 125 480861 38972 22%
c - 3424.63 200 77 93 738 396564 1 13353064 122537 2.6 81 31 1 7 13% 125 480861 38972 22%
c
c  seconds     switched       rate             size/glue  tier1   binary          remaining
c           MB   reductions      conflicts           size   tier2    irredundant
c            level      restarts         redundant      glue   trail         variables
c
c - 3432.08 200 77 93 739 396575 1 13380231 123203 2.7 82 31 1 7 13% 125 480861 38972 22%
c - 3438.93 201 77 93 740 396584 1 13407415 123462 2.6 82 31 1 7 13% 125 480861 38972 22%
c o 3442.72 201 76 93 740 396586 1 13419713 135697 2.7 82 31 1 7 13% 125 480861 38972 22%
c - 3446.51 201 77 93 741 396594 1 13434618 123776 2.7 81 30 1 7 13% 125 480861 38972 22%
c - 3452.91 202 76 93 742 396606 1 13461841 123984 2.6 79 30 1 7 12% 125 480861 38972 22%
c - 3459.93 203 76 93 743 396615 1 13489080 123422 2.6 80 31 1 7 12% 125 480861 38972 22%
c u 3460.93 203 76 93 743 396615 1 13490192 123114 2.6 80 31 1 7 12% 125 480861 38972 22%
c v 3461.06 203 76 93 743 396615 1 13490192 121490 2.6 80 31 1 7 12% 125 480861 38972 22%
c w 3461.63 203 76 93 743 396615 1 13490192 119398 2.6 80 31 1 7 12% 125 480861 38972 22%
c - 3479.69 203 76 93 744 396616 1 13516338 119712 2.7 83 31 1 7 12% 125 480861 38972 22%
c I 3483.72 183 75 93 744 396616 1 13531696 134940 2.8 83 30 1 7 13% 125 480861 38972 22%
c ] 3485.17 185 76 94 744 396617 1 13538705 141859 2.8 83 30 1 7 13% 125 480861 38972 22%
c { 3485.17 185 93 94 744 396617 6 13538705 141859 3.1 57 18 1 3 12% 125 480861 38972 22%
c - 3486.16 191 94 94 745 396714 6 13543614 121614 3.2 57 18 1 3 12% 125 480861 38972 22%
c - 3492.75 195 95 94 746 398219 6 13570909 125364 3.1 56 18 1 3 12% 125 480861 38972 22%
c - 3499.92 196 94 94 747 399245 6 13598223 128450 3.2 57 18 1 3 12% 125 480861 38972 22%
c - 3507.04 197 94 94 748 400409 6 13625557 130019 3.2 57 18 1 3 12% 125 480861 38972 22%
c - 3514.19 198 94 94 749 402167 6 13652908 130862 3.1 56 18 1 3 12% 125 480861 38972 22%
c - 3521.07 198 95 94 750 403635 6 13680276 131864 3.1 56 18 1 3 11% 125 480861 38972 22%
c - 3527.44 199 93 94 751 405024 6 13707662 132577 3.1 57 18 1 3 11% 125 480861 38972 22%
c
c  seconds     switched       rate             size/glue  tier1   binary          remaining
c           MB   reductions      conflicts           size   tier2    irredundant
c            level      restarts         redundant      glue   trail         variables
c
c - 3535.39 199 92 94 752 406421 6 13735066 133342 3.1 57 18 1 3 12% 125 480861 38972 22%
c - 3543.82 199 93 94 753 408237 6 13762490 134587 3.1 57 18 1 3 12% 125 480861 38972 22%
c - 3550.64 200 94 94 754 409667 6 13789931 135488 3.1 57 18 1 3 11% 125 480861 38972 22%
c - 3556.91 200 94 94 755 410695 6 13817391 136125 3.1 57 18 1 3 11% 125 480861 38972 22%
c - 3563.64 200 93 94 756 411952 6 13844868 136845 3.1 57 18 1 3 12% 125 480861 38972 22%
c - 3571.81 201 94 94 757 413432 6 13872364 137014 3.1 57 18 1 3 11% 125 480861 38972 22%
c u 3577.70 201 94 94 757 414031 6 13887472 148636 3.1 58 18 1 3 12% 125 480861 38972 22%
c v 3577.93 201 94 94 757 414031 6 13887472 142730 3.1 58 18 1 3 12% 125 480861 38972 22%
c w 3585.85 201 94 94 757 414031 6 13887472 137404 3.1 58 18 1 3 12% 125 480861 38972 22%
c - 3589.10 201 93 94 758 414520 6 13899878 126828 3.1 58 18 1 3 12% 125 480861 38972 22%
c - 3596.43 201 93 94 759 415567 6 13927409 130241 3.2 58 18 1 3 12% 125 480861 38972 22%
c o 3599.33 202 93 94 759 415964 6 13939749 142428 3.2 58 18 1 3 12% 125 480861 38972 22%
c - 3603.17 202 92 94 760 416593 5 13954959 132109 3.2 58 18 1 3 12% 125 480861 38972 22%
c } 3608.96 202 94 95 760 417798 6 13977692 154282 3.2 57 18 1 3 12% 125 480861 38972 22%
c [ 3608.96 202 76 95 760 417798 1 13977692 154282 2.8 83 30 1 7 13% 125 480861 38972 22%
c B 3608.96 202 76 95 760 417798 1 13977692 154282 2.8 83 30 1 7 13% 125 480861 38972 22%
c - 3609.72 202 76 95 761 417801 1 13982527 132914 2.8 83 30 1 7 13% 125 480861 38972 22%
c - 3615.23 202 76 95 762 417812 1 14010113 131368 2.7 81 30 1 7 13% 125 480861 38972 22%
c - 3622.89 202 77 95 763 417827 1 14037718 128091 2.7 81 30 1 7 13% 125 480861 38972 22%
c - 3632.99 203 76 95 764 417833 1 14065340 127428 2.7 83 30 1 7 13% 125 480861 38972 22%
c
c  seconds     switched       rate             size/glue  tier1   binary          remaining
c           MB   reductions      conflicts           size   tier2    irredundant
c            level      restarts         redundant      glue   trail         variables
c
c - 3642.15 204 76 95 765 417844 1 14092981 126941 2.7 83 30 1 7 13% 125 480861 38972 22%
c - 3649.94 183 77 95 766 417858 1 14120641 126932 2.7 83 31 1 7 13% 125 480861 38972 22%
c - 3658.00 184 76 95 767 417860 1 14148318 125681 2.7 84 31 1 7 13% 125 480861 38972 22%
c - 3665.38 189 76 95 768 417861 1 14176013 125109 2.7 84 32 1 7 13% 125 480861 38972 22%
c - 3672.65 189 75 95 769 417875 1 14203727 125694 2.6 82 32 1 7 13% 125 480861 38972 22%
c - 3679.47 190 75 95 770 417889 1 14231457 126062 2.5 80 32 1 7 12% 125 480861 38972 22%
c - 3686.79 190 75 95 771 417893 1 14259206 126316 2.5 80 32 1 7 12% 125 480861 38972 22%
c - 3695.46 193 75 95 772 417906 1 14286972 127444 2.6 80 31 1 7 13% 125 480861 38972 22%
c u 3697.21 194 75 95 772 417907 1 14291037 129532 2.6 79 31 1 7 13% 125 480861 38972 22%
c v 3697.33 194 75 95 772 417907 1 14291037 127518 2.6 79 31 1 7 13% 125 480861 38972 22%
c w 3698.81 195 75 95 772 417907 1 14291037 124672 2.6 79 31 1 7 13% 125 480861 38972 22%
c - 3705.84 196 76 95 773 417920 1 14314756 123259 2.6 79 31 1 7 13% 125 480861 38972 22%
c - 3715.67 196 75 95 774 417923 1 14342558 124205 2.6 82 31 1 7 13% 125 480861 38972 22%
c ] 3722.10 197 75 96 774 417923 1 14362710 144259 2.6 83 32 1 7 13% 125 480861 38972 22%
c { 3722.10 197 94 96 774 417923 6 14362710 144259 3.2 57 18 1 3 12% 125 480861 38972 22%
c - 3724.40 200 93 96 775 418234 6 14370378 124396 3.2 57 18 1 3 12% 125 480861 38972 22%
c - 3731.32 202 94 96 776 419708 6 14398218 128113 3.1 57 18 1 3 12% 125 480861 38972 22%
c - 3738.71 203 95 96 777 420993 6 14426074 131484 3.1 56 18 1 3 12% 125 480861 38972 22%
c - 3746.24 203 95 96 778 422328 6 14453949 133341 3.1 56 18 1 3 12% 125 480861 38972 22%
c o 3749.79 203 94 96 778 423010 6 14469956 149130 3.1 57 18 1 3 12% 125 480861 38972 22%
c
c  seconds     switched       rate             size/glue  tier1   binary          remaining
c           MB   reductions      conflicts           size   tier2    irredundant
c            level      restarts         redundant      glue   trail         variables
c
c - 3752.97 204 94 96 779 423576 6 14481841 134426 3.1 57 18 1 3 12% 125 480861 38972 22%
c - 3760.88 204 94 96 780 425138 6 14509751 135112 3.1 57 18 1 3 12% 125 480861 38972 22%
c - 3767.78 194 93 96 781 426563 6 14537681 136016 3.1 56 18 1 3 11% 125 480861 38972 22%
c - 3775.12 195 93 96 782 427759 6 14565627 136944 3.1 57 18 1 3 11% 125 480861 38972 22%
c - 3782.41 196 94 96 783 429261 6 14593591 137999 3.1 56 18 1 3 11% 125 480861 38972 22%
c - 3789.96 197 94 96 784 430959 6 14621574 139058 3.1 56 18 1 3 11% 125 480861 38972 22%
c - 3797.85 198 93 96 785 432424 6 14649574 139496 3.1 57 18 1 3 12% 125 480861 38972 22%
c - 3805.21 198 92 96 786 433805 6 14677593 139691 3.2 57 18 1 3 11% 125 480861 38972 22%
c u 3812.48 199 93 96 786 435066 6 14700915 159322 3.2 58 18 1 3 12% 125 480861 38972 22%
c v 3812.74 199 93 96 786 435066 6 14700915 153099 3.2 58 18 1 3 12% 125 480861 38972 22%
c w 3821.61 200 93 96 786 435066 6 14700915 151856 3.2 58 18 1 3 12% 125 480861 38972 22%
c - 3823.01 200 93 96 787 435340 6 14705628 131329 3.2 58 18 1 3 12% 125 480861 38972 22%
c - 3830.77 201 93 96 788 436731 6 14733681 133142 3.2 58 18 1 3 12% 125 480861 38972 22%
c - 3838.93 201 94 96 789 438493 6 14761752 135257 3.1 58 18 1 3 12% 125 480861 38972 22%
c - 3846.17 202 92 96 790 439476 6 14789842 136515 3.2 59 18 1 3 12% 125 480861 38972 22%
c - 3853.30 202 93 96 791 440730 6 14817948 137437 3.2 59 18 1 3 12% 125 480861 38972 22%
c } 3853.65 202 94 97 791 440809 6 14818973 138425 3.2 59 18 1 3 12% 125 480861 38972 22%
c [ 3853.65 202 75 97 791 440809 1 14818973 138425 2.6 83 32 1 7 13% 125 480861 38972 22%
c W 3853.86 189 75 97 791 440809 1 14818973 138425 2.6 83 32 1 7 13% 125 480861 38972 22%
c - 3860.89 194 75 97 792 440823 1 14846073 135710 2.6 81 31 1 7 12% 125 480861 38972 22%
c
c  seconds     switched       rate             size/glue  tier1   binary          remaining
c           MB   reductions      conflicts           size   tier2    irredundant
c            level      restarts         redundant      glue   trail         variables
c
c - 3868.48 196 76 97 793 440837 1 14874215 132342 2.6 80 30 1 7 13% 125 480861 38972 22%
c - 3876.50 196 76 97 794 440841 1 14902377 131679 2.7 81 30 1 7 13% 125 480861 38972 22%
c - 3884.65 198 76 97 795 440854 1 14930555 131011 2.7 81 31 1 7 13% 125 480861 38972 22%
c - 3892.11 199 77 97 796 440868 1 14958751 130376 2.6 80 31 1 7 13% 125 480861 38972 22%
c - 3900.68 200 76 97 797 440871 1 14986964 129584 2.6 81 31 1 7 13% 125 480861 38972 22%
c - 3908.73 200 75 97 798 440871 1 15015195 128068 2.6 83 31 1 7 12% 125 480861 38972 22%
c o 3909.19 200 76 97 798 440872 1 15016470 129338 2.7 83 31 1 7 13% 125 480861 38972 22%
c - 3917.77 201 76 97 799 440886 1 15043443 129333 2.7 84 31 1 7 13% 125 480861 38972 22%
c - 3926.06 201 75 97 800 440900 1 15071710 129971 2.7 83 31 1 7 13% 125 480861 38972 22%
c - 3933.95 202 75 97 801 440904 1 15099995 130049 2.7 83 31 1 7 13% 125 480861 38972 22%
c u 3938.52 203 75 97 801 440914 1 15117106 144856 2.7 81 30 1 7 12% 125 480861 38972 22%
c v 3938.67 203 75 97 801 440914 1 15117106 142478 2.7 81 30 1 7 12% 125 480861 38972 22%
c w 3947.34 205 75 97 801 440914 1 15117106 137804 2.7 81 30 1 7 12% 125 480861 38972 22%
c - 3949.99 182 75 97 802 440917 1 15128296 123864 2.7 81 30 1 7 12% 125 480861 38972 22%
c - 3958.65 183 75 97 803 440932 1 15156615 125003 2.6 82 31 1 7 12% 125 480861 38972 22%
c - 3966.29 188 75 97 804 440934 1 15184952 126170 2.6 82 31 1 7 12% 125 480861 38972 22%
c - 3975.34 189 74 97 805 440934 1 15213306 126737 2.8 84 30 1 7 13% 125 480861 38972 22%
c - 3984.56 191 74 97 806 440935 1 15241678 127343 2.8 86 31 1 7 12% 125 480861 38972 22%
c O 3985.37 192 75 97 806 440935 1 15243498 129156 2.8 86 31 1 7 13% 125 480861 38972 22%
c ] 3988.44 192 75 98 806 440935 1 15254234 139778 2.8 86 31 1 7 13% 125 480861 38972 22%
c
c  seconds     switched       rate             size/glue  tier1   binary          remaining
c           MB   reductions      conflicts           size   tier2    irredundant
c            level      restarts         redundant      glue   trail         variables
c
c { 3988.44 192 94 98 806 440935 6 15254234 139778 3.2 59 18 1 3 12% 125 480861 38972 22%
c - 3992.49 198 94 98 807 441156 5 15270068 129020 3.2 58 18 1 3 12% 125 480861 38972 22%
c - 3999.65 200 92 98 808 441568 5 15298477 133272 3.3 58 17 1 3 12% 125 480861 38972 22%
c - 4007.80 201 92 98 809 442176 5 15326902 136199 3.4 58 17 1 3 12% 125 480861 38972 22%
c - 4016.30 202 92 98 810 443151 5 15355345 137814 3.4 57 17 1 3 12% 125 480861 38972 22%
c - 4023.55 203 93 98 811 444162 5 15383807 139387 3.3 55 17 1 3 11% 125 480861 38972 22%
c - 4031.89 203 93 98 812 445117 5 15412285 140796 3.3 54 17 1 3 11% 125 480861 38972 22%
c - 4039.28 203 90 98 813 446236 5 15440780 141744 3.3 54 16 1 3 11% 125 480861 38972 22%
c - 4046.74 204 90 98 814 447672 5 15469295 143187 3.2 53 16 1 3 11% 125 480861 38972 22%
c - 4054.61 204 91 98 815 448958 5 15497825 144415 3.2 52 16 1 3 11% 125 480861 38972 22%
c - 4061.92 204 91 98 816 450758 6 15526373 145432 3.0 50 17 1 3 10% 125 480861 38972 22%
c u 4065.99 204 91 98 816 451431 6 15539637 154115 3.0 50 17 1 3 10% 125 480861 38972 22%
c v 4066.23 204 91 98 816 451431 6 15539637 147584 3.0 50 17 1 3 10% 125 480861 38972 22%
c w 4071.14 205 91 98 816 451431 6 15539637 140697 3.0 50 17 1 3 10% 125 480861 38972 22%
c - 4074.42 193 91 98 817 451965 6 15554939 133403 3.0 50 17 1 3 10% 125 480861 38972 22%
c o 4077.37 195 90 98 817 452496 6 15566471 144404 3.0 49 17 1 3 10% 125 480861 38972 22%
c - 4081.58 196 90 98 818 453264 6 15583522 137492 3.0 49 17 1 3 10% 125 480861 38972 22%
c - 4089.36 197 90 98 819 454628 6 15612126 140495 3.0 49 17 1 3 10% 125 480861 38972 22%
c - 4097.20 198 92 98 820 455853 6 15640744 143221 2.9 49 17 1 3 10% 125 480861 38972 22%
c - 4105.53 199 91 98 821 457403 6 15669379 144691 2.9 49 17 1 3 10% 125 480861 38972 22%
c
c  seconds     switched       rate             size/glue  tier1   binary          remaining
c           MB   reductions      conflicts           size   tier2    irredundant
c            level      restarts         redundant      glue   trail         variables
c
c - 4114.36 199 91 98 822 458870 6 15698032 145705 3.0 49 17 1 3 10% 125 480861 38972 22%
c - 4121.79 200 92 98 823 460376 6 15726702 147371 2.9 49 17 1 3 9% 125 480861 38972 22%
c } 4122.17 200 92 99 823 460452 6 15728068 148637 2.9 49 17 1 3 9% 125 480861 38972 22%
c [ 4122.17 200 75 99 823 460452 1 15728068 148637 2.8 86 31 1 7 13% 125 480861 38972 22%
c B 4122.17 200 75 99 823 460452 1 15728068 148637 2.8 86 31 1 7 13% 125 480861 38972 22%
c - 4130.64 200 75 99 824 460466 1 15755390 145115 2.8 86 31 1 7 12% 125 480861 38972 22%
c - 4139.25 201 76 99 825 460480 1 15784096 139597 2.7 86 31 1 7 12% 125 480861 38972 22%
c - 4149.42 202 75 99 826 460485 1 15812818 137124 2.7 86 32 1 7 12% 125 480861 38972 22%
c - 4158.52 202 75 99 827 460497 1 15841558 136786 2.7 85 32 1 7 12% 125 480861 38972 22%
c - 4166.89 203 75 99 828 460512 1 15870316 137292 2.6 84 32 1 7 12% 125 480861 38972 22%
c - 4174.21 204 74 99 829 460514 1 15899090 136617 2.6 82 32 1 7 11% 125 480861 38972 22%
c - 4181.86 204 74 99 830 460517 1 15927882 135906 2.5 81 32 1 7 11% 125 480861 38972 22%
c - 4188.98 183 74 99 831 460529 1 15956691 135894 2.5 79 32 1 7 11% 125 480861 38972 22%
c u 4192.41 189 74 99 831 460536 1 15968508 144044 2.5 79 32 1 7 11% 125 480861 38972 22%
c v 4192.57 189 74 99 831 460536 1 15968508 141333 2.5 79 32 1 7 11% 125 480861 38972 22%
c w 4197.51 192 74 99 831 460536 1 15968508 137823 2.5 79 32 1 7 11% 125 480861 38972 22%
c - 4201.74 193 73 99 832 460544 1 15985519 129242 2.5 78 32 1 7 11% 125 480861 38972 22%
c - 4208.35 194 74 99 833 460550 1 16014365 131037 2.5 79 31 1 7 11% 125 480861 38972 22%
c - 4215.29 195 73 99 834 460562 1 16043227 132546 2.5 78 31 1 7 11% 125 480861 38972 22%
c - 4221.69 196 74 99 835 460575 1 16072106 132947 2.5 77 31 1 7 11% 125 480861 38972 22%
c
c  seconds     switched       rate             size/glue  tier1   binary          remaining
c           MB   reductions      conflicts           size   tier2    irredundant
c            level      restarts         redundant      glue   trail         variables
c
c - 4228.46 197 74 99 836 460577 1 16101003 132625 2.5 78 31 1 7 11% 125 480861 38972 22%
c - 4236.22 197 74 99 837 460578 1 16129916 132386 2.5 79 31 1 7 11% 125 480861 38972 22%
c - 4243.69 198 73 99 838 460578 1 16158847 132591 2.5 78 32 1 7 11% 125 480861 38972 22%
c W 4249.90 190 73 99 838 460578 1 16173842 147512 2.5 78 32 1 7 11% 125 480861 38972 22%
c o 4249.92 190 73 99 838 460578 1 16173842 147512 2.5 78 32 1 7 11% 125 480861 38972 22%
c - 4254.53 194 74 99 839 460578 1 16187795 131938 2.5 82 32 1 7 11% 125 480861 38972 22%
c - 4262.41 196 75 99 840 460593 1 16216761 133044 2.6 82 32 1 7 11% 125 480861 38972 22%
c ] 4264.94 197 75 100 840 460596 1 16225333 141545 2.6 81 32 1 7 12% 125 480861 38972 22%
c { 4264.94 197 92 100 840 460596 6 16225333 141545 2.9 49 17 1 3 9% 125 480861 38972 22%
c - 4270.05 200 92 100 841 462404 7 16245745 135832 2.9 48 17 1 3 9% 125 480861 38972 22%
c - 4278.00 201 92 100 842 464923 7 16274745 139694 2.8 49 17 1 3 10% 125 480861 38972 22%
c - 4286.13 202 92 100 843 467251 8 16303763 142001 2.8 50 18 1 3 10% 125 480861 38972 22%
c - 4293.25 202 92 100 844 468770 7 16332797 143827 2.9 51 18 1 3 10% 125 480861 38972 22%
c - 4301.18 203 92 100 845 470498 7 16361848 144908 2.9 52 18 1 3 11% 125 480861 38972 22%
c - 4309.10 203 92 100 846 472196 7 16390918 145595 2.9 53 18 1 3 11% 125 480861 38972 22%
c u 4314.81 203 94 100 846 472830 7 16403745 155847 3.0 55 18 1 3 11% 125 480861 38972 22%
c v 4315.02 203 94 100 846 472830 7 16403745 150120 3.0 55 18 1 3 11% 125 480861 38972 22%
c w 4320.85 204 94 100 846 472830 7 16403745 148828 3.0 55 18 1 3 11% 125 480861 38972 22%
c x 4322.04 206 94 100 846 472830 7 16403745 148827 3.0 55 18 1 3 11% 125 480844 38972 22%
c s 4322.19 206 94 100 846 472830 7 16403745 148827 3.0 55 18 1 3 11% 125 480841 38972 22%
c
c  seconds     switched        rate             size/glue  tier1   binary          remaining
c           MB    reductions      conflicts           size   tier2    irredundant
c            level       restarts         redundant      glue   trail         variables
c
c e 4322.24 183 94 100 846 472830 7 16403745 148827 3.0 55 18 1 3 11% 125 480846 38962 22%
c s 4322.25 183 94 100 846 472830 7 16403745 148827 3.0 55 18 1 3 11% 125 480844 38962 22%
c - 4326.80 197 93 100 847 473615 7 16420006 139907 3.1 55 18 1 3 11% 125 480844 38962 22%
c - 4335.10 199 93 100 848 475263 7 16449110 142031 3.1 55 18 1 3 11% 125 480844 38962 22%
c - 4343.43 200 92 100 849 476581 6 16478231 143120 3.2 57 18 1 3 12% 125 480844 38962 22%
c - 4351.76 200 93 100 850 478632 7 16507369 145098 3.1 55 18 1 3 11% 125 480844 38962 22%
c - 4360.67 201 91 100 851 479698 6 16536523 145669 3.2 57 18 1 3 11% 125 480844 38962 22%
c - 4369.71 201 91 100 852 481875 7 16565694 145474 3.1 56 18 1 3 11% 125 480844 38962 22%
c - 4378.24 202 91 100 853 483354 7 16594885 146044 3.1 57 18 1 3 12% 125 480844 38962 22%
c - 4386.11 202 91 100 854 484927 6 16624091 146243 3.1 57 18 1 3 11% 125 480844 38962 22%
c - 4394.10 202 91 100 855 486745 7 16653314 147347 3.1 57 18 1 3 11% 125 480844 38962 22%
c - 4402.16 203 92 100 856 488187 7 16682554 148417 3.1 57 18 1 3 11% 125 480844 38962 22%
c - 4410.08 203 92 100 857 489666 6 16711812 149384 3.1 57 18 1 3 11% 125 480844 38962 22%
c } 4411.42 203 92 101 857 489871 6 16717032 154415 3.1 56 18 1 3 11% 125 480844 38962 22%
c [ 4411.42 203 75 101 857 489871 1 16717032 154415 2.6 81 32 1 7 12% 125 480844 38962 22%
c I 4411.42 203 75 101 857 489871 1 16717032 154415 2.6 81 32 1 7 12% 125 480844 38962 22%
c - 4419.99 203 76 101 858 489884 1 16741086 148195 2.6 82 31 1 7 13% 125 480844 38962 22%
c o 4423.88 203 76 101 858 489886 1 16749946 156997 2.7 83 31 1 7 13% 125 480844 38962 22%
c - 4429.60 203 76 101 859 489898 1 16770377 145514 2.7 82 30 1 7 13% 125 480844 38962 22%
c - 4438.53 204 75 101 860 489902 1 16799685 143735 2.8 81 29 1 7 14% 125 480844 38962 22%
c
c  seconds     switched        rate             size/glue  tier1   binary          remaining
c           MB    reductions      conflicts           size   tier2    irredundant
c            level       restarts         redundant      glue   trail         variables
c
c - 4445.51 204 75 101 861 489916 1 16829011 142519 2.8 80 29 1 7 13% 125 480844 38962 22%
c u 4450.17 204 75 101 861 489924 1 16845350 155184 2.8 79 28 1 7 13% 125 480844 38962 22%
c v 4450.36 204 75 101 861 489924 1 16845350 150843 2.8 79 28 1 7 13% 125 480844 38962 22%
c w 4459.00 207 75 101 861 489924 1 16845350 146069 2.8 79 28 1 7 13% 125 480844 38962 22%
c = 4464.43 207 75 101 861 489924 1 16845350 146069 2.8 79 28 1 7 13% 129 480844 38960 22%
c d 4464.46 207 75 101 861 489924 1 16845350 146069 2.8 79 28 1 7 13% 125 480844 38960 22%
c u 4465.35 207 75 101 861 489924 1 16845350 145577 2.8 79 28 1 7 13% 125 480844 38960 22%
c v 4465.47 207 75 101 861 489924 1 16845350 144816 2.8 79 28 1 7 13% 125 480844 38960 22%
c w 4472.37 207 75 101 861 489924 1 16845350 140914 2.8 79 28 1 7 13% 125 480844 38960 22%
c - 4474.69 183 75 101 862 489931 1 16858353 131375 2.8 78 28 1 7 13% 125 480844 38960 22%
c - 4480.48 184 74 101 863 489933 1 16887715 133628 2.7 78 29 1 7 12% 125 480844 38960 22%
c - 4488.30 189 74 101 864 489936 1 16917095 134423 2.8 83 30 1 7 13% 125 480844 38960 22%
c - 4495.04 190 74 101 865 489948 1 16946488 135962 2.8 82 30 1 7 12% 125 480844 38960 22%
c - 4501.48 191 75 101 866 489963 1 16975898 137323 2.8 80 29 1 7 12% 125 480844 38960 22%
c - 4508.40 192 75 101 867 489970 1 17005326 138221 2.8 79 29 1 7 12% 125 480844 38960 22%
c - 4515.27 193 74 101 868 489983 1 17034771 137748 2.7 79 29 1 7 12% 125 480844 38960 22%
c - 4522.46 195 75 101 869 489995 1 17064232 138232 2.7 77 29 1 7 12% 125 480844 38960 22%
c - 4531.13 195 75 101 870 489996 1 17093710 139489 2.7 78 29 1 7 13% 125 480844 38960 22%
c - 4539.85 196 75 101 871 489997 1 17123205 139401 2.8 79 28 1 7 13% 125 480844 38960 22%
c - 4548.05 196 74 101 872 489997 1 17152717 138570 2.8 82 29 1 7 13% 125 480844 38960 22%
c
c  seconds     switched        rate             size/glue  tier1   binary          remaining
c           MB    reductions      conflicts           size   tier2    irredundant
c            level       restarts         redundant      glue   trail         variables
c
c - 4555.87 197 74 101 873 490000 1 17182246 137224 2.8 84 30 1 7 13% 125 480844 38960 22%
c B 4556.31 197 74 101 873 490002 1 17184421 139371 2.8 84 30 1 7 13% 125 480844 38960 22%
c - 4563.87 199 75 101 874 490013 1 17211794 138067 2.8 84 30 1 7 13% 125 480844 38960 22%
c ] 4571.64 200 75 102 874 490026 1 17235585 161697 2.8 83 30 1 7 13% 125 480844 38960 22%
c { 4571.64 200 92 102 874 490026 6 17235585 161697 3.1 56 18 1 3 11% 125 480844 38960 22%
c - 4573.13 202 92 102 875 490059 6 17241357 138684 3.1 56 18 1 3 11% 125 480844 38960 22%
c - 4578.81 204 93 102 876 490303 5 17270938 142629 3.2 55 17 1 3 12% 125 480844 38960 22%
c u 4584.28 205 92 102 876 490584 5 17293348 163401 3.2 55 17 1 3 12% 125 480844 38960 22%
c v 4584.48 205 92 102 876 490584 5 17293348 160001 3.2 55 17 1 3 12% 125 480844 38960 22%
c w 4592.53 206 92 102 876 490584 5 17293348 157275 3.2 55 17 1 3 12% 125 480844 38960 22%
c - 4593.60 206 92 102 877 490645 5 17300535 140703 3.2 54 17 1 3 12% 125 480844 38960 22%
c o 4599.18 196 91 102 877 491122 4 17330006 169226 3.2 52 16 1 3 12% 125 480844 38960 22%
c - 4599.22 196 91 102 878 491122 4 17330151 144064 3.2 52 16 1 3 12% 125 480844 38960 22%
c - 4606.08 198 91 102 879 491853 4 17359784 146455 3.1 51 16 1 3 12% 125 480844 38960 22%
c - 4612.22 199 91 102 880 492539 4 17389432 147203 3.1 49 16 1 3 12% 125 480844 38960 22%
c - 4617.74 200 90 102 881 493363 5 17419096 148496 3.1 48 15 1 3 12% 125 480844 38960 22%
c - 4624.77 200 90 102 882 494412 5 17448778 149586 3.1 47 15 1 3 12% 125 480844 38960 22%
c - 4631.40 201 90 102 883 495497 5 17478476 149943 3.0 46 15 1 3 12% 125 480844 38960 22%
c s 4631.90 201 90 102 883 495581 5 17481592 152831 3.0 45 15 1 3 12% 125 480840 38960 22%
c - 4637.90 202 90 102 884 496760 5 17508192 150517 3.0 44 15 1 3 11% 125 480840 38960 22%
c
c  seconds     switched        rate             size/glue  tier1   binary          remaining
c           MB    reductions      conflicts           size   tier2    irredundant
c            level       restarts         redundant      glue   trail         variables
c
c - 4643.98 203 89 102 885 497814 5 17537924 151598 2.9 43 15 1 3 11% 125 480840 38960 22%
c - 4650.51 203 88 102 886 499304 6 17567672 151962 2.9 42 14 1 3 11% 125 480840 38960 22%
c - 4656.04 204 86 102 887 500479 6 17597438 152327 2.9 41 14 1 3 11% 125 480840 38960 22%
c - 4663.13 204 87 102 888 502307 6 17627220 152142 2.8 40 14 1 3 11% 125 480840 38960 22%
c - 4670.10 204 87 102 889 504027 7 17657019 151275 2.8 39 14 1 3 11% 125 480840 38960 22%
c - 4676.62 205 86 102 890 505610 7 17686835 152055 2.8 39 14 1 3 11% 125 480840 38960 22%
c - 4683.34 205 85 102 891 507224 7 17716668 153583 2.7 38 14 1 3 10% 125 480840 38960 22%
c } 4690.92 205 86 103 891 509156 7 17745437 181339 2.7 38 14 1 3 11% 125 480840 38960 22%
c [ 4690.92 205 75 103 891 509156 1 17745437 181339 2.8 83 30 1 7 13% 125 480840 38960 22%
c W 4691.47 192 75 103 891 509156 1 17745437 181339 2.8 83 30 1 7 13% 125 480840 38960 22%
c - 4691.84 193 75 103 892 509157 1 17746517 153763 2.8 83 30 1 7 13% 125 480840 38960 22%
c u 4693.33 194 75 103 892 509158 1 17747741 152196 2.8 83 29 1 7 13% 125 480840 38960 22%
c v 4693.58 194 75 103 892 509158 1 17747741 146599 2.8 83 29 1 7 13% 125 480840 38960 22%
c w 4694.70 195 75 103 892 509158 1 17747741 140526 2.8 83 29 1 7 13% 125 480840 38960 22%
c - 4703.62 196 76 103 893 509170 1 17776386 139934 2.8 82 29 1 7 13% 125 480840 38960 22%
c - 4712.14 197 76 103 894 509185 1 17806272 138050 2.8 82 30 1 7 13% 125 480840 38960 22%
c - 4720.18 199 76 103 895 509192 1 17836172 136906 2.7 83 31 1 7 13% 125 480840 38960 22%
c - 4727.95 200 75 103 896 509206 1 17866089 136701 2.7 82 31 1 7 12% 125 480840 38960 22%
c - 4737.37 201 75 103 897 509217 1 17896022 137015 2.7 83 31 1 7 12% 125 480840 38960 22%
c - 4749.12 202 77 103 898 509218 1 17925971 137148 2.8 84 30 1 7 14% 125 480840 38960 22%
c
c  seconds     switched        rate             size/glue  tier1   binary          remaining
c           MB    reductions      conflicts           size   tier2    irredundant
c            level       restarts         redundant      glue   trail         variables
c
c o 4755.64 203 77 103 898 509219 1 17943251 154313 3.0 83 28 1 7 15% 125 480840 38960 22%
c - 4758.53 203 77 103 899 509226 1 17955938 138456 3.0 83 28 1 7 15% 125 480840 38960 22%
c - 4765.20 204 76 103 900 509240 1 17985921 139467 2.9 80 28 1 7 14% 125 480840 38960 22%
c - 4772.20 204 75 103 901 509249 1 18015923 137852 2.8 80 28 1 7 13% 125 480840 38960 22%
c - 4780.69 205 75 103 902 509262 1 18045940 138069 2.8 80 29 1 7 13% 125 480840 38960 22%
c - 4790.41 205 75 103 903 509275 1 18075974 139447 2.8 80 29 1 7 13% 125 480840 38960 22%
c - 4799.60 206 75 103 904 509280 1 18106024 139460 2.8 81 29 1 7 13% 125 480840 38960 22%
c ] 4808.22 185 74 104 904 509281 1 18133484 166727 2.7 81 30 1 7 13% 125 480840 38960 22%
c { 4808.22 185 86 104 904 509281 7 18133484 166727 2.7 38 14 1 3 11% 125 480840 38960 22%
c - 4809.35 195 86 104 905 509727 7 18136090 138787 2.7 38 14 1 3 10% 125 480840 38960 22%
c - 4817.96 200 87 104 906 514354 9 18166174 142683 2.5 39 16 1 3 10% 125 480840 38960 22%
c - 4826.31 201 88 104 907 517910 10 18196273 146586 2.5 41 17 1 3 9% 125 480840 38960 22%
c u 4830.58 202 89 104 907 519006 10 18208555 156659 2.5 42 17 1 3 9% 125 480840 38960 22%
c v 4830.78 202 89 104 907 519006 10 18208555 152083 2.5 42 17 1 3 9% 125 480840 38960 22%
c w 4835.59 202 89 104 907 519006 10 18208555 145918 2.5 42 17 1 3 9% 125 480840 38960 22%
c - 4840.06 202 90 104 908 520692 10 18226389 140091 2.5 43 17 1 3 9% 125 480840 38960 22%
c - 4847.57 203 91 104 909 523142 10 18256522 144314 2.6 45 18 1 3 9% 125 480840 38960 22%
c - 4855.23 203 90 104 910 524931 9 18286671 146731 2.7 48 18 1 3 9% 125 480840 38960 22%
c - 4863.47 204 91 104 911 527033 9 18316837 148569 2.8 50 18 1 3 10% 125 480840 38960 22%
c - 4871.20 204 91 104 912 528378 8 18347020 150414 2.8 52 18 1 3 10% 125 480840 38960 22%
c
c  seconds     switched        rate             size/glue  tier1   binary          remaining
c           MB    reductions      conflicts           size   tier2    irredundant
c            level       restarts         redundant      glue   trail         variables
c
c - 4879.47 205 92 104 913 530199 8 18377219 151392 2.9 53 18 1 3 10% 125 480840 38960 22%
c - 4886.72 205 91 104 914 531661 7 18407434 151955 3.0 55 18 1 3 11% 125 480840 38960 22%
c - 4894.99 205 91 104 915 533354 7 18437666 152623 3.0 55 18 1 3 11% 125 480840 38960 22%
c - 4903.64 205 91 104 916 535313 7 18467915 153700 3.0 55 19 1 3 11% 125 480840 38960 22%
c - 4913.18 206 91 104 917 536511 7 18498181 154431 3.1 57 19 1 3 12% 125 480840 38960 22%
c - 4920.68 206 90 104 918 537422 6 18528463 155384 3.2 58 18 1 3 12% 125 480840 38960 22%
c o 4924.24 206 91 104 918 538089 6 18543265 169929 3.2 58 18 1 3 12% 125 480840 38960 22%
c - 4928.41 206 92 104 919 539227 6 18558762 156098 3.1 57 18 1 3 11% 125 480840 38960 22%
c - 4936.81 206 92 104 920 540345 6 18589078 156353 3.2 58 18 1 3 12% 125 480840 38960 22%
c - 4945.32 207 92 104 921 541496 6 18619410 157076 3.2 59 18 1 3 12% 125 480840 38960 22%
c - 4954.06 197 93 104 922 543340 6 18649757 157464 3.2 58 18 1 3 12% 125 480840 38960 22%
c } 4956.75 198 92 105 922 543686 6 18661779 169387 3.2 59 18 1 3 12% 125 480840 38960 22%
c [ 4956.75 198 74 105 922 543686 1 18661779 169387 2.7 81 30 1 7 13% 125 480840 38960 22%
c O 4956.76 198 74 105 922 543686 1 18661779 169387 2.7 81 30 1 7 13% 125 480840 38960 22%
c u 4961.32 198 74 105 922 543694 1 18675788 178951 2.7 80 30 1 7 13% 125 480840 38960 22%
c v 4961.62 198 74 105 922 543694 1 18675788 171634 2.7 80 30 1 7 13% 125 480840 38960 22%
c w 4971.26 202 74 105 922 543694 1 18675788 170418 2.7 80 30 1 7 13% 125 480840 38960 22%
c - 4972.60 202 74 105 923 543697 1 18680123 145748 2.7 80 30 1 7 13% 125 480840 38960 22%
c - 4981.83 203 75 105 924 543710 1 18710504 144036 2.6 80 30 1 7 13% 125 480840 38960 22%
c - 4990.64 203 75 105 925 543716 1 18740901 143573 2.6 80 31 1 7 13% 125 480840 38960 22%
c
c  seconds     switched        rate             size/glue  tier1   binary          remaining
c           MB    reductions      conflicts           size   tier2    irredundant
c            level       restarts         redundant      glue   trail         variables
c
c - 5001.09 204 76 105 926 543731 1 18771316 143801 2.6 81 31 1 7 14% 125 480840 38960 22%
c - 5010.05 204 76 105 927 543745 1 18801746 143937 2.7 81 30 1 7 14% 125 480840 38960 22%
c - 5020.19 205 77 105 928 543748 1 18832192 144937 2.9 83 29 1 7 15% 125 480840 38960 22%
c - 5030.51 205 76 105 929 543751 1 18862656 144521 2.8 84 30 1 7 15% 125 480840 38960 22%
c - 5042.01 206 76 105 930 543764 1 18893135 143572 2.8 84 30 1 7 15% 125 480840 38960 22%
c - 5050.50 206 76 105 931 543778 1 18923631 143958 2.8 84 30 1 7 14% 125 480840 38960 22%
c - 5058.47 187 76 105 932 543786 1 18954143 142728 2.7 84 31 1 7 13% 125 480840 38960 22%
c - 5065.77 189 76 105 933 543801 1 18984671 142836 2.6 82 31 1 7 13% 125 480840 38960 22%
c - 5073.39 189 75 105 934 543810 1 19015217 143308 2.6 82 31 1 7 12% 125 480840 38960 22%
c - 5080.95 192 76 105 935 543811 1 19045778 144021 2.7 83 31 1 7 13% 125 480840 38960 22%
c - 5088.04 193 75 105 936 543812 1 19076355 143513 2.8 82 30 1 7 13% 125 480840 38960 22%
c - 5095.36 195 74 105 937 543812 1 19106950 142866 2.7 82 30 1 7 12% 125 480840 38960 22%
c - 5102.61 195 74 105 938 543821 1 19137560 143450 2.7 79 30 1 7 12% 125 480840 38960 22%
c u 5106.64 197 74 105 938 543827 1 19149471 153820 2.7 80 30 1 7 12% 125 480840 38960 22%
c v 5106.77 197 74 105 938 543827 1 19149471 151436 2.7 80 30 1 7 12% 125 480840 38960 22%
c w 5112.81 199 74 105 938 543827 1 19149471 147572 2.7 80 30 1 7 12% 125 480840 38960 22%
c o 5115.19 199 75 105 938 543828 1 19156262 154314 2.7 81 29 1 7 13% 125 480840 38960 22%
c B 5117.00 200 75 105 938 543832 1 19162274 160292 2.7 80 29 1 7 12% 125 480840 38960 22%
c - 5118.93 200 75 105 939 543834 1 19168186 139329 2.7 81 30 1 7 13% 125 480840 38960 22%
c ] 5120.43 200 75 106 939 543840 1 19174887 145950 2.7 80 29 1 7 12% 125 480840 38960 22%
c
c  seconds     switched        rate             size/glue  tier1   binary          remaining
c           MB    reductions      conflicts           size   tier2    irredundant
c            level       restarts         redundant      glue   trail         variables
c
c { 5120.43 200 92 106 939 543840 6 19174887 145950 3.2 59 18 1 3 12% 125 480840 38960 22%
c - 5126.22 203 92 106 940 544907 6 19198829 142897 3.2 59 18 1 3 12% 125 480840 38960 22%
c - 5133.43 204 91 106 941 546045 5 19229488 146252 3.2 59 18 1 3 12% 125 480840 38960 22%
c - 5141.52 205 92 106 942 547365 5 19260163 148512 3.3 59 18 1 3 12% 125 480840 38960 22%
c - 5148.78 206 92 106 943 548786 5 19290855 150400 3.3 59 18 1 3 12% 125 480840 38960 22%
c - 5156.24 206 91 106 944 550084 5 19321564 151302 3.3 59 18 1 3 11% 125 480840 38960 22%
c - 5165.11 207 91 106 945 551482 5 19352288 152705 3.4 60 18 1 3 12% 125 480840 38960 22%
c - 5172.98 197 92 106 946 553178 6 19383029 154085 3.3 59 18 1 3 12% 125 480840 38960 22%
c - 5181.65 198 92 106 947 555104 6 19413786 154558 3.2 59 18 1 3 12% 125 480840 38960 22%
c - 5189.64 199 91 106 948 556454 6 19444560 155213 3.2 59 18 1 3 12% 125 480840 38960 22%
c caught signal 15 (SIGTERM)
c
c ---- [ profiling ] ---------------------------------------------------------
c
c        4785.71   92.17 %  search
c        2397.89   46.18 %  focused
c        2387.82   45.99 %  stable
c         405.33    7.81 %  simplify
c         385.02    7.42 %  probe
c         321.69    6.20 %  vivify
c          46.56    0.90 %  sweep
c          18.27    0.35 %  reduce
c          15.20    0.29 %  walking
c           9.23    0.18 %  substitute
c           6.26    0.12 %  eliminate
c           3.22    0.06 %  factor
c           2.84    0.05 %  congruence
c           1.17    0.02 %  preprocess
c           1.02    0.02 %  transitive
c           0.89    0.02 %  subsume
c           0.45    0.01 %  backbone
c           0.10    0.00 %  parse
c           0.04    0.00 %  lucky
c =============================================
c        5192.35  100.00 %  total
c
c ---- [ statistics ] --------------------------------------------------------
c
c chronological:                        24661                0 %  conflicts
c conflicts:                         19455563             3746.96 per second
c congruent:                            46120               27 %  variables
c decisions:                         79352294                4.08 per conflict
c eliminated:                           83216               48 %  variables
c factored:                                 6                0 %  variables
c propagations:                   17906013928          3448533    per second
c reductions:                             948            20523    interval
c reordered:                               62           313799    interval
c rephased:                                73           266515    interval
c restarts:                            556949               35    interval
c strengthened:                          4964                0 %  checks
c substituted:                          46191               27 %  variables
c subsumed:                              6987                0 %  checks
c switched:                               106           183543    interval
c vivified:                           1301197               11 %  checks
c walks:                                   24           810648    interval
c
c ---- [ glue usage ] --------------------------------------------------------
c
c focused glue 1 used 108325636 clauses 85.32% accumulated 85.32% tier1
c focused glue 2 used   5199097 clauses  4.10% accumulated 89.42%
c focused glue 3 used   2491516 clauses  1.96% accumulated 91.38% tier2
c
c stable glue 1   used 146057973 clauses 80.35% accumulated 80.35% tier1
c stable glue 2   used   6188606 clauses  3.40% accumulated 83.75%
c stable glue 3-5 used   9085010 clauses  5.00% accumulated 88.75%
c stable glue 6   used   2158288 clauses  1.19% accumulated 89.94%
c stable glue 7   used   1731861 clauses  0.95% accumulated 90.89% tier2
c
c ---- [ resources ] ---------------------------------------------------------
c
c maximum-resident-set-size:        228229120 bytes        218 MB
c process-time:                     1h 26m 32s            5192.35 seconds
c raising signal 15 (SIGTERM)
